ticket_id,opened_at,channel,queue,priority,subject,first_response_min,resolved_at,reopened,csat,resolution_min,is_open,has_csat,opened_month,frt_sla_flag,resolution_sla_flag
TK62871,2023-01-01 02:15:00,in-app,onboarding,high,Error when log in after password reset,63.0,2023-01-01 07:46:35,True,,331.5833333333333,False,False,2023-01,False,False
TK60343,2023-01-01 05:41:00,email,technical,normal,Question about two-factor authentication,7.0,2023-01-01 09:07:58,False,,206.96666666666667,False,False,2023-01,False,False
TK62950,2023-01-01 06:05:00,in-app,billing,urgent,Unable to connecting the Snowflake sync,44.0,2023-01-01 08:14:24,False,,129.4,False,False,2023-01,False,False
TK61014,2023-01-01 06:32:00,chat,integrations,normal,Cannot connecting the Snowflake sync,98.0,,False,,,True,False,2023-01,False,False
TK61679,2023-01-01 08:06:00,chat,onboarding,high,How do I a duplicate charge,14.0,2023-01-01 09:27:09,False,5.0,81.15,False,True,2023-01,False,False
TK62374,2023-01-01 08:28:00,in-app,billing,normal,Issue with connecting the Snowflake sync,416.0,2023-01-02 02:19:53,False,3.0,1071.8833333333334,False,True,2023-01,True,False
TK60058,2023-01-01 14:32:00,in-app,onboarding,low,Issue with connecting the Snowflake sync,361.0,2023-01-01 18:42:10,False,,250.16666666666666,False,False,2023-01,False,False
TK63175,2023-01-01 16:20:00,email,billing,high,Request to a refund for an annual plan,52.0,2023-01-01 20:45:17,False,,265.28333333333336,False,False,2023-01,False,False
TK60862,2023-01-01 20:06:00,chat,technical,urgent,Unable to export my data,28.0,2023-01-06 00:36:09,False,,6030.15,False,False,2023-01,False,False
TK61273,2023-01-01 21:47:00,in-app,billing,urgent,Unable to log in after password reset,,2023-01-02 02:13:20,False,,266.3333333333333,False,False,2023-01,False,False
TK60338,2023-01-01 22:09:00,in-app,integrations,low,Error when a duplicate charge,243.0,2023-01-17 13:14:25,False,,22505.416666666668,False,False,2023-01,False,True
TK62094,2023-01-01 22:46:00,phone,integrations,high,Question about downgrade my plan,19.0,2023-01-02 22:02:42,True,4.0,1396.7,False,True,2023-01,False,False
TK61700,2023-01-01 23:07:00,chat,onboarding,normal,Error when downgrade my plan,109.0,2023-01-02 13:42:22,False,,875.3666666666667,False,False,2023-01,False,False
TK60629,2023-01-02 00:30:00,phone,technical,normal,Cannot the invoice for last month,135.0,2023-01-06 00:18:25,False,4.0,5748.416666666667,False,True,2023-01,False,False
TK61804,2023-01-02 00:32:00,in-app,technical,low,Request to downgrade my plan,34.0,2023-01-09 11:38:35,True,3.0,10746.583333333334,False,True,2023-01,False,True
TK63544,2023-01-02 03:46:00,phone,billing,normal,Question about the dashboard loading slowly,175.0,2023-01-04 23:02:02,False,,4036.0333333333333,False,False,2023-01,False,False
TK60702,2023-01-02 05:26:00,in-app,billing,normal,Request to export my data,41.0,2023-01-08 07:28:28,False,,8762.466666666667,False,False,2023-01,False,True
TK63194,2023-01-02 07:23:00,chat,integrations,normal,Issue with connecting the Snowflake sync,16.0,2023-01-02 22:06:06,False,,883.1,False,False,2023-01,False,False
TK60986,2023-01-02 09:53:00,chat,onboarding,normal,Issue with add a teammate,125.0,2023-01-05 01:17:54,False,5.0,3804.9,False,True,2023-01,False,False
TK60718,2023-01-02 20:37:00,email,account,low,Unable to a duplicate charge,127.0,2023-01-04 09:34:53,False,2.0,2217.883333333333,False,True,2023-01,False,False
TK62105,2023-01-02 21:07:00,email,account,urgent,Question about webhook deliveries failing,32.0,2023-01-03 06:51:19,False,3.0,584.3166666666667,False,True,2023-01,False,False
TK61752,2023-01-02 21:28:00,in-app,billing,urgent,Issue with a duplicate charge,9.0,2023-01-03 12:56:18,False,4.0,928.3,False,True,2023-01,False,False
TK63566,2023-01-02 22:20:00,chat,onboarding,normal,Issue with the dashboard loading slowly,58.0,2023-01-03 08:18:51,True,,598.85,False,False,2023-01,False,False
TK63266,2023-01-03 00:38:00,email,technical,normal,Request to the invoice for last month,46.0,2023-01-03 11:51:25,False,,673.4166666666666,False,False,2023-01,False,False
TK62379,2023-01-03 00:43:00,chat,account,high,Issue with the API rate limit,4.0,2023-01-03 09:52:49,False,,549.8166666666667,False,False,2023-01,False,False
TK63201,2023-01-03 04:11:00,phone,account,normal,How do I log in after password reset,47.0,,False,,,True,False,2023-01,False,False
TK63493,2023-01-03 04:48:00,chat,account,normal,Unable to the invoice for last month,78.0,2023-01-04 09:59:47,False,,1751.7833333333333,False,False,2023-01,False,False
TK61552,2023-01-03 08:56:00,in-app,technical,normal,Request to webhook deliveries failing,285.0,2023-01-04 12:24:02,True,,1648.0333333333333,False,False,2023-01,False,False
TK62963,2023-01-03 10:11:00,chat,account,high,How do I the API rate limit,19.0,2023-01-03 18:11:36,False,,480.6,False,False,2023-01,False,False
TK61844,2023-01-03 10:25:00,chat,billing,high,Error when export my data,32.0,2023-01-03 12:13:27,False,,108.45,False,False,2023-01,False,False
TK62478,2023-01-03 10:48:00,email,billing,normal,How do I the API rate limit,103.0,2023-01-04 03:55:25,False,,1027.4166666666667,False,False,2023-01,False,False
TK60108,2023-01-03 11:08:00,email,billing,low,Error when export my data,137.0,2023-01-05 09:02:09,False,5.0,2754.15,False,True,2023-01,False,False
TK63111,2023-01-03 12:57:00,chat,technical,high,Error when a refund for an annual plan,19.0,2023-01-04 10:23:01,False,,1286.0166666666667,False,False,2023-01,False,False
TK61543,2023-01-03 13:04:00,in-app,technical,normal,Cannot the API rate limit,368.0,2023-01-03 19:54:48,False,4.0,410.8,False,True,2023-01,False,False
TK61064,2023-01-03 13:27:00,phone,technical,normal,Request to a duplicate charge,106.0,2023-01-04 14:42:21,False,4.0,1515.35,False,True,2023-01,False,False
TK62588,2023-01-03 13:49:00,email,account,low,Unable to two-factor authentication,98.0,2023-01-06 19:48:56,False,,4679.933333333333,False,False,2023-01,False,False
TK62293,2023-01-03 17:14:00,email,account,low,Question about a duplicate charge,221.0,2023-01-04 21:23:43,False,,1689.7166666666667,False,False,2023-01,False,False
TK61772,2023-01-03 17:31:00,chat,integrations,normal,Request to connecting the Snowflake sync,30.0,2023-01-04 19:04:09,False,,1533.15,False,False,2023-01,False,False
TK63162,2023-01-03 17:42:00,email,technical,normal,Issue with downgrade my plan,204.0,2023-01-12 17:50:55,False,,12968.916666666666,False,False,2023-01,False,True
TK60741,2023-01-03 18:50:00,in-app,account,high,Unable to webhook deliveries failing,31.0,2023-01-03 22:51:59,False,,241.98333333333332,False,False,2023-01,False,False
TK61715,2023-01-03 18:54:00,chat,billing,normal,Question about a refund for an annual plan,215.0,2023-01-05 00:47:31,False,,1793.5166666666667,False,False,2023-01,False,False
TK63727,2023-01-03 19:19:00,in-app,account,high,Question about the API rate limit,96.0,2023-01-04 04:44:45,False,,565.75,False,False,2023-01,False,False
TK63763,2023-01-03 19:19:00,in-app,technical,normal,How do I connecting the Snowflake sync,36.0,2023-01-11 00:16:24,False,,10377.4,False,False,2023-01,False,True
TK61327,2023-01-03 19:26:00,phone,technical,normal,Question about add a teammate,145.0,2023-01-06 17:54:59,False,5.0,4228.983333333334,False,True,2023-01,False,False
TK62473,2023-01-03 19:41:00,email,account,normal,Error when add a teammate,,2023-01-05 01:37:02,False,4.0,1796.0333333333333,False,True,2023-01,False,False
TK63626,2023-01-03 20:31:00,phone,onboarding,normal,Issue with a refund for an annual plan,192.0,2023-01-04 10:20:21,False,,829.35,False,False,2023-01,False,False
TK61368,2023-01-03 22:19:00,in-app,billing,low,Issue with two-factor authentication,207.0,2023-01-06 20:49:04,False,,4230.066666666667,False,False,2023-01,False,False
TK62973,2023-01-03 23:30:00,email,onboarding,urgent,Cannot the dashboard loading slowly,113.0,2023-01-05 12:27:55,False,4.0,2217.9166666666665,False,True,2023-01,False,False
TK60698,2023-01-03 23:59:00,chat,technical,low,Cannot a duplicate charge,470.0,2023-01-05 21:38:47,False,3.0,2739.7833333333333,False,True,2023-01,True,False
TK60483,2023-01-04 01:45:00,in-app,technical,low,Error when two-factor authentication,79.0,2023-01-24 14:44:11,False,4.0,29579.183333333334,False,True,2023-01,False,True
TK63172,2023-01-04 02:10:00,chat,billing,low,Cannot export my data,151.0,2023-01-06 02:26:55,False,5.0,2896.9166666666665,False,True,2023-01,False,False
TK61922,2023-01-04 03:12:00,phone,onboarding,normal,Cannot connecting the Snowflake sync,113.0,2023-01-04 15:32:14,False,,740.2333333333333,False,False,2023-01,False,False
TK61355,2023-01-04 05:18:00,chat,integrations,normal,Question about the API rate limit,21.0,2023-01-04 22:32:26,False,,1034.4333333333334,False,False,2023-01,False,False
TK63785,2023-01-04 09:54:00,email,account,low,Cannot a duplicate charge,81.0,2023-01-08 02:09:38,False,,5295.633333333333,False,False,2023-01,False,False
TK60846,2023-01-04 10:48:00,email,onboarding,high,Request to the invoice for last month,31.0,2023-01-04 14:33:30,False,,225.5,False,False,2023-01,False,False
TK61514,2023-01-04 12:40:00,email,technical,low,Cannot a duplicate charge,44.0,2023-01-05 21:04:03,False,,1944.05,False,False,2023-01,False,False
TK62935,2023-01-04 13:11:00,email,billing,urgent,Issue with the dashboard loading slowly,6.0,2023-01-04 14:18:36,False,,67.6,False,False,2023-01,False,False
TK60223,2023-01-04 15:34:00,email,billing,normal,Error when the dashboard loading slowly,31.0,2023-01-05 16:58:21,False,,1524.35,False,False,2023-01,False,False
TK61012,2023-01-04 16:44:00,in-app,account,low,Request to the API rate limit,169.0,2023-01-04 21:01:05,True,,257.0833333333333,False,False,2023-01,False,False
TK61454,2023-01-04 16:44:00,chat,technical,normal,How do I webhook deliveries failing,259.0,2023-01-10 10:34:55,False,,8270.916666666666,False,False,2023-01,False,False
TK63917,2023-01-04 17:32:00,email,technical,low,Cannot downgrade my plan,934.0,2023-01-07 00:00:16,False,,3268.266666666667,False,False,2023-01,True,False
TK63216,2023-01-04 20:24:00,phone,billing,normal,Cannot export my data,36.0,2023-01-05 07:11:45,False,4.0,647.75,False,True,2023-01,False,False
TK61668,2023-01-04 23:50:00,chat,account,low,Error when add a teammate,708.0,2023-01-06 11:06:33,False,5.0,2116.55,False,True,2023-01,True,False
TK62469,2023-01-05 00:09:00,in-app,technical,high,Cannot downgrade my plan,20.0,2023-01-09 07:55:20,False,,6226.333333333333,False,False,2023-01,False,False
TK63761,2023-01-05 01:18:00,email,onboarding,urgent,Cannot connecting the Snowflake sync,33.0,2023-01-05 04:10:13,False,4.0,172.21666666666667,False,True,2023-01,False,False
TK63779,2023-01-05 08:48:00,phone,billing,low,Issue with downgrade my plan,156.0,2023-01-09 21:38:28,False,5.0,6530.466666666666,False,True,2023-01,False,False
TK61447,2023-01-05 09:04:00,in-app,billing,normal,Issue with the API rate limit,104.0,,False,,,True,False,2023-01,False,False
TK60026,2023-01-05 10:38:00,email,account,high,Unable to export my data,32.0,2023-01-06 08:31:55,False,5.0,1313.9166666666667,False,True,2023-01,False,False
TK63164,2023-01-05 12:12:00,email,billing,normal,Unable to two-factor authentication,34.0,2023-01-06 09:55:04,False,4.0,1303.0666666666666,False,True,2023-01,False,False
TK62482,2023-01-05 13:10:00,chat,billing,normal,Cannot the API rate limit,92.0,2023-01-11 21:49:48,False,,9159.8,False,False,2023-01,False,True
TK61086,2023-01-05 14:35:00,phone,technical,low,Unable to downgrade my plan,387.0,2023-01-15 14:20:10,False,,14385.166666666666,False,False,2023-01,False,True
TK63190,2023-01-05 15:15:00,chat,account,urgent,Cannot a duplicate charge,18.0,2023-01-06 05:01:55,False,,826.9166666666666,False,False,2023-01,False,False
TK62492,2023-01-05 18:56:00,email,technical,high,Cannot add a teammate,58.0,2023-01-06 18:02:06,False,,1386.1,False,False,2023-01,False,False
TK63863,2023-01-05 21:39:00,in-app,billing,normal,How do I the API rate limit,45.0,2023-01-06 01:48:13,False,,249.21666666666667,False,False,2023-01,False,False
TK60554,2023-01-05 22:20:00,email,billing,urgent,Request to export my data,38.0,2023-01-06 01:27:19,False,,187.31666666666666,False,False,2023-01,False,False
TK60414,2023-01-05 23:02:00,in-app,account,normal,Cannot connecting the Snowflake sync,195.0,2023-01-06 17:58:53,False,,1136.8833333333334,False,False,2023-01,False,False
TK62317,2023-01-06 04:23:00,chat,account,normal,Cannot two-factor authentication,85.0,2023-01-06 15:34:36,False,,671.6,False,False,2023-01,False,False
TK63954,2023-01-06 07:34:00,email,onboarding,normal,Cannot connecting the Snowflake sync,247.0,2023-01-08 06:40:50,False,,2826.8333333333335,False,False,2023-01,False,False
TK63371,2023-01-06 11:17:00,chat,technical,normal,Unable to two-factor authentication,50.0,2023-01-12 10:20:03,True,5.0,8583.05,False,True,2023-01,False,True
TK62454,2023-01-06 15:45:00,phone,billing,normal,How do I the API rate limit,,2023-01-06 18:27:43,False,,162.71666666666667,False,False,2023-01,False,False
TK61288,2023-01-06 21:08:00,email,integrations,low,Question about the dashboard loading slowly,186.0,2023-01-19 09:31:55,False,,18023.916666666668,False,False,2023-01,False,True
TK63806,2023-01-06 22:19:00,email,account,normal,Issue with webhook deliveries failing,182.0,2023-01-07 15:37:23,False,,1038.3833333333334,False,False,2023-01,False,False
TK63739,2023-01-06 22:22:00,in-app,technical,normal,Request to webhook deliveries failing,106.0,2023-01-07 13:17:45,False,5.0,895.75,False,True,2023-01,False,False
TK60083,2023-01-07 00:10:00,email,onboarding,low,How do I the dashboard loading slowly,166.0,2023-01-07 15:46:43,False,,936.7166666666667,False,False,2023-01,False,False
TK63163,2023-01-07 06:34:00,email,onboarding,normal,Error when log in after password reset,151.0,2023-01-08 01:01:42,False,3.0,1107.7,False,True,2023-01,False,False
TK60587,2023-01-07 07:07:00,chat,account,normal,Cannot the invoice for last month,157.0,2023-01-07 14:32:09,False,,445.15,False,False,2023-01,False,False
TK61744,2023-01-07 12:57:00,email,billing,low,Issue with two-factor authentication,269.0,2023-01-10 14:12:18,True,5.0,4395.3,False,True,2023-01,False,False
TK60461,2023-01-07 13:10:00,chat,technical,high,How do I downgrade my plan,21.0,2023-01-07 18:02:34,False,,292.56666666666666,False,False,2023-01,False,False
TK61884,2023-01-07 16:59:00,email,technical,high,Unable to the invoice for last month,15.0,2023-01-07 23:53:48,False,,414.8,False,False,2023-01,False,False
TK60789,2023-01-07 19:00:00,chat,technical,high,Unable to log in after password reset,18.0,2023-01-09 02:00:10,False,4.0,1860.1666666666667,False,True,2023-01,False,False
TK63894,2023-01-07 23:22:00,in-app,integrations,urgent,Cannot add a teammate,4.0,2023-01-09 08:46:56,False,,2004.9333333333334,False,False,2023-01,False,False
TK63429,2023-01-08 00:56:00,chat,account,high,How do I a duplicate charge,37.0,2023-01-08 07:25:01,False,,389.01666666666665,False,False,2023-01,False,False
TK62322,2023-01-08 04:33:00,chat,onboarding,low,How do I connecting the Snowflake sync,369.0,2023-01-08 23:31:46,False,5.0,1138.7666666666667,False,True,2023-01,False,False
TK63532,2023-01-08 08:23:00,in-app,billing,urgent,How do I webhook deliveries failing,21.0,2023-01-08 10:49:22,False,,146.36666666666667,False,False,2023-01,False,False
TK63617,2023-01-08 08:43:00,in-app,onboarding,normal,Question about the invoice for last month,81.0,2023-01-17 23:41:58,False,,13858.966666666667,False,False,2023-01,False,True
TK61205,2023-01-08 11:28:00,email,billing,low,How do I the dashboard loading slowly,155.0,2023-01-15 17:26:40,False,,10438.666666666666,False,False,2023-01,False,True
TK60646,2023-01-08 13:56:00,chat,account,high,How do I export my data,188.0,2023-01-11 02:51:41,False,5.0,3655.6833333333334,False,True,2023-01,False,False
TK61848,2023-01-08 14:37:00,email,account,high,Issue with a refund for an annual plan,170.0,2023-01-10 05:53:38,False,,2356.633333333333,False,False,2023-01,False,False
TK60669,2023-01-08 16:17:00,in-app,billing,urgent,Question about two-factor authentication,41.0,2023-01-08 17:05:46,False,,48.766666666666666,False,False,2023-01,False,False
TK60432,2023-01-08 16:44:00,in-app,technical,normal,Issue with the dashboard loading slowly,98.0,2023-01-09 18:38:33,False,,1554.55,False,False,2023-01,False,False
TK60123,2023-01-08 18:36:00,chat,integrations,normal,Issue with add a teammate,66.0,2023-01-09 05:15:59,False,3.0,639.9833333333333,False,True,2023-01,False,False
TK61836,2023-01-08 20:04:00,email,billing,normal,How do I export my data,15.0,2023-01-09 04:39:40,False,4.0,515.6666666666666,False,True,2023-01,False,False
TK60719,2023-01-09 01:22:00,chat,billing,normal,Request to a duplicate charge,52.0,2023-01-09 15:29:10,False,4.0,847.1666666666666,False,True,2023-01,False,False
TK63694,2023-01-09 15:38:00,phone,billing,high,Cannot a refund for an annual plan,23.0,2023-01-09 21:21:38,False,4.0,343.6333333333333,False,True,2023-01,False,False
TK62285,2023-01-09 17:56:00,email,billing,normal,Question about the API rate limit,158.0,2023-01-10 23:23:34,False,3.0,1767.5666666666666,False,True,2023-01,False,False
TK61045,2023-01-09 19:34:00,email,onboarding,normal,Cannot the API rate limit,216.0,2023-01-15 03:26:36,False,,7672.6,False,False,2023-01,False,False
TK63883,2023-01-09 21:52:00,in-app,account,urgent,Issue with a duplicate charge,2.0,2023-01-09 22:15:07,False,5.0,23.116666666666667,False,True,2023-01,False,False
TK60712,2023-01-09 22:03:00,chat,technical,normal,Request to a refund for an annual plan,231.0,2023-01-17 14:43:01,False,1.0,11080.016666666666,False,True,2023-01,False,True
TK61791,2023-01-10 01:18:00,chat,technical,urgent,Question about two-factor authentication,50.0,2023-01-10 05:34:25,False,,256.4166666666667,False,False,2023-01,False,False
TK60844,2023-01-10 02:04:00,email,account,high,Cannot the invoice for last month,229.0,2023-01-10 17:01:09,False,,897.15,False,False,2023-01,False,False
TK63819,2023-01-10 03:15:00,in-app,integrations,normal,How do I the dashboard loading slowly,244.0,2023-02-02 22:50:09,False,,34295.15,False,False,2023-01,False,True
TK60382,2023-01-10 03:26:00,chat,billing,high,Cannot downgrade my plan,27.0,2023-01-12 06:07:15,False,,3041.25,False,False,2023-01,False,False
TK61931,2023-01-10 03:40:00,in-app,billing,low,Request to the invoice for last month,952.0,2023-01-11 04:38:08,False,,1498.1333333333334,False,False,2023-01,True,False
TK62181,2023-01-10 03:46:00,phone,technical,normal,Issue with add a teammate,153.0,2023-01-11 16:13:08,False,,2187.133333333333,False,False,2023-01,False,False
TK62488,2023-01-10 12:05:00,chat,billing,normal,Request to two-factor authentication,18.0,2023-01-11 04:25:10,False,4.0,980.1666666666666,False,True,2023-01,False,False
TK62523,2023-01-10 18:45:00,chat,onboarding,urgent,Request to connecting the Snowflake sync,59.0,2023-01-10 20:05:31,False,,80.51666666666667,False,False,2023-01,False,False
TK62400,2023-01-10 23:50:00,email,technical,normal,Unable to a refund for an annual plan,80.0,2023-01-12 03:31:31,False,,1661.5166666666667,False,False,2023-01,False,False
TK61210,2023-01-11 02:39:00,chat,onboarding,normal,Issue with webhook deliveries failing,20.0,2023-01-11 18:42:48,False,,963.8,False,False,2023-01,False,False
TK62682,2023-01-11 03:24:00,email,billing,high,Cannot a refund for an annual plan,176.0,2023-01-11 09:03:51,False,,339.85,False,False,2023-01,False,False
TK61277,2023-01-11 03:36:00,email,billing,high,Question about a refund for an annual plan,35.0,2023-01-13 04:00:15,False,2.0,2904.25,False,True,2023-01,False,False
TK61534,2023-01-11 08:18:00,chat,billing,high,Error when connecting the Snowflake sync,23.0,2023-01-11 10:56:06,False,,158.1,False,False,2023-01,False,False
TK62997,2023-01-11 09:08:00,phone,technical,normal,Issue with two-factor authentication,101.0,2023-01-16 05:37:10,False,5.0,6989.166666666667,False,True,2023-01,False,False
TK61374,2023-01-11 14:50:00,chat,onboarding,low,Unable to a refund for an annual plan,179.0,2023-01-11 19:53:39,False,,303.65,False,False,2023-01,False,False
TK61057,2023-01-11 14:58:00,email,onboarding,normal,Question about the API rate limit,164.0,2023-01-12 08:21:47,False,3.0,1043.7833333333333,False,True,2023-01,False,False
TK61123,2023-01-11 15:21:00,email,billing,urgent,Request to the API rate limit,6.0,2023-01-11 16:41:39,False,,80.65,False,False,2023-01,False,False
TK61048,2023-01-11 16:07:00,chat,technical,normal,Question about a duplicate charge,26.0,2023-01-13 12:23:20,False,,2656.3333333333335,False,False,2023-01,False,False
TK62453,2023-01-11 20:20:00,phone,onboarding,normal,Error when a refund for an annual plan,53.0,2023-01-12 09:36:45,False,,796.75,False,False,2023-01,False,False
TK62316,2023-01-11 20:53:00,email,billing,high,How do I connecting the Snowflake sync,,2023-01-12 03:19:34,False,4.0,386.56666666666666,False,True,2023-01,False,False
TK63580,2023-01-11 22:22:00,in-app,account,low,Request to add a teammate,282.0,2023-01-29 01:59:17,False,,24697.283333333333,False,False,2023-01,False,True
TK62220,2023-01-11 22:38:00,email,technical,high,Issue with downgrade my plan,104.0,2023-01-12 12:41:38,False,,843.6333333333333,False,False,2023-01,False,False
TK62787,2023-01-12 01:01:00,in-app,technical,normal,Cannot a duplicate charge,173.0,,False,,,True,False,2023-01,False,False
TK63859,2023-01-12 07:45:00,phone,onboarding,urgent,How do I the dashboard loading slowly,8.0,2023-01-12 13:24:18,False,3.0,339.3,False,True,2023-01,False,False
TK63613,2023-01-12 09:21:00,in-app,account,normal,Question about webhook deliveries failing,77.0,2023-01-13 08:20:44,False,,1379.7333333333333,False,False,2023-01,False,False
TK60280,2023-01-12 13:04:00,email,billing,normal,Issue with two-factor authentication,271.0,2023-01-13 01:15:59,False,,731.9833333333333,False,False,2023-01,False,False
TK62573,2023-01-12 13:28:00,phone,account,low,Cannot a duplicate charge,269.0,2023-01-25 18:57:13,False,,19049.216666666667,False,False,2023-01,False,True
TK60687,2023-01-12 17:03:00,in-app,billing,normal,Issue with the API rate limit,75.0,2023-01-12 22:05:27,False,4.0,302.45,False,True,2023-01,False,False
TK62172,2023-01-12 19:13:00,in-app,account,low,Question about log in after password reset,44.0,2023-01-13 13:46:26,False,,1113.4333333333334,False,False,2023-01,False,False
TK62676,2023-01-12 21:26:00,in-app,integrations,normal,Issue with export my data,449.0,2023-01-16 08:58:26,False,,5012.433333333333,False,False,2023-01,True,False
TK63279,2023-01-13 00:36:00,phone,account,normal,Error when the invoice for last month,60.0,2023-01-13 03:02:13,False,4.0,146.21666666666667,False,True,2023-01,False,False
TK63622,2023-01-13 01:14:00,chat,billing,normal,Error when add a teammate,129.0,2023-01-13 03:29:41,False,,135.68333333333334,False,False,2023-01,False,False
TK63034,2023-01-13 02:08:00,email,onboarding,high,How do I connecting the Snowflake sync,33.0,2023-01-13 10:59:09,False,,531.15,False,False,2023-01,False,False
TK63831,2023-01-13 03:00:00,in-app,billing,high,Issue with connecting the Snowflake sync,34.0,2023-01-13 15:20:56,False,,740.9333333333333,False,False,2023-01,False,False
TK61364,2023-01-13 03:35:00,email,technical,normal,Question about the invoice for last month,166.0,2023-01-18 18:54:45,False,3.0,8119.75,False,True,2023-01,False,False
TK62175,2023-01-13 05:40:00,chat,onboarding,normal,Question about connecting the Snowflake sync,83.0,2023-01-14 03:38:50,False,,1318.8333333333333,False,False,2023-01,False,False
TK62707,2023-01-13 10:18:00,chat,technical,low,Question about the API rate limit,101.0,2023-01-16 00:42:57,False,,3744.95,False,False,2023-01,False,False
TK61722,2023-01-13 11:10:00,chat,account,high,Issue with the invoice for last month,65.0,2023-01-13 15:54:58,False,5.0,284.96666666666664,False,True,2023-01,False,False
TK62873,2023-01-13 17:02:00,email,onboarding,normal,How do I the invoice for last month,33.0,2023-01-15 06:09:45,False,,2227.75,False,False,2023-01,False,False
TK62825,2023-01-13 19:24:00,chat,onboarding,normal,How do I webhook deliveries failing,51.0,2023-01-16 12:20:11,False,,3896.1833333333334,False,False,2023-01,False,False
TK60866,2023-01-13 19:53:00,chat,onboarding,normal,How do I the API rate limit,119.0,2023-01-16 22:12:45,False,4.0,4459.75,False,True,2023-01,False,False
TK61439,2023-01-14 01:30:00,chat,integrations,high,Cannot add a teammate,24.0,2023-01-14 14:10:40,True,,760.6666666666666,False,False,2023-01,False,False
TK60786,2023-01-14 02:31:00,email,account,high,How do I downgrade my plan,62.0,2023-01-14 03:55:36,False,,84.6,False,False,2023-01,False,False
TK60409,2023-01-14 05:07:00,email,account,low,Request to the dashboard loading slowly,50.0,2023-01-17 13:39:37,False,,4832.616666666667,False,False,2023-01,False,False
TK63549,2023-01-14 05:29:00,email,billing,low,Error when a refund for an annual plan,736.0,2023-01-14 14:13:20,False,2.0,524.3333333333334,False,True,2023-01,True,False
TK60530,2023-01-14 07:21:00,phone,billing,normal,Issue with add a teammate,7.0,2023-01-14 15:37:02,False,5.0,496.03333333333336,False,True,2023-01,False,False
TK61720,2023-01-14 09:59:00,in-app,technical,high,Question about the API rate limit,68.0,2023-01-14 13:58:35,True,,239.58333333333334,False,False,2023-01,False,False
TK60816,2023-01-14 16:04:00,email,technical,low,How do I downgrade my plan,,2023-01-19 03:29:45,True,5.0,6445.75,False,True,2023-01,False,False
TK63535,2023-01-14 22:07:00,chat,account,normal,Cannot a refund for an annual plan,59.0,2023-01-16 08:43:42,False,,2076.7,False,False,2023-01,False,False
TK63602,2023-01-14 22:38:00,email,technical,low,Question about two-factor authentication,261.0,2023-01-17 19:43:21,True,4.0,4145.35,False,True,2023-01,False,False
TK60289,2023-01-15 00:08:00,email,billing,low,Cannot a duplicate charge,268.0,2023-01-21 11:58:45,False,,9350.75,False,False,2023-01,False,True
TK60946,2023-01-15 03:43:00,chat,billing,low,Error when the API rate limit,104.0,2023-01-15 07:36:13,False,,233.21666666666667,False,False,2023-01,False,False
TK62948,2023-01-15 10:14:00,chat,technical,normal,Cannot log in after password reset,25.0,2023-01-19 18:49:31,False,,6275.516666666666,False,False,2023-01,False,False
TK60484,2023-01-15 10:22:00,chat,technical,normal,Question about the dashboard loading slowly,7.0,2023-01-16 13:40:17,False,,1638.2833333333333,False,False,2023-01,False,False
TK60688,2023-01-15 11:12:00,in-app,technical,low,How do I a refund for an annual plan,146.0,2023-02-08 00:14:56,False,,33902.933333333334,False,False,2023-01,False,True
TK60473,2023-01-15 11:33:00,email,billing,urgent,Error when export my data,32.0,2023-01-15 11:42:33,False,4.0,9.55,False,True,2023-01,False,False
TK61694,2023-01-15 11:48:00,chat,integrations,high,Issue with the dashboard loading slowly,12.0,2023-01-16 07:43:25,False,,1195.4166666666667,False,False,2023-01,False,False
TK63159,2023-01-15 11:55:00,in-app,technical,low,Question about the API rate limit,510.0,2023-01-16 20:56:33,False,3.0,1981.55,False,True,2023-01,True,False
TK63342,2023-01-15 14:15:00,in-app,billing,high,Error when the dashboard loading slowly,18.0,2023-01-15 17:46:42,False,4.0,211.7,False,True,2023-01,False,False
TK62885,2023-01-15 19:06:00,chat,integrations,normal,Request to a refund for an annual plan,18.0,2023-01-16 10:35:42,False,,929.7,False,False,2023-01,False,False
TK63058,2023-01-15 19:29:00,chat,integrations,normal,Error when downgrade my plan,86.0,2023-01-15 23:56:00,False,,267.0,False,False,2023-01,False,False
TK63543,2023-01-15 19:45:00,in-app,onboarding,normal,Request to the dashboard loading slowly,247.0,2023-01-17 04:54:10,False,4.0,1989.1666666666667,False,True,2023-01,False,False
TK62461,2023-01-15 20:36:00,email,account,normal,Question about the dashboard loading slowly,115.0,2023-01-20 17:31:07,True,4.0,7015.116666666667,False,True,2023-01,False,False
TK62934,2023-01-15 22:02:00,email,technical,low,Request to the dashboard loading slowly,259.0,2023-01-24 12:43:29,False,,12401.483333333334,False,False,2023-01,False,True
TK60675,2023-01-16 01:20:00,phone,billing,high,Issue with webhook deliveries failing,60.0,2023-01-16 03:57:01,False,,157.01666666666668,False,False,2023-01,False,False
TK62570,2023-01-16 05:36:00,chat,technical,low,Issue with a refund for an annual plan,99.0,2023-01-21 15:01:15,False,1.0,7765.25,False,True,2023-01,False,False
TK62401,2023-01-16 06:13:00,chat,technical,low,Issue with downgrade my plan,567.0,2023-02-01 18:00:25,False,5.0,23747.416666666668,False,True,2023-01,True,True
TK60040,2023-01-16 07:41:00,chat,technical,normal,How do I a refund for an annual plan,107.0,2023-01-17 21:17:47,False,,2256.7833333333333,False,False,2023-01,False,False
TK60397,2023-01-16 07:52:00,chat,technical,high,Issue with log in after password reset,154.0,2023-01-16 14:31:14,False,,399.23333333333335,False,False,2023-01,False,False
TK63497,2023-01-16 11:41:00,email,account,low,Request to the dashboard loading slowly,208.0,2023-01-18 09:40:18,False,,2759.3,False,False,2023-01,False,False
TK63670,2023-01-16 12:47:00,email,billing,low,Request to connecting the Snowflake sync,3085.0,2023-01-17 23:52:14,False,,2105.233333333333,False,False,2023-01,True,False
TK63949,2023-01-16 13:53:00,chat,integrations,low,How do I log in after password reset,117.0,2023-01-31 23:05:56,False,5.0,22152.933333333334,False,True,2023-01,False,True
TK61958,2023-01-16 14:05:00,chat,onboarding,urgent,Question about two-factor authentication,53.0,2023-01-16 20:26:37,False,,381.6166666666667,False,False,2023-01,False,False
TK60489,2023-01-16 16:08:00,phone,account,high,Request to a duplicate charge,37.0,2023-01-17 15:21:50,False,1.0,1393.8333333333333,False,True,2023-01,False,False
TK63615,2023-01-16 19:27:00,chat,technical,normal,Error when a duplicate charge,127.0,2023-01-20 17:29:48,False,4.0,5642.8,False,True,2023-01,False,False
TK60953,2023-01-16 19:39:00,phone,billing,normal,Request to the invoice for last month,32.0,2023-01-17 09:35:33,False,,836.55,False,False,2023-01,False,False
TK60794,2023-01-16 23:58:00,email,onboarding,high,Unable to webhook deliveries failing,53.0,2023-01-20 03:53:27,False,,4555.45,False,False,2023-01,False,False
TK61199,2023-01-17 06:20:00,email,technical,high,Request to webhook deliveries failing,9.0,2023-01-18 00:25:20,False,,1085.3333333333333,False,False,2023-01,False,False
TK60434,2023-01-17 08:34:00,chat,integrations,normal,Error when connecting the Snowflake sync,174.0,2023-01-17 21:39:28,False,5.0,785.4666666666667,False,True,2023-01,False,False
TK60870,2023-01-17 13:22:00,in-app,technical,normal,Unable to downgrade my plan,70.0,2023-01-18 11:50:11,False,,1348.1833333333334,False,False,2023-01,False,False
TK61354,2023-01-17 14:22:00,phone,onboarding,high,Question about log in after password reset,3.0,2023-01-17 17:08:36,False,,166.6,False,False,2023-01,False,False
TK62418,2023-01-17 18:56:00,chat,onboarding,normal,Question about a refund for an annual plan,,2023-01-22 01:17:20,False,,6141.333333333333,False,False,2023-01,False,False
TK61225,2023-01-17 21:29:00,in-app,integrations,normal,Request to downgrade my plan,373.0,2023-01-19 00:23:49,False,5.0,1614.8166666666666,False,True,2023-01,False,False
TK61465,2023-01-18 04:11:00,email,account,normal,How do I log in after password reset,47.0,2023-01-18 15:52:29,False,,701.4833333333333,False,False,2023-01,False,False
TK62776,2023-01-18 04:31:00,in-app,billing,normal,Unable to connecting the Snowflake sync,51.0,2023-01-18 14:54:12,False,3.0,623.2,False,True,2023-01,False,False
TK60344,2023-01-18 06:58:00,chat,account,urgent,Issue with the dashboard loading slowly,5.0,2023-01-18 08:28:20,False,,90.33333333333333,False,False,2023-01,False,False
TK61469,2023-01-18 09:14:00,email,billing,normal,Question about webhook deliveries failing,386.0,2023-01-21 08:38:04,False,5.0,4284.066666666667,False,True,2023-01,False,False
TK62517,2023-01-18 09:19:00,chat,onboarding,normal,Unable to log in after password reset,162.0,2023-01-18 14:13:00,False,,294.0,False,False,2023-01,False,False
TK62496,2023-01-18 13:08:00,chat,technical,normal,Unable to a refund for an annual plan,134.0,2023-01-21 03:14:00,False,,3726.0,False,False,2023-01,False,False
TK61951,2023-01-18 14:59:00,chat,technical,high,Cannot a duplicate charge,26.0,2023-01-18 23:57:37,False,,538.6166666666667,False,False,2023-01,False,False
TK61759,2023-01-19 01:32:00,chat,technical,high,Request to the dashboard loading slowly,36.0,2023-01-19 06:35:48,False,4.0,303.8,False,True,2023-01,False,False
TK60477,2023-01-19 02:12:00,email,integrations,normal,Issue with a refund for an annual plan,196.0,2023-01-20 05:08:09,False,,1616.15,False,False,2023-01,False,False
TK62780,2023-01-19 07:03:00,chat,integrations,normal,Request to a duplicate charge,28.0,2023-01-20 08:03:46,False,5.0,1500.7666666666667,False,True,2023-01,False,False
TK60919,2023-01-19 07:58:00,chat,integrations,high,Request to the API rate limit,24.0,2023-01-19 11:39:58,False,2.0,221.96666666666667,False,True,2023-01,False,False
TK60907,2023-01-19 09:28:00,in-app,technical,low,Error when the dashboard loading slowly,551.0,2023-01-21 17:41:00,False,5.0,3373.0,False,True,2023-01,True,False
TK61016,2023-01-19 14:20:00,email,billing,low,How do I add a teammate,169.0,2023-01-20 00:15:00,False,,595.0,False,False,2023-01,False,False
TK60455,2023-01-19 14:45:00,email,onboarding,normal,Request to a duplicate charge,102.0,2023-01-19 18:15:01,False,,210.01666666666668,False,False,2023-01,False,False
TK63542,2023-01-19 14:49:00,email,account,urgent,Issue with the dashboard loading slowly,1.0,2023-01-19 15:46:40,False,,57.666666666666664,False,False,2023-01,False,False
TK63350,2023-01-19 15:17:00,chat,billing,low,Question about add a teammate,246.0,2023-01-23 03:20:16,False,,5043.266666666666,False,False,2023-01,False,False
TK62227,2023-01-19 16:05:00,in-app,billing,normal,Error when the dashboard loading slowly,122.0,2023-01-20 11:21:41,False,2.0,1156.6833333333334,False,True,2023-01,False,False
TK61263,2023-01-20 03:51:00,email,technical,normal,Error when a duplicate charge,31.0,2023-01-21 18:44:39,False,,2333.65,False,False,2023-01,False,False
TK60780,2023-01-20 05:23:00,chat,account,low,Request to the API rate limit,75.0,2023-01-20 11:39:26,False,3.0,376.43333333333334,False,True,2023-01,False,False
TK61622,2023-01-20 08:46:00,email,billing,normal,Issue with a duplicate charge,42.0,2023-01-22 13:55:56,False,2.0,3189.9333333333334,False,True,2023-01,False,False
TK62217,2023-01-20 08:54:00,email,technical,low,Cannot export my data,129.0,2023-01-23 07:12:44,False,,4218.733333333334,False,False,2023-01,False,False
TK60035,2023-01-20 10:51:00,phone,technical,normal,Request to connecting the Snowflake sync,213.0,2023-01-21 13:13:17,False,5.0,1582.2833333333333,False,True,2023-01,False,False
TK60686,2023-01-20 13:27:00,in-app,integrations,high,Error when connecting the Snowflake sync,74.0,2023-01-20 14:23:17,False,3.0,56.28333333333333,False,True,2023-01,False,False
TK63137,2023-01-20 14:00:00,chat,technical,normal,Error when the dashboard loading slowly,219.0,2023-01-26 10:34:37,False,1.0,8434.616666666667,False,True,2023-01,False,False
TK62121,2023-01-20 15:04:00,chat,technical,high,Error when add a teammate,17.0,2023-01-20 19:51:14,False,,287.23333333333335,False,False,2023-01,False,False
TK60568,2023-01-20 15:29:00,phone,onboarding,normal,Question about the API rate limit,12.0,2023-01-21 04:18:38,False,,769.6333333333333,False,False,2023-01,False,False
TK60548,2023-01-20 17:32:00,chat,onboarding,normal,Cannot webhook deliveries failing,285.0,2023-01-21 22:08:10,False,,1716.1666666666667,False,False,2023-01,False,False
TK60418,2023-01-20 19:14:00,in-app,billing,urgent,Request to two-factor authentication,30.0,2023-01-21 01:17:14,True,,363.23333333333335,False,False,2023-01,False,False
TK61391,2023-01-21 00:47:00,email,integrations,normal,Request to the API rate limit,42.0,2023-01-26 02:27:22,False,4.0,7300.366666666667,False,True,2023-01,False,False
TK63884,2023-01-21 02:45:00,chat,technical,high,Unable to webhook deliveries failing,32.0,2023-01-21 19:34:25,False,,1009.4166666666666,False,False,2023-01,False,False
TK63212,2023-01-21 07:32:00,chat,technical,low,Cannot add a teammate,785.0,2023-01-22 02:03:00,False,4.0,1111.0,False,True,2023-01,True,False
TK62153,2023-01-21 08:40:00,chat,account,normal,How do I add a teammate,28.0,2023-01-21 10:12:51,False,,92.85,False,False,2023-01,False,False
TK60492,2023-01-21 09:09:00,email,integrations,high,Request to the dashboard loading slowly,33.0,2023-01-22 02:04:57,False,3.0,1015.95,False,True,2023-01,False,False
TK63678,2023-01-21 18:44:00,in-app,technical,normal,Cannot log in after password reset,199.0,2023-01-22 11:12:04,False,5.0,988.0666666666667,False,True,2023-01,False,False
TK62212,2023-01-21 22:39:00,chat,account,low,Unable to the dashboard loading slowly,243.0,2023-01-22 07:02:53,False,5.0,503.8833333333333,False,True,2023-01,False,False
TK61253,2023-01-21 22:43:00,in-app,integrations,normal,Error when export my data,29.0,2023-01-25 16:12:41,False,,5369.683333333333,False,False,2023-01,False,False
TK60772,2023-01-22 06:25:00,email,technical,high,Request to a refund for an annual plan,41.0,2023-01-22 20:57:58,False,,872.9666666666667,False,False,2023-01,False,False
TK61755,2023-01-22 07:10:00,chat,billing,normal,How do I webhook deliveries failing,315.0,2023-01-22 08:22:35,False,,72.58333333333333,False,False,2023-01,False,False
TK62651,2023-01-22 08:32:00,phone,billing,high,Issue with webhook deliveries failing,121.0,2023-01-23 14:36:06,False,,1804.1,False,False,2023-01,False,False
TK61359,2023-01-22 10:14:00,in-app,billing,normal,Unable to connecting the Snowflake sync,77.0,2023-01-23 15:51:14,False,5.0,1777.2333333333333,False,True,2023-01,False,False
TK61865,2023-01-22 14:12:00,chat,account,normal,How do I add a teammate,90.0,2023-01-23 23:35:38,False,,2003.6333333333334,False,False,2023-01,False,False
TK63705,2023-01-22 14:22:00,in-app,account,normal,Request to connecting the Snowflake sync,200.0,2023-01-24 18:43:10,False,,3141.1666666666665,False,False,2023-01,False,False
TK62145,2023-01-22 15:41:00,email,technical,normal,Issue with downgrade my plan,431.0,2023-01-24 11:04:43,False,,2603.7166666666667,False,False,2023-01,True,False
TK62700,2023-01-22 23:00:00,email,billing,normal,How do I the invoice for last month,293.0,2023-01-23 20:53:34,False,,1313.5666666666666,False,False,2023-01,False,False
TK61419,2023-01-22 23:04:00,phone,billing,low,Question about two-factor authentication,210.0,2023-01-24 14:19:11,False,,2355.1833333333334,False,False,2023-01,False,False
TK62719,2023-01-23 00:14:00,phone,technical,urgent,Error when downgrade my plan,,2023-01-24 07:15:50,False,4.0,1861.8333333333333,False,True,2023-01,False,False
TK62341,2023-01-23 05:28:00,email,technical,high,Question about downgrade my plan,187.0,2023-01-25 11:05:50,False,,3217.8333333333335,False,False,2023-01,False,False
TK60499,2023-01-23 13:39:00,email,integrations,normal,Error when connecting the Snowflake sync,214.0,2023-02-10 15:55:10,False,,26056.166666666668,False,False,2023-01,False,True
TK61366,2023-01-23 16:10:00,email,billing,low,Request to downgrade my plan,181.0,2023-01-25 00:04:34,False,,1914.5666666666666,False,False,2023-01,False,False
TK61302,2023-01-23 16:29:00,chat,technical,low,Question about a duplicate charge,76.0,2023-02-01 04:17:28,False,4.0,12228.466666666667,False,True,2023-01,False,True
TK60752,2023-01-23 16:57:00,email,account,normal,Error when downgrade my plan,439.0,2023-01-24 15:08:33,True,4.0,1331.55,False,True,2023-01,True,False
TK62631,2023-01-23 18:03:00,in-app,billing,urgent,Unable to two-factor authentication,18.0,2023-01-23 22:21:53,False,,258.8833333333333,False,False,2023-01,False,False
TK62483,2023-01-24 01:56:00,email,onboarding,high,How do I two-factor authentication,53.0,2023-01-24 05:58:10,False,,242.16666666666666,False,False,2023-01,False,False
TK63343,2023-01-24 03:22:00,chat,technical,normal,Error when the dashboard loading slowly,44.0,2023-01-26 18:17:20,True,,3775.3333333333335,False,False,2023-01,False,False
TK63711,2023-01-24 08:29:00,email,integrations,high,Question about log in after password reset,80.0,2023-01-27 04:14:55,True,,4065.9166666666665,False,False,2023-01,False,False
TK62424,2023-01-24 10:54:00,email,integrations,normal,Issue with downgrade my plan,169.0,2023-01-27 01:08:25,False,,3734.4166666666665,False,False,2023-01,False,False
TK61672,2023-01-24 11:25:00,email,integrations,normal,How do I the API rate limit,,2023-01-29 10:08:13,False,5.0,7123.216666666666,False,True,2023-01,False,False
TK61417,2023-01-24 12:52:00,chat,integrations,high,Error when downgrade my plan,24.0,2023-01-25 18:41:29,False,,1789.4833333333333,False,False,2023-01,False,False
TK63317,2023-01-24 15:07:00,chat,billing,normal,Error when the API rate limit,177.0,2023-01-25 02:44:00,False,,697.0,False,False,2023-01,False,False
TK60142,2023-01-24 15:49:00,in-app,billing,high,Request to add a teammate,17.0,2023-01-24 18:30:40,False,,161.66666666666666,False,False,2023-01,False,False
TK62010,2023-01-24 18:59:00,in-app,billing,normal,Error when the invoice for last month,161.0,2023-01-24 23:49:10,False,,290.1666666666667,False,False,2023-01,False,False
TK63927,2023-01-24 19:27:00,chat,billing,normal,Issue with log in after password reset,36.0,2023-01-26 10:39:55,False,5.0,2352.9166666666665,False,True,2023-01,False,False
TK63072,2023-01-24 19:44:00,in-app,integrations,low,Question about a refund for an annual plan,65.0,2023-01-25 20:07:44,False,,1463.7333333333333,False,False,2023-01,False,False
TK61287,2023-01-25 01:17:00,chat,account,normal,Unable to a duplicate charge,88.0,2023-01-25 09:27:16,False,,490.26666666666665,False,False,2023-01,False,False
TK60960,2023-01-25 04:02:00,chat,onboarding,high,Error when two-factor authentication,35.0,2023-01-25 21:30:12,False,,1048.2,False,False,2023-01,False,False
TK62029,2023-01-25 04:18:00,phone,billing,normal,Unable to connecting the Snowflake sync,,2023-01-27 22:33:54,False,,3975.9,False,False,2023-01,False,False
TK63699,2023-01-25 07:51:00,chat,account,normal,Unable to a duplicate charge,239.0,2023-01-26 08:12:38,False,,1461.6333333333334,False,False,2023-01,False,False
TK63902,2023-01-25 09:24:00,email,billing,normal,Issue with the API rate limit,239.0,2023-01-25 10:53:01,False,,89.01666666666667,False,False,2023-01,False,False
TK60792,2023-01-25 15:12:00,chat,onboarding,high,Issue with downgrade my plan,82.0,2023-01-26 00:29:14,True,,557.2333333333333,False,False,2023-01,False,False
TK63583,2023-01-25 17:27:00,phone,integrations,low,How do I downgrade my plan,836.0,2023-01-27 02:24:28,False,,1977.4666666666667,False,False,2023-01,True,False
TK60582,2023-01-25 19:29:00,chat,billing,normal,Request to connecting the Snowflake sync,55.0,2023-01-27 16:24:39,False,5.0,2695.65,False,True,2023-01,False,False
TK60545,2023-01-25 19:56:00,in-app,account,high,Request to the API rate limit,133.0,2023-01-25 22:55:59,False,5.0,179.98333333333332,False,True,2023-01,False,False
TK61085,2023-01-25 20:05:00,phone,billing,normal,Cannot log in after password reset,60.0,2023-01-26 21:50:12,False,,1545.2,False,False,2023-01,False,False
TK62050,2023-01-25 20:30:00,email,billing,high,Unable to the API rate limit,78.0,2023-01-26 01:45:28,False,2.0,315.46666666666664,False,True,2023-01,False,False
TK61015,2023-01-25 20:40:00,email,integrations,high,Error when two-factor authentication,60.0,2023-01-26 13:15:54,False,,995.9,False,False,2023-01,False,False
TK62388,2023-01-25 22:55:00,phone,billing,urgent,Unable to downgrade my plan,19.0,2023-01-26 10:39:03,False,,704.05,False,False,2023-01,False,False
TK60276,2023-01-26 00:30:00,email,onboarding,high,Issue with connecting the Snowflake sync,110.0,,False,,,True,False,2023-01,False,False
TK63743,2023-01-26 00:36:00,phone,technical,high,Cannot downgrade my plan,155.0,2023-01-26 18:35:00,False,,1079.0,False,False,2023-01,False,False
TK63980,2023-01-26 01:24:00,in-app,technical,low,Issue with the API rate limit,357.0,2023-02-02 02:09:49,False,5.0,10125.816666666668,False,True,2023-01,False,True
TK62090,2023-01-26 05:42:00,chat,integrations,normal,Request to a refund for an annual plan,68.0,2023-02-02 01:58:34,False,5.0,9856.566666666668,False,True,2023-01,False,True
TK62798,2023-01-26 13:46:00,email,technical,normal,Issue with the API rate limit,197.0,,False,,,True,False,2023-01,False,False
TK62639,2023-01-26 14:10:00,in-app,technical,low,Question about the dashboard loading slowly,60.0,2023-01-29 05:48:14,False,,3818.233333333333,False,False,2023-01,False,False
TK62754,2023-01-26 14:57:00,chat,integrations,normal,Error when log in after password reset,176.0,2023-01-28 19:36:04,False,,3159.0666666666666,False,False,2023-01,False,False
TK60521,2023-01-26 15:34:00,phone,onboarding,normal,Request to two-factor authentication,26.0,2023-01-29 11:14:25,False,,4060.4166666666665,False,False,2023-01,False,False
TK60824,2023-01-26 16:51:00,in-app,onboarding,high,How do I export my data,66.0,2023-01-26 23:45:48,False,4.0,414.8,False,True,2023-01,False,False
TK60763,2023-01-27 08:32:00,in-app,integrations,normal,Unable to the invoice for last month,341.0,2023-01-28 05:06:29,False,,1234.4833333333333,False,False,2023-01,False,False
TK63824,2023-01-27 11:23:00,chat,onboarding,normal,Request to a refund for an annual plan,422.0,2023-01-28 19:19:49,True,,1916.8166666666666,False,False,2023-01,True,False
TK63099,2023-01-27 22:03:00,email,technical,low,Error when downgrade my plan,441.0,2023-02-06 15:52:23,False,,14029.383333333333,False,False,2023-01,True,True
TK61097,2023-01-27 22:37:00,in-app,technical,normal,Cannot downgrade my plan,75.0,2023-01-29 11:51:50,False,1.0,2234.8333333333335,False,True,2023-01,False,False
TK63986,2023-01-28 06:17:00,email,billing,high,Error when log in after password reset,114.0,2023-01-28 11:03:15,False,,286.25,False,False,2023-01,False,False
TK62484,2023-01-28 09:11:00,email,account,normal,Error when a duplicate charge,57.0,2023-01-28 16:08:04,False,1.0,417.06666666666666,False,True,2023-01,False,False
TK62014,2023-01-28 14:57:00,in-app,technical,normal,Unable to the API rate limit,35.0,2023-01-31 14:19:49,False,,4282.816666666667,False,False,2023-01,False,False
TK60647,2023-01-28 16:29:00,chat,billing,high,Request to two-factor authentication,80.0,2023-01-29 14:12:18,False,,1303.3,False,False,2023-01,False,False
TK62761,2023-01-28 17:11:00,email,technical,normal,Cannot a duplicate charge,106.0,2023-02-01 15:11:09,False,,5640.15,False,False,2023-01,False,False
TK61137,2023-01-28 18:59:00,chat,account,high,Unable to a refund for an annual plan,34.0,2023-01-29 10:48:31,False,,949.5166666666667,False,False,2023-01,False,False
TK61227,2023-01-28 19:49:00,chat,technical,low,How do I the dashboard loading slowly,177.0,2023-03-13 20:52:21,False,,63423.35,False,False,2023-01,False,True
TK60072,2023-01-28 22:48:00,email,technical,high,How do I two-factor authentication,72.0,2023-01-29 17:37:35,False,1.0,1129.5833333333333,False,True,2023-01,False,False
TK61859,2023-01-28 22:56:00,chat,integrations,high,Unable to add a teammate,25.0,2023-01-31 00:32:35,False,5.0,2976.5833333333335,False,True,2023-01,False,False
TK63860,2023-01-29 03:26:00,email,billing,normal,Request to webhook deliveries failing,10.0,2023-01-30 03:07:32,False,2.0,1421.5333333333333,False,True,2023-01,False,False
TK63365,2023-01-29 05:15:00,in-app,billing,normal,Request to the invoice for last month,805.0,2023-01-29 10:48:14,False,,333.23333333333335,False,False,2023-01,True,False
TK61994,2023-01-29 05:48:00,email,technical,normal,How do I the API rate limit,10.0,2023-02-01 09:51:04,False,,4563.066666666667,False,False,2023-01,False,False
TK62044,2023-01-29 06:34:00,in-app,account,low,Unable to the dashboard loading slowly,,2023-01-29 18:18:21,False,5.0,704.35,False,True,2023-01,False,False
TK60976,2023-01-29 09:25:00,email,billing,normal,Unable to the invoice for last month,250.0,2023-01-29 18:30:57,False,,545.95,False,False,2023-01,False,False
TK61352,2023-01-29 09:54:00,in-app,account,normal,Error when downgrade my plan,27.0,2023-02-12 10:08:15,False,4.0,20174.25,False,True,2023-01,False,True
TK61264,2023-01-29 09:58:00,chat,billing,low,Unable to a refund for an annual plan,53.0,2023-01-30 13:46:02,False,4.0,1668.0333333333333,False,True,2023-01,False,False
TK60958,2023-01-29 10:27:00,email,technical,normal,Issue with add a teammate,141.0,2023-01-31 04:29:34,True,5.0,2522.5666666666666,False,True,2023-01,False,False
TK63651,2023-01-29 16:35:00,chat,account,normal,Request to a refund for an annual plan,223.0,2023-01-29 18:18:56,True,,103.93333333333334,False,False,2023-01,False,False
TK62077,2023-01-29 16:42:00,chat,technical,high,Error when the dashboard loading slowly,144.0,2023-01-30 00:48:17,False,,486.28333333333336,False,False,2023-01,False,False
TK63631,2023-01-29 17:57:00,chat,onboarding,normal,Issue with connecting the Snowflake sync,99.0,2023-01-31 01:32:07,False,,1895.1166666666666,False,False,2023-01,False,False
TK61400,2023-01-30 04:08:00,email,billing,normal,Unable to webhook deliveries failing,81.0,2023-01-30 16:03:29,False,,715.4833333333333,False,False,2023-01,False,False
TK60526,2023-01-30 06:57:00,email,onboarding,normal,Error when connecting the Snowflake sync,361.0,2023-01-31 07:28:07,False,4.0,1471.1166666666666,False,True,2023-01,False,False
TK61091,2023-01-30 07:25:00,in-app,onboarding,urgent,Request to a refund for an annual plan,,2023-01-30 22:10:26,False,,885.4333333333333,False,False,2023-01,False,False
TK61226,2023-01-30 08:40:00,chat,onboarding,normal,Request to connecting the Snowflake sync,82.0,2023-01-31 08:42:20,False,,1442.3333333333333,False,False,2023-01,False,False
TK62835,2023-01-30 15:49:00,in-app,technical,low,Cannot log in after password reset,566.0,2023-02-01 05:53:40,True,2.0,2284.6666666666665,False,True,2023-01,True,False
TK63573,2023-01-30 17:02:00,chat,account,normal,Request to a duplicate charge,82.0,2023-01-31 16:02:09,False,,1380.15,False,False,2023-01,False,False
TK62696,2023-01-30 20:36:00,in-app,onboarding,urgent,Request to the invoice for last month,28.0,2023-01-31 02:52:36,False,4.0,376.6,False,True,2023-01,False,False
TK63744,2023-01-30 20:40:00,email,technical,normal,Cannot add a teammate,63.0,2023-01-31 19:40:00,False,,1380.0,False,False,2023-01,False,False
TK60814,2023-01-30 22:36:00,email,integrations,normal,Unable to downgrade my plan,324.0,2023-01-31 03:50:56,False,5.0,314.93333333333334,False,True,2023-01,False,False
TK61443,2023-01-31 01:22:00,phone,integrations,normal,Error when add a teammate,358.0,2023-02-02 07:54:13,False,,3272.2166666666667,False,False,2023-01,False,False
TK60899,2023-01-31 01:53:00,chat,account,normal,Question about export my data,252.0,2023-02-02 10:38:03,False,,3405.05,False,False,2023-01,False,False
TK60298,2023-01-31 04:27:00,email,technical,normal,Request to downgrade my plan,85.0,2023-02-09 02:29:45,False,4.0,12842.75,False,True,2023-01,False,True
TK60533,2023-01-31 05:52:00,chat,technical,normal,Issue with the dashboard loading slowly,65.0,2023-01-31 11:32:40,False,5.0,340.6666666666667,False,True,2023-01,False,False
TK63401,2023-01-31 07:18:00,chat,account,normal,Cannot log in after password reset,70.0,2023-02-01 19:14:18,False,,2156.3,False,False,2023-01,False,False
TK63552,2023-01-31 08:10:00,chat,onboarding,low,Unable to webhook deliveries failing,463.0,2023-02-02 23:20:13,False,,3790.2166666666667,False,False,2023-01,True,False
TK63197,2023-01-31 09:35:00,email,technical,normal,Cannot two-factor authentication,36.0,2023-02-04 09:49:48,False,,5774.8,False,False,2023-01,False,False
TK62848,2023-01-31 11:21:00,chat,account,normal,Error when add a teammate,30.0,2023-02-02 05:08:46,False,3.0,2507.766666666667,False,True,2023-01,False,False
TK62280,2023-01-31 11:55:00,phone,account,normal,Unable to the API rate limit,409.0,2023-02-01 01:04:51,False,,789.85,False,False,2023-01,True,False
TK60655,2023-01-31 18:53:00,email,billing,urgent,Issue with the invoice for last month,102.0,2023-02-01 03:06:34,False,2.0,493.56666666666666,False,True,2023-01,False,False
TK62134,2023-01-31 20:56:00,email,account,low,Error when the dashboard loading slowly,18.0,2023-02-03 08:52:01,False,,3596.016666666667,False,False,2023-01,False,False
TK60325,2023-02-01 01:04:00,phone,account,low,How do I the dashboard loading slowly,302.0,2023-02-08 17:22:12,False,,11058.2,False,False,2023-02,False,True
TK61472,2023-02-01 02:50:00,in-app,integrations,normal,Request to downgrade my plan,9.0,2023-02-10 00:12:23,False,,12802.383333333333,False,False,2023-02,False,True
TK62187,2023-02-01 03:07:00,email,technical,normal,Cannot two-factor authentication,265.0,2023-02-01 12:48:33,False,,581.55,False,False,2023-02,False,False
TK61154,2023-02-01 03:48:00,email,onboarding,low,Issue with a refund for an annual plan,706.0,2023-02-06 05:23:18,False,5.0,7295.3,False,True,2023-02,True,False
TK63797,2023-02-01 04:03:00,email,technical,normal,Issue with add a teammate,78.0,2023-02-01 10:01:57,False,4.0,358.95,False,True,2023-02,False,False
TK60935,2023-02-01 09:09:00,email,onboarding,normal,Question about log in after password reset,87.0,2023-02-03 02:23:33,False,,2474.55,False,False,2023-02,False,False
TK62025,2023-02-01 11:40:00,email,billing,high,Question about log in after password reset,113.0,2023-02-01 13:00:26,False,5.0,80.43333333333334,False,True,2023-02,False,False
TK60910,2023-02-01 11:43:00,chat,account,high,Request to export my data,12.0,2023-02-02 10:06:36,False,,1343.6,False,False,2023-02,False,False
TK60269,2023-02-01 13:49:00,email,technical,normal,Issue with a refund for an annual plan,114.0,2023-02-06 16:10:38,True,,7341.633333333333,False,False,2023-02,False,False
TK60566,2023-02-02 04:11:00,in-app,technical,low,Unable to connecting the Snowflake sync,138.0,2023-02-13 23:11:42,False,5.0,16980.7,False,True,2023-02,False,True
TK61438,2023-02-02 07:10:00,email,integrations,normal,Request to the API rate limit,31.0,2023-02-03 18:55:52,False,,2145.866666666667,False,False,2023-02,False,False
TK61993,2023-02-02 09:21:00,in-app,billing,high,Cannot two-factor authentication,43.0,2023-02-03 01:09:43,False,,948.7166666666667,False,False,2023-02,False,False
TK60882,2023-02-02 11:50:00,chat,technical,normal,Issue with a duplicate charge,140.0,2023-02-11 04:17:56,False,3.0,12507.933333333332,False,True,2023-02,False,True
TK63920,2023-02-02 11:56:00,in-app,billing,low,Unable to the dashboard loading slowly,176.0,2023-02-02 20:26:40,True,4.0,510.6666666666667,False,True,2023-02,False,False
TK61067,2023-02-02 16:43:00,chat,account,normal,Request to the invoice for last month,,2023-02-07 14:37:45,False,,7074.75,False,False,2023-02,False,False
TK62532,2023-02-02 20:39:00,chat,account,high,Error when the API rate limit,62.0,2023-02-03 20:55:32,False,5.0,1456.5333333333333,False,True,2023-02,False,False
TK60129,2023-02-02 23:39:00,chat,account,urgent,Question about downgrade my plan,9.0,2023-02-03 02:27:54,False,3.0,168.9,False,True,2023-02,False,False
TK63252,2023-02-03 01:14:00,chat,billing,normal,Request to a duplicate charge,93.0,2023-02-03 15:50:10,False,,876.1666666666666,False,False,2023-02,False,False
TK61852,2023-02-03 01:59:00,email,billing,low,Cannot add a teammate,114.0,2023-02-03 06:51:42,False,5.0,292.7,False,True,2023-02,False,False
TK62109,2023-02-03 04:49:00,phone,account,high,Unable to two-factor authentication,56.0,2023-02-03 05:56:17,False,4.0,67.28333333333333,False,True,2023-02,False,False
TK60481,2023-02-03 08:08:00,in-app,billing,normal,Question about export my data,19.0,2023-02-04 07:37:33,False,4.0,1409.55,False,True,2023-02,False,False
TK63277,2023-02-03 11:24:00,chat,billing,normal,Error when two-factor authentication,89.0,2023-02-03 14:42:49,False,1.0,198.81666666666666,False,True,2023-02,False,False
TK62237,2023-02-03 11:55:00,chat,integrations,low,Unable to the API rate limit,126.0,2023-02-04 21:02:33,False,4.0,1987.55,False,True,2023-02,False,False
TK60308,2023-02-03 14:19:00,email,billing,normal,Error when downgrade my plan,210.0,2023-02-05 11:51:26,False,,2732.4333333333334,False,False,2023-02,False,False
TK63060,2023-02-03 22:15:00,in-app,technical,normal,Error when add a teammate,145.0,2023-02-10 07:17:46,False,,9182.766666666666,False,False,2023-02,False,True
TK60562,2023-02-03 22:52:00,email,technical,normal,How do I the invoice for last month,90.0,2023-02-09 09:12:00,False,5.0,7820.0,False,True,2023-02,False,False
TK62740,2023-02-03 23:15:00,email,onboarding,high,Request to add a teammate,13.0,2023-02-04 08:06:33,False,,531.55,False,False,2023-02,False,False
TK62251,2023-02-04 11:24:00,phone,technical,normal,Question about webhook deliveries failing,20.0,,False,,,True,False,2023-02,False,False
TK60605,2023-02-04 11:54:00,in-app,onboarding,low,Cannot log in after password reset,98.0,2023-02-05 13:00:51,False,,1506.85,False,False,2023-02,False,False
TK61261,2023-02-04 17:23:00,phone,onboarding,low,Request to a refund for an annual plan,,2023-02-06 04:13:31,False,5.0,2090.516666666667,False,True,2023-02,False,False
TK63173,2023-02-04 17:29:00,in-app,onboarding,normal,How do I webhook deliveries failing,114.0,2023-02-04 19:53:16,False,,144.26666666666668,False,False,2023-02,False,False
TK60619,2023-02-04 17:58:00,chat,technical,low,How do I the dashboard loading slowly,455.0,,False,,,True,False,2023-02,True,False
TK60134,2023-02-04 18:59:00,chat,technical,high,Cannot export my data,55.0,2023-02-05 06:37:18,False,,698.3,False,False,2023-02,False,False
TK63443,2023-02-05 01:32:00,phone,technical,low,Issue with add a teammate,153.0,2023-02-08 21:47:15,False,5.0,5535.25,False,True,2023-02,False,False
TK63665,2023-02-05 18:40:00,email,technical,normal,Cannot a duplicate charge,285.0,2023-02-21 05:42:06,False,,22262.1,False,False,2023-02,False,True
TK61026,2023-02-05 20:15:00,in-app,account,low,Question about a refund for an annual plan,1006.0,2023-02-07 12:12:20,False,,2397.3333333333335,False,False,2023-02,True,False
TK63624,2023-02-06 01:09:00,chat,integrations,high,Unable to downgrade my plan,77.0,2023-02-07 00:54:26,False,,1425.4333333333334,False,False,2023-02,False,False
TK60641,2023-02-06 01:23:00,in-app,billing,normal,How do I webhook deliveries failing,176.0,2023-02-07 05:24:13,False,,1681.2166666666667,False,False,2023-02,False,False
TK62949,2023-02-06 04:26:00,email,billing,high,How do I export my data,184.0,,False,,,True,False,2023-02,False,False
TK61674,2023-02-06 07:20:00,email,account,low,Question about the API rate limit,421.0,2023-02-07 02:48:09,False,5.0,1168.15,False,True,2023-02,True,False
TK63957,2023-02-06 08:17:00,email,integrations,normal,How do I webhook deliveries failing,579.0,2023-02-07 09:18:46,True,5.0,1501.7666666666667,False,True,2023-02,True,False
TK61733,2023-02-06 09:13:00,in-app,technical,urgent,Error when a duplicate charge,22.0,2023-02-06 23:22:11,False,,849.1833333333333,False,False,2023-02,False,False
TK60232,2023-02-06 10:06:00,email,integrations,low,Error when a duplicate charge,72.0,2023-02-09 00:12:29,False,5.0,3726.483333333333,False,True,2023-02,False,False
TK60985,2023-02-06 10:38:00,email,billing,high,How do I add a teammate,106.0,2023-02-07 13:07:24,False,,1589.4,False,False,2023-02,False,False
TK60991,2023-02-06 12:15:00,email,technical,normal,Request to the API rate limit,50.0,2023-02-12 16:16:53,False,,8881.883333333333,False,False,2023-02,False,True
TK61395,2023-02-06 17:34:00,email,billing,high,Unable to log in after password reset,33.0,2023-02-06 18:56:03,False,,82.05,False,False,2023-02,False,False
TK62063,2023-02-06 19:38:00,email,account,high,Cannot the dashboard loading slowly,63.0,2023-02-07 09:57:29,False,,859.4833333333333,False,False,2023-02,False,False
TK61202,2023-02-06 20:38:00,chat,onboarding,normal,Issue with the invoice for last month,65.0,2023-02-07 23:26:11,False,,1608.1833333333334,False,False,2023-02,False,False
TK62125,2023-02-06 22:31:00,email,account,normal,Cannot export my data,74.0,2023-02-07 13:48:29,False,,917.4833333333333,False,False,2023-02,False,False
TK61998,2023-02-06 22:37:00,in-app,technical,normal,Request to the invoice for last month,41.0,2023-02-10 23:29:03,False,,5812.05,False,False,2023-02,False,False
TK60835,2023-02-06 22:41:00,email,billing,normal,Issue with connecting the Snowflake sync,17.0,2023-02-07 16:55:30,False,,1094.5,False,False,2023-02,False,False
TK63818,2023-02-06 23:07:00,in-app,technical,high,Question about the dashboard loading slowly,24.0,2023-02-07 09:51:00,False,4.0,644.0,False,True,2023-02,False,False
TK63876,2023-02-07 00:38:00,email,onboarding,urgent,Question about add a teammate,82.0,2023-02-07 17:11:52,False,,993.8666666666667,False,False,2023-02,False,False
TK63856,2023-02-07 01:17:00,chat,technical,normal,Request to the API rate limit,38.0,2023-02-09 08:34:07,False,,3317.116666666667,False,False,2023-02,False,False
TK61319,2023-02-07 07:18:00,email,account,normal,Issue with the dashboard loading slowly,143.0,2023-02-07 23:48:23,False,,990.3833333333333,False,False,2023-02,False,False
TK60220,2023-02-07 09:43:00,chat,technical,high,Request to the API rate limit,52.0,2023-02-12 00:35:36,True,,6652.6,False,False,2023-02,False,False
TK61440,2023-02-07 10:15:00,email,onboarding,normal,Issue with connecting the Snowflake sync,29.0,2023-02-08 17:48:10,False,5.0,1893.1666666666667,False,True,2023-02,False,False
TK60189,2023-02-07 10:49:00,phone,onboarding,normal,Request to connecting the Snowflake sync,161.0,2023-02-09 20:13:50,False,,3444.8333333333335,False,False,2023-02,False,False
TK61941,2023-02-07 12:50:00,in-app,billing,normal,Error when a refund for an annual plan,171.0,2023-02-07 15:27:16,False,5.0,157.26666666666668,False,True,2023-02,False,False
TK62877,2023-02-07 14:21:00,phone,integrations,high,Question about log in after password reset,21.0,2023-02-10 13:45:29,False,,4284.483333333334,False,False,2023-02,False,False
TK63721,2023-02-07 17:26:00,chat,integrations,low,Error when webhook deliveries failing,384.0,2023-02-11 16:33:32,False,4.0,5707.533333333334,False,True,2023-02,False,False
TK63690,2023-02-07 18:00:00,in-app,technical,normal,Error when log in after password reset,80.0,2023-02-10 05:53:44,False,,3593.733333333333,False,False,2023-02,False,False
TK63335,2023-02-07 19:12:00,chat,billing,normal,Request to a duplicate charge,38.0,2023-02-08 11:48:34,False,,996.5666666666667,False,False,2023-02,False,False
TK60051,2023-02-07 20:18:00,chat,integrations,normal,Issue with export my data,230.0,2023-02-13 20:43:30,True,4.0,8665.5,False,True,2023-02,False,True
TK62204,2023-02-07 20:49:00,chat,technical,normal,Request to two-factor authentication,19.0,2023-02-12 02:47:21,False,5.0,6118.35,False,True,2023-02,False,False
TK62683,2023-02-07 20:56:00,chat,account,normal,Cannot export my data,99.0,2023-02-09 03:50:40,False,,1854.6666666666667,False,False,2023-02,False,False
TK60603,2023-02-07 22:06:00,chat,technical,normal,Question about two-factor authentication,27.0,2023-02-09 13:44:05,False,,2378.0833333333335,False,False,2023-02,False,False
TK61699,2023-02-07 22:31:00,email,account,high,Request to connecting the Snowflake sync,12.0,2023-02-08 00:14:12,False,5.0,103.2,False,True,2023-02,False,False
TK60019,2023-02-07 23:17:00,in-app,billing,low,Issue with export my data,139.0,2023-02-13 10:29:41,False,,7872.683333333333,False,False,2023-02,False,False
TK63854,2023-02-08 00:51:00,chat,integrations,high,How do I add a teammate,113.0,2023-02-09 07:16:32,False,,1825.5333333333333,False,False,2023-02,False,False
TK63123,2023-02-08 02:42:00,email,integrations,low,Question about connecting the Snowflake sync,151.0,2023-02-11 13:39:13,False,,4977.216666666666,False,False,2023-02,False,False
TK62348,2023-02-08 04:06:00,chat,billing,normal,Unable to a duplicate charge,572.0,,False,,,True,False,2023-02,True,False
TK61857,2023-02-08 05:58:00,phone,billing,high,Unable to a duplicate charge,37.0,2023-02-13 05:36:46,False,,7178.766666666666,False,False,2023-02,False,False
TK61891,2023-02-08 07:01:00,email,technical,high,Cannot webhook deliveries failing,25.0,2023-02-09 01:26:27,False,,1105.45,False,False,2023-02,False,False
TK60090,2023-02-09 07:40:00,chat,billing,normal,How do I downgrade my plan,409.0,2023-02-10 20:23:16,False,,2203.266666666667,False,False,2023-02,True,False
TK60767,2023-02-09 09:45:00,chat,technical,normal,Error when webhook deliveries failing,291.0,2023-02-12 22:02:38,False,,5057.633333333333,False,False,2023-02,False,False
TK63508,2023-02-09 10:01:00,in-app,account,low,Error when log in after password reset,141.0,2023-02-10 08:59:35,False,,1378.5833333333333,False,False,2023-02,False,False
TK60480,2023-02-09 10:30:00,chat,technical,urgent,How do I the dashboard loading slowly,37.0,,False,,,True,False,2023-02,False,False
TK63448,2023-02-09 13:01:00,chat,billing,urgent,Error when the API rate limit,15.0,2023-02-09 18:38:37,False,,337.6166666666667,False,False,2023-02,False,False
TK62140,2023-02-09 18:17:00,chat,billing,high,How do I the API rate limit,56.0,,False,,,True,False,2023-02,False,False
TK61230,2023-02-09 18:33:00,chat,billing,normal,Request to webhook deliveries failing,352.0,2023-02-11 08:32:37,False,,2279.616666666667,False,False,2023-02,False,False
TK63185,2023-02-09 19:50:00,email,technical,normal,Unable to the dashboard loading slowly,,2023-02-10 12:07:19,False,,977.3166666666667,False,False,2023-02,False,False
TK60369,2023-02-09 21:19:00,phone,technical,high,Cannot a refund for an annual plan,20.0,2023-02-12 05:39:06,True,,3380.1,False,False,2023-02,False,False
TK63498,2023-02-09 21:32:00,email,integrations,normal,How do I the API rate limit,244.0,2023-03-03 12:22:03,False,,31130.05,False,False,2023-02,False,True
TK62988,2023-02-10 03:02:00,phone,billing,low,How do I a duplicate charge,90.0,2023-02-11 03:19:39,False,,1457.65,False,False,2023-02,False,False
TK62833,2023-02-10 03:17:00,email,integrations,normal,Unable to log in after password reset,97.0,2023-02-10 16:29:57,False,,792.95,False,False,2023-02,False,False
TK62347,2023-02-10 04:26:00,email,billing,high,Cannot connecting the Snowflake sync,51.0,2023-02-10 16:28:12,False,,722.2,False,False,2023-02,False,False
TK60208,2023-02-10 04:44:00,in-app,technical,normal,Error when export my data,103.0,2023-02-13 06:28:45,False,,4424.75,False,False,2023-02,False,False
TK61780,2023-02-10 06:17:00,chat,technical,urgent,Unable to downgrade my plan,3.0,2023-02-10 22:35:03,False,,978.05,False,False,2023-02,False,False
TK61208,2023-02-10 06:18:00,phone,technical,normal,Error when add a teammate,69.0,2023-02-11 12:52:23,False,,1834.3833333333334,False,False,2023-02,False,False
TK60347,2023-02-10 06:53:00,email,integrations,low,Cannot downgrade my plan,194.0,2023-02-10 15:03:21,False,1.0,490.35,False,True,2023-02,False,False
TK60549,2023-02-10 09:28:00,phone,integrations,normal,Cannot log in after password reset,54.0,2023-02-11 00:18:15,False,4.0,890.25,False,True,2023-02,False,False
TK61783,2023-02-10 10:34:00,chat,account,urgent,How do I log in after password reset,13.0,2023-02-10 11:49:34,False,,75.56666666666666,False,False,2023-02,False,False
TK63788,2023-02-10 12:57:00,phone,onboarding,normal,Request to webhook deliveries failing,116.0,2023-02-10 19:23:17,False,,386.28333333333336,False,False,2023-02,False,False
TK63503,2023-02-10 19:04:00,chat,account,high,Error when a duplicate charge,18.0,2023-02-12 06:31:31,False,,2127.516666666667,False,False,2023-02,False,False
TK61146,2023-02-10 20:18:00,email,onboarding,normal,Question about a refund for an annual plan,65.0,2023-02-11 05:43:50,False,5.0,565.8333333333334,False,True,2023-02,False,False
TK63129,2023-02-10 20:51:00,email,billing,normal,How do I webhook deliveries failing,442.0,2023-02-11 03:05:41,False,,374.68333333333334,False,False,2023-02,True,False
TK61021,2023-02-10 22:50:00,email,technical,high,Request to webhook deliveries failing,40.0,2023-02-11 08:48:21,False,2.0,598.35,False,True,2023-02,False,False
TK61274,2023-02-11 00:18:00,in-app,integrations,normal,Error when export my data,49.0,2023-02-17 15:48:15,False,5.0,9570.25,False,True,2023-02,False,True
TK63303,2023-02-11 00:32:00,chat,onboarding,normal,How do I downgrade my plan,117.0,2023-02-12 14:12:56,False,,2260.9333333333334,False,False,2023-02,False,False
TK60516,2023-02-11 01:48:00,email,account,normal,Request to the dashboard loading slowly,151.0,2023-02-13 22:03:37,False,,4095.616666666667,False,False,2023-02,False,False
TK63022,2023-02-11 02:59:00,in-app,account,high,Issue with a duplicate charge,132.0,2023-02-11 16:05:42,False,,786.7,False,False,2023-02,False,False
TK60056,2023-02-11 03:59:00,chat,onboarding,normal,Unable to the invoice for last month,87.0,2023-02-11 14:43:39,False,,644.65,False,False,2023-02,False,False
TK60291,2023-02-11 07:39:00,chat,account,low,Request to downgrade my plan,335.0,2023-02-13 03:25:23,False,5.0,2626.383333333333,False,True,2023-02,False,False
TK62903,2023-02-11 08:15:00,in-app,technical,low,Cannot downgrade my plan,236.0,2023-02-16 07:25:25,False,,7150.416666666667,False,False,2023-02,False,False
TK61568,2023-02-11 12:14:00,email,onboarding,normal,Request to a duplicate charge,73.0,2023-02-15 23:53:27,False,,6459.45,False,False,2023-02,False,False
TK63057,2023-02-11 13:31:00,in-app,onboarding,normal,Question about the API rate limit,163.0,,False,,,True,False,2023-02,False,False
TK63326,2023-02-11 16:51:00,phone,onboarding,low,How do I two-factor authentication,297.0,2023-02-23 16:03:45,False,,17232.75,False,False,2023-02,False,True
TK63582,2023-02-11 17:35:00,in-app,technical,normal,Cannot the dashboard loading slowly,22.0,2023-02-12 17:59:27,False,,1464.45,False,False,2023-02,False,False
TK63992,2023-02-11 20:22:00,in-app,account,high,Cannot two-factor authentication,13.0,2023-02-12 01:21:52,False,,299.8666666666667,False,False,2023-02,False,False
TK63485,2023-02-12 07:33:00,email,billing,high,Error when export my data,79.0,2023-02-13 06:10:03,False,,1357.05,False,False,2023-02,False,False
TK63793,2023-02-12 08:52:00,chat,billing,normal,Question about log in after password reset,36.0,2023-02-12 20:05:17,False,,673.2833333333333,False,False,2023-02,False,False
TK60753,2023-02-12 17:11:00,chat,billing,normal,Question about a duplicate charge,90.0,2023-02-13 07:39:58,False,,868.9666666666667,False,False,2023-02,False,False
TK62311,2023-02-12 20:43:00,chat,integrations,urgent,Question about export my data,9.0,2023-02-12 20:48:21,True,,5.35,False,False,2023-02,False,False
TK63794,2023-02-12 21:46:00,in-app,technical,normal,How do I export my data,106.0,2023-02-13 09:52:44,False,5.0,726.7333333333333,False,True,2023-02,False,False
TK63025,2023-02-13 00:53:00,in-app,technical,high,Request to two-factor authentication,11.0,2023-02-13 21:30:20,False,,1237.3333333333333,False,False,2023-02,False,False
TK63936,2023-02-13 03:05:00,chat,integrations,normal,Error when the invoice for last month,284.0,2023-02-15 17:03:37,False,,3718.616666666667,False,False,2023-02,False,False
TK63827,2023-02-13 04:09:00,chat,onboarding,high,Question about a duplicate charge,98.0,2023-02-13 17:33:49,False,,804.8166666666667,False,False,2023-02,False,False
TK60356,2023-02-13 06:04:00,chat,integrations,normal,Error when a refund for an annual plan,,2023-02-13 20:04:38,False,4.0,840.6333333333333,False,True,2023-02,False,False
TK60102,2023-02-13 06:36:00,chat,billing,normal,Issue with the dashboard loading slowly,33.0,,False,,,True,False,2023-02,False,False
TK63766,2023-02-13 09:01:00,in-app,billing,urgent,How do I two-factor authentication,14.0,2023-02-13 10:18:48,False,4.0,77.8,False,True,2023-02,False,False
TK62015,2023-02-13 09:07:00,email,billing,normal,Issue with webhook deliveries failing,73.0,2023-02-15 15:36:30,False,,3269.5,False,False,2023-02,False,False
TK63742,2023-02-13 10:19:00,chat,integrations,normal,Error when connecting the Snowflake sync,457.0,2023-02-22 06:27:51,False,,12728.85,False,False,2023-02,True,True
TK62995,2023-02-13 11:39:00,chat,billing,normal,How do I connecting the Snowflake sync,181.0,2023-02-14 16:04:05,True,,1705.0833333333333,False,False,2023-02,False,False
TK63608,2023-02-13 13:48:00,chat,billing,high,Issue with the API rate limit,58.0,2023-02-14 06:18:24,False,,990.4,False,False,2023-02,False,False
TK63599,2023-02-13 14:46:00,in-app,account,low,Error when webhook deliveries failing,128.0,2023-02-14 11:23:08,False,,1237.1333333333334,False,False,2023-02,False,False
TK61160,2023-02-13 18:07:00,email,account,high,Cannot log in after password reset,58.0,2023-02-16 08:04:46,False,,3717.766666666667,False,False,2023-02,False,False
TK62823,2023-02-13 22:54:00,in-app,account,low,Issue with the dashboard loading slowly,269.0,2023-02-18 08:03:28,False,,6309.466666666666,False,False,2023-02,False,False
TK62563,2023-02-13 23:12:00,in-app,billing,normal,Question about downgrade my plan,318.0,2023-02-14 11:38:29,False,5.0,746.4833333333333,False,True,2023-02,False,False
TK63586,2023-02-14 02:55:00,chat,technical,low,Question about the invoice for last month,52.0,2023-02-17 11:11:35,False,,4816.583333333333,False,False,2023-02,False,False
TK60261,2023-02-14 02:58:00,email,account,low,Question about log in after password reset,297.0,2023-02-18 19:05:13,False,5.0,6727.216666666666,False,True,2023-02,False,False
TK63311,2023-02-14 03:48:00,chat,technical,normal,Request to the invoice for last month,92.0,2023-02-15 22:24:27,False,,2556.45,False,False,2023-02,False,False
TK63740,2023-02-14 07:51:00,email,technical,normal,Request to webhook deliveries failing,96.0,2023-02-16 07:23:15,False,,2852.25,False,False,2023-02,False,False
TK61549,2023-02-14 09:06:00,in-app,onboarding,normal,Unable to the invoice for last month,41.0,2023-02-14 14:10:57,False,,304.95,False,False,2023-02,False,False
TK60022,2023-02-14 10:06:00,email,billing,high,Issue with downgrade my plan,37.0,2023-02-14 18:13:08,False,,487.1333333333333,False,False,2023-02,False,False
TK62501,2023-02-14 18:49:00,in-app,billing,normal,Cannot webhook deliveries failing,73.0,2023-02-15 01:07:32,True,,378.53333333333336,False,False,2023-02,False,False
TK61168,2023-02-14 19:04:00,in-app,billing,normal,Issue with two-factor authentication,13.0,2023-02-17 04:41:13,False,,3457.2166666666667,False,False,2023-02,False,False
TK60054,2023-02-14 20:02:00,email,technical,normal,Cannot a duplicate charge,19.0,2023-03-02 10:00:10,False,5.0,22438.166666666668,False,True,2023-02,False,True
TK60053,2023-02-14 20:48:00,in-app,billing,normal,Request to add a teammate,60.0,2023-02-15 08:36:54,False,,708.9,False,False,2023-02,False,False
TK61800,2023-02-15 02:20:00,email,billing,low,Issue with the API rate limit,156.0,2023-02-16 22:50:45,False,2.0,2670.75,False,True,2023-02,False,False
TK63271,2023-02-15 10:03:00,in-app,integrations,normal,How do I log in after password reset,134.0,2023-03-30 21:39:47,False,5.0,62616.78333333333,False,True,2023-02,False,True
TK63023,2023-02-15 10:54:00,phone,billing,normal,Request to webhook deliveries failing,136.0,2023-02-16 10:04:34,False,4.0,1390.5666666666666,False,True,2023-02,False,False
TK62033,2023-02-15 16:10:00,email,account,normal,Issue with add a teammate,71.0,2023-02-15 23:11:47,False,,421.78333333333336,False,False,2023-02,False,False
TK63693,2023-02-15 19:00:00,in-app,account,low,Error when export my data,150.0,2023-02-18 04:01:56,False,5.0,3421.9333333333334,False,True,2023-02,False,False
TK61539,2023-02-16 12:56:00,email,technical,normal,Question about log in after password reset,151.0,2023-02-16 15:31:08,False,5.0,155.13333333333333,False,True,2023-02,False,False
TK61172,2023-02-16 13:12:00,email,technical,normal,Error when the invoice for last month,130.0,2023-02-17 07:13:30,False,,1081.5,False,False,2023-02,False,False
TK60126,2023-02-16 15:23:00,phone,billing,high,Question about downgrade my plan,92.0,2023-02-17 16:47:38,False,,1524.6333333333334,False,False,2023-02,False,False
TK60487,2023-02-16 19:41:00,in-app,account,high,Issue with the invoice for last month,30.0,2023-02-16 21:22:11,False,,101.18333333333334,False,False,2023-02,False,False
TK62027,2023-02-17 00:04:00,email,billing,normal,Error when a duplicate charge,,2023-02-19 02:36:40,False,5.0,3032.6666666666665,False,True,2023-02,False,False
TK60018,2023-02-17 03:16:00,email,account,low,How do I the dashboard loading slowly,1760.0,2023-02-18 15:12:05,False,,2156.0833333333335,False,False,2023-02,True,False
TK60301,2023-02-17 06:35:00,email,technical,low,Error when a refund for an annual plan,110.0,2023-02-20 17:13:53,False,4.0,4958.883333333333,False,True,2023-02,False,False
TK61957,2023-02-17 07:25:00,email,integrations,normal,Cannot a refund for an annual plan,112.0,2023-02-21 10:29:00,False,,5944.0,False,False,2023-02,False,False
TK60345,2023-02-17 09:11:00,in-app,billing,normal,Unable to webhook deliveries failing,146.0,2023-02-17 14:19:54,False,3.0,308.9,False,True,2023-02,False,False
TK63211,2023-02-17 09:54:00,email,technical,normal,Unable to a refund for an annual plan,125.0,2023-02-27 01:40:56,False,,13906.933333333332,False,False,2023-02,False,True
TK63302,2023-02-17 12:01:00,in-app,account,low,Request to a refund for an annual plan,154.0,2023-02-18 08:02:18,False,,1201.3,False,False,2023-02,False,False
TK62705,2023-02-17 16:29:00,email,account,high,Question about downgrade my plan,30.0,2023-02-17 22:51:01,False,,382.01666666666665,False,False,2023-02,False,False
TK61648,2023-02-17 17:06:00,in-app,integrations,normal,Unable to log in after password reset,120.0,2023-02-19 15:38:15,False,,2792.25,False,False,2023-02,False,False
TK62614,2023-02-17 18:20:00,in-app,technical,low,Issue with a refund for an annual plan,49.0,,False,,,True,False,2023-02,False,False
TK63811,2023-02-17 20:53:00,email,billing,normal,How do I the invoice for last month,107.0,2023-02-20 03:16:16,False,,3263.266666666667,False,False,2023-02,False,False
TK63547,2023-02-18 00:18:00,email,billing,normal,Issue with export my data,19.0,2023-02-18 03:29:02,False,,191.03333333333333,False,False,2023-02,False,False
TK62415,2023-02-18 06:43:00,phone,technical,urgent,Error when add a teammate,9.0,2023-02-18 12:27:48,False,,344.8,False,False,2023-02,False,False
TK62962,2023-02-18 07:13:00,in-app,technical,normal,Cannot export my data,165.0,,False,,,True,False,2023-02,False,False
TK62803,2023-02-18 07:20:00,email,billing,normal,Cannot downgrade my plan,22.0,2023-02-18 22:54:50,False,,934.8333333333334,False,False,2023-02,False,False
TK61193,2023-02-18 07:35:00,email,billing,low,Question about log in after password reset,361.0,2023-02-18 21:56:33,False,,861.55,False,False,2023-02,False,False
TK63015,2023-02-18 08:10:00,chat,onboarding,urgent,Question about two-factor authentication,15.0,,False,,,True,False,2023-02,False,False
TK61017,2023-02-18 08:47:00,email,onboarding,normal,How do I export my data,114.0,2023-02-18 14:28:19,False,,341.31666666666666,False,False,2023-02,False,False
TK63174,2023-02-18 15:34:00,phone,technical,normal,Question about two-factor authentication,24.0,2023-02-21 02:23:02,False,5.0,3529.0333333333333,False,True,2023-02,False,False
TK61367,2023-02-18 16:51:00,chat,technical,high,How do I the invoice for last month,64.0,2023-02-22 14:44:11,False,,5633.183333333333,False,False,2023-02,False,False
TK60274,2023-02-18 18:15:00,phone,integrations,low,How do I add a teammate,222.0,,False,,,True,False,2023-02,False,False
TK63943,2023-02-18 23:07:00,chat,onboarding,normal,Unable to webhook deliveries failing,231.0,2023-02-20 19:05:18,False,,2638.3,False,False,2023-02,False,False
TK62475,2023-02-19 03:55:00,email,technical,high,Request to downgrade my plan,25.0,2023-02-25 03:53:41,False,,8638.683333333332,False,False,2023-02,False,True
TK60379,2023-02-19 06:12:00,email,billing,high,Request to the API rate limit,53.0,2023-02-19 20:23:32,False,4.0,851.5333333333333,False,True,2023-02,False,False
TK60873,2023-02-19 08:02:00,chat,billing,normal,Issue with the invoice for last month,106.0,2023-02-19 14:26:49,False,,384.81666666666666,False,False,2023-02,False,False
TK62022,2023-02-19 08:49:00,in-app,onboarding,normal,Error when a refund for an annual plan,307.0,2023-02-20 07:30:46,False,5.0,1361.7666666666667,False,True,2023-02,False,False
TK60475,2023-02-19 10:22:00,chat,onboarding,urgent,Unable to log in after password reset,49.0,2023-02-19 12:16:08,False,,114.13333333333334,False,False,2023-02,False,False
TK63241,2023-02-19 15:44:00,email,technical,high,Cannot webhook deliveries failing,40.0,2023-02-20 11:25:22,False,,1181.3666666666666,False,False,2023-02,False,False
TK62308,2023-02-19 16:15:00,phone,onboarding,normal,Error when the invoice for last month,132.0,2023-02-19 23:02:46,False,,407.76666666666665,False,False,2023-02,False,False
TK63300,2023-02-19 17:41:00,chat,technical,normal,Unable to a duplicate charge,119.0,,False,,,True,False,2023-02,False,False
TK62399,2023-02-19 18:16:00,phone,technical,high,Unable to log in after password reset,55.0,2023-02-28 06:05:53,False,4.0,12229.883333333333,False,True,2023-02,False,True
TK63918,2023-02-19 20:01:00,phone,onboarding,high,Request to downgrade my plan,157.0,2023-02-20 17:10:50,False,,1269.8333333333333,False,False,2023-02,False,False
TK60631,2023-02-19 22:16:00,in-app,account,urgent,Unable to the API rate limit,10.0,2023-02-19 22:27:14,False,,11.233333333333333,False,False,2023-02,False,False
TK61432,2023-02-19 23:04:00,chat,account,low,Error when downgrade my plan,45.0,2023-02-24 01:51:20,False,5.0,5927.333333333333,False,True,2023-02,False,False
TK63513,2023-02-20 03:02:00,in-app,technical,normal,Cannot log in after password reset,,2023-03-09 14:53:15,False,,25191.25,False,False,2023-02,False,True
TK62879,2023-02-20 04:50:00,chat,billing,low,Error when the invoice for last month,436.0,2023-02-24 06:18:31,True,,5848.516666666666,False,False,2023-02,True,False
TK61725,2023-02-20 05:20:00,phone,integrations,low,Cannot two-factor authentication,978.0,2023-02-20 21:55:03,False,,995.05,False,False,2023-02,True,False
TK60205,2023-02-20 08:02:00,chat,technical,high,Issue with a duplicate charge,25.0,2023-02-20 11:57:16,False,,235.26666666666668,False,False,2023-02,False,False
TK61442,2023-02-20 18:36:00,email,onboarding,low,Cannot add a teammate,490.0,2023-02-25 13:24:37,False,,6888.616666666667,False,False,2023-02,True,False
TK60838,2023-02-20 23:09:00,chat,technical,normal,Error when two-factor authentication,103.0,2023-02-22 20:05:33,False,,2696.55,False,False,2023-02,False,False
TK62247,2023-02-21 01:10:00,email,billing,normal,Unable to add a teammate,39.0,2023-02-22 15:41:36,False,5.0,2311.6,False,True,2023-02,False,False
TK61548,2023-02-21 02:43:00,email,technical,high,Issue with the API rate limit,123.0,2023-02-21 09:11:58,False,,388.96666666666664,False,False,2023-02,False,False
TK61976,2023-02-21 04:49:00,in-app,technical,high,How do I export my data,62.0,2023-02-21 16:21:42,False,2.0,692.7,False,True,2023-02,False,False
TK62874,2023-02-21 08:18:00,phone,billing,high,Error when the API rate limit,42.0,2023-02-21 19:03:21,False,,645.35,False,False,2023-02,False,False
TK61291,2023-02-21 09:26:00,phone,onboarding,normal,How do I log in after password reset,93.0,2023-02-22 01:28:11,False,,962.1833333333333,False,False,2023-02,False,False
TK61431,2023-02-21 11:17:00,chat,onboarding,low,Question about export my data,,2023-03-09 12:33:53,False,,23116.883333333335,False,False,2023-02,False,True
TK61996,2023-02-21 12:13:00,chat,technical,low,Cannot two-factor authentication,75.0,2023-02-27 17:42:01,False,,8969.016666666666,False,False,2023-02,False,True
TK63808,2023-02-21 15:39:00,chat,billing,high,Question about two-factor authentication,55.0,,False,,,True,False,2023-02,False,False
TK63495,2023-02-21 15:48:00,chat,account,normal,Question about add a teammate,66.0,2023-02-21 21:48:04,False,,360.06666666666666,False,False,2023-02,False,False
TK62117,2023-02-21 18:16:00,in-app,technical,high,Question about two-factor authentication,43.0,,False,,,True,False,2023-02,False,False
TK62093,2023-02-21 22:35:00,in-app,account,normal,Issue with export my data,20.0,2023-02-22 15:34:42,False,4.0,1019.7,False,True,2023-02,False,False
TK62361,2023-02-22 01:51:00,email,billing,low,How do I log in after password reset,221.0,2023-02-25 23:42:55,False,5.0,5631.916666666667,False,True,2023-02,False,False
TK61309,2023-02-22 04:11:00,in-app,technical,normal,How do I add a teammate,167.0,2023-03-03 06:46:28,False,4.0,13115.466666666667,False,True,2023-02,False,True
TK62176,2023-02-22 06:24:00,email,technical,low,How do I a duplicate charge,42.0,2023-02-23 22:17:57,False,,2393.95,False,False,2023-02,False,False
TK61134,2023-02-22 10:46:00,phone,integrations,normal,Unable to a refund for an annual plan,114.0,2023-02-23 14:32:14,False,4.0,1666.2333333333333,False,True,2023-02,False,False
TK63951,2023-02-22 11:32:00,email,billing,normal,Unable to add a teammate,86.0,2023-02-23 01:29:54,False,,837.9,False,False,2023-02,False,False
TK61256,2023-02-22 11:43:00,chat,billing,normal,Issue with webhook deliveries failing,113.0,2023-02-23 03:57:18,False,,974.3,False,False,2023-02,False,False
TK63263,2023-02-22 16:36:00,chat,billing,normal,Question about two-factor authentication,149.0,2023-02-23 21:37:12,False,,1741.2,False,False,2023-02,False,False
TK60659,2023-02-22 18:26:00,email,technical,normal,Issue with the dashboard loading slowly,50.0,,False,,,True,False,2023-02,False,False
TK63849,2023-02-22 20:28:00,phone,account,normal,Error when the invoice for last month,67.0,2023-02-25 02:46:45,False,,3258.75,False,False,2023-02,False,False
TK62297,2023-02-22 21:45:00,chat,technical,high,Request to the API rate limit,43.0,2023-02-23 02:00:42,False,,255.7,False,False,2023-02,False,False
TK61874,2023-02-22 22:04:00,phone,technical,normal,Request to export my data,268.0,2023-02-24 05:06:14,False,5.0,1862.2333333333333,False,True,2023-02,False,False
TK62505,2023-02-23 00:44:00,email,technical,normal,Cannot a duplicate charge,312.0,2023-02-25 08:49:17,False,5.0,3365.2833333333333,False,True,2023-02,False,False
TK60552,2023-02-23 03:33:00,email,account,high,Error when the invoice for last month,31.0,2023-02-23 23:59:30,False,,1226.5,False,False,2023-02,False,False
TK63183,2023-02-23 05:26:00,chat,onboarding,urgent,How do I the invoice for last month,5.0,2023-02-23 08:21:27,False,5.0,175.45,False,True,2023-02,False,False
TK63720,2023-02-23 05:57:00,phone,billing,urgent,Issue with the API rate limit,22.0,2023-02-23 15:18:18,False,,561.3,False,False,2023-02,False,False
TK61573,2023-02-23 07:22:00,chat,billing,normal,Unable to connecting the Snowflake sync,190.0,2023-02-25 01:12:08,False,5.0,2510.133333333333,False,True,2023-02,False,False
TK63301,2023-02-23 12:06:00,email,onboarding,normal,Error when add a teammate,102.0,2023-02-24 05:41:26,False,,1055.4333333333334,False,False,2023-02,False,False
TK61290,2023-02-23 12:56:00,chat,technical,normal,Error when the API rate limit,71.0,2023-02-25 03:02:04,False,,2286.0666666666666,False,False,2023-02,False,False
TK60042,2023-02-23 15:46:00,email,technical,normal,Unable to connecting the Snowflake sync,143.0,2023-02-24 19:37:06,False,5.0,1671.1,False,True,2023-02,False,False
TK62816,2023-02-23 20:16:00,chat,billing,high,Error when export my data,174.0,2023-02-23 21:24:09,False,,68.15,False,False,2023-02,False,False
TK61606,2023-02-23 20:27:00,phone,integrations,low,How do I connecting the Snowflake sync,41.0,2023-03-14 21:34:40,False,,27427.666666666668,False,False,2023-02,False,True
TK61903,2023-02-23 21:19:00,chat,account,normal,Question about the invoice for last month,44.0,2023-02-24 09:35:30,False,5.0,736.5,False,True,2023-02,False,False
TK62576,2023-02-24 04:13:00,email,billing,normal,Issue with the API rate limit,1062.0,2023-02-24 21:32:08,False,5.0,1039.1333333333334,False,True,2023-02,True,False
TK61730,2023-02-24 04:29:00,email,billing,normal,How do I the API rate limit,24.0,2023-02-24 17:24:22,False,,775.3666666666667,False,False,2023-02,False,False
TK60855,2023-02-24 05:12:00,in-app,technical,low,Question about export my data,97.0,2023-03-04 02:21:01,False,,11349.016666666666,False,False,2023-02,False,True
TK63003,2023-02-24 06:34:00,chat,integrations,normal,Question about a refund for an annual plan,122.0,2023-02-28 00:40:58,False,,5406.966666666666,False,False,2023-02,False,False
TK61940,2023-02-24 06:43:00,email,integrations,normal,Request to connecting the Snowflake sync,66.0,2023-02-27 21:02:31,False,,5179.516666666666,False,False,2023-02,False,False
TK60690,2023-02-24 16:20:00,email,billing,low,Error when two-factor authentication,,2023-02-25 00:37:19,False,1.0,497.31666666666666,False,True,2023-02,False,False
TK61814,2023-02-24 16:52:00,email,account,low,How do I the API rate limit,68.0,2023-03-14 03:05:23,False,,25093.383333333335,False,False,2023-02,False,True
TK63286,2023-02-24 22:26:00,email,technical,normal,Unable to downgrade my plan,16.0,2023-02-28 11:54:14,True,,5128.233333333334,False,False,2023-02,False,False
TK62673,2023-02-25 01:17:00,chat,technical,normal,How do I downgrade my plan,86.0,2023-02-26 13:07:05,False,,2150.0833333333335,False,False,2023-02,False,False
TK62004,2023-02-25 02:05:00,email,billing,high,Request to connecting the Snowflake sync,34.0,2023-02-25 03:42:33,False,3.0,97.55,False,True,2023-02,False,False
TK60111,2023-02-25 07:29:00,in-app,account,normal,Request to two-factor authentication,128.0,2023-02-26 02:34:57,False,,1145.95,False,False,2023-02,False,False
TK63066,2023-02-25 07:51:00,chat,account,normal,How do I a refund for an annual plan,186.0,2023-02-25 18:09:33,False,,618.55,False,False,2023-02,False,False
TK61415,2023-02-25 08:02:00,email,technical,low,How do I log in after password reset,259.0,2023-03-08 21:34:04,False,,16652.066666666666,False,False,2023-02,False,True
TK60904,2023-02-25 09:13:00,email,technical,urgent,Request to the API rate limit,11.0,2023-02-26 02:29:35,False,,1036.5833333333333,False,False,2023-02,False,False
TK60486,2023-02-25 09:18:00,email,account,low,Question about connecting the Snowflake sync,816.0,2023-02-27 14:27:34,False,,3189.5666666666666,False,False,2023-02,True,False
TK63091,2023-02-25 12:08:00,email,billing,low,Unable to the dashboard loading slowly,706.0,2023-02-26 11:58:12,False,,1430.2,False,False,2023-02,True,False
TK61358,2023-02-25 12:21:00,chat,technical,low,Issue with webhook deliveries failing,150.0,2023-03-02 07:35:38,False,,6914.633333333333,False,False,2023-02,False,False
TK61680,2023-02-25 13:05:00,chat,billing,normal,Request to a refund for an annual plan,,2023-02-26 00:24:33,False,1.0,679.55,False,True,2023-02,False,False
TK61200,2023-02-25 18:03:00,email,integrations,low,Cannot export my data,,2023-03-24 13:28:19,True,,38605.316666666666,False,False,2023-02,False,True
TK61798,2023-02-25 21:47:00,in-app,technical,normal,Request to export my data,156.0,,False,,,True,False,2023-02,False,False
TK60612,2023-02-26 00:31:00,chat,account,normal,Question about log in after password reset,99.0,2023-02-27 23:41:57,False,,2830.95,False,False,2023-02,False,False
TK62595,2023-02-26 02:00:00,in-app,onboarding,normal,Question about export my data,298.0,2023-02-26 09:26:14,False,4.0,446.23333333333335,False,True,2023-02,False,False
TK61082,2023-02-26 05:44:00,in-app,onboarding,low,Cannot a duplicate charge,36.0,2023-03-01 00:33:42,False,,4009.7,False,False,2023-02,False,False
TK63468,2023-02-26 05:58:00,email,technical,normal,How do I the API rate limit,85.0,2023-03-05 15:25:01,True,,10647.016666666666,False,False,2023-02,False,True
TK60283,2023-02-26 07:13:00,email,onboarding,normal,Error when two-factor authentication,161.0,2023-02-27 01:41:00,False,5.0,1108.0,False,True,2023-02,False,False
TK61823,2023-02-26 08:23:00,email,technical,low,Cannot downgrade my plan,2632.0,2023-02-26 17:52:45,False,,569.75,False,False,2023-02,True,False
TK63477,2023-02-26 09:09:00,email,billing,normal,How do I export my data,9.0,2023-03-01 01:06:03,False,5.0,3837.05,False,True,2023-02,False,False
TK60357,2023-02-26 09:45:00,email,technical,normal,Cannot webhook deliveries failing,190.0,2023-03-02 21:34:48,False,,6469.8,False,False,2023-02,False,False
TK60425,2023-02-26 10:16:00,email,account,normal,Question about a refund for an annual plan,88.0,2023-03-01 02:51:15,False,,3875.25,False,False,2023-02,False,False
TK61501,2023-02-26 12:05:00,in-app,technical,normal,Request to downgrade my plan,88.0,2023-02-27 23:27:30,False,4.0,2122.5,False,True,2023-02,False,False
TK63132,2023-02-26 12:06:00,chat,integrations,low,How do I the dashboard loading slowly,131.0,2023-03-07 17:38:56,False,,13292.933333333332,False,False,2023-02,False,True
TK60399,2023-02-26 12:51:00,chat,technical,low,Issue with a duplicate charge,52.0,2023-03-01 13:19:07,True,,4348.116666666667,False,False,2023-02,False,False
TK61004,2023-02-26 14:00:00,chat,technical,normal,How do I a duplicate charge,101.0,2023-02-27 15:16:33,False,,1516.55,False,False,2023-02,False,False
TK60386,2023-02-26 14:31:00,chat,onboarding,high,Issue with the dashboard loading slowly,36.0,2023-02-26 17:10:38,True,,159.63333333333333,False,False,2023-02,False,False
TK62386,2023-02-26 18:31:00,phone,technical,normal,How do I export my data,40.0,2023-03-09 09:24:14,False,,15293.233333333334,False,False,2023-02,False,True
TK62479,2023-02-26 22:08:00,chat,billing,normal,Question about the dashboard loading slowly,80.0,2023-02-27 15:21:19,False,,1033.3166666666666,False,False,2023-02,False,False
TK60531,2023-02-26 22:57:00,email,technical,low,Issue with two-factor authentication,168.0,,False,,,True,False,2023-02,False,False
TK60876,2023-02-27 00:37:00,in-app,technical,normal,Error when a duplicate charge,33.0,2023-04-19 17:20:17,False,,74443.28333333334,False,False,2023-02,False,True
TK61376,2023-02-27 00:51:00,phone,billing,low,Unable to export my data,135.0,2023-02-28 05:54:26,False,5.0,1743.4333333333334,False,True,2023-02,False,False
TK60591,2023-02-27 00:59:00,chat,account,normal,Issue with the invoice for last month,260.0,2023-02-28 07:18:03,True,,1819.05,False,False,2023-02,False,False
TK61275,2023-02-27 02:00:00,email,billing,low,Issue with the API rate limit,170.0,2023-03-03 18:41:48,False,,6761.8,False,False,2023-02,False,False
TK61265,2023-02-27 03:48:00,phone,integrations,normal,Request to the dashboard loading slowly,146.0,2023-02-28 13:51:02,False,,2043.0333333333333,False,False,2023-02,False,False
TK61189,2023-02-27 04:30:00,chat,billing,normal,Unable to webhook deliveries failing,143.0,2023-02-27 07:47:52,False,4.0,197.86666666666667,False,True,2023-02,False,False
TK63706,2023-02-27 07:47:00,email,account,normal,How do I the dashboard loading slowly,64.0,2023-02-27 16:21:39,False,4.0,514.65,False,True,2023-02,False,False
TK61042,2023-02-27 10:33:00,chat,technical,normal,Error when a refund for an annual plan,21.0,2023-02-28 14:53:40,False,,1700.6666666666667,False,False,2023-02,False,False
TK62872,2023-02-27 11:57:00,email,billing,low,Issue with downgrade my plan,569.0,2023-03-03 23:41:37,False,,6464.616666666667,False,False,2023-02,True,False
TK60691,2023-02-27 12:01:00,in-app,billing,high,Error when a duplicate charge,64.0,2023-02-28 18:14:57,False,,1813.95,False,False,2023-02,False,False
TK61348,2023-02-27 12:30:00,email,billing,high,Request to webhook deliveries failing,71.0,,False,,,True,False,2023-02,False,False
TK62163,2023-02-27 13:34:00,chat,account,high,Request to two-factor authentication,135.0,2023-02-27 15:10:19,False,,96.31666666666666,False,False,2023-02,False,False
TK61197,2023-02-27 18:35:00,email,integrations,normal,Error when the dashboard loading slowly,129.0,2023-03-01 23:48:26,False,5.0,3193.4333333333334,False,True,2023-02,False,False
TK60615,2023-02-28 00:00:00,email,billing,high,How do I the dashboard loading slowly,57.0,2023-02-28 04:39:50,False,,279.8333333333333,False,False,2023-02,False,False
TK61905,2023-02-28 00:37:00,phone,billing,low,Error when a refund for an annual plan,378.0,2023-03-01 06:05:48,False,,1768.8,False,False,2023-02,False,False
TK61799,2023-02-28 01:10:00,chat,integrations,normal,Cannot export my data,50.0,2023-03-01 00:49:24,True,,1419.4,False,False,2023-02,False,False
TK60218,2023-02-28 01:27:00,in-app,account,normal,Question about a refund for an annual plan,33.0,2023-02-28 05:23:20,False,,236.33333333333334,False,False,2023-02,False,False
TK63805,2023-02-28 01:39:00,chat,technical,low,How do I connecting the Snowflake sync,195.0,2023-03-06 14:41:22,False,5.0,9422.366666666667,False,True,2023-02,False,True
TK60755,2023-02-28 03:28:00,in-app,technical,normal,Cannot export my data,63.0,2023-03-01 11:26:45,False,1.0,1918.75,False,True,2023-02,False,False
TK63336,2023-02-28 03:53:00,in-app,technical,high,Question about a duplicate charge,36.0,2023-02-28 13:00:17,False,,547.2833333333333,False,False,2023-02,False,False
TK61035,2023-02-28 05:18:00,in-app,billing,low,Error when the invoice for last month,228.0,2023-03-13 22:22:29,False,1.0,19744.483333333334,False,True,2023-02,False,True
TK62579,2023-02-28 05:34:00,in-app,account,normal,Cannot add a teammate,169.0,2023-03-05 18:09:58,False,,7955.966666666666,False,False,2023-02,False,False
TK60577,2023-02-28 06:01:00,chat,billing,normal,How do I export my data,42.0,2023-02-28 14:33:42,False,,512.7,False,False,2023-02,False,False
TK61595,2023-02-28 06:32:00,email,billing,high,Question about the dashboard loading slowly,6.0,2023-02-28 10:03:50,False,,211.83333333333334,False,False,2023-02,False,False
TK61786,2023-02-28 06:55:00,chat,onboarding,urgent,Request to log in after password reset,10.0,2023-02-28 12:22:35,False,,327.5833333333333,False,False,2023-02,False,False
TK63288,2023-02-28 09:39:00,in-app,onboarding,normal,Unable to a duplicate charge,422.0,2023-03-06 10:40:21,False,,8701.35,False,False,2023-02,True,True
TK61847,2023-02-28 12:26:00,email,billing,low,Question about log in after password reset,65.0,2023-03-01 10:50:59,False,,1344.9833333333333,False,False,2023-02,False,False
TK62665,2023-02-28 13:51:00,email,billing,normal,Error when log in after password reset,102.0,2023-03-03 03:55:22,False,,3724.366666666667,False,False,2023-02,False,False
TK60790,2023-02-28 14:20:00,chat,billing,low,Request to the API rate limit,654.0,2023-03-03 20:48:05,False,,4708.083333333333,False,False,2023-02,True,False
TK60093,2023-02-28 15:22:00,email,technical,urgent,Request to two-factor authentication,54.0,2023-02-28 23:08:24,False,5.0,466.4,False,True,2023-02,False,False
TK61696,2023-02-28 18:15:00,email,account,urgent,Cannot a refund for an annual plan,18.0,2023-02-28 19:44:22,False,5.0,89.36666666666666,False,True,2023-02,False,False
TK62241,2023-02-28 20:06:00,in-app,integrations,urgent,Cannot a duplicate charge,22.0,2023-02-28 22:16:04,False,4.0,130.06666666666666,False,True,2023-02,False,False
TK62464,2023-03-01 00:11:00,email,onboarding,high,Request to connecting the Snowflake sync,249.0,2023-03-01 13:53:38,False,,822.6333333333333,False,False,2023-03,False,False
TK60889,2023-03-01 03:17:00,chat,billing,urgent,Error when the dashboard loading slowly,14.0,2023-03-01 06:21:19,False,,184.31666666666666,False,False,2023-03,False,False
TK63685,2023-03-01 05:43:00,in-app,onboarding,high,Unable to the dashboard loading slowly,40.0,2023-03-01 07:54:45,False,5.0,131.75,False,True,2023-03,False,False
TK60206,2023-03-01 08:09:00,chat,account,high,Request to a duplicate charge,106.0,2023-03-03 18:48:01,False,,3519.016666666667,False,False,2023-03,False,False
TK61345,2023-03-01 09:35:00,chat,technical,high,Request to add a teammate,106.0,2023-03-02 07:18:29,False,5.0,1303.4833333333333,False,True,2023-03,False,False
TK63853,2023-03-01 09:38:00,in-app,technical,normal,Unable to add a teammate,136.0,2023-03-09 18:26:20,False,,12048.333333333334,False,False,2023-03,False,True
TK62905,2023-03-01 10:54:00,email,technical,low,Unable to a refund for an annual plan,31.0,2023-03-03 00:24:37,False,,2250.616666666667,False,False,2023-03,False,False
TK61746,2023-03-01 15:05:00,email,integrations,urgent,Error when a duplicate charge,66.0,2023-03-03 07:45:42,False,,2440.7,False,False,2023-03,False,False
TK63094,2023-03-01 17:36:00,chat,technical,normal,Unable to the invoice for last month,71.0,2023-03-04 14:53:32,False,3.0,4157.533333333334,False,True,2023-03,False,False
TK60182,2023-03-01 18:06:00,email,integrations,high,Error when webhook deliveries failing,47.0,2023-03-02 03:02:34,True,,536.5666666666667,False,False,2023-03,False,False
TK62443,2023-03-01 21:26:00,phone,billing,low,Question about the dashboard loading slowly,233.0,2023-03-02 15:21:34,True,,1075.5666666666666,False,False,2023-03,False,False
TK62586,2023-03-02 02:31:00,in-app,integrations,urgent,How do I log in after password reset,,,False,,,True,False,2023-03,False,False
TK62279,2023-03-02 04:44:00,chat,technical,high,Issue with the invoice for last month,82.0,2023-03-05 05:03:24,False,,4339.4,False,False,2023-03,False,False
TK60940,2023-03-02 08:47:00,chat,technical,low,Cannot connecting the Snowflake sync,3391.0,2023-03-04 12:37:51,False,3.0,3110.85,False,True,2023-03,True,False
TK60857,2023-03-02 09:28:00,chat,account,low,Request to downgrade my plan,214.0,2023-03-14 12:41:40,False,,17473.666666666668,False,False,2023-03,False,True
TK63327,2023-03-02 11:19:00,chat,technical,low,Issue with downgrade my plan,494.0,2023-03-03 10:05:12,False,1.0,1366.2,False,True,2023-03,True,False
TK62974,2023-03-02 13:38:00,chat,billing,low,Error when the invoice for last month,107.0,2023-03-02 23:48:46,False,,610.7666666666667,False,False,2023-03,False,False
TK62584,2023-03-02 14:25:00,in-app,technical,normal,Cannot two-factor authentication,82.0,2023-03-06 10:21:58,True,,5516.966666666666,False,False,2023-03,False,False
TK60727,2023-03-02 16:54:00,in-app,billing,low,Unable to a duplicate charge,685.0,2023-03-03 09:12:48,False,,978.8,False,False,2023-03,True,False
TK60773,2023-03-02 21:43:00,in-app,billing,normal,Question about log in after password reset,70.0,2023-03-03 00:21:16,False,,158.26666666666668,False,False,2023-03,False,False
TK60942,2023-03-02 22:07:00,chat,onboarding,normal,Error when the API rate limit,404.0,2023-03-03 08:56:54,False,,649.9,False,False,2023-03,True,False
TK60436,2023-03-03 03:59:00,phone,onboarding,low,Question about downgrade my plan,403.0,2023-03-03 12:30:55,False,5.0,511.9166666666667,False,True,2023-03,True,False
TK63775,2023-03-03 07:11:00,phone,onboarding,normal,How do I the invoice for last month,111.0,2023-03-03 16:21:47,False,,550.7833333333333,False,False,2023-03,False,False
TK62937,2023-03-03 10:01:00,email,technical,high,Unable to downgrade my plan,63.0,2023-03-06 06:28:46,False,,4107.766666666666,False,False,2023-03,False,False
TK62389,2023-03-03 10:38:00,chat,technical,normal,Question about add a teammate,155.0,2023-03-05 05:21:53,False,,2563.883333333333,False,False,2023-03,False,False
TK63548,2023-03-03 10:42:00,chat,onboarding,normal,Error when connecting the Snowflake sync,104.0,2023-03-03 14:55:48,False,,253.8,False,False,2023-03,False,False
TK60078,2023-03-03 13:13:00,chat,account,high,Issue with add a teammate,83.0,2023-03-05 15:46:37,False,5.0,3033.616666666667,False,True,2023-03,False,False
TK60333,2023-03-03 21:08:00,chat,billing,normal,Question about a refund for an annual plan,50.0,2023-03-03 22:43:25,False,,95.41666666666667,False,False,2023-03,False,False
TK61300,2023-03-04 00:10:00,phone,billing,normal,Issue with the invoice for last month,98.0,2023-03-04 04:03:52,False,,233.86666666666667,False,False,2023-03,False,False
TK62222,2023-03-04 09:34:00,chat,integrations,normal,Request to export my data,22.0,2023-03-08 20:28:00,False,,6414.0,False,False,2023-03,False,False
TK63227,2023-03-04 16:00:00,chat,technical,normal,Error when a refund for an annual plan,48.0,2023-03-06 05:17:57,False,5.0,2237.95,False,True,2023-03,False,False
TK62900,2023-03-04 18:24:00,email,billing,low,Cannot two-factor authentication,587.0,2023-03-05 20:45:04,False,,1581.0666666666666,False,False,2023-03,True,False
TK61113,2023-03-04 18:25:00,email,integrations,high,Request to the API rate limit,18.0,2023-03-07 06:54:38,True,,3629.633333333333,False,False,2023-03,False,False
TK63092,2023-03-04 18:31:00,email,onboarding,low,Request to the invoice for last month,151.0,,False,,,True,False,2023-03,False,False
TK60175,2023-03-04 22:27:00,chat,technical,normal,Error when log in after password reset,303.0,2023-03-14 17:35:44,False,,14108.733333333334,False,False,2023-03,False,True
TK63572,2023-03-04 23:22:00,in-app,technical,normal,Error when downgrade my plan,954.0,2023-03-05 10:06:32,False,,644.5333333333333,False,False,2023-03,True,False
TK63726,2023-03-05 03:21:00,in-app,billing,normal,How do I the invoice for last month,15.0,2023-03-05 17:23:15,True,,842.25,False,False,2023-03,False,False
TK61240,2023-03-05 06:42:00,email,technical,normal,Issue with the dashboard loading slowly,189.0,2023-03-06 12:17:37,False,,1775.6166666666666,False,False,2023-03,False,False
TK61517,2023-03-05 06:47:00,email,technical,normal,Unable to log in after password reset,23.0,2023-03-07 05:11:20,False,,2784.3333333333335,False,False,2023-03,False,False
TK60359,2023-03-05 12:57:00,email,technical,normal,How do I a duplicate charge,118.0,2023-03-08 17:16:38,False,5.0,4579.633333333333,False,True,2023-03,False,False
TK62404,2023-03-05 14:50:00,in-app,billing,normal,Cannot add a teammate,46.0,2023-03-09 08:02:48,False,,5352.8,False,False,2023-03,False,False
TK62582,2023-03-05 16:15:00,email,billing,normal,How do I add a teammate,113.0,2023-03-06 08:25:11,False,,970.1833333333333,False,False,2023-03,False,False
TK61961,2023-03-05 21:11:00,in-app,technical,high,Issue with add a teammate,16.0,2023-03-06 21:38:52,False,,1467.8666666666666,False,False,2023-03,False,False
TK63559,2023-03-05 21:23:00,chat,technical,low,Cannot downgrade my plan,117.0,2023-03-06 18:35:21,False,5.0,1272.35,False,True,2023-03,False,False
TK60544,2023-03-06 01:09:00,email,technical,normal,How do I downgrade my plan,261.0,2023-03-06 23:01:15,False,5.0,1312.25,False,True,2023-03,False,False
TK63529,2023-03-06 03:41:00,in-app,billing,high,Cannot connecting the Snowflake sync,179.0,2023-03-07 05:36:12,False,,1555.2,False,False,2023-03,False,False
TK63107,2023-03-06 04:41:00,in-app,billing,low,How do I connecting the Snowflake sync,425.0,2023-03-06 21:46:25,False,,1025.4166666666667,False,False,2023-03,True,False
TK63312,2023-03-06 09:18:00,phone,integrations,low,Issue with the invoice for last month,264.0,2023-03-09 09:26:37,True,,4328.616666666667,False,False,2023-03,False,False
TK63357,2023-03-06 11:52:00,chat,onboarding,normal,Unable to a duplicate charge,73.0,2023-03-07 03:41:36,False,4.0,949.6,False,True,2023-03,False,False
TK60258,2023-03-06 13:19:00,email,technical,high,Unable to log in after password reset,42.0,2023-03-06 22:09:35,False,,530.5833333333334,False,False,2023-03,False,False
TK61148,2023-03-06 21:17:00,email,onboarding,urgent,Question about export my data,45.0,2023-03-06 21:42:02,False,,25.033333333333335,False,False,2023-03,False,False
TK62727,2023-03-06 22:36:00,chat,technical,normal,Question about export my data,55.0,2023-03-11 18:30:53,False,,6954.883333333333,False,False,2023-03,False,False
TK61304,2023-03-07 00:18:00,email,onboarding,high,Request to two-factor authentication,19.0,2023-03-09 16:10:08,False,5.0,3832.133333333333,False,True,2023-03,False,False
TK63845,2023-03-07 03:39:00,chat,technical,high,Request to log in after password reset,55.0,2023-03-08 04:01:19,False,,1462.3166666666666,False,False,2023-03,False,False
TK61206,2023-03-07 03:43:00,chat,onboarding,low,Request to the invoice for last month,166.0,2023-03-08 06:52:43,False,,1629.7166666666667,False,False,2023-03,False,False
TK63454,2023-03-07 04:13:00,chat,billing,high,Request to webhook deliveries failing,33.0,2023-03-08 02:50:19,False,,1357.3166666666666,False,False,2023-03,False,False
TK60939,2023-03-07 04:35:00,phone,technical,urgent,Request to log in after password reset,13.0,2023-03-07 14:06:08,False,,571.1333333333333,False,False,2023-03,False,False
TK61383,2023-03-07 05:29:00,in-app,account,normal,Issue with webhook deliveries failing,,2023-03-08 22:30:15,False,,2461.25,False,False,2023-03,False,False
TK61519,2023-03-07 08:03:00,chat,technical,normal,Error when add a teammate,27.0,2023-03-07 17:22:32,False,,559.5333333333333,False,False,2023-03,False,False
TK60983,2023-03-07 09:22:00,email,onboarding,normal,Error when downgrade my plan,114.0,2023-03-07 12:39:47,False,,197.78333333333333,False,False,2023-03,False,False
TK63783,2023-03-07 09:47:00,email,onboarding,normal,Unable to two-factor authentication,21.0,2023-03-11 03:45:26,False,,5398.433333333333,False,False,2023-03,False,False
TK62770,2023-03-07 14:27:00,chat,technical,normal,Error when log in after password reset,,2023-03-10 05:26:49,False,,3779.8166666666666,False,False,2023-03,False,False
TK60681,2023-03-07 16:27:00,email,account,normal,Issue with the API rate limit,107.0,2023-03-18 13:05:57,True,5.0,15638.95,False,True,2023-03,False,True
TK61335,2023-03-07 21:49:00,in-app,integrations,normal,Unable to two-factor authentication,66.0,2023-03-21 00:16:49,False,5.0,18867.816666666666,False,True,2023-03,False,True
TK60897,2023-03-08 02:41:00,email,technical,high,Request to export my data,31.0,2023-03-09 19:13:22,False,1.0,2432.366666666667,False,True,2023-03,False,False
TK62340,2023-03-08 07:29:00,email,technical,normal,How do I webhook deliveries failing,42.0,2023-03-10 12:07:32,False,,3158.5333333333333,False,False,2023-03,False,False
TK61754,2023-03-08 13:32:00,in-app,onboarding,high,Error when the dashboard loading slowly,137.0,2023-03-08 17:55:44,False,,263.73333333333335,False,False,2023-03,False,False
TK60263,2023-03-08 13:47:00,phone,integrations,normal,Unable to export my data,26.0,2023-03-10 00:52:58,False,,2105.9666666666667,False,False,2023-03,False,False
TK61803,2023-03-08 22:36:00,email,billing,normal,Unable to a duplicate charge,31.0,2023-03-15 15:21:19,False,,9645.316666666668,False,False,2023-03,False,True
TK63870,2023-03-09 03:51:00,in-app,integrations,normal,Cannot log in after password reset,81.0,2023-03-10 03:07:00,False,2.0,1396.0,False,True,2023-03,False,False
TK60260,2023-03-09 04:23:00,chat,account,high,Error when downgrade my plan,70.0,2023-03-09 15:20:16,True,,657.2666666666667,False,False,2023-03,False,False
TK61427,2023-03-09 06:37:00,email,integrations,low,Error when connecting the Snowflake sync,57.0,2023-03-11 08:41:53,False,3.0,3004.883333333333,False,True,2023-03,False,False
TK61572,2023-03-09 07:00:00,chat,technical,low,Question about connecting the Snowflake sync,64.0,,False,,,True,False,2023-03,False,False
TK62640,2023-03-09 08:15:00,email,onboarding,low,Error when log in after password reset,78.0,2023-03-21 22:47:37,False,,18152.616666666665,False,False,2023-03,False,True
TK60528,2023-03-09 08:16:00,phone,onboarding,high,How do I the API rate limit,17.0,2023-03-10 02:23:29,False,,1087.4833333333333,False,False,2023-03,False,False
TK60781,2023-03-09 11:14:00,phone,onboarding,urgent,Error when add a teammate,61.0,2023-03-09 19:14:46,False,5.0,480.76666666666665,False,True,2023-03,False,False
TK62756,2023-03-09 14:03:00,email,billing,low,Unable to webhook deliveries failing,,2023-03-11 01:06:16,False,,2103.266666666667,False,False,2023-03,False,False
TK63134,2023-03-09 15:55:00,in-app,onboarding,normal,Unable to the dashboard loading slowly,298.0,2023-03-18 21:28:01,False,4.0,13293.016666666666,False,True,2023-03,False,True
TK61537,2023-03-09 16:51:00,chat,integrations,normal,Unable to a refund for an annual plan,145.0,2023-03-11 20:40:19,False,4.0,3109.3166666666666,False,True,2023-03,False,False
TK61088,2023-03-09 17:41:00,chat,billing,normal,How do I two-factor authentication,96.0,2023-03-10 05:18:51,False,,697.85,False,False,2023-03,False,False
TK62578,2023-03-09 19:12:00,phone,billing,normal,Issue with the dashboard loading slowly,654.0,2023-03-10 16:11:18,False,2.0,1259.3,False,True,2023-03,True,False
TK63636,2023-03-09 22:21:00,in-app,technical,high,Cannot export my data,62.0,2023-03-11 10:15:01,False,2.0,2154.016666666667,False,True,2023-03,False,False
TK63657,2023-03-10 00:10:00,email,technical,high,How do I the dashboard loading slowly,63.0,2023-03-10 04:01:32,False,,231.53333333333333,False,False,2023-03,False,False
TK61270,2023-03-10 04:02:00,in-app,billing,normal,Request to downgrade my plan,267.0,2023-03-10 09:05:43,False,4.0,303.71666666666664,False,True,2023-03,False,False
TK61272,2023-03-10 11:46:00,in-app,billing,normal,Error when add a teammate,150.0,2023-03-10 18:38:28,True,,412.46666666666664,False,False,2023-03,False,False
TK63236,2023-03-10 12:17:00,email,billing,high,Cannot add a teammate,31.0,2023-03-10 12:58:04,False,,41.06666666666667,False,False,2023-03,False,False
TK62288,2023-03-10 18:45:00,email,account,low,How do I connecting the Snowflake sync,363.0,2023-03-11 12:15:14,True,,1050.2333333333333,False,False,2023-03,False,False
TK63374,2023-03-10 20:10:00,chat,account,low,Question about the dashboard loading slowly,674.0,2023-03-10 23:44:46,True,,214.76666666666668,False,False,2023-03,True,False
TK63903,2023-03-11 05:08:00,in-app,onboarding,normal,Issue with log in after password reset,200.0,2023-03-12 15:04:07,False,,2036.1166666666666,False,False,2023-03,False,False
TK60052,2023-03-11 05:35:00,email,technical,normal,Question about two-factor authentication,50.0,,False,,,True,False,2023-03,False,False
TK63145,2023-03-11 10:44:00,in-app,technical,high,Cannot a duplicate charge,67.0,2023-03-12 02:36:23,False,,952.3833333333333,False,False,2023-03,False,False
TK60062,2023-03-11 12:32:00,email,billing,low,Error when downgrade my plan,266.0,2023-03-17 22:30:40,False,5.0,9238.666666666666,False,True,2023-03,False,True
TK62513,2023-03-11 12:39:00,email,onboarding,low,Cannot export my data,157.0,2023-03-24 08:59:09,False,3.0,18500.15,False,True,2023-03,False,True
TK62755,2023-03-11 18:49:00,chat,onboarding,low,Request to the invoice for last month,326.0,2023-03-12 03:12:01,False,,503.01666666666665,False,False,2023-03,False,False
TK60334,2023-03-12 05:33:00,chat,integrations,high,How do I the dashboard loading slowly,14.0,2023-03-15 06:09:53,False,,4356.883333333333,False,False,2023-03,False,False
TK62346,2023-03-12 06:54:00,email,technical,high,Issue with two-factor authentication,30.0,2023-03-12 18:14:23,False,,680.3833333333333,False,False,2023-03,False,False
TK63367,2023-03-12 07:01:00,in-app,onboarding,high,How do I the dashboard loading slowly,,2023-03-14 20:24:28,False,,3683.4666666666667,False,False,2023-03,False,False
TK62621,2023-03-12 10:31:00,in-app,billing,normal,Issue with webhook deliveries failing,32.0,2023-03-12 23:21:25,False,5.0,770.4166666666666,False,True,2023-03,False,False
TK61043,2023-03-12 15:39:00,in-app,account,high,Cannot the API rate limit,78.0,2023-03-12 17:07:13,False,,88.21666666666667,False,False,2023-03,False,False
TK62565,2023-03-12 21:22:00,chat,technical,normal,How do I connecting the Snowflake sync,498.0,2023-03-13 04:17:33,False,,415.55,False,False,2023-03,True,False
TK62239,2023-03-13 02:45:00,in-app,billing,high,Cannot add a teammate,9.0,2023-03-13 09:43:32,False,3.0,418.53333333333336,False,True,2023-03,False,False
TK60768,2023-03-13 04:12:00,email,billing,low,Issue with a refund for an annual plan,38.0,2023-03-13 12:50:36,False,,518.6,False,False,2023-03,False,False
TK61639,2023-03-13 05:44:00,email,integrations,normal,Question about a duplicate charge,51.0,2023-03-14 09:45:26,True,5.0,1681.4333333333334,False,True,2023-03,False,False
TK60303,2023-03-13 07:47:00,chat,technical,normal,Request to webhook deliveries failing,156.0,2023-03-21 06:45:04,False,4.0,11458.066666666668,False,True,2023-03,False,True
TK61706,2023-03-13 09:54:00,chat,billing,normal,How do I webhook deliveries failing,14.0,2023-03-13 21:56:06,False,,722.1,False,False,2023-03,False,False
TK63925,2023-03-13 14:12:00,chat,integrations,normal,Request to a duplicate charge,172.0,2023-03-20 01:29:49,False,,9317.816666666668,False,False,2023-03,False,True
TK60147,2023-03-13 17:44:00,phone,billing,normal,Unable to a refund for an annual plan,217.0,2023-03-16 10:11:16,False,4.0,3867.266666666667,False,True,2023-03,False,False
TK63245,2023-03-13 19:14:00,chat,account,urgent,Question about add a teammate,23.0,2023-03-13 21:11:22,True,5.0,117.36666666666666,False,True,2023-03,False,False
TK62462,2023-03-13 21:31:00,email,billing,normal,Cannot the dashboard loading slowly,214.0,2023-03-20 21:04:41,False,,10053.683333333332,False,False,2023-03,False,True
TK63203,2023-03-13 22:18:00,email,technical,low,Question about the dashboard loading slowly,75.0,2023-03-14 19:22:20,False,4.0,1264.3333333333333,False,True,2023-03,False,False
TK61731,2023-03-13 23:17:00,in-app,billing,normal,How do I export my data,660.0,2023-03-14 06:28:01,False,,431.01666666666665,False,False,2023-03,True,False
TK61118,2023-03-13 23:38:00,in-app,technical,normal,Request to a refund for an annual plan,37.0,2023-03-18 01:55:01,False,,5897.016666666666,False,False,2023-03,False,False
TK60495,2023-03-14 02:57:00,email,technical,low,Issue with export my data,273.0,2023-03-16 00:24:19,False,,2727.3166666666666,False,False,2023-03,False,False
TK63476,2023-03-14 04:25:00,chat,billing,normal,Request to the invoice for last month,21.0,2023-03-16 20:24:43,False,,3839.7166666666667,False,False,2023-03,False,False
TK60890,2023-03-14 06:57:00,in-app,billing,urgent,Issue with two-factor authentication,5.0,2023-03-14 08:23:54,False,,86.9,False,False,2023-03,False,False
TK62660,2023-03-14 13:58:00,chat,technical,normal,Unable to a duplicate charge,8.0,2023-03-15 21:44:23,False,5.0,1906.3833333333334,False,True,2023-03,False,False
TK62765,2023-03-14 14:04:00,phone,technical,low,Unable to a duplicate charge,55.0,2023-03-15 06:25:44,True,,981.7333333333333,False,False,2023-03,False,False
TK62786,2023-03-14 16:16:00,phone,technical,normal,Cannot webhook deliveries failing,287.0,2023-03-23 23:53:47,True,,13417.783333333333,False,False,2023-03,False,True
TK63020,2023-03-14 16:37:00,in-app,technical,high,Request to log in after password reset,7.0,2023-03-15 23:56:22,False,,1879.3666666666666,False,False,2023-03,False,False
TK63223,2023-03-14 17:53:00,in-app,account,urgent,Issue with a refund for an annual plan,9.0,2023-03-14 19:28:04,False,,95.06666666666666,False,False,2023-03,False,False
TK62662,2023-03-14 18:49:00,email,technical,normal,Question about the dashboard loading slowly,106.0,2023-03-16 02:16:22,False,1.0,1887.3666666666666,False,True,2023-03,False,False
TK63081,2023-03-15 00:53:00,email,technical,normal,Unable to export my data,184.0,2023-03-15 18:32:39,False,,1059.65,False,False,2023-03,False,False
TK62530,2023-03-15 08:56:00,email,technical,high,Error when a duplicate charge,59.0,2023-03-15 20:09:33,False,,673.55,False,False,2023-03,False,False
TK62104,2023-03-15 09:57:00,email,technical,normal,How do I the API rate limit,155.0,,False,,,True,False,2023-03,False,False
TK62202,2023-03-15 13:18:00,email,billing,low,Issue with the dashboard loading slowly,520.0,2023-03-19 15:58:34,False,,5920.566666666667,False,False,2023-03,True,False
TK63255,2023-03-15 14:46:00,chat,billing,high,Error when export my data,146.0,2023-03-16 21:08:10,False,,1822.1666666666667,False,False,2023-03,False,False
TK62502,2023-03-15 16:29:00,email,billing,high,Error when the API rate limit,17.0,2023-03-16 19:49:46,True,,1640.7666666666667,False,False,2023-03,False,False
TK61066,2023-03-15 18:18:00,phone,billing,normal,How do I downgrade my plan,177.0,2023-03-17 13:49:09,False,,2611.15,False,False,2023-03,False,False
TK60848,2023-03-15 23:33:00,phone,account,low,Question about log in after password reset,57.0,2023-03-20 07:55:47,False,,6262.783333333334,False,False,2023-03,False,False
TK63131,2023-03-16 09:26:00,phone,onboarding,high,Question about webhook deliveries failing,80.0,2023-03-16 19:14:53,False,,588.8833333333333,False,False,2023-03,False,False
TK62808,2023-03-16 09:35:00,chat,technical,normal,Issue with export my data,29.0,2023-03-17 13:09:05,False,4.0,1654.0833333333333,False,True,2023-03,False,False
TK63571,2023-03-16 11:31:00,email,billing,normal,Request to a refund for an annual plan,188.0,2023-03-16 16:26:17,False,,295.28333333333336,False,False,2023-03,False,False
TK60163,2023-03-16 14:03:00,email,onboarding,low,Cannot connecting the Snowflake sync,334.0,2023-03-16 20:59:26,False,,416.43333333333334,False,False,2023-03,False,False
TK61320,2023-03-16 14:08:00,in-app,billing,normal,Cannot the dashboard loading slowly,124.0,2023-03-17 05:02:45,False,4.0,894.75,False,True,2023-03,False,False
TK61587,2023-03-16 23:08:00,email,billing,normal,Error when the invoice for last month,49.0,2023-03-17 12:52:27,False,,824.45,False,False,2023-03,False,False
TK63000,2023-03-17 12:23:00,email,technical,low,Cannot the dashboard loading slowly,323.0,2023-04-08 03:46:39,False,,31163.65,False,False,2023-03,False,True
TK61074,2023-03-17 13:17:00,email,integrations,normal,Error when the dashboard loading slowly,297.0,2023-03-19 06:19:55,True,,2462.9166666666665,False,False,2023-03,False,False
TK63983,2023-03-17 17:39:00,email,technical,normal,Question about the API rate limit,130.0,2023-03-17 23:03:35,False,,324.5833333333333,False,False,2023-03,False,False
TK61141,2023-03-17 18:47:00,phone,onboarding,low,Error when the dashboard loading slowly,31.0,2023-03-21 18:55:42,False,,5768.7,False,False,2023-03,False,False
TK60999,2023-03-17 18:56:00,in-app,technical,low,How do I the dashboard loading slowly,91.0,2023-03-19 14:43:20,True,4.0,2627.3333333333335,False,True,2023-03,False,False
TK62421,2023-03-17 20:22:00,in-app,onboarding,normal,Request to downgrade my plan,83.0,2023-03-19 23:18:35,True,5.0,3056.5833333333335,False,True,2023-03,False,False
TK62604,2023-03-17 21:01:00,chat,technical,normal,Cannot add a teammate,88.0,2023-04-05 01:10:01,False,3.0,26169.016666666666,False,True,2023-03,False,True
TK63915,2023-03-17 23:26:00,in-app,account,normal,Error when a refund for an annual plan,419.0,2023-03-18 12:53:37,False,,807.6166666666667,False,False,2023-03,True,False
TK62477,2023-03-18 05:01:00,chat,integrations,normal,How do I the dashboard loading slowly,300.0,2023-03-21 00:53:05,False,5.0,4072.0833333333335,False,True,2023-03,False,False
TK60355,2023-03-18 06:14:00,email,technical,normal,Question about log in after password reset,39.0,2023-03-18 20:06:16,False,,832.2666666666667,False,False,2023-03,False,False
TK60673,2023-03-18 07:16:00,email,technical,low,Error when log in after password reset,67.0,2023-03-24 02:28:02,False,3.0,8352.033333333333,False,True,2023-03,False,False
TK60221,2023-03-18 13:01:00,in-app,technical,urgent,Cannot add a teammate,38.0,2023-03-19 03:50:50,False,,889.8333333333334,False,False,2023-03,False,False
TK60176,2023-03-18 17:43:00,email,billing,low,Request to the dashboard loading slowly,255.0,2023-03-20 05:30:44,False,4.0,2147.733333333333,False,True,2023-03,False,False
TK61186,2023-03-18 18:01:00,email,integrations,normal,Issue with webhook deliveries failing,82.0,2023-03-21 23:24:58,False,4.0,4643.966666666666,False,True,2023-03,False,False
TK60350,2023-03-18 18:15:00,in-app,billing,urgent,Issue with log in after password reset,35.0,2023-03-18 19:05:53,False,,50.88333333333333,False,False,2023-03,False,False
TK61574,2023-03-18 21:02:00,email,billing,low,Issue with webhook deliveries failing,238.0,2023-03-19 06:16:18,False,,554.3,False,False,2023-03,False,False
TK60076,2023-03-18 22:15:00,chat,integrations,normal,Issue with a refund for an annual plan,112.0,2023-03-30 00:49:23,False,,15994.383333333333,False,False,2023-03,False,True
TK63280,2023-03-18 23:25:00,email,billing,low,Question about add a teammate,89.0,2023-03-22 14:38:16,True,,5233.266666666666,False,False,2023-03,False,False
TK61627,2023-03-19 00:09:00,email,technical,low,Unable to the dashboard loading slowly,49.0,2023-03-20 01:20:06,False,,1511.1,False,False,2023-03,False,False
TK62558,2023-03-19 02:00:00,email,technical,high,Unable to a refund for an annual plan,58.0,2023-03-21 13:17:12,False,5.0,3557.2,False,True,2023-03,False,False
TK62423,2023-03-19 05:43:00,chat,technical,high,Error when two-factor authentication,1492.0,2023-03-19 18:48:41,False,,785.6833333333333,False,False,2023-03,True,False
TK62324,2023-03-19 06:03:00,email,technical,normal,Question about downgrade my plan,42.0,2023-03-19 22:09:21,False,5.0,966.35,False,True,2023-03,False,False
TK62550,2023-03-19 06:27:00,email,technical,low,Request to export my data,86.0,2023-03-28 11:21:50,False,,13254.833333333334,False,False,2023-03,False,True
TK62228,2023-03-19 08:02:00,phone,technical,normal,Cannot the API rate limit,96.0,2023-03-19 17:15:08,False,,553.1333333333333,False,False,2023-03,False,False
TK62498,2023-03-19 09:00:00,email,technical,normal,How do I the invoice for last month,34.0,2023-03-22 15:49:32,False,4.0,4729.533333333334,False,True,2023-03,False,False
TK62046,2023-03-19 12:04:00,chat,integrations,normal,Unable to export my data,48.0,2023-03-21 17:47:57,False,4.0,3223.95,False,True,2023-03,False,False
TK60988,2023-03-19 14:05:00,phone,technical,low,Issue with log in after password reset,553.0,2023-03-24 12:38:17,True,5.0,7113.283333333334,False,True,2023-03,True,False
TK61301,2023-03-19 14:55:00,email,account,normal,How do I two-factor authentication,12.0,2023-03-20 07:13:37,False,3.0,978.6166666666667,False,True,2023-03,False,False
TK63494,2023-03-19 14:59:00,in-app,technical,normal,Request to the invoice for last month,205.0,2023-03-20 14:39:16,False,,1420.2666666666667,False,False,2023-03,False,False
TK60575,2023-03-19 17:57:00,phone,onboarding,normal,Unable to two-factor authentication,187.0,2023-03-20 15:55:42,False,,1318.7,False,False,2023-03,False,False
TK60109,2023-03-19 18:40:00,email,technical,high,Issue with the API rate limit,42.0,2023-03-20 10:28:34,False,,948.5666666666667,False,False,2023-03,False,False
TK63516,2023-03-19 20:48:00,email,technical,normal,Issue with the invoice for last month,160.0,2023-03-20 08:10:19,False,,682.3166666666667,False,False,2023-03,False,False
TK61727,2023-03-19 21:23:00,phone,onboarding,normal,Error when the invoice for last month,482.0,2023-03-19 23:37:40,False,,134.66666666666666,False,False,2023-03,True,False
TK60214,2023-03-20 08:00:00,email,onboarding,normal,Unable to add a teammate,362.0,2023-03-23 10:27:50,False,,4467.833333333333,False,False,2023-03,False,False
TK60229,2023-03-20 08:52:00,in-app,billing,normal,Unable to a duplicate charge,77.0,2023-03-20 12:01:48,True,5.0,189.8,False,True,2023-03,False,False
TK61398,2023-03-20 12:09:00,email,onboarding,low,Question about the dashboard loading slowly,145.0,2023-03-21 13:48:38,False,,1539.6333333333334,False,False,2023-03,False,False
TK63790,2023-03-20 13:55:00,in-app,billing,normal,Error when log in after password reset,45.0,2023-03-29 03:26:35,False,,12331.583333333334,False,False,2023-03,False,True
TK63235,2023-03-20 15:48:00,chat,technical,normal,Unable to a duplicate charge,306.0,2023-03-21 11:03:23,False,,1155.3833333333334,False,False,2023-03,False,False
TK60797,2023-03-20 17:04:00,in-app,technical,normal,Issue with the API rate limit,,2023-03-23 03:07:18,False,4.0,3483.3,False,True,2023-03,False,False
TK60004,2023-03-20 20:11:00,in-app,onboarding,normal,Request to log in after password reset,45.0,2023-03-21 05:52:37,False,4.0,581.6166666666667,False,True,2023-03,False,False
TK60826,2023-03-20 21:54:00,in-app,onboarding,high,Error when the dashboard loading slowly,5.0,2023-03-22 04:28:26,False,,1834.4333333333334,False,False,2023-03,False,False
TK61192,2023-03-21 04:20:00,chat,onboarding,normal,Question about downgrade my plan,202.0,2023-03-21 07:03:59,False,4.0,163.98333333333332,False,True,2023-03,False,False
TK62847,2023-03-21 05:56:00,phone,technical,high,Issue with export my data,28.0,2023-03-22 11:55:36,False,,1799.6,False,False,2023-03,False,False
TK61031,2023-03-21 07:36:00,in-app,onboarding,low,Unable to connecting the Snowflake sync,271.0,2023-03-22 10:47:32,False,4.0,1631.5333333333333,False,True,2023-03,False,False
TK61886,2023-03-21 12:30:00,email,billing,normal,Issue with the API rate limit,188.0,2023-03-22 00:07:18,False,1.0,697.3,False,True,2023-03,False,False
TK60361,2023-03-21 22:53:00,in-app,technical,high,Request to downgrade my plan,56.0,2023-03-22 09:59:15,False,,666.25,False,False,2023-03,False,False
TK63407,2023-03-22 00:22:00,chat,technical,normal,Error when two-factor authentication,963.0,2023-03-22 15:43:07,False,,921.1166666666667,False,False,2023-03,True,False
TK60805,2023-03-22 11:49:00,email,onboarding,high,Error when two-factor authentication,11.0,2023-03-24 10:42:27,False,4.0,2813.45,False,True,2023-03,False,False
TK61999,2023-03-22 14:09:00,email,technical,normal,Unable to downgrade my plan,199.0,2023-03-26 17:01:29,False,,5932.483333333334,False,False,2023-03,False,False
TK60793,2023-03-22 16:41:00,chat,technical,normal,Unable to export my data,244.0,2023-03-23 13:11:07,False,,1230.1166666666666,False,False,2023-03,False,False
TK62069,2023-03-22 17:44:00,chat,billing,high,Error when webhook deliveries failing,51.0,2023-03-31 21:46:14,False,,13202.233333333334,False,False,2023-03,False,True
TK63601,2023-03-22 20:29:00,email,account,normal,Error when export my data,17.0,2023-03-23 10:23:22,False,,834.3666666666667,False,False,2023-03,False,False
TK60700,2023-03-22 22:42:00,in-app,technical,low,Issue with downgrade my plan,91.0,2023-03-26 17:57:51,False,,5475.85,False,False,2023-03,False,False
TK63487,2023-03-23 01:02:00,chat,integrations,normal,Unable to connecting the Snowflake sync,159.0,2023-03-24 12:28:02,False,5.0,2126.0333333333333,False,True,2023-03,False,False
TK62548,2023-03-23 04:13:00,chat,technical,high,How do I downgrade my plan,26.0,2023-03-23 18:15:02,False,4.0,842.0333333333333,False,True,2023-03,False,False
TK60880,2023-03-23 07:07:00,chat,account,normal,Cannot the API rate limit,37.0,2023-03-26 01:03:46,False,,3956.766666666667,False,False,2023-03,False,False
TK60901,2023-03-23 09:12:00,in-app,technical,low,Error when a refund for an annual plan,1909.0,2023-04-04 23:35:19,False,,18143.316666666666,False,False,2023-03,True,True
TK62078,2023-03-23 10:21:00,chat,technical,normal,Cannot webhook deliveries failing,398.0,,False,,,True,False,2023-03,True,False
TK62491,2023-03-23 10:44:00,email,technical,normal,Issue with downgrade my plan,66.0,,False,,,True,False,2023-03,False,False
TK63836,2023-03-23 13:28:00,chat,technical,normal,How do I add a teammate,323.0,,False,,,True,False,2023-03,False,False
TK63411,2023-03-23 15:11:00,chat,technical,normal,Issue with log in after password reset,192.0,2023-03-31 01:36:18,False,,10705.3,False,False,2023-03,False,True
TK62303,2023-03-23 15:47:00,chat,account,high,How do I log in after password reset,12.0,2023-03-24 20:37:45,False,,1730.75,False,False,2023-03,False,False
TK60748,2023-03-23 19:10:00,phone,integrations,urgent,Unable to add a teammate,21.0,2023-03-23 19:52:46,False,,42.766666666666666,False,False,2023-03,False,False
TK62249,2023-03-23 21:23:00,phone,onboarding,normal,Cannot the invoice for last month,33.0,2023-03-24 04:23:55,False,5.0,420.9166666666667,False,True,2023-03,False,False
TK60818,2023-03-24 00:53:00,chat,account,normal,Request to webhook deliveries failing,67.0,2023-03-24 09:27:14,False,,514.2333333333333,False,False,2023-03,False,False
TK60471,2023-03-24 02:00:00,chat,technical,low,Error when the invoice for last month,118.0,2023-03-26 02:33:19,False,,2913.3166666666666,False,False,2023-03,False,False
TK63467,2023-03-24 03:52:00,email,billing,high,Error when log in after password reset,26.0,2023-03-26 15:43:18,False,5.0,3591.3,False,True,2023-03,False,False
TK62549,2023-03-24 04:51:00,chat,account,normal,Question about a refund for an annual plan,663.0,,False,,,True,False,2023-03,True,False
TK62160,2023-03-24 04:55:00,chat,technical,normal,Question about export my data,53.0,2023-04-09 18:09:21,False,,23834.35,False,False,2023-03,False,True
TK62991,2023-03-24 05:20:00,email,account,high,Error when two-factor authentication,21.0,2023-03-24 09:47:43,False,5.0,267.71666666666664,False,True,2023-03,False,False
TK62659,2023-03-24 08:05:00,email,integrations,high,Request to the API rate limit,18.0,2023-03-24 13:56:29,False,4.0,351.48333333333335,False,True,2023-03,False,False
TK62269,2023-03-24 12:25:00,phone,technical,normal,Cannot connecting the Snowflake sync,224.0,2023-03-25 04:40:49,False,,975.8166666666667,False,False,2023-03,False,False
TK60331,2023-03-24 13:21:00,email,billing,low,Request to log in after password reset,150.0,2023-03-30 22:28:07,False,,9187.116666666667,False,False,2023-03,False,True
TK61389,2023-03-24 15:22:00,email,billing,low,Issue with the dashboard loading slowly,88.0,2023-03-26 13:20:23,False,3.0,2758.383333333333,False,True,2023-03,False,False
TK63778,2023-03-24 15:34:00,chat,onboarding,low,Unable to downgrade my plan,182.0,2023-03-26 06:37:24,True,,2343.4,False,False,2023-03,False,False
TK60561,2023-03-24 16:24:00,chat,billing,normal,Issue with a refund for an annual plan,41.0,2023-03-26 21:16:24,False,,3172.4,False,False,2023-03,False,False
TK62910,2023-03-24 20:52:00,email,account,normal,Cannot downgrade my plan,42.0,2023-03-27 06:48:01,False,5.0,3476.016666666667,False,True,2023-03,False,False
TK62199,2023-03-25 05:28:00,email,billing,high,How do I the invoice for last month,71.0,2023-03-25 10:16:41,False,,288.68333333333334,False,False,2023-03,False,False
TK62393,2023-03-25 06:40:00,chat,technical,low,Question about a duplicate charge,393.0,2023-03-26 20:03:16,False,,2243.266666666667,False,False,2023-03,True,False
TK61077,2023-03-25 19:27:00,in-app,technical,normal,Unable to connecting the Snowflake sync,18.0,2023-03-26 16:26:14,False,,1259.2333333333333,False,False,2023-03,False,False
TK60738,2023-03-25 20:34:00,in-app,onboarding,normal,Cannot export my data,93.0,2023-03-26 09:10:33,False,4.0,756.55,False,True,2023-03,False,False
TK61820,2023-03-25 22:48:00,email,technical,normal,Error when log in after password reset,88.0,2023-03-27 11:12:46,True,,2184.766666666667,False,False,2023-03,False,False
TK60947,2023-03-25 23:39:00,chat,billing,high,Cannot webhook deliveries failing,6.0,2023-03-26 08:48:54,False,,549.9,False,False,2023-03,False,False
TK62921,2023-03-26 04:20:00,in-app,billing,low,Question about export my data,369.0,2023-04-06 12:19:31,False,,16319.516666666666,False,False,2023-03,False,True
TK61375,2023-03-26 04:30:00,phone,technical,low,Issue with two-factor authentication,77.0,2023-03-30 04:28:52,False,,5758.866666666667,False,False,2023-03,False,False
TK62918,2023-03-26 05:17:00,phone,account,urgent,Error when a duplicate charge,8.0,2023-03-26 13:30:17,False,,493.28333333333336,False,False,2023-03,False,False
TK62733,2023-03-26 07:42:00,email,billing,normal,Issue with add a teammate,110.0,2023-03-26 20:14:40,False,,752.6666666666666,False,False,2023-03,False,False
TK61929,2023-03-26 07:45:00,email,integrations,normal,Request to add a teammate,407.0,2023-03-28 14:51:44,False,,3306.733333333333,False,False,2023-03,True,False
TK63749,2023-03-26 12:07:00,in-app,integrations,normal,How do I add a teammate,43.0,2023-03-27 09:29:25,False,4.0,1282.4166666666667,False,True,2023-03,False,False
TK63604,2023-03-26 13:00:00,in-app,technical,normal,Request to log in after password reset,124.0,2023-03-27 15:20:50,False,2.0,1580.8333333333333,False,True,2023-03,False,False
TK61688,2023-03-26 16:23:00,email,technical,normal,Question about downgrade my plan,652.0,2023-03-28 19:50:14,False,,3087.233333333333,False,False,2023-03,True,False
TK61380,2023-03-26 19:20:00,email,onboarding,normal,Question about the dashboard loading slowly,164.0,2023-03-27 18:05:39,False,,1365.65,False,False,2023-03,False,False
TK62814,2023-03-27 05:33:00,email,billing,normal,Request to add a teammate,47.0,2023-03-31 18:38:19,False,,6545.316666666667,False,False,2023-03,False,False
TK61525,2023-03-27 09:29:00,email,technical,high,How do I the dashboard loading slowly,48.0,2023-03-28 02:35:38,False,5.0,1026.6333333333334,False,True,2023-03,False,False
TK60281,2023-03-27 11:48:00,in-app,technical,high,Issue with two-factor authentication,20.0,2023-03-29 14:51:42,False,,3063.7,False,False,2023-03,False,False
TK62122,2023-03-27 13:53:00,email,onboarding,high,Cannot a duplicate charge,61.0,2023-03-28 05:46:06,False,5.0,953.1,False,True,2023-03,False,False
TK60233,2023-03-27 16:05:00,email,integrations,low,Error when add a teammate,,2023-03-30 19:08:14,False,,4503.233333333334,False,False,2023-03,False,False
TK60564,2023-03-27 16:58:00,chat,account,normal,Unable to connecting the Snowflake sync,16.0,2023-03-28 06:35:19,False,1.0,817.3166666666667,False,True,2023-03,False,False
TK60783,2023-03-27 17:09:00,email,account,normal,Issue with connecting the Snowflake sync,254.0,2023-03-27 18:16:43,False,,67.71666666666667,False,False,2023-03,False,False
TK63561,2023-03-28 01:28:00,chat,billing,normal,Question about the invoice for last month,194.0,2023-03-28 11:40:58,False,5.0,612.9666666666667,False,True,2023-03,False,False
TK62440,2023-03-28 01:40:00,email,account,low,Request to log in after password reset,530.0,2023-03-30 08:40:52,False,5.0,3300.866666666667,False,True,2023-03,True,False
TK61428,2023-03-28 02:21:00,phone,technical,low,Error when the invoice for last month,95.0,2023-04-01 15:00:05,False,,6519.083333333333,False,False,2023-03,False,False
TK63832,2023-03-28 05:26:00,chat,technical,low,Cannot log in after password reset,602.0,2023-05-17 02:10:49,False,,71804.81666666667,False,False,2023-03,True,True
TK61583,2023-03-28 06:07:00,in-app,technical,low,Request to two-factor authentication,147.0,2023-03-30 18:18:12,False,,3611.2,False,False,2023-03,False,False
TK61365,2023-03-28 07:53:00,email,integrations,high,Error when export my data,16.0,2023-03-29 03:28:43,False,,1175.7166666666667,False,False,2023-03,False,False
TK61033,2023-03-28 10:07:00,email,onboarding,low,Error when webhook deliveries failing,142.0,2023-04-02 09:55:47,False,,7188.783333333334,False,False,2023-03,False,False
TK63844,2023-03-28 10:58:00,email,onboarding,low,Error when export my data,561.0,2023-04-03 22:13:50,False,2.0,9315.833333333334,False,True,2023-03,True,True
TK61970,2023-03-28 22:44:00,chat,billing,normal,Error when log in after password reset,118.0,2023-03-30 17:16:07,False,,2552.116666666667,False,False,2023-03,False,False
TK62414,2023-03-29 00:31:00,email,account,urgent,Cannot add a teammate,9.0,2023-03-29 01:23:07,False,5.0,52.11666666666667,False,True,2023-03,False,False
TK63398,2023-03-29 02:35:00,email,technical,low,Error when a duplicate charge,483.0,2023-04-01 18:07:23,False,5.0,5252.383333333333,False,True,2023-03,True,False
TK62118,2023-03-29 02:38:00,email,integrations,low,Cannot export my data,166.0,2023-03-30 17:31:53,False,,2333.883333333333,False,False,2023-03,False,False
TK61283,2023-03-29 07:41:00,in-app,onboarding,high,How do I a refund for an annual plan,28.0,2023-03-29 14:37:40,False,,416.6666666666667,False,False,2023-03,False,False
TK60366,2023-03-29 12:44:00,phone,technical,urgent,Unable to the dashboard loading slowly,,2023-03-29 19:41:49,False,,417.81666666666666,False,False,2023-03,False,False
TK60277,2023-03-29 12:56:00,in-app,account,normal,Request to downgrade my plan,180.0,2023-03-29 22:43:44,False,,587.7333333333333,False,False,2023-03,False,False
TK61095,2023-03-29 15:03:00,email,integrations,normal,Question about the API rate limit,51.0,2023-04-11 07:10:24,False,,18247.4,False,False,2023-03,False,True
TK60199,2023-03-29 15:39:00,in-app,technical,normal,Unable to the API rate limit,126.0,2023-04-01 08:26:16,False,,3887.266666666667,False,False,2023-03,False,False
TK63446,2023-03-29 15:40:00,email,technical,normal,Question about webhook deliveries failing,236.0,2023-03-31 21:26:12,False,3.0,3226.2,False,True,2023-03,False,False
TK61522,2023-03-29 15:47:00,email,integrations,normal,Issue with the invoice for last month,691.0,2023-03-31 00:29:33,False,,1962.55,False,False,2023-03,True,False
TK62555,2023-03-29 16:47:00,in-app,integrations,normal,Unable to log in after password reset,88.0,2023-03-30 12:57:21,False,,1210.35,False,False,2023-03,False,False
TK62720,2023-03-29 17:35:00,in-app,billing,low,Unable to the dashboard loading slowly,622.0,2023-04-01 15:58:48,False,,4223.8,False,False,2023-03,True,False
TK63627,2023-03-29 21:22:00,email,integrations,urgent,Cannot webhook deliveries failing,21.0,2023-03-30 01:12:12,True,,230.2,False,False,2023-03,False,False
TK60989,2023-03-29 22:00:00,chat,account,normal,Request to log in after password reset,280.0,2023-03-30 11:44:54,False,,824.9,False,False,2023-03,False,False
TK62908,2023-03-29 22:02:00,email,billing,normal,Cannot downgrade my plan,34.0,2023-03-31 15:15:52,False,,2473.866666666667,False,False,2023-03,False,False
TK61973,2023-03-30 04:48:00,email,billing,normal,Issue with a duplicate charge,66.0,2023-03-30 13:21:17,False,4.0,513.2833333333333,False,True,2023-03,False,False
TK61341,2023-03-30 06:31:00,phone,technical,normal,Request to the invoice for last month,85.0,2023-03-31 02:21:38,False,,1190.6333333333334,False,False,2023-03,False,False
TK63465,2023-03-30 07:15:00,in-app,onboarding,low,Cannot add a teammate,140.0,2023-03-31 01:50:53,False,,1115.8833333333334,False,False,2023-03,False,False
TK62008,2023-03-30 09:08:00,chat,onboarding,normal,Cannot a refund for an annual plan,24.0,2023-03-30 15:12:24,False,,364.4,False,False,2023-03,False,False
TK63990,2023-03-30 10:37:00,in-app,technical,high,Request to connecting the Snowflake sync,27.0,2023-04-01 18:41:01,False,5.0,3364.016666666667,False,True,2023-03,False,False
TK61498,2023-03-30 11:42:00,email,account,high,Error when add a teammate,71.0,2023-03-30 13:39:36,False,,117.6,False,False,2023-03,False,False
TK63135,2023-03-30 14:22:00,chat,integrations,normal,Cannot add a teammate,205.0,2023-04-05 08:16:32,False,5.0,8274.533333333333,False,True,2023-03,False,False
TK60905,2023-03-30 15:17:00,in-app,technical,high,Request to webhook deliveries failing,9.0,,False,,,True,False,2023-03,False,False
TK63759,2023-03-30 23:25:00,email,billing,high,Unable to log in after password reset,5.0,2023-03-31 07:53:36,False,,508.6,False,False,2023-03,False,False
TK63969,2023-03-30 23:31:00,phone,account,normal,Question about the invoice for last month,256.0,2023-03-31 08:01:45,False,,510.75,False,False,2023-03,False,False
TK63261,2023-03-31 01:57:00,chat,billing,normal,Request to log in after password reset,340.0,2023-03-31 16:34:44,False,,877.7333333333333,False,False,2023-03,False,False
TK60360,2023-03-31 06:07:00,phone,billing,high,Issue with the dashboard loading slowly,13.0,2023-03-31 12:27:30,False,4.0,380.5,False,True,2023-03,False,False
TK62919,2023-03-31 07:39:00,in-app,billing,normal,Question about downgrade my plan,26.0,2023-03-31 23:38:31,False,,959.5166666666667,False,False,2023-03,False,False
TK63826,2023-03-31 09:01:00,chat,technical,low,Request to add a teammate,454.0,2023-04-02 10:20:14,False,,2959.233333333333,False,False,2023-03,True,False
TK60039,2023-03-31 10:15:00,chat,billing,normal,Question about the API rate limit,195.0,2023-04-01 04:05:28,False,,1070.4666666666667,False,False,2023-03,False,False
TK60643,2023-03-31 11:11:00,chat,technical,urgent,How do I the invoice for last month,3.0,2023-03-31 18:04:37,False,,413.6166666666667,False,False,2023-03,False,False
TK63813,2023-03-31 12:40:00,chat,technical,high,Issue with export my data,318.0,2023-04-01 18:50:36,False,,1810.6,False,False,2023-03,False,False
TK61963,2023-03-31 15:25:00,chat,billing,high,Question about a duplicate charge,35.0,,False,,,True,False,2023-03,False,False
TK63994,2023-03-31 17:27:00,in-app,onboarding,high,Error when the dashboard loading slowly,47.0,2023-04-01 08:05:16,False,5.0,878.2666666666667,False,True,2023-03,False,False
TK63002,2023-03-31 20:29:00,email,onboarding,normal,Request to connecting the Snowflake sync,187.0,2023-03-31 22:25:55,False,5.0,116.91666666666667,False,True,2023-03,False,False
TK60993,2023-03-31 20:30:00,phone,billing,high,Question about webhook deliveries failing,44.0,2023-04-01 00:25:06,False,5.0,235.1,False,True,2023-03,False,False
TK63012,2023-03-31 22:22:00,phone,onboarding,normal,Issue with a duplicate charge,109.0,2023-04-01 11:05:01,False,,763.0166666666667,False,False,2023-03,False,False
TK60396,2023-03-31 23:12:00,phone,billing,high,Cannot the invoice for last month,67.0,2023-04-01 13:23:07,False,5.0,851.1166666666667,False,True,2023-03,False,False
TK62670,2023-03-31 23:31:00,chat,billing,normal,Unable to the dashboard loading slowly,,2023-04-01 08:20:40,False,4.0,529.6666666666666,False,True,2023-03,False,False
TK61753,2023-04-01 05:26:00,in-app,account,low,Cannot the invoice for last month,167.0,2023-04-04 17:33:14,False,5.0,5047.233333333334,False,True,2023-04,False,False
TK61060,2023-04-01 14:30:00,email,integrations,high,Unable to a refund for an annual plan,15.0,2023-04-02 12:14:11,False,,1304.1833333333334,False,False,2023-04,False,False
TK60049,2023-04-01 20:17:00,in-app,technical,normal,Issue with the invoice for last month,75.0,2023-04-07 02:34:48,False,,7577.8,False,False,2023-04,False,False
TK62722,2023-04-01 23:06:00,chat,integrations,low,Unable to a refund for an annual plan,579.0,2023-04-03 04:05:24,False,3.0,1739.4,False,True,2023-04,True,False
TK63715,2023-04-02 06:20:00,in-app,technical,normal,How do I a refund for an annual plan,122.0,2023-04-08 18:42:23,False,,9382.383333333333,False,False,2023-04,False,True
TK60839,2023-04-02 07:06:00,email,technical,high,Question about webhook deliveries failing,17.0,2023-04-03 11:48:31,False,,1722.5166666666667,False,False,2023-04,False,False
TK61401,2023-04-02 08:12:00,in-app,account,normal,Cannot a refund for an annual plan,13.0,2023-04-04 03:41:39,False,,2609.65,False,False,2023-04,False,False
TK60586,2023-04-02 08:50:00,chat,technical,normal,Unable to the invoice for last month,155.0,,False,,,True,False,2023-04,False,False
TK62067,2023-04-02 11:53:00,chat,integrations,low,Request to the API rate limit,332.0,2023-04-06 10:09:22,False,,5656.366666666667,False,False,2023-04,False,False
TK63956,2023-04-02 18:41:00,chat,billing,low,Error when the invoice for last month,106.0,2023-04-05 10:45:23,False,5.0,3844.383333333333,False,True,2023-04,False,False
TK63028,2023-04-02 20:16:00,chat,account,normal,How do I webhook deliveries failing,256.0,2023-04-03 14:19:54,False,,1083.9,False,False,2023-04,False,False
TK62108,2023-04-02 21:10:00,email,technical,normal,How do I the invoice for last month,388.0,2023-04-06 05:48:25,False,,4838.416666666667,False,False,2023-04,True,False
TK62250,2023-04-02 22:27:00,in-app,technical,normal,Question about a duplicate charge,50.0,2023-04-03 10:10:56,False,4.0,703.9333333333333,False,True,2023-04,False,False
TK62365,2023-04-03 02:06:00,chat,technical,normal,Issue with a refund for an annual plan,68.0,2023-04-12 01:24:30,False,5.0,12918.5,False,True,2023-04,False,True
TK60621,2023-04-03 04:00:00,phone,onboarding,normal,How do I export my data,108.0,2023-04-03 10:32:35,False,5.0,392.5833333333333,False,True,2023-04,False,False
TK62774,2023-04-03 04:01:00,chat,technical,normal,Cannot the invoice for last month,103.0,,False,,,True,False,2023-04,False,False
TK61334,2023-04-03 05:08:00,in-app,billing,low,Question about downgrade my plan,175.0,2023-04-06 05:07:21,False,,4319.35,False,False,2023-04,False,False
TK60407,2023-04-03 08:37:00,in-app,technical,low,Unable to a duplicate charge,317.0,2023-05-02 01:10:19,False,5.0,41313.316666666666,False,True,2023-04,False,True
TK63347,2023-04-03 11:27:00,chat,technical,urgent,Unable to the API rate limit,21.0,2023-04-03 20:54:53,False,,567.8833333333333,False,False,2023-04,False,False
TK63809,2023-04-03 14:08:00,email,billing,normal,Issue with log in after password reset,12.0,2023-04-04 07:34:34,False,,1046.5666666666666,False,False,2023-04,False,False
TK63445,2023-04-03 14:17:00,chat,technical,low,Unable to a duplicate charge,480.0,2023-04-07 10:41:15,False,,5544.25,False,False,2023-04,True,False
TK61643,2023-04-03 14:23:00,in-app,account,high,Request to the API rate limit,16.0,2023-04-03 18:27:48,False,1.0,244.8,False,True,2023-04,False,False
TK60339,2023-04-03 14:35:00,chat,account,normal,How do I export my data,206.0,2023-04-05 18:33:44,False,,3118.733333333333,False,False,2023-04,False,False
TK61044,2023-04-03 15:31:00,in-app,onboarding,high,How do I connecting the Snowflake sync,17.0,2023-04-03 18:40:24,False,,189.4,False,False,2023-04,False,False
TK63461,2023-04-03 15:57:00,phone,integrations,normal,Cannot the API rate limit,75.0,2023-04-05 00:44:38,False,,1967.6333333333334,False,False,2023-04,False,False
TK62024,2023-04-03 16:38:00,email,account,high,How do I connecting the Snowflake sync,8.0,2023-04-03 18:30:54,False,,112.9,False,False,2023-04,False,False
TK61701,2023-04-03 16:59:00,phone,integrations,low,Cannot a refund for an annual plan,331.0,,False,,,True,False,2023-04,False,False
TK61541,2023-04-03 22:17:00,email,account,normal,Question about downgrade my plan,40.0,2023-04-04 19:22:12,False,,1265.2,False,False,2023-04,False,False
TK63372,2023-04-03 22:27:00,in-app,technical,normal,How do I two-factor authentication,123.0,2023-04-04 04:01:30,False,,334.5,False,False,2023-04,False,False
TK62897,2023-04-04 07:27:00,chat,onboarding,low,Request to downgrade my plan,32.0,2023-04-08 14:31:25,True,,6184.416666666667,False,False,2023-04,False,False
TK63104,2023-04-04 09:30:00,chat,technical,normal,Cannot the API rate limit,76.0,2023-04-06 17:02:54,False,,3332.9,False,False,2023-04,False,False
TK60573,2023-04-04 14:11:00,phone,billing,low,How do I add a teammate,857.0,,False,,,True,False,2023-04,True,False
TK61373,2023-04-04 14:44:00,email,billing,normal,Error when downgrade my plan,79.0,2023-04-07 03:42:58,False,,3658.9666666666667,False,False,2023-04,False,False
TK63112,2023-04-04 14:46:00,in-app,technical,urgent,Error when webhook deliveries failing,7.0,2023-04-04 23:19:30,False,,513.5,False,False,2023-04,False,False
TK61241,2023-04-04 16:53:00,chat,account,low,Cannot the dashboard loading slowly,213.0,2023-04-04 23:24:13,False,,391.21666666666664,False,False,2023-04,False,False
TK60834,2023-04-04 18:00:00,email,integrations,high,Unable to log in after password reset,7.0,2023-04-07 19:22:34,False,,4402.566666666667,False,False,2023-04,False,False
TK62402,2023-04-04 19:25:00,email,billing,normal,Request to add a teammate,131.0,2023-04-27 15:47:46,False,4.0,32902.76666666667,False,True,2023-04,False,True
TK63438,2023-04-04 19:29:00,in-app,account,normal,Issue with the dashboard loading slowly,150.0,2023-04-05 08:09:09,False,,760.15,False,False,2023-04,False,False
TK61855,2023-04-04 19:39:00,in-app,onboarding,urgent,How do I two-factor authentication,24.0,2023-04-04 21:55:04,False,3.0,136.06666666666666,False,True,2023-04,False,False
TK60497,2023-04-04 20:37:00,in-app,technical,low,Issue with the invoice for last month,142.0,2023-04-10 19:33:44,False,,8576.733333333334,False,False,2023-04,False,True
TK60204,2023-04-04 21:07:00,chat,account,high,How do I add a teammate,22.0,2023-04-04 23:56:29,True,,169.48333333333332,False,False,2023-04,False,False
TK63929,2023-04-04 22:35:00,email,billing,high,How do I the API rate limit,,2023-04-05 12:14:59,False,,819.9833333333333,False,False,2023-04,False,False
TK61673,2023-04-05 00:35:00,chat,technical,normal,Question about downgrade my plan,323.0,,False,,,True,False,2023-04,False,False
TK61096,2023-04-05 03:35:00,chat,onboarding,normal,Question about the dashboard loading slowly,33.0,,False,,,True,False,2023-04,False,False
TK62215,2023-04-05 08:35:00,email,technical,normal,How do I a refund for an annual plan,151.0,2023-04-05 16:37:43,False,,482.71666666666664,False,False,2023-04,False,False
TK60084,2023-04-05 09:55:00,chat,integrations,normal,Issue with the API rate limit,16.0,2023-04-06 13:32:43,False,,1657.7166666666667,False,False,2023-04,False,False
TK62708,2023-04-05 10:34:00,phone,billing,normal,Unable to add a teammate,22.0,2023-04-06 11:38:02,False,4.0,1504.0333333333333,False,True,2023-04,False,False
TK60411,2023-04-05 13:19:00,email,billing,urgent,Cannot downgrade my plan,31.0,2023-04-05 18:50:40,False,2.0,331.6666666666667,False,True,2023-04,False,False
TK60178,2023-04-05 19:54:00,chat,account,normal,Cannot webhook deliveries failing,119.0,2023-04-05 21:14:17,False,,80.28333333333333,False,False,2023-04,False,False
TK63222,2023-04-05 20:04:00,chat,technical,high,Question about export my data,31.0,2023-04-07 01:06:59,False,,1742.9833333333333,False,False,2023-04,False,False
TK61721,2023-04-05 21:34:00,email,technical,low,How do I the dashboard loading slowly,179.0,2023-04-14 14:58:02,False,4.0,12564.033333333333,False,True,2023-04,False,True
TK61904,2023-04-05 22:51:00,email,onboarding,low,How do I log in after password reset,248.0,2023-04-19 01:46:51,False,,18895.85,False,False,2023-04,False,True
TK63364,2023-04-06 00:25:00,email,account,normal,Issue with the dashboard loading slowly,160.0,2023-04-06 07:47:15,False,,442.25,False,False,2023-04,False,False
TK62663,2023-04-06 03:14:00,email,billing,normal,Error when export my data,642.0,2023-04-06 09:16:32,False,,362.53333333333336,False,False,2023-04,True,False
TK61055,2023-04-06 05:24:00,chat,integrations,normal,Unable to webhook deliveries failing,358.0,2023-04-07 17:28:25,False,3.0,2164.4166666666665,False,True,2023-04,False,False
TK62425,2023-04-06 18:02:00,chat,integrations,high,How do I log in after password reset,13.0,2023-04-07 17:29:06,False,,1407.1,False,False,2023-04,False,False
TK62439,2023-04-06 19:15:00,phone,billing,normal,Cannot connecting the Snowflake sync,99.0,2023-04-06 20:49:27,False,2.0,94.45,False,True,2023-04,False,False
TK63297,2023-04-06 20:31:00,in-app,integrations,high,Request to the API rate limit,38.0,2023-04-06 22:12:33,False,,101.55,False,False,2023-04,False,False
TK61712,2023-04-06 21:40:00,chat,onboarding,high,Issue with connecting the Snowflake sync,13.0,2023-04-07 12:01:55,False,,861.9166666666666,False,False,2023-04,False,False
TK61281,2023-04-07 03:18:00,in-app,account,normal,How do I the API rate limit,44.0,2023-04-07 15:02:00,False,5.0,704.0,False,True,2023-04,False,False
TK60445,2023-04-07 04:27:00,phone,technical,normal,How do I two-factor authentication,99.0,2023-04-07 13:09:47,True,4.0,522.7833333333333,False,True,2023-04,False,False
TK60860,2023-04-07 05:07:00,chat,onboarding,high,Unable to export my data,34.0,2023-04-07 06:53:09,False,,106.15,False,False,2023-04,False,False
TK62528,2023-04-07 06:40:00,in-app,technical,normal,Question about connecting the Snowflake sync,217.0,2023-04-07 22:47:24,False,3.0,967.4,False,True,2023-04,False,False
TK63147,2023-04-07 13:00:00,email,technical,high,Unable to a refund for an annual plan,153.0,2023-04-08 12:43:06,False,,1423.1,False,False,2023-04,False,False
TK63333,2023-04-07 19:04:00,email,billing,high,Issue with the dashboard loading slowly,52.0,2023-04-07 23:19:36,False,5.0,255.6,False,True,2023-04,False,False
TK61757,2023-04-07 23:05:00,in-app,account,low,Unable to add a teammate,589.0,2023-04-09 03:05:52,False,,1680.8666666666666,False,False,2023-04,True,False
TK61132,2023-04-08 04:18:00,chat,onboarding,normal,Question about two-factor authentication,49.0,2023-04-09 03:07:07,False,,1369.1166666666666,False,False,2023-04,False,False
TK63772,2023-04-08 06:06:00,in-app,account,normal,Request to webhook deliveries failing,291.0,2023-04-11 14:50:53,True,,4844.883333333333,False,False,2023-04,False,False
TK61129,2023-04-08 06:57:00,email,integrations,normal,Error when a duplicate charge,69.0,2023-04-08 23:37:04,False,5.0,1000.0666666666667,False,True,2023-04,False,False
TK60167,2023-04-08 10:05:00,phone,billing,normal,Unable to connecting the Snowflake sync,110.0,2023-04-14 23:13:02,False,,9428.033333333333,False,False,2023-04,False,True
TK60810,2023-04-08 10:30:00,phone,technical,high,Question about downgrade my plan,24.0,2023-04-09 11:46:57,False,3.0,1516.95,False,True,2023-04,False,False
TK63577,2023-04-08 15:15:00,in-app,account,normal,Question about log in after password reset,42.0,2023-04-09 02:48:55,False,,693.9166666666666,False,False,2023-04,False,False
TK63393,2023-04-08 20:41:00,chat,onboarding,low,Unable to a duplicate charge,153.0,2023-04-12 04:21:15,False,,4780.25,False,False,2023-04,False,False
TK61584,2023-04-08 22:26:00,chat,account,low,Issue with downgrade my plan,,2023-04-12 17:35:24,False,5.0,5469.4,False,True,2023-04,False,False
TK60027,2023-04-08 23:40:00,phone,billing,low,Cannot two-factor authentication,345.0,2023-04-09 10:56:43,True,3.0,676.7166666666667,False,True,2023-04,False,False
TK63517,2023-04-09 00:29:00,phone,integrations,normal,Issue with the invoice for last month,28.0,2023-04-13 18:55:51,False,,6866.85,False,False,2023-04,False,False
TK61939,2023-04-09 03:26:00,email,account,high,Request to webhook deliveries failing,18.0,2023-04-09 05:13:19,False,,107.31666666666666,False,False,2023-04,False,False
TK63714,2023-04-09 03:54:00,chat,onboarding,low,Request to a refund for an annual plan,264.0,2023-04-10 08:29:20,False,5.0,1715.3333333333333,False,True,2023-04,False,False
TK63642,2023-04-09 03:55:00,in-app,technical,normal,How do I export my data,156.0,2023-04-09 14:56:38,False,,661.6333333333333,False,False,2023-04,False,False
TK62057,2023-04-09 08:34:00,phone,technical,high,Error when export my data,24.0,2023-04-09 18:54:12,True,4.0,620.2,False,True,2023-04,False,False
TK60047,2023-04-09 09:50:00,email,onboarding,high,Issue with the API rate limit,74.0,2023-04-09 14:02:25,False,3.0,252.41666666666666,False,True,2023-04,False,False
TK60902,2023-04-09 12:02:00,email,onboarding,normal,How do I the invoice for last month,187.0,2023-04-10 07:18:37,False,1.0,1156.6166666666666,False,True,2023-04,False,False
TK62267,2023-04-09 17:31:00,chat,integrations,low,Issue with two-factor authentication,78.0,2023-04-20 00:39:44,False,,14828.733333333334,False,False,2023-04,False,True
TK62547,2023-04-09 21:02:00,email,technical,normal,Unable to add a teammate,272.0,,False,,,True,False,2023-04,False,False
TK62005,2023-04-09 23:14:00,chat,billing,urgent,Question about a refund for an annual plan,2.0,2023-04-10 00:10:50,False,,56.833333333333336,False,False,2023-04,False,False
TK62635,2023-04-10 01:13:00,in-app,onboarding,normal,Question about two-factor authentication,5.0,2023-04-11 05:11:10,False,4.0,1678.1666666666667,False,True,2023-04,False,False
TK62397,2023-04-10 02:23:00,in-app,billing,normal,Question about downgrade my plan,18.0,2023-04-11 06:35:58,False,,1692.9666666666667,False,False,2023-04,False,False
TK62048,2023-04-10 04:12:00,in-app,technical,high,Question about the invoice for last month,66.0,2023-04-30 06:08:17,False,4.0,28916.283333333333,False,True,2023-04,False,True
TK62098,2023-04-10 06:01:00,email,account,normal,Error when the dashboard loading slowly,34.0,2023-04-12 11:31:45,False,5.0,3210.75,False,True,2023-04,False,False
TK61831,2023-04-10 06:42:00,chat,integrations,normal,How do I webhook deliveries failing,28.0,2023-04-11 04:09:42,False,5.0,1287.7,False,True,2023-04,False,False
TK60136,2023-04-10 08:42:00,email,technical,normal,Error when the dashboard loading slowly,152.0,2023-04-10 16:21:02,False,,459.03333333333336,False,False,2023-04,False,False
TK63006,2023-04-10 09:09:00,in-app,integrations,normal,Cannot webhook deliveries failing,679.0,2023-04-14 18:52:07,False,,6343.116666666667,False,False,2023-04,True,False
TK60980,2023-04-10 10:45:00,phone,billing,normal,Cannot export my data,60.0,2023-04-13 16:41:24,False,5.0,4676.4,False,True,2023-04,False,False
TK61087,2023-04-10 10:55:00,email,billing,normal,Cannot two-factor authentication,526.0,2023-04-14 21:40:54,False,,6405.9,False,False,2023-04,True,False
TK63199,2023-04-10 15:40:00,chat,technical,low,How do I a duplicate charge,65.0,,False,,,True,False,2023-04,False,False
TK62932,2023-04-10 16:20:00,email,account,low,Issue with downgrade my plan,181.0,2023-04-12 07:12:45,False,,2332.75,False,False,2023-04,False,False
TK60180,2023-04-10 18:07:00,email,technical,low,Error when add a teammate,233.0,2023-04-15 22:46:31,False,5.0,7479.516666666666,False,True,2023-04,False,False
TK62219,2023-04-10 21:33:00,chat,billing,normal,Issue with connecting the Snowflake sync,95.0,2023-04-10 23:34:03,False,,121.05,False,False,2023-04,False,False
TK62690,2023-04-10 23:46:00,email,integrations,high,Issue with add a teammate,68.0,,False,,,True,False,2023-04,False,False
TK63251,2023-04-11 00:45:00,email,technical,normal,Request to webhook deliveries failing,56.0,2023-04-12 08:33:45,False,4.0,1908.75,False,True,2023-04,False,False
TK62375,2023-04-11 02:25:00,email,technical,normal,Request to add a teammate,146.0,2023-05-01 00:45:52,False,,28700.866666666665,False,False,2023-04,False,True
TK61909,2023-04-11 04:15:00,chat,billing,normal,Question about export my data,174.0,2023-04-11 06:06:27,False,,111.45,False,False,2023-04,False,False
TK62537,2023-04-11 06:43:00,email,billing,low,Request to the invoice for last month,214.0,2023-04-12 13:45:31,False,,1862.5166666666667,False,False,2023-04,False,False
TK61279,2023-04-11 07:10:00,chat,onboarding,high,Error when two-factor authentication,142.0,2023-04-11 09:30:10,False,,140.16666666666666,False,False,2023-04,False,False
TK60395,2023-04-11 09:26:00,email,onboarding,normal,Unable to two-factor authentication,179.0,2023-04-11 12:08:42,False,,162.7,False,False,2023-04,False,False
TK62041,2023-04-11 12:01:00,chat,technical,high,How do I a duplicate charge,50.0,,False,,,True,False,2023-04,False,False
TK61816,2023-04-11 14:14:00,chat,onboarding,normal,Error when a duplicate charge,11.0,2023-04-12 02:28:49,False,5.0,734.8166666666667,False,True,2023-04,False,False
TK60485,2023-04-11 15:00:00,in-app,onboarding,low,Error when two-factor authentication,55.0,2023-04-12 07:11:15,False,5.0,971.25,False,True,2023-04,False,False
TK61562,2023-04-11 15:50:00,email,technical,normal,Error when export my data,86.0,2023-04-13 08:46:02,False,,2456.0333333333333,False,False,2023-04,False,False
TK63305,2023-04-11 16:19:00,email,billing,normal,Error when the dashboard loading slowly,69.0,2023-04-12 13:43:28,False,,1284.4666666666667,False,False,2023-04,False,False
TK60832,2023-04-11 18:26:00,chat,account,normal,Question about connecting the Snowflake sync,224.0,2023-04-12 14:23:25,False,,1197.4166666666667,False,False,2023-04,False,False
TK61732,2023-04-11 21:49:00,chat,technical,normal,Unable to export my data,200.0,2023-04-16 02:03:20,False,,6014.333333333333,False,False,2023-04,False,False
TK62694,2023-04-12 05:55:00,in-app,account,normal,Issue with the dashboard loading slowly,27.0,2023-04-13 04:44:37,False,2.0,1369.6166666666666,False,True,2023-04,False,False
TK63700,2023-04-12 10:39:00,phone,integrations,normal,Request to the API rate limit,102.0,2023-04-22 15:13:21,False,,14674.35,False,False,2023-04,False,True
TK61252,2023-04-12 14:54:00,chat,billing,high,Issue with a duplicate charge,99.0,2023-04-12 18:22:03,True,,208.05,False,False,2023-04,False,False
TK63050,2023-04-12 15:15:00,email,technical,urgent,Cannot webhook deliveries failing,21.0,2023-04-12 15:42:50,False,,27.833333333333332,False,False,2023-04,False,False
TK60415,2023-04-12 17:12:00,chat,account,normal,How do I log in after password reset,15.0,2023-04-13 01:08:25,False,,476.4166666666667,False,False,2023-04,False,False
TK60784,2023-04-13 03:10:00,chat,billing,high,Request to log in after password reset,8.0,2023-04-19 17:34:17,False,,9504.283333333333,False,False,2023-04,False,True
TK60872,2023-04-13 04:09:00,in-app,technical,high,How do I two-factor authentication,113.0,2023-04-14 05:05:21,False,,1496.35,False,False,2023-04,False,False
TK63435,2023-04-13 04:36:00,email,technical,normal,Cannot connecting the Snowflake sync,46.0,2023-04-15 05:57:30,False,2.0,2961.5,False,True,2023-04,False,False
TK61663,2023-04-13 08:46:00,email,technical,normal,Unable to add a teammate,229.0,2023-04-18 00:02:49,False,5.0,6676.816666666667,False,True,2023-04,False,False
TK61808,2023-04-13 11:29:00,chat,onboarding,normal,How do I add a teammate,82.0,2023-04-16 00:30:04,False,,3661.0666666666666,False,False,2023-04,False,False
TK61491,2023-04-13 14:15:00,chat,technical,normal,Issue with a duplicate charge,18.0,,False,,,True,False,2023-04,False,False
TK60252,2023-04-13 15:56:00,in-app,billing,normal,Request to a refund for an annual plan,474.0,2023-04-15 06:29:55,True,4.0,2313.9166666666665,False,True,2023-04,True,False
TK60820,2023-04-13 17:33:00,email,technical,normal,Question about connecting the Snowflake sync,322.0,2023-04-14 18:54:37,False,2.0,1521.6166666666666,False,True,2023-04,False,False
TK60033,2023-04-13 18:04:00,email,account,normal,Unable to the invoice for last month,139.0,2023-04-18 15:57:13,False,,7073.216666666666,False,False,2023-04,False,False
TK61736,2023-04-13 21:04:00,email,account,normal,Request to the API rate limit,,2023-04-24 06:21:03,True,,14957.05,False,False,2023-04,False,True
TK61508,2023-04-13 23:27:00,phone,onboarding,high,How do I export my data,85.0,2023-04-14 03:46:08,False,3.0,259.1333333333333,False,True,2023-04,False,False
TK61479,2023-04-14 01:43:00,email,technical,normal,Issue with the invoice for last month,266.0,2023-04-16 15:03:29,True,4.0,3680.483333333333,False,True,2023-04,False,False
TK63879,2023-04-14 03:35:00,chat,account,normal,Request to two-factor authentication,311.0,2023-04-14 20:04:02,False,,989.0333333333333,False,False,2023-04,False,False
TK63974,2023-04-14 05:09:00,chat,technical,high,Cannot the invoice for last month,91.0,2023-04-14 12:17:00,False,3.0,428.0,False,True,2023-04,False,False
TK62339,2023-04-14 05:17:00,in-app,onboarding,normal,How do I add a teammate,100.0,2023-04-17 19:23:18,False,,5166.3,False,False,2023-04,False,False
TK61214,2023-04-14 08:28:00,chat,account,high,Error when two-factor authentication,26.0,2023-04-14 13:50:16,False,,322.26666666666665,False,False,2023-04,False,False
TK62726,2023-04-14 09:43:00,in-app,integrations,normal,How do I connecting the Snowflake sync,78.0,2023-04-14 12:52:18,False,,189.3,False,False,2023-04,False,False
TK61001,2023-04-14 09:56:00,email,billing,normal,Error when the dashboard loading slowly,205.0,2023-04-15 06:45:33,False,4.0,1249.55,False,True,2023-04,False,False
TK63486,2023-04-14 13:42:00,in-app,technical,normal,Issue with add a teammate,37.0,2023-04-15 17:41:25,False,5.0,1679.4166666666667,False,True,2023-04,False,False
TK63210,2023-04-14 17:48:00,phone,billing,low,Cannot the API rate limit,225.0,2023-04-15 22:33:29,False,,1725.4833333333333,False,False,2023-04,False,False
TK63462,2023-04-14 18:43:00,email,account,high,Issue with downgrade my plan,21.0,2023-04-15 02:08:24,False,4.0,445.4,False,True,2023-04,False,False
TK61409,2023-04-14 19:45:00,email,account,low,Cannot the invoice for last month,172.0,2023-04-15 12:22:16,False,3.0,997.2666666666667,False,True,2023-04,False,False
TK61257,2023-04-14 19:52:00,email,billing,high,Cannot the dashboard loading slowly,33.0,2023-04-16 07:56:08,False,,2164.133333333333,False,False,2023-04,False,False
TK62124,2023-04-14 22:24:00,phone,onboarding,normal,Cannot webhook deliveries failing,101.0,2023-04-15 02:30:53,False,4.0,246.88333333333333,False,True,2023-04,False,False
TK61523,2023-04-14 22:49:00,in-app,account,normal,Cannot connecting the Snowflake sync,303.0,2023-04-15 12:53:01,False,,844.0166666666667,False,False,2023-04,False,False
TK62965,2023-04-15 00:40:00,email,integrations,high,Question about add a teammate,17.0,,False,,,True,False,2023-04,False,False
TK61470,2023-04-15 05:25:00,chat,account,normal,Unable to add a teammate,76.0,2023-04-16 10:36:09,True,5.0,1751.15,False,True,2023-04,False,False
TK60827,2023-04-15 06:00:00,chat,technical,normal,Error when export my data,129.0,2023-04-15 11:50:53,False,4.0,350.8833333333333,False,True,2023-04,False,False
TK62577,2023-04-15 07:00:00,in-app,technical,high,Question about add a teammate,39.0,2023-04-15 22:41:49,False,5.0,941.8166666666667,False,True,2023-04,False,False
TK60742,2023-04-15 07:37:00,chat,billing,urgent,Error when add a teammate,34.0,2023-04-15 11:21:38,False,,224.63333333333333,False,False,2023-04,False,False
TK61610,2023-04-15 07:47:00,email,technical,normal,Issue with connecting the Snowflake sync,40.0,2023-04-17 16:36:41,False,,3409.6833333333334,False,False,2023-04,False,False
TK62799,2023-04-15 08:18:00,email,onboarding,urgent,Issue with a duplicate charge,18.0,2023-04-15 15:36:48,False,1.0,438.8,False,True,2023-04,False,False
TK62820,2023-04-15 09:25:00,phone,technical,urgent,Issue with add a teammate,37.0,2023-04-15 19:36:52,False,,611.8666666666667,False,False,2023-04,False,False
TK61152,2023-04-15 09:33:00,in-app,onboarding,normal,Error when add a teammate,248.0,2023-04-17 07:19:03,False,,2746.05,False,False,2023-04,False,False
TK61853,2023-04-15 11:06:00,phone,onboarding,normal,Question about the dashboard loading slowly,97.0,2023-04-16 00:55:48,False,,829.8,False,False,2023-04,False,False
TK63200,2023-04-15 12:21:00,phone,technical,low,How do I connecting the Snowflake sync,,2023-05-01 20:19:09,False,5.0,23518.15,False,True,2023-04,False,True
TK60864,2023-04-15 12:50:00,in-app,billing,high,Issue with add a teammate,101.0,2023-04-15 13:42:45,False,,52.75,False,False,2023-04,False,False
TK62818,2023-04-15 13:04:00,chat,onboarding,normal,Issue with two-factor authentication,136.0,2023-04-16 09:00:09,False,,1196.15,False,False,2023-04,False,False
TK62229,2023-04-15 13:46:00,in-app,billing,normal,Error when downgrade my plan,83.0,2023-04-21 09:54:40,True,5.0,8408.666666666666,False,True,2023-04,False,False
TK61895,2023-04-15 14:56:00,email,integrations,normal,Request to a refund for an annual plan,70.0,2023-04-16 20:12:06,False,2.0,1756.1,False,True,2023-04,False,False
TK61434,2023-04-15 15:13:00,chat,technical,high,Issue with the dashboard loading slowly,50.0,2023-04-17 01:40:05,False,,2067.0833333333335,False,False,2023-04,False,False
TK60845,2023-04-15 15:39:00,email,onboarding,normal,Cannot downgrade my plan,55.0,2023-04-16 21:14:39,False,4.0,1775.65,False,True,2023-04,False,False
TK63596,2023-04-15 18:32:00,phone,billing,low,Question about the API rate limit,185.0,2023-04-17 10:27:28,False,,2395.4666666666667,False,False,2023-04,False,False
TK60146,2023-04-15 18:41:00,email,onboarding,normal,Unable to webhook deliveries failing,31.0,2023-04-16 04:01:41,False,1.0,560.6833333333333,False,True,2023-04,False,False
TK63673,2023-04-15 23:36:00,chat,billing,high,Issue with log in after password reset,83.0,2023-04-16 03:17:52,True,,221.86666666666667,False,False,2023-04,False,False
TK62562,2023-04-16 00:32:00,email,account,high,Request to add a teammate,14.0,2023-04-17 14:47:21,False,,2295.35,False,False,2023-04,False,False
TK62544,2023-04-16 06:29:00,in-app,billing,high,How do I downgrade my plan,18.0,2023-04-20 14:57:25,False,,6268.416666666667,False,False,2023-04,False,False
TK60498,2023-04-16 07:06:00,email,technical,high,How do I log in after password reset,38.0,2023-04-16 21:33:26,False,,867.4333333333333,False,False,2023-04,False,False
TK62901,2023-04-16 07:51:00,in-app,account,high,Error when two-factor authentication,106.0,2023-04-16 19:08:14,False,,677.2333333333333,False,False,2023-04,False,False
TK60087,2023-04-16 08:28:00,email,billing,normal,Request to connecting the Snowflake sync,92.0,2023-04-21 12:47:49,False,,7459.816666666667,False,False,2023-04,False,False
TK60162,2023-04-16 08:53:00,chat,integrations,normal,Issue with export my data,131.0,2023-04-16 22:15:47,False,,802.7833333333333,False,False,2023-04,False,False
TK61080,2023-04-16 11:15:00,in-app,billing,normal,Unable to export my data,135.0,2023-04-17 21:30:58,False,,2055.9666666666667,False,False,2023-04,False,False
TK63676,2023-04-16 14:07:00,in-app,billing,normal,Cannot the API rate limit,129.0,2023-04-16 20:33:23,True,4.0,386.3833333333333,False,True,2023-04,False,False
TK60010,2023-04-16 16:30:00,email,billing,normal,Unable to downgrade my plan,148.0,2023-04-18 17:52:59,False,,2962.983333333333,False,False,2023-04,False,False
TK62337,2023-04-16 20:30:00,in-app,onboarding,high,Unable to export my data,220.0,2023-04-17 11:45:47,False,,915.7833333333333,False,False,2023-04,False,False
TK62171,2023-04-16 21:27:00,email,integrations,low,Request to downgrade my plan,47.0,2023-04-18 03:14:49,False,,1787.8166666666666,False,False,2023-04,False,False
TK63182,2023-04-16 23:25:00,email,billing,normal,Issue with two-factor authentication,385.0,,False,,,True,False,2023-04,False,False
TK60932,2023-04-17 03:40:00,email,technical,low,Cannot export my data,155.0,2023-04-18 14:17:43,False,,2077.7166666666667,False,False,2023-04,False,False
TK62493,2023-04-17 08:22:00,chat,account,normal,Request to downgrade my plan,262.0,2023-04-17 13:55:58,False,,333.96666666666664,False,False,2023-04,False,False
TK61361,2023-04-17 09:41:00,phone,account,urgent,How do I webhook deliveries failing,13.0,2023-04-17 13:21:18,False,,220.3,False,False,2023-04,False,False
TK61728,2023-04-17 12:11:00,in-app,integrations,normal,How do I downgrade my plan,188.0,2023-04-19 16:40:39,False,,3149.65,False,False,2023-04,False,False
TK62557,2023-04-17 15:19:00,in-app,billing,normal,How do I the dashboard loading slowly,82.0,2023-04-18 05:56:40,False,2.0,877.6666666666666,False,True,2023-04,False,False
TK62836,2023-04-17 18:19:00,email,technical,normal,How do I log in after password reset,162.0,2023-04-22 12:05:33,False,4.0,6826.55,False,True,2023-04,False,False
TK61007,2023-04-17 20:03:00,chat,technical,normal,Unable to the invoice for last month,105.0,2023-04-18 14:59:08,False,,1136.1333333333334,False,False,2023-04,False,False
TK62139,2023-04-17 21:04:00,chat,integrations,normal,How do I the invoice for last month,92.0,2023-04-18 19:25:06,False,,1341.1,False,False,2023-04,False,False
TK62268,2023-04-17 21:23:00,in-app,integrations,high,Request to the dashboard loading slowly,58.0,2023-04-18 10:56:25,False,,813.4166666666666,False,False,2023-04,False,False
TK63947,2023-04-17 21:23:00,chat,billing,low,Question about a duplicate charge,250.0,2023-05-04 18:00:43,False,4.0,24277.716666666667,False,True,2023-04,False,True
TK63545,2023-04-17 22:32:00,in-app,technical,low,Unable to connecting the Snowflake sync,125.0,2023-05-22 12:12:19,False,,49780.316666666666,False,False,2023-04,False,True
TK60317,2023-04-18 00:22:00,email,onboarding,normal,Unable to the dashboard loading slowly,63.0,2023-04-18 22:39:59,False,,1337.9833333333333,False,False,2023-04,False,False
TK62629,2023-04-18 02:26:00,in-app,billing,high,Request to a duplicate charge,43.0,2023-04-21 15:14:31,False,,5088.516666666666,False,False,2023-04,False,False
TK62743,2023-04-18 03:41:00,chat,technical,normal,Issue with log in after password reset,46.0,2023-04-18 12:49:22,False,,548.3666666666667,False,False,2023-04,False,False
TK62608,2023-04-18 06:07:00,chat,technical,normal,Question about the API rate limit,121.0,2023-04-18 17:13:01,False,,666.0166666666667,False,False,2023-04,False,False
TK60282,2023-04-18 08:04:00,chat,billing,high,Issue with a duplicate charge,32.0,2023-04-18 15:38:12,True,4.0,454.2,False,True,2023-04,False,False
TK63387,2023-04-18 16:23:00,chat,onboarding,normal,Request to export my data,9.0,2023-04-19 06:07:28,False,5.0,824.4666666666667,False,True,2023-04,False,False
TK63575,2023-04-18 16:32:00,in-app,billing,normal,Error when the invoice for last month,94.0,2023-04-18 19:54:27,False,,202.45,False,False,2023-04,False,False
TK60707,2023-04-18 16:52:00,in-app,billing,high,Issue with connecting the Snowflake sync,87.0,2023-04-19 06:28:10,False,4.0,816.1666666666666,False,True,2023-04,False,False
TK61458,2023-04-18 20:08:00,email,technical,normal,Issue with a refund for an annual plan,75.0,2023-04-19 17:44:33,False,,1296.55,False,False,2023-04,False,False
TK63008,2023-04-18 20:21:00,in-app,account,low,Error when the invoice for last month,41.0,2023-04-24 16:42:36,False,,8421.6,False,False,2023-04,False,False
TK60202,2023-04-18 21:50:00,email,onboarding,normal,Issue with a refund for an annual plan,110.0,2023-04-19 02:09:49,False,,259.81666666666666,False,False,2023-04,False,False
TK61536,2023-04-18 22:43:00,email,integrations,high,Issue with a refund for an annual plan,58.0,2023-04-19 04:08:35,False,,325.5833333333333,False,False,2023-04,False,False
TK63244,2023-04-19 00:19:00,phone,technical,high,Issue with two-factor authentication,77.0,2023-04-19 04:47:16,False,,268.26666666666665,False,False,2023-04,False,False
TK61885,2023-04-19 08:20:00,chat,technical,normal,Request to connecting the Snowflake sync,84.0,2023-04-19 18:37:44,True,,617.7333333333333,False,False,2023-04,False,False
TK63691,2023-04-19 11:28:00,chat,technical,normal,Unable to a refund for an annual plan,40.0,2023-04-24 03:42:58,False,2.0,6734.966666666666,False,True,2023-04,False,False
TK61530,2023-04-19 17:23:00,phone,billing,low,Error when webhook deliveries failing,67.0,2023-04-20 16:38:49,False,,1395.8166666666666,False,False,2023-04,False,False
TK62551,2023-04-19 21:05:00,email,technical,normal,Unable to add a teammate,92.0,2023-04-28 02:02:07,False,,11817.116666666667,False,False,2023-04,False,True
TK61581,2023-04-19 21:23:00,phone,technical,normal,Error when export my data,154.0,2023-04-21 00:23:57,False,,1620.95,False,False,2023-04,False,False
TK61690,2023-04-19 22:25:00,in-app,billing,high,Cannot add a teammate,46.0,2023-04-20 06:51:38,False,5.0,506.6333333333333,False,True,2023-04,False,False
TK60328,2023-04-19 22:55:00,email,billing,low,Issue with the dashboard loading slowly,292.0,2023-04-20 23:54:18,False,3.0,1499.3,False,True,2023-04,False,False
TK63133,2023-04-20 01:58:00,chat,onboarding,high,Request to a duplicate charge,27.0,2023-04-20 16:53:25,False,,895.4166666666666,False,False,2023-04,False,False
TK62751,2023-04-20 10:12:00,chat,account,normal,Unable to the dashboard loading slowly,49.0,2023-04-21 02:26:27,False,,974.45,False,False,2023-04,False,False
TK60451,2023-04-20 12:36:00,chat,technical,normal,Issue with the API rate limit,,2023-05-14 18:51:29,False,,34935.48333333333,False,False,2023-04,False,True
TK62602,2023-04-20 16:13:00,in-app,technical,normal,How do I log in after password reset,124.0,2023-04-21 23:09:53,False,,1856.8833333333334,False,False,2023-04,False,False
TK60972,2023-04-20 16:46:00,chat,billing,normal,Cannot connecting the Snowflake sync,7.0,2023-04-21 13:19:49,False,,1233.8166666666666,False,False,2023-04,False,False
TK60509,2023-04-20 17:42:00,chat,integrations,low,Request to webhook deliveries failing,811.0,2023-04-29 12:37:10,False,,12655.166666666666,False,False,2023-04,True,True
TK62426,2023-04-20 19:14:00,in-app,onboarding,urgent,Unable to a refund for an annual plan,22.0,2023-04-20 21:42:46,False,,148.76666666666668,False,False,2023-04,False,False
TK62467,2023-04-20 21:27:00,email,technical,high,Issue with a refund for an annual plan,12.0,2023-04-22 07:44:13,False,2.0,2057.2166666666667,False,True,2023-04,False,False
TK61321,2023-04-21 04:10:00,phone,account,normal,Cannot add a teammate,21.0,2023-05-14 22:06:59,False,,34196.98333333333,False,False,2023-04,False,True
TK60354,2023-04-21 04:41:00,email,technical,normal,Request to the invoice for last month,14.0,2023-04-22 07:51:06,False,,1630.1,False,False,2023-04,False,False
TK61657,2023-04-21 07:57:00,chat,technical,high,Unable to log in after password reset,20.0,2023-04-22 17:03:00,False,,1986.0,False,False,2023-04,False,False
TK62856,2023-04-21 11:07:00,in-app,technical,normal,Issue with a refund for an annual plan,189.0,2023-04-25 07:31:17,False,5.0,5544.283333333334,False,True,2023-04,False,False
TK60173,2023-04-21 14:27:00,chat,account,low,Issue with a duplicate charge,48.0,2023-04-22 09:07:31,False,,1120.5166666666667,False,False,2023-04,False,False
TK61121,2023-04-21 15:54:00,email,onboarding,low,How do I log in after password reset,253.0,2023-04-24 03:27:38,False,,3573.633333333333,False,False,2023-04,False,False
TK63623,2023-04-21 16:45:00,email,integrations,low,Request to a duplicate charge,659.0,2023-04-23 13:31:56,False,,2686.9333333333334,False,False,2023-04,True,False
TK60192,2023-04-21 17:52:00,email,billing,normal,Question about the dashboard loading slowly,117.0,2023-04-22 11:44:28,True,4.0,1072.4666666666667,False,True,2023-04,False,False
TK62843,2023-04-22 01:39:00,in-app,integrations,normal,Error when add a teammate,63.0,2023-04-22 14:04:24,False,4.0,745.4,False,True,2023-04,False,False
TK61490,2023-04-22 02:03:00,chat,account,normal,Cannot two-factor authentication,107.0,,False,,,True,False,2023-04,False,False
TK60230,2023-04-22 03:25:00,chat,integrations,high,Cannot two-factor authentication,4.0,2023-04-24 05:23:49,False,4.0,2998.8166666666666,False,True,2023-04,False,False
TK63478,2023-04-22 03:37:00,chat,onboarding,normal,Request to the invoice for last month,196.0,2023-04-22 08:57:59,False,5.0,320.98333333333335,False,True,2023-04,False,False
TK62839,2023-04-22 04:59:00,email,technical,normal,Issue with a refund for an annual plan,,2023-04-23 15:48:36,False,5.0,2089.6,False,True,2023-04,False,False
TK61313,2023-04-22 06:18:00,email,integrations,urgent,How do I a refund for an annual plan,47.0,2023-04-22 11:59:00,False,,341.0,False,False,2023-04,False,False
TK61232,2023-04-22 07:21:00,chat,technical,normal,Issue with downgrade my plan,74.0,2023-04-24 09:35:03,False,,3014.05,False,False,2023-04,False,False
TK63258,2023-04-22 10:58:00,in-app,technical,low,Unable to a refund for an annual plan,77.0,2023-05-19 17:23:32,False,,39265.53333333333,False,False,2023-04,False,True
TK60400,2023-04-22 14:09:00,phone,onboarding,normal,Request to two-factor authentication,75.0,2023-04-23 04:34:44,False,,865.7333333333333,False,False,2023-04,False,False
TK63574,2023-04-22 16:27:00,email,billing,low,Request to a refund for an annual plan,262.0,2023-04-24 08:07:55,False,5.0,2380.9166666666665,False,True,2023-04,False,False
TK63489,2023-04-22 16:28:00,email,technical,low,Unable to webhook deliveries failing,640.0,2023-04-24 09:59:43,False,5.0,2491.7166666666667,False,True,2023-04,True,False
TK60684,2023-04-22 17:27:00,chat,billing,high,Request to downgrade my plan,81.0,2023-04-25 02:25:21,True,,3418.35,False,False,2023-04,False,False
TK60776,2023-04-22 18:06:00,chat,account,high,How do I export my data,312.0,2023-04-23 04:26:10,False,,620.1666666666666,False,False,2023-04,False,False
TK63056,2023-04-22 18:38:00,email,onboarding,normal,Question about the API rate limit,89.0,2023-04-25 03:12:38,False,2.0,3394.633333333333,False,True,2023-04,False,False
TK60895,2023-04-22 18:41:00,in-app,account,high,How do I the dashboard loading slowly,117.0,2023-04-23 01:05:14,False,1.0,384.23333333333335,False,True,2023-04,False,False
TK61947,2023-04-23 00:03:00,chat,billing,normal,How do I two-factor authentication,764.0,2023-04-25 17:30:34,False,,3927.5666666666666,False,False,2023-04,True,False
TK60014,2023-04-23 05:52:00,chat,onboarding,low,Cannot the dashboard loading slowly,186.0,2023-04-26 12:13:26,False,,4701.433333333333,False,False,2023-04,False,False
TK60515,2023-04-23 09:12:00,chat,billing,normal,Issue with a duplicate charge,27.0,2023-04-23 18:25:52,False,,553.8666666666667,False,False,2023-04,False,False
TK63274,2023-04-23 17:14:00,in-app,onboarding,low,Unable to the API rate limit,182.0,2023-04-24 15:57:22,False,5.0,1363.3666666666666,False,True,2023-04,False,False
TK63381,2023-04-23 17:30:00,email,billing,low,Request to the dashboard loading slowly,333.0,2023-05-03 13:07:30,False,,14137.5,False,False,2023-04,False,True
TK61316,2023-04-23 20:10:00,email,technical,low,Question about a duplicate charge,,2023-04-25 15:11:10,False,,2581.1666666666665,False,False,2023-04,False,False
TK62898,2023-04-24 02:19:00,email,onboarding,normal,Issue with a duplicate charge,346.0,2023-04-24 12:26:40,False,5.0,607.6666666666666,False,True,2023-04,False,False
TK61607,2023-04-24 02:38:00,email,billing,high,Cannot downgrade my plan,17.0,2023-04-24 16:12:08,False,,814.1333333333333,False,False,2023-04,False,False
TK61503,2023-04-24 03:11:00,chat,technical,normal,Unable to log in after password reset,121.0,2023-04-30 11:12:56,False,,9121.933333333332,False,False,2023-04,False,True
TK63248,2023-04-24 05:02:00,email,billing,high,Question about downgrade my plan,19.0,2023-04-24 06:28:20,False,,86.33333333333333,False,False,2023-04,False,False
TK63395,2023-04-24 05:06:00,in-app,billing,normal,Unable to log in after password reset,37.0,2023-04-24 11:17:20,False,,371.3333333333333,False,False,2023-04,False,False
TK60795,2023-04-24 06:36:00,email,integrations,low,Unable to a duplicate charge,94.0,2023-04-25 19:02:13,True,4.0,2186.2166666666667,False,True,2023-04,False,False
TK63848,2023-04-24 08:04:00,chat,technical,normal,How do I log in after password reset,159.0,2023-04-26 07:24:53,False,5.0,2840.883333333333,False,True,2023-04,False,False
TK61019,2023-04-24 09:02:00,in-app,technical,low,Cannot add a teammate,,2023-04-26 22:08:25,False,,3666.4166666666665,False,False,2023-04,False,False
TK63390,2023-04-24 09:41:00,chat,integrations,high,Cannot the invoice for last month,105.0,2023-04-25 15:22:55,False,4.0,1781.9166666666667,False,True,2023-04,False,False
TK63804,2023-04-24 14:15:00,email,integrations,normal,Request to the API rate limit,135.0,2023-04-24 18:05:36,False,5.0,230.6,False,True,2023-04,False,False
TK61090,2023-04-24 19:41:00,chat,billing,urgent,Cannot two-factor authentication,28.0,2023-04-24 22:00:41,False,,139.68333333333334,False,False,2023-04,False,False
TK60868,2023-04-24 20:52:00,chat,technical,low,How do I add a teammate,406.0,,False,,,True,False,2023-04,True,False
TK60806,2023-04-25 01:35:00,email,account,normal,Cannot the API rate limit,23.0,2023-04-25 23:03:33,False,,1288.55,False,False,2023-04,False,False
TK60265,2023-04-25 03:37:00,email,billing,normal,Unable to the API rate limit,184.0,2023-04-26 05:35:23,False,,1558.3833333333334,False,False,2023-04,False,False
TK62831,2023-04-25 04:37:00,chat,technical,normal,Issue with a refund for an annual plan,187.0,2023-04-26 12:23:12,False,,1906.2,False,False,2023-04,False,False
TK60447,2023-04-25 06:07:00,in-app,account,normal,Error when connecting the Snowflake sync,187.0,2023-04-25 22:32:14,False,,985.2333333333333,False,False,2023-04,False,False
TK61414,2023-04-25 07:31:00,email,integrations,normal,Request to add a teammate,195.0,2023-04-26 00:20:21,False,,1009.35,False,False,2023-04,False,False
TK60837,2023-04-25 13:37:00,chat,billing,normal,Request to export my data,135.0,2023-04-25 22:32:05,False,4.0,535.0833333333334,False,True,2023-04,False,False
TK63441,2023-04-25 13:58:00,in-app,account,low,Issue with a duplicate charge,463.0,2023-04-26 03:33:01,False,5.0,815.0166666666667,False,True,2023-04,True,False
TK60110,2023-04-25 14:48:00,email,technical,low,Request to log in after password reset,615.0,2023-05-06 03:44:25,False,5.0,15176.416666666666,False,True,2023-04,True,True
TK62192,2023-04-25 15:24:00,phone,integrations,normal,Error when add a teammate,383.0,2023-04-27 03:47:42,True,,2183.7,False,False,2023-04,False,False
TK61022,2023-04-25 17:41:00,email,technical,normal,Unable to a refund for an annual plan,441.0,2023-04-27 10:08:33,False,,2427.55,False,False,2023-04,True,False
TK60066,2023-04-26 09:45:00,in-app,billing,low,How do I connecting the Snowflake sync,260.0,2023-04-30 21:29:43,False,,6464.716666666666,False,False,2023-04,False,False
TK62959,2023-04-26 14:29:00,phone,technical,normal,Unable to the invoice for last month,52.0,2023-04-29 01:13:49,False,,3524.8166666666666,False,False,2023-04,False,False
TK61984,2023-04-26 17:48:00,chat,billing,low,How do I connecting the Snowflake sync,25.0,2023-04-27 06:37:24,True,,769.4,False,False,2023-04,False,False
TK61612,2023-04-26 18:19:00,in-app,onboarding,urgent,How do I add a teammate,9.0,2023-04-26 19:54:53,False,,95.88333333333334,False,False,2023-04,False,False
TK61453,2023-04-26 19:29:00,email,technical,normal,Question about a refund for an annual plan,66.0,2023-04-28 15:10:47,False,1.0,2621.7833333333333,False,True,2023-04,False,False
TK60914,2023-04-27 00:00:00,in-app,technical,normal,Request to connecting the Snowflake sync,33.0,2023-05-01 07:36:59,False,,6216.983333333334,False,False,2023-04,False,False
TK60419,2023-04-27 00:17:00,in-app,account,normal,Issue with log in after password reset,140.0,2023-04-27 15:00:48,False,4.0,883.8,False,True,2023-04,False,False
TK60362,2023-04-27 05:46:00,phone,technical,normal,Question about a duplicate charge,45.0,2023-04-30 01:49:20,False,3.0,4083.3333333333335,False,True,2023-04,False,False
TK60237,2023-04-27 08:16:00,chat,technical,urgent,Error when downgrade my plan,2.0,2023-04-27 20:59:06,False,,763.1,False,False,2023-04,False,False
TK63384,2023-04-27 12:32:00,email,integrations,normal,How do I a duplicate charge,61.0,2023-04-28 12:02:07,False,5.0,1410.1166666666666,False,True,2023-04,False,False
TK62302,2023-04-27 21:45:00,email,account,high,Issue with the invoice for last month,68.0,2023-04-28 15:49:54,False,1.0,1084.9,False,True,2023-04,False,False
TK63422,2023-04-28 01:04:00,email,onboarding,normal,Unable to the invoice for last month,,2023-04-28 09:54:10,False,,530.1666666666666,False,False,2023-04,False,False
TK61187,2023-04-28 03:58:00,chat,billing,urgent,Request to a refund for an annual plan,20.0,2023-04-28 10:14:28,False,5.0,376.46666666666664,False,True,2023-04,False,False
TK60871,2023-04-28 05:23:00,email,technical,urgent,How do I add a teammate,22.0,2023-04-28 07:17:29,False,,114.48333333333333,False,False,2023-04,False,False
TK60623,2023-04-28 16:14:00,email,technical,urgent,Question about webhook deliveries failing,12.0,2023-04-28 18:01:12,False,,107.2,False,False,2023-04,False,False
TK60787,2023-04-28 18:50:00,chat,billing,high,Error when export my data,17.0,2023-05-01 10:05:56,False,5.0,3795.9333333333334,False,True,2023-04,False,False
TK61883,2023-04-28 20:09:00,in-app,billing,normal,Unable to two-factor authentication,198.0,2023-05-04 16:25:13,False,,8416.216666666667,False,False,2023-04,False,False
TK61216,2023-04-28 20:35:00,email,technical,urgent,Question about log in after password reset,52.0,2023-04-29 02:19:35,False,,344.5833333333333,False,False,2023-04,False,False
TK63264,2023-04-28 22:57:00,email,billing,normal,Question about log in after password reset,71.0,2023-04-29 00:44:54,False,5.0,107.9,False,True,2023-04,False,False
TK61126,2023-04-29 10:58:00,email,onboarding,low,Request to log in after password reset,147.0,2023-05-02 23:13:41,False,4.0,5055.683333333333,False,True,2023-04,False,False
TK63420,2023-04-29 11:21:00,email,integrations,normal,Cannot the invoice for last month,29.0,2023-04-29 17:34:53,False,,373.8833333333333,False,False,2023-04,False,False
TK60337,2023-04-29 12:06:00,email,integrations,normal,Request to a duplicate charge,34.0,2023-05-01 19:28:13,False,5.0,3322.2166666666667,False,True,2023-04,False,False
TK63294,2023-04-29 13:06:00,phone,integrations,normal,Request to two-factor authentication,,2023-05-01 00:40:49,False,,2134.8166666666666,False,False,2023-04,False,False
TK60151,2023-04-29 13:45:00,email,technical,high,Request to two-factor authentication,17.0,2023-04-30 02:28:41,False,,763.6833333333333,False,False,2023-04,False,False
TK61163,2023-04-29 17:50:00,phone,technical,urgent,Question about a duplicate charge,83.0,2023-05-01 21:43:10,False,,3113.1666666666665,False,False,2023-04,False,False
TK61920,2023-04-29 17:57:00,chat,integrations,low,Request to webhook deliveries failing,366.0,,False,,,True,False,2023-04,False,False
TK62246,2023-04-29 18:15:00,email,integrations,normal,Issue with a refund for an annual plan,83.0,2023-05-01 22:33:38,False,,3138.633333333333,False,False,2023-04,False,False
TK61526,2023-04-29 20:41:00,email,account,normal,Unable to downgrade my plan,,2023-04-30 10:42:01,False,,841.0166666666667,False,False,2023-04,False,False
TK60743,2023-04-29 20:56:00,email,account,low,Unable to the API rate limit,105.0,,False,,,True,False,2023-04,False,False
TK62378,2023-04-29 22:13:00,email,integrations,normal,Unable to the invoice for last month,354.0,2023-04-30 01:28:32,False,4.0,195.53333333333333,False,True,2023-04,False,False
TK61636,2023-04-29 23:02:00,phone,onboarding,normal,Error when connecting the Snowflake sync,467.0,2023-05-01 23:11:16,False,,2889.266666666667,False,False,2023-04,True,False
TK60736,2023-04-30 10:21:00,in-app,technical,high,Error when a duplicate charge,28.0,2023-04-30 16:30:35,False,,369.5833333333333,False,False,2023-04,False,False
TK63563,2023-04-30 11:46:00,email,technical,high,Request to the API rate limit,38.0,2023-05-09 01:23:19,False,,12337.316666666668,False,False,2023-04,False,True
TK63914,2023-04-30 12:11:00,chat,onboarding,low,Request to the dashboard loading slowly,118.0,2023-05-06 20:30:19,False,4.0,9139.316666666668,False,True,2023-04,False,True
TK63246,2023-04-30 13:46:00,chat,technical,high,Unable to downgrade my plan,34.0,,False,,,True,False,2023-04,False,False
TK60542,2023-04-30 13:53:00,chat,account,normal,How do I connecting the Snowflake sync,25.0,2023-05-02 09:49:56,False,,2636.9333333333334,False,False,2023-04,False,False
TK62894,2023-04-30 15:09:00,in-app,technical,low,Error when a duplicate charge,217.0,2023-05-06 18:40:06,False,,8851.1,False,False,2023-04,False,True
TK60430,2023-04-30 15:10:00,in-app,billing,urgent,Cannot the API rate limit,2.0,2023-04-30 17:33:12,False,,143.2,False,False,2023-04,False,False
TK61135,2023-04-30 23:57:00,email,billing,low,Issue with add a teammate,133.0,2023-05-04 22:07:34,True,,5650.566666666667,False,False,2023-04,False,False
TK61100,2023-05-01 00:02:00,phone,billing,urgent,Cannot connecting the Snowflake sync,15.0,2023-05-01 08:44:55,False,,522.9166666666666,False,False,2023-05,False,False
TK62002,2023-05-01 00:19:00,chat,technical,normal,Issue with the dashboard loading slowly,28.0,2023-05-01 22:20:33,False,5.0,1321.55,False,True,2023-05,False,False
TK61784,2023-05-01 01:02:00,in-app,onboarding,high,How do I a duplicate charge,39.0,2023-05-01 08:24:41,False,5.0,442.68333333333334,False,True,2023-05,False,False
TK62165,2023-05-01 01:17:00,email,onboarding,normal,How do I log in after password reset,61.0,2023-05-01 04:51:55,False,5.0,214.91666666666666,False,True,2023-05,False,False
TK61285,2023-05-01 07:02:00,email,billing,normal,Cannot export my data,178.0,2023-05-01 11:03:34,False,,241.56666666666666,False,False,2023-05,False,False
TK61388,2023-05-01 07:26:00,email,onboarding,low,Unable to connecting the Snowflake sync,136.0,2023-05-11 14:27:42,True,5.0,14821.7,False,True,2023-05,False,True
TK63118,2023-05-01 12:11:00,email,integrations,low,Error when export my data,30.0,2023-05-21 23:36:02,False,3.0,29485.033333333333,False,True,2023-05,False,True
TK63013,2023-05-01 12:59:00,chat,integrations,normal,How do I two-factor authentication,88.0,2023-05-05 08:40:49,False,1.0,5501.816666666667,False,True,2023-05,False,False
TK61379,2023-05-01 13:02:00,chat,technical,normal,Issue with webhook deliveries failing,33.0,2023-05-02 04:48:00,False,,946.0,False,False,2023-05,False,False
TK60984,2023-05-01 18:52:00,chat,integrations,low,Cannot log in after password reset,533.0,2023-05-01 20:23:38,False,,91.63333333333334,False,False,2023-05,True,False
TK62034,2023-05-01 21:10:00,email,technical,normal,Error when the dashboard loading slowly,190.0,2023-05-03 03:41:18,False,,1831.3,False,False,2023-05,False,False
TK62725,2023-05-02 03:33:00,chat,integrations,normal,Unable to the invoice for last month,29.0,2023-05-19 13:04:39,False,,25051.65,False,False,2023-05,False,True
TK62944,2023-05-02 05:57:00,email,onboarding,high,Error when the dashboard loading slowly,26.0,2023-05-02 08:00:36,False,,123.6,False,False,2023-05,False,False
TK60380,2023-05-02 05:58:00,chat,account,high,Request to downgrade my plan,55.0,,False,,,True,False,2023-05,False,False
TK61717,2023-05-02 06:31:00,chat,technical,normal,Issue with downgrade my plan,121.0,2023-05-02 11:59:25,False,,328.4166666666667,False,False,2023-05,False,False
TK60689,2023-05-02 07:37:00,email,integrations,normal,Unable to log in after password reset,,2023-05-10 11:58:11,False,,11781.183333333332,False,False,2023-05,False,True
TK60297,2023-05-02 08:10:00,chat,integrations,high,Unable to two-factor authentication,64.0,2023-05-06 01:51:41,False,5.0,5381.683333333333,False,True,2023-05,False,False
TK60614,2023-05-02 10:48:00,email,account,high,How do I two-factor authentication,40.0,2023-05-02 14:29:24,False,4.0,221.4,False,True,2023-05,False,False
TK61650,2023-05-02 11:16:00,phone,billing,urgent,How do I export my data,16.0,2023-05-02 19:55:04,False,,519.0666666666667,False,False,2023-05,False,False
TK61707,2023-05-02 11:53:00,phone,technical,normal,Request to the invoice for last month,137.0,2023-05-10 01:15:52,False,,10882.866666666667,False,False,2023-05,False,True
TK63176,2023-05-02 11:54:00,email,technical,low,Issue with the dashboard loading slowly,773.0,2023-05-02 19:41:40,False,,467.6666666666667,False,False,2023-05,True,False
TK63146,2023-05-02 15:30:00,in-app,integrations,normal,Error when a refund for an annual plan,53.0,2023-05-04 16:49:22,False,,2959.366666666667,False,False,2023-05,False,False
TK63504,2023-05-02 17:11:00,phone,integrations,high,Issue with two-factor authentication,241.0,2023-05-07 02:15:02,False,4.0,6304.033333333334,False,True,2023-05,False,False
TK60596,2023-05-03 02:57:00,email,integrations,normal,Error when add a teammate,157.0,2023-05-04 04:47:13,False,,1550.2166666666667,False,False,2023-05,False,False
TK61339,2023-05-03 05:29:00,chat,account,normal,Cannot the dashboard loading slowly,20.0,2023-05-03 14:56:55,False,,567.9166666666666,False,False,2023-05,False,False
TK63315,2023-05-03 06:25:00,phone,technical,normal,Request to a refund for an annual plan,101.0,2023-05-05 10:01:17,False,5.0,3096.2833333333333,False,True,2023-05,False,False
TK62164,2023-05-03 06:35:00,chat,technical,normal,Error when export my data,142.0,2023-05-06 17:24:34,False,1.0,4969.566666666667,False,True,2023-05,False,False
TK62256,2023-05-03 07:25:00,chat,integrations,low,Unable to two-factor authentication,423.0,2023-05-03 15:18:33,False,,473.55,False,False,2023-05,True,False
TK60316,2023-05-03 07:50:00,phone,account,normal,Error when export my data,192.0,2023-05-04 13:33:09,False,,1783.15,False,False,2023-05,False,False
TK61819,2023-05-03 08:10:00,email,technical,normal,Request to webhook deliveries failing,122.0,2023-05-04 08:58:12,False,,1488.2,False,False,2023-05,False,False
TK61867,2023-05-03 11:43:00,in-app,technical,high,Question about a duplicate charge,51.0,2023-05-03 21:20:59,False,5.0,577.9833333333333,False,True,2023-05,False,False
TK63449,2023-05-03 18:49:00,email,integrations,high,Error when two-factor authentication,19.0,2023-05-05 00:47:19,False,,1798.3166666666666,False,False,2023-05,False,False
TK63221,2023-05-03 20:15:00,in-app,technical,low,Request to log in after password reset,723.0,2023-07-31 14:43:50,False,3.0,127828.83333333333,False,True,2023-05,True,True
TK60454,2023-05-03 22:03:00,email,account,normal,How do I two-factor authentication,266.0,2023-05-04 16:39:06,False,5.0,1116.1,False,True,2023-05,False,False
TK61356,2023-05-03 23:34:00,phone,technical,normal,How do I the invoice for last month,141.0,2023-05-04 11:12:21,False,,698.35,False,False,2023-05,False,False
TK62321,2023-05-04 04:33:00,email,onboarding,high,How do I a refund for an annual plan,48.0,2023-05-04 08:07:14,False,,214.23333333333332,False,False,2023-05,False,False
TK63065,2023-05-04 04:36:00,email,account,low,Question about the API rate limit,154.0,2023-05-07 22:59:41,False,,5423.683333333333,False,False,2023-05,False,False
TK63972,2023-05-04 05:41:00,email,onboarding,normal,Unable to log in after password reset,141.0,2023-05-05 12:13:58,True,1.0,1832.9666666666667,False,True,2023-05,False,False
TK63812,2023-05-04 05:59:00,phone,technical,low,Question about the dashboard loading slowly,233.0,2023-05-06 14:56:52,False,,3417.866666666667,False,False,2023-05,False,False
TK63589,2023-05-04 09:33:00,email,billing,high,How do I export my data,39.0,2023-05-06 05:18:46,False,1.0,2625.766666666667,False,True,2023-05,False,False
TK60268,2023-05-04 09:37:00,in-app,billing,normal,Issue with export my data,,2023-05-05 21:03:00,False,5.0,2126.0,False,True,2023-05,False,False
TK61861,2023-05-04 11:16:00,email,account,normal,Unable to two-factor authentication,43.0,,False,,,True,False,2023-05,False,False
TK61063,2023-05-04 14:01:00,chat,account,normal,Error when export my data,62.0,2023-05-06 07:19:39,False,,2478.65,False,False,2023-05,False,False
TK60184,2023-05-04 16:02:00,email,integrations,normal,Issue with downgrade my plan,476.0,2023-05-08 00:56:52,False,4.0,4854.866666666667,False,True,2023-05,True,False
TK62622,2023-05-04 20:32:00,phone,account,normal,Cannot connecting the Snowflake sync,26.0,2023-05-05 03:47:09,False,4.0,435.15,False,True,2023-05,False,False
TK62906,2023-05-04 22:45:00,phone,technical,normal,Request to add a teammate,300.0,2023-05-14 03:12:36,False,,13227.6,False,False,2023-05,False,True
TK61179,2023-05-04 23:27:00,in-app,account,normal,How do I add a teammate,129.0,2023-05-06 01:54:03,False,4.0,1587.05,False,True,2023-05,False,False
TK62466,2023-05-05 05:24:00,email,account,high,Request to log in after password reset,100.0,2023-05-05 09:44:37,False,,260.6166666666667,False,False,2023-05,False,False
TK61638,2023-05-05 09:57:00,chat,technical,normal,Cannot the dashboard loading slowly,61.0,2023-05-07 12:36:11,False,,3039.1833333333334,False,False,2023-05,False,False
TK63234,2023-05-05 10:42:00,email,technical,normal,Unable to the API rate limit,63.0,2023-05-06 03:19:46,False,5.0,997.7666666666667,False,True,2023-05,False,False
TK60353,2023-05-05 12:28:00,email,account,low,Issue with add a teammate,469.0,2023-05-07 00:28:18,True,,2160.3,False,False,2023-05,True,False
TK63507,2023-05-05 19:52:00,email,integrations,high,Cannot the invoice for last month,50.0,2023-05-12 02:31:22,False,,9039.366666666667,False,False,2023-05,False,True
TK60311,2023-05-05 20:21:00,email,account,normal,Issue with a duplicate charge,152.0,2023-05-06 18:49:06,True,,1348.1,False,False,2023-05,False,False
TK63359,2023-05-05 21:14:00,chat,billing,normal,Cannot log in after password reset,282.0,2023-05-09 01:55:50,False,,4601.833333333333,False,False,2023-05,False,False
TK60708,2023-05-06 02:31:00,email,integrations,normal,Cannot log in after password reset,31.0,2023-05-16 01:31:43,False,,14340.716666666667,False,False,2023-05,False,True
TK60330,2023-05-06 08:16:00,chat,billing,high,Request to webhook deliveries failing,146.0,2023-05-07 00:59:06,False,,1003.1,False,False,2023-05,False,False
TK62538,2023-05-06 08:43:00,email,onboarding,low,Error when export my data,347.0,2023-05-07 00:58:31,False,,975.5166666666667,False,False,2023-05,False,False
TK60267,2023-05-06 08:55:00,phone,technical,low,Issue with a refund for an annual plan,70.0,2023-05-12 05:16:41,False,,8421.683333333332,False,False,2023-05,False,False
TK60187,2023-05-06 12:26:00,email,integrations,high,Request to the invoice for last month,39.0,2023-05-06 14:40:37,False,,134.61666666666667,False,False,2023-05,False,False
TK63787,2023-05-06 12:40:00,email,billing,normal,Issue with two-factor authentication,35.0,2023-05-09 04:41:28,False,,3841.4666666666667,False,False,2023-05,False,False
TK62392,2023-05-06 15:38:00,chat,billing,normal,Unable to connecting the Snowflake sync,86.0,2023-05-07 02:54:07,False,,676.1166666666667,False,False,2023-05,False,False
TK60710,2023-05-06 17:33:00,in-app,technical,normal,Request to the dashboard loading slowly,30.0,2023-05-08 19:07:23,False,,2974.383333333333,False,False,2023-05,False,False
TK60472,2023-05-06 18:50:00,in-app,billing,high,Error when log in after password reset,30.0,2023-05-07 03:41:51,False,,531.85,False,False,2023-05,False,False
TK60470,2023-05-06 19:28:00,chat,technical,normal,Cannot webhook deliveries failing,542.0,2023-05-07 22:25:12,False,,1617.2,False,False,2023-05,True,False
TK60861,2023-05-06 20:21:00,phone,onboarding,low,Issue with log in after password reset,1313.0,2023-05-07 19:51:22,True,,1410.3666666666666,False,False,2023-05,True,False
TK61964,2023-05-06 23:02:00,in-app,technical,normal,Issue with a refund for an annual plan,41.0,2023-05-10 20:14:46,False,4.0,5592.766666666666,False,True,2023-05,False,False
TK60666,2023-05-07 06:42:00,email,technical,normal,Issue with export my data,146.0,2023-05-08 07:00:02,False,5.0,1458.0333333333333,False,True,2023-05,False,False
TK63719,2023-05-07 09:39:00,in-app,technical,normal,Request to export my data,84.0,2023-05-18 07:57:20,False,,15738.333333333334,False,False,2023-05,False,True
TK63084,2023-05-07 11:25:00,in-app,technical,normal,Error when connecting the Snowflake sync,92.0,2023-05-07 23:48:22,False,,743.3666666666667,False,False,2023-05,False,False
TK62852,2023-05-07 14:52:00,chat,billing,low,How do I the API rate limit,1693.0,2023-05-08 23:30:03,False,,1958.05,False,False,2023-05,True,False
TK61858,2023-05-07 15:44:00,chat,billing,high,Error when a refund for an annual plan,4.0,2023-05-08 12:02:16,False,3.0,1218.2666666666667,False,True,2023-05,False,False
TK60511,2023-05-07 16:45:00,phone,technical,high,Error when log in after password reset,24.0,2023-05-07 23:13:55,False,4.0,388.9166666666667,False,True,2023-05,False,False
TK63125,2023-05-07 18:37:00,email,account,normal,Question about downgrade my plan,81.0,2023-05-09 00:53:13,False,,1816.2166666666667,False,False,2023-05,False,False
TK63375,2023-05-07 18:50:00,email,technical,normal,Unable to connecting the Snowflake sync,186.0,2023-05-07 22:54:52,False,,244.86666666666667,False,False,2023-05,False,False
TK61997,2023-05-07 20:07:00,email,billing,normal,Error when add a teammate,,2023-05-08 03:20:40,False,,433.6666666666667,False,False,2023-05,False,False
TK61069,2023-05-07 20:13:00,chat,integrations,high,Error when a refund for an annual plan,456.0,2023-05-08 09:49:10,True,,816.1666666666666,False,False,2023-05,True,False
TK61748,2023-05-07 21:19:00,email,billing,low,Issue with add a teammate,225.0,2023-05-09 23:47:17,False,,3028.2833333333333,False,False,2023-05,False,False
TK63931,2023-05-08 01:06:00,in-app,billing,normal,Question about the API rate limit,139.0,2023-05-08 07:36:12,False,,390.2,False,False,2023-05,False,False
TK61535,2023-05-08 01:14:00,in-app,technical,normal,Unable to webhook deliveries failing,211.0,,False,,,True,False,2023-05,False,False
TK60212,2023-05-08 01:53:00,email,technical,urgent,Error when two-factor authentication,13.0,2023-05-12 08:31:14,False,,6158.233333333334,False,False,2023-05,False,False
TK61538,2023-05-08 04:19:00,chat,billing,high,Cannot the API rate limit,110.0,2023-05-08 09:57:36,False,4.0,338.6,False,True,2023-05,False,False
TK62594,2023-05-08 09:48:00,in-app,technical,urgent,How do I add a teammate,64.0,,False,,,True,False,2023-05,False,False
TK62245,2023-05-08 12:46:00,chat,billing,urgent,Request to export my data,19.0,2023-05-08 19:05:20,False,5.0,379.3333333333333,False,True,2023-05,False,False
TK63712,2023-05-08 12:48:00,email,technical,urgent,Issue with downgrade my plan,6.0,2023-05-08 18:54:35,False,,366.5833333333333,False,False,2023-05,False,False
TK61333,2023-05-08 13:03:00,chat,onboarding,normal,Request to a duplicate charge,39.0,2023-05-09 00:00:04,False,,657.0666666666667,False,False,2023-05,False,False
TK60008,2023-05-08 19:18:00,in-app,technical,low,Issue with the dashboard loading slowly,194.0,2023-05-24 04:08:07,False,5.0,22130.116666666665,False,True,2023-05,False,True
TK63101,2023-05-08 19:19:00,in-app,technical,low,Unable to a refund for an annual plan,143.0,2023-05-10 18:10:27,False,,2811.45,False,False,2023-05,False,False
TK60065,2023-05-08 20:39:00,email,billing,normal,Error when the API rate limit,290.0,2023-05-10 16:51:10,True,,2652.1666666666665,False,False,2023-05,False,False
TK63774,2023-05-08 21:47:00,email,technical,high,Issue with webhook deliveries failing,37.0,,False,,,True,False,2023-05,False,False
TK61887,2023-05-09 07:27:00,email,billing,high,Question about the invoice for last month,27.0,2023-05-09 17:39:28,False,,612.4666666666667,False,False,2023-05,False,False
TK60463,2023-05-09 08:42:00,phone,account,normal,Unable to the API rate limit,548.0,2023-05-11 19:49:31,False,,3547.516666666667,False,False,2023-05,True,False
TK63492,2023-05-09 08:51:00,phone,onboarding,high,Cannot add a teammate,,2023-05-09 18:51:40,False,,600.6666666666666,False,False,2023-05,False,False
TK63829,2023-05-09 11:08:00,email,billing,normal,Question about downgrade my plan,70.0,2023-05-10 10:25:45,False,,1397.75,False,False,2023-05,False,False
TK62581,2023-05-09 12:25:00,phone,account,low,Cannot the API rate limit,176.0,2023-05-10 08:07:17,False,,1182.2833333333333,False,False,2023-05,False,False
TK62534,2023-05-09 14:40:00,email,technical,normal,Cannot export my data,,2023-05-15 22:50:52,False,,9130.866666666667,False,False,2023-05,False,True
TK63579,2023-05-09 16:11:00,in-app,billing,low,Cannot downgrade my plan,36.0,,False,,,True,False,2023-05,False,False
TK62773,2023-05-09 16:48:00,email,technical,normal,Error when webhook deliveries failing,89.0,2023-05-12 06:29:39,False,,3701.65,False,False,2023-05,False,False
TK60959,2023-05-09 18:10:00,email,integrations,normal,Request to export my data,96.0,2023-05-11 00:16:54,False,,1806.9,False,False,2023-05,False,False
TK61817,2023-05-09 21:01:00,in-app,account,high,Error when log in after password reset,56.0,2023-05-10 12:39:10,False,5.0,938.1666666666666,False,True,2023-05,False,False
TK61153,2023-05-09 23:31:00,chat,integrations,low,Request to the dashboard loading slowly,54.0,2023-05-31 21:27:51,False,,31556.85,False,False,2023-05,False,True
TK61667,2023-05-10 02:50:00,phone,account,low,Question about the API rate limit,534.0,2023-05-11 12:54:21,False,,2044.35,False,False,2023-05,True,False
TK60808,2023-05-10 02:59:00,chat,onboarding,high,How do I connecting the Snowflake sync,37.0,2023-05-10 09:40:44,False,,401.73333333333335,False,False,2023-05,False,False
TK63346,2023-05-10 03:41:00,phone,technical,normal,Request to webhook deliveries failing,131.0,2023-05-10 22:23:03,False,5.0,1122.05,False,True,2023-05,False,False
TK62710,2023-05-10 04:37:00,phone,account,low,Error when log in after password reset,24.0,2023-05-10 23:37:42,False,5.0,1140.7,False,True,2023-05,False,False
TK61774,2023-05-10 09:16:00,chat,integrations,high,Unable to the invoice for last month,138.0,2023-05-11 04:19:16,False,4.0,1143.2666666666667,False,True,2023-05,False,False
TK63858,2023-05-10 09:34:00,chat,billing,normal,How do I the API rate limit,80.0,2023-05-10 16:00:44,True,,386.73333333333335,False,False,2023-05,False,False
TK61161,2023-05-10 10:32:00,email,billing,normal,Request to a duplicate charge,36.0,2023-05-11 11:21:01,False,,1489.0166666666667,False,False,2023-05,False,False
TK63389,2023-05-10 12:07:00,email,billing,urgent,Issue with two-factor authentication,4.0,2023-05-10 13:14:36,False,,67.6,False,False,2023-05,False,False
TK61071,2023-05-10 14:40:00,email,technical,urgent,Question about webhook deliveries failing,1.0,,False,,,True,False,2023-05,False,False
TK63839,2023-05-10 14:40:00,chat,account,high,How do I a duplicate charge,22.0,2023-05-10 16:16:59,False,4.0,96.98333333333333,False,True,2023-05,False,False
TK63095,2023-05-10 22:09:00,chat,technical,high,Error when the API rate limit,21.0,2023-05-13 03:35:34,False,,3206.5666666666666,False,False,2023-05,False,False
TK61592,2023-05-11 01:09:00,phone,integrations,normal,Request to export my data,150.0,,False,,,True,False,2023-05,False,False
TK63597,2023-05-11 02:29:00,email,technical,low,Request to a duplicate charge,305.0,2023-05-11 21:58:38,False,,1169.6333333333334,False,False,2023-05,False,False
TK63046,2023-05-11 03:59:00,phone,onboarding,urgent,Issue with connecting the Snowflake sync,4.0,2023-05-11 10:33:22,False,1.0,394.3666666666667,False,True,2023-05,False,False
TK61488,2023-05-11 08:33:00,email,billing,low,Request to the API rate limit,,2023-05-15 17:33:34,True,4.0,6300.566666666667,False,True,2023-05,False,False
TK62481,2023-05-11 08:48:00,email,integrations,normal,Error when the dashboard loading slowly,171.0,2023-05-13 00:57:56,False,4.0,2409.9333333333334,False,True,2023-05,False,False
TK60351,2023-05-11 12:47:00,chat,onboarding,high,Request to the dashboard loading slowly,58.0,2023-05-12 13:26:48,False,4.0,1479.8,False,True,2023-05,False,False
TK61617,2023-05-11 13:36:00,chat,technical,urgent,Request to downgrade my plan,8.0,2023-05-12 12:32:16,False,,1376.2666666666667,False,False,2023-05,False,False
TK60429,2023-05-11 15:00:00,chat,account,urgent,Request to webhook deliveries failing,27.0,2023-05-11 23:53:14,False,,533.2333333333333,False,False,2023-05,False,False
TK61170,2023-05-11 17:07:00,phone,technical,normal,Issue with the API rate limit,357.0,2023-05-18 07:46:10,False,,9519.166666666666,False,False,2023-05,False,True
TK60259,2023-05-11 17:29:00,in-app,account,urgent,Question about two-factor authentication,,2023-05-12 02:15:30,False,,526.5,False,False,2023-05,False,False
TK61546,2023-05-12 00:07:00,email,billing,high,Error when the dashboard loading slowly,81.0,2023-05-13 09:34:40,True,4.0,2007.6666666666667,False,True,2023-05,False,False
TK60896,2023-05-12 00:56:00,in-app,technical,normal,Question about the invoice for last month,190.0,,False,,,True,False,2023-05,False,False
TK63457,2023-05-12 01:03:00,chat,technical,normal,Issue with export my data,27.0,2023-05-15 01:24:53,False,,4341.883333333333,False,False,2023-05,False,False
TK60706,2023-05-12 01:30:00,email,technical,high,Unable to add a teammate,405.0,2023-05-12 16:23:48,False,,893.8,False,False,2023-05,True,False
TK60219,2023-05-12 01:43:00,chat,account,normal,Error when webhook deliveries failing,13.0,2023-05-14 16:33:48,False,,3770.8,False,False,2023-05,False,False
TK62112,2023-05-12 02:10:00,chat,billing,normal,Unable to the API rate limit,66.0,2023-05-17 15:26:01,False,,7996.016666666666,False,False,2023-05,False,False
TK61802,2023-05-12 02:28:00,phone,billing,urgent,Question about two-factor authentication,7.0,2023-05-12 09:04:31,True,1.0,396.51666666666665,False,True,2023-05,False,False
TK62540,2023-05-12 06:52:00,email,account,normal,Error when log in after password reset,89.0,2023-05-13 23:35:04,False,1.0,2443.0666666666666,False,True,2023-05,False,False
TK62619,2023-05-12 08:58:00,email,technical,normal,Error when downgrade my plan,23.0,2023-05-25 13:18:03,False,,18980.05,False,False,2023-05,False,True
TK61084,2023-05-12 10:56:00,phone,technical,low,Cannot downgrade my plan,152.0,2023-05-18 21:55:59,False,,9299.983333333334,False,False,2023-05,False,True
TK63126,2023-05-12 11:24:00,in-app,technical,high,Question about connecting the Snowflake sync,77.0,2023-05-12 21:45:39,False,5.0,621.65,False,True,2023-05,False,False
TK62413,2023-05-12 17:46:00,phone,technical,urgent,Question about a duplicate charge,46.0,2023-05-13 07:19:01,False,,813.0166666666667,False,False,2023-05,False,False
TK62468,2023-05-12 18:01:00,chat,account,low,How do I a refund for an annual plan,171.0,2023-05-17 19:33:33,False,,7292.55,False,False,2023-05,False,False
TK61344,2023-05-12 18:20:00,in-app,billing,low,How do I export my data,91.0,2023-05-13 17:42:08,False,,1402.1333333333334,False,False,2023-05,False,False
TK62738,2023-05-12 19:25:00,email,account,normal,Question about two-factor authentication,13.0,2023-05-13 17:09:36,False,,1304.6,False,False,2023-05,False,False
TK63730,2023-05-12 20:31:00,email,account,high,How do I add a teammate,6.0,2023-05-13 01:34:19,False,,303.31666666666666,False,False,2023-05,False,False
TK60909,2023-05-12 21:40:00,email,technical,low,Unable to a duplicate charge,180.0,2023-05-13 10:00:43,False,,740.7166666666667,False,False,2023-05,False,False
TK63564,2023-05-12 22:22:00,in-app,billing,normal,Issue with export my data,,2023-05-13 05:56:41,True,3.0,454.68333333333334,False,True,2023-05,False,False
TK63926,2023-05-12 23:12:00,chat,account,low,Question about the API rate limit,144.0,2023-05-14 18:48:23,False,,2616.383333333333,False,False,2023-05,False,False
TK62336,2023-05-13 00:01:00,email,billing,high,Error when a duplicate charge,18.0,2023-05-13 13:19:40,True,,798.6666666666666,False,False,2023-05,False,False
TK62096,2023-05-13 06:03:00,in-app,billing,normal,Issue with log in after password reset,862.0,2023-05-14 07:39:13,False,,1536.2166666666667,False,False,2023-05,True,False
TK62463,2023-05-13 06:15:00,in-app,billing,normal,Error when a refund for an annual plan,121.0,2023-05-13 13:02:57,False,,407.95,False,False,2023-05,False,False
TK62896,2023-05-13 08:50:00,chat,technical,normal,Issue with a refund for an annual plan,86.0,2023-05-13 22:37:14,False,,827.2333333333333,False,False,2023-05,False,False
TK63645,2023-05-13 13:21:00,in-app,onboarding,normal,Error when two-factor authentication,30.0,2023-05-13 21:34:41,False,,493.68333333333334,False,False,2023-05,False,False
TK63745,2023-05-13 20:38:00,email,integrations,normal,Cannot connecting the Snowflake sync,251.0,2023-05-22 15:39:58,False,,12661.966666666667,False,False,2023-05,False,True
TK61988,2023-05-13 20:57:00,chat,technical,normal,Question about two-factor authentication,531.0,2023-05-15 19:03:32,False,,2766.5333333333333,False,False,2023-05,True,False
TK63232,2023-05-13 20:58:00,in-app,onboarding,normal,Unable to connecting the Snowflake sync,57.0,2023-05-14 13:30:14,False,,992.2333333333333,False,False,2023-05,False,False
TK62792,2023-05-13 21:55:00,email,billing,low,Unable to webhook deliveries failing,301.0,2023-05-14 13:43:08,False,5.0,948.1333333333333,False,True,2023-05,False,False
TK63747,2023-05-14 04:54:00,email,billing,urgent,Question about downgrade my plan,29.0,2023-05-14 05:09:43,False,,15.716666666666667,False,False,2023-05,False,False
TK60089,2023-05-14 06:42:00,phone,integrations,normal,Question about webhook deliveries failing,227.0,2023-05-16 21:20:41,True,4.0,3758.6833333333334,False,True,2023-05,False,False
TK61915,2023-05-14 07:31:00,chat,integrations,normal,Unable to two-factor authentication,484.0,2023-05-15 15:25:27,False,,1914.45,False,False,2023-05,True,False
TK62291,2023-05-14 08:57:00,email,technical,normal,Issue with a refund for an annual plan,195.0,2023-05-16 01:31:10,False,,2434.1666666666665,False,False,2023-05,False,False
TK63765,2023-05-14 11:30:00,chat,account,normal,Error when export my data,275.0,2023-05-19 18:43:10,False,,7633.166666666667,False,False,2023-05,False,False
TK62506,2023-05-14 13:01:00,chat,billing,low,Cannot add a teammate,101.0,2023-05-19 11:53:17,False,,7132.283333333334,False,False,2023-05,False,False
TK62697,2023-05-14 13:19:00,chat,billing,normal,Cannot a duplicate charge,7.0,2023-05-16 15:46:09,False,,3027.15,False,False,2023-05,False,False
TK60195,2023-05-14 17:38:00,phone,billing,normal,Cannot add a teammate,261.0,2023-05-15 22:59:04,False,,1761.0666666666666,False,False,2023-05,False,False
TK62888,2023-05-14 19:55:00,in-app,integrations,normal,Request to downgrade my plan,221.0,2023-05-18 06:15:20,False,,4940.333333333333,False,False,2023-05,False,False
TK63470,2023-05-14 20:44:00,in-app,onboarding,high,Question about connecting the Snowflake sync,,2023-05-16 01:28:57,False,,1724.95,False,False,2023-05,False,False
TK62068,2023-05-14 23:26:00,in-app,onboarding,low,Issue with add a teammate,83.0,2023-05-16 08:43:49,False,,1997.8166666666666,False,False,2023-05,False,False
TK61237,2023-05-14 23:35:00,phone,billing,normal,Request to two-factor authentication,115.0,2023-05-15 23:18:01,False,,1423.0166666666667,False,False,2023-05,False,False
TK63997,2023-05-15 00:32:00,chat,technical,low,Cannot the invoice for last month,419.0,2023-05-15 19:21:40,False,2.0,1129.6666666666667,False,True,2023-05,True,False
TK61250,2023-05-15 02:48:00,in-app,billing,high,Question about a refund for an annual plan,89.0,2023-05-15 22:21:09,False,,1173.15,False,False,2023-05,False,False
TK60762,2023-05-15 02:57:00,in-app,account,normal,Error when the invoice for last month,38.0,2023-05-16 16:47:40,False,5.0,2270.6666666666665,False,True,2023-05,False,False
TK62021,2023-05-15 03:49:00,email,integrations,normal,Request to a refund for an annual plan,474.0,2023-05-15 04:52:21,False,,63.35,False,False,2023-05,True,False
TK61436,2023-05-15 05:39:00,email,technical,low,Error when the invoice for last month,751.0,2023-05-21 14:15:07,True,,9156.116666666667,False,False,2023-05,True,True
TK62161,2023-05-15 17:53:00,in-app,onboarding,urgent,Request to the invoice for last month,19.0,2023-05-15 19:30:19,False,,97.31666666666666,False,False,2023-05,False,False
TK62470,2023-05-15 20:34:00,phone,billing,low,Request to two-factor authentication,34.0,2023-05-17 04:32:59,False,,1918.9833333333333,False,False,2023-05,False,False
TK63885,2023-05-16 03:37:00,chat,onboarding,high,Error when downgrade my plan,162.0,2023-05-16 07:30:57,True,,233.95,False,False,2023-05,False,False
TK63273,2023-05-16 04:59:00,in-app,technical,normal,Error when two-factor authentication,74.0,2023-05-17 04:15:30,False,,1396.5,False,False,2023-05,False,False
TK62003,2023-05-16 06:44:00,in-app,account,normal,Unable to the API rate limit,141.0,,False,,,True,False,2023-05,False,False
TK62745,2023-05-16 12:06:00,email,technical,high,Error when add a teammate,127.0,2023-05-18 16:31:13,False,,3145.2166666666667,False,False,2023-05,False,False
TK60821,2023-05-16 13:17:00,in-app,account,normal,Question about webhook deliveries failing,184.0,2023-05-20 22:21:35,False,5.0,6304.583333333333,False,True,2023-05,False,False
TK63687,2023-05-16 16:15:00,chat,integrations,normal,Request to webhook deliveries failing,278.0,2023-05-19 22:43:21,False,,4708.35,False,False,2023-05,False,False
TK63405,2023-05-16 18:16:00,chat,billing,normal,Request to downgrade my plan,106.0,2023-05-19 18:11:45,False,,4315.75,False,False,2023-05,False,False
TK63075,2023-05-16 21:58:00,chat,billing,normal,How do I two-factor authentication,38.0,2023-05-17 02:10:29,False,,252.48333333333332,False,False,2023-05,False,False
TK63603,2023-05-17 04:39:00,in-app,technical,low,Cannot log in after password reset,989.0,2023-05-28 12:56:02,False,,16337.033333333333,False,False,2023-05,True,True
TK61188,2023-05-17 05:19:00,chat,account,high,Question about connecting the Snowflake sync,15.0,2023-05-17 08:54:11,False,,215.18333333333334,False,False,2023-05,False,False
TK61314,2023-05-17 06:39:00,email,technical,high,Cannot the dashboard loading slowly,79.0,,False,,,True,False,2023-05,False,False
TK62777,2023-05-17 08:19:00,in-app,billing,urgent,Cannot export my data,12.0,2023-05-17 17:12:37,False,,533.6166666666667,False,False,2023-05,False,False
TK61008,2023-05-17 11:06:00,email,technical,normal,Cannot a duplicate charge,39.0,2023-05-18 06:54:01,False,,1188.0166666666667,False,False,2023-05,False,False
TK63019,2023-05-17 15:00:00,email,account,high,Error when log in after password reset,150.0,2023-05-18 02:17:38,False,,677.6333333333333,False,False,2023-05,False,False
TK60630,2023-05-17 15:31:00,email,account,high,Unable to the dashboard loading slowly,105.0,2023-05-17 15:54:22,False,,23.366666666666667,False,False,2023-05,False,False
TK60474,2023-05-17 15:36:00,chat,billing,normal,Issue with a refund for an annual plan,36.0,2023-05-17 20:57:15,False,4.0,321.25,False,True,2023-05,False,False
TK62060,2023-05-17 16:10:00,in-app,onboarding,urgent,Issue with export my data,4.0,2023-05-17 17:08:43,True,3.0,58.71666666666667,False,True,2023-05,False,False
TK60969,2023-05-17 16:41:00,email,onboarding,low,Request to the dashboard loading slowly,397.0,2023-05-18 21:53:27,False,3.0,1752.45,False,True,2023-05,True,False
TK60777,2023-05-17 16:42:00,chat,billing,normal,Error when the dashboard loading slowly,129.0,2023-05-17 21:47:07,False,,305.1166666666667,False,False,2023-05,False,False
TK63560,2023-05-17 17:35:00,email,integrations,low,Cannot export my data,222.0,2023-05-31 05:53:34,False,3.0,19458.566666666666,False,True,2023-05,False,True
TK63191,2023-05-17 18:46:00,in-app,billing,normal,Cannot downgrade my plan,15.0,2023-05-18 16:28:07,False,,1302.1166666666666,False,False,2023-05,False,False
TK61949,2023-05-17 21:11:00,email,integrations,urgent,Cannot webhook deliveries failing,9.0,2023-05-18 10:29:31,False,,798.5166666666667,False,False,2023-05,False,False
TK60968,2023-05-17 22:07:00,in-app,integrations,high,Error when export my data,16.0,2023-05-18 23:33:03,False,,1526.05,False,False,2023-05,False,False
TK61580,2023-05-17 23:44:00,chat,billing,low,Cannot the invoice for last month,54.0,2023-05-19 18:09:11,True,5.0,2545.1833333333334,False,True,2023-05,False,False
TK63231,2023-05-18 00:50:00,chat,integrations,normal,Question about a duplicate charge,196.0,2023-05-19 03:18:38,False,,1588.6333333333334,False,False,2023-05,False,False
TK62037,2023-05-18 04:53:00,chat,integrations,normal,Unable to log in after password reset,287.0,2023-05-28 12:49:09,False,,14876.15,False,False,2023-05,False,True
TK61198,2023-05-18 07:22:00,in-app,onboarding,normal,Request to downgrade my plan,13.0,2023-05-22 16:38:18,False,,6316.3,False,False,2023-05,False,False
TK63352,2023-05-18 10:28:00,email,technical,low,How do I two-factor authentication,368.0,2023-05-20 22:02:34,False,,3574.5666666666666,False,False,2023-05,False,False
TK62824,2023-05-18 13:41:00,email,technical,normal,How do I export my data,35.0,2023-05-22 06:24:13,False,,5323.216666666666,False,False,2023-05,False,False
TK61173,2023-05-18 14:22:00,email,billing,urgent,Issue with the API rate limit,7.0,2023-05-18 15:56:52,True,,94.86666666666666,False,False,2023-05,False,False
TK63716,2023-05-18 17:44:00,email,technical,normal,Issue with connecting the Snowflake sync,133.0,2023-05-21 07:19:21,False,5.0,3695.35,False,True,2023-05,False,False
TK60900,2023-05-19 00:30:00,email,technical,normal,Issue with connecting the Snowflake sync,14.0,2023-05-20 22:22:41,False,,2752.6833333333334,False,False,2023-05,False,False
TK61039,2023-05-19 01:22:00,chat,technical,normal,Issue with the API rate limit,14.0,2023-05-26 03:37:41,False,5.0,10215.683333333332,False,True,2023-05,False,True
TK63501,2023-05-19 02:15:00,email,technical,normal,Cannot webhook deliveries failing,29.0,2023-05-22 13:15:45,False,,4980.75,False,False,2023-05,False,False
TK63500,2023-05-19 02:58:00,email,billing,normal,Question about a duplicate charge,204.0,2023-05-19 18:21:57,False,3.0,923.95,False,True,2023-05,False,False
TK61797,2023-05-19 03:42:00,chat,account,normal,Question about the API rate limit,18.0,2023-05-19 12:17:37,False,,515.6166666666667,False,False,2023-05,False,False
TK61177,2023-05-19 05:44:00,chat,integrations,high,Cannot two-factor authentication,52.0,2023-05-21 06:00:44,False,,2896.733333333333,False,False,2023-05,False,False
TK61421,2023-05-19 07:35:00,email,billing,normal,Issue with the dashboard loading slowly,30.0,2023-05-20 19:16:36,False,,2141.6,False,False,2023-05,False,False
TK61881,2023-05-19 07:47:00,phone,billing,low,Question about the dashboard loading slowly,89.0,2023-05-19 23:02:53,False,,915.8833333333333,False,False,2023-05,False,False
TK62451,2023-05-19 10:05:00,chat,onboarding,high,Unable to the invoice for last month,25.0,2023-05-20 03:25:36,False,5.0,1040.6,False,True,2023-05,False,False
TK62132,2023-05-19 10:34:00,email,technical,high,Question about connecting the Snowflake sync,79.0,2023-05-20 01:31:22,False,,897.3666666666667,False,False,2023-05,False,False
TK61119,2023-05-19 12:37:00,email,billing,normal,How do I two-factor authentication,227.0,2023-05-20 21:54:10,False,,1997.1666666666667,False,False,2023-05,False,False
TK60668,2023-05-19 20:25:00,email,account,normal,How do I a duplicate charge,64.0,2023-05-20 23:59:24,False,2.0,1654.4,False,True,2023-05,False,False
TK60381,2023-05-19 20:36:00,phone,onboarding,normal,Cannot connecting the Snowflake sync,251.0,2023-05-23 02:28:20,False,,4672.333333333333,False,False,2023-05,False,False
TK63770,2023-05-19 22:47:00,email,integrations,urgent,How do I log in after password reset,41.0,2023-05-19 23:50:38,True,,63.63333333333333,False,False,2023-05,False,False
TK61658,2023-05-19 23:35:00,email,technical,normal,Error when the dashboard loading slowly,78.0,2023-05-20 18:09:52,True,,1114.8666666666666,False,False,2023-05,False,False
TK63948,2023-05-20 00:03:00,email,billing,normal,Unable to connecting the Snowflake sync,11.0,2023-05-22 12:17:21,False,5.0,3614.35,False,True,2023-05,False,False
TK62135,2023-05-20 14:54:00,in-app,billing,low,Unable to two-factor authentication,705.0,2023-05-21 17:05:15,False,2.0,1571.25,False,True,2023-05,True,False
TK61625,2023-05-20 17:18:00,in-app,integrations,normal,Unable to downgrade my plan,146.0,2023-05-22 05:35:12,False,,2177.2,False,False,2023-05,False,False
TK60538,2023-05-20 18:19:00,chat,technical,urgent,Question about the invoice for last month,41.0,2023-05-21 02:37:02,False,4.0,498.03333333333336,False,True,2023-05,False,False
TK60594,2023-05-21 06:13:00,chat,technical,low,Question about the API rate limit,114.0,2023-05-24 17:09:49,False,,4976.816666666667,False,False,2023-05,False,False
TK60887,2023-05-21 10:52:00,email,account,low,Issue with connecting the Snowflake sync,157.0,2023-05-22 06:48:56,False,,1196.9333333333334,False,False,2023-05,False,False
TK60500,2023-05-21 13:04:00,in-app,integrations,normal,Question about connecting the Snowflake sync,355.0,2023-05-23 03:01:27,False,,2277.45,False,False,2023-05,False,False
TK60518,2023-05-21 14:42:00,email,account,high,How do I two-factor authentication,130.0,2023-05-22 00:03:25,False,,561.4166666666666,False,False,2023-05,False,False
TK62059,2023-05-21 18:30:00,email,technical,normal,Issue with log in after password reset,,2023-05-23 12:25:14,False,5.0,2515.233333333333,False,True,2023-05,False,False
TK63800,2023-05-22 02:31:00,chat,integrations,normal,Cannot downgrade my plan,657.0,2023-05-22 08:48:20,False,,377.3333333333333,False,False,2023-05,True,False
TK62964,2023-05-22 03:22:00,email,account,normal,How do I log in after password reset,127.0,2023-05-22 07:00:21,False,4.0,218.35,False,True,2023-05,False,False
TK60300,2023-05-22 06:15:00,in-app,billing,normal,Cannot add a teammate,49.0,2023-05-23 04:17:53,False,,1322.8833333333334,False,False,2023-05,False,False
TK62980,2023-05-22 09:50:00,chat,billing,normal,Question about the invoice for last month,18.0,2023-05-25 04:02:53,False,,3972.883333333333,False,False,2023-05,False,False
TK60236,2023-05-22 11:27:00,email,integrations,high,Issue with export my data,309.0,2023-05-28 17:49:04,False,,9022.066666666668,False,False,2023-05,False,True
TK63432,2023-05-22 15:13:00,in-app,billing,normal,Cannot add a teammate,270.0,2023-05-22 21:34:58,False,,381.96666666666664,False,False,2023-05,False,False
TK61983,2023-05-22 15:40:00,phone,account,normal,Issue with export my data,571.0,2023-05-23 16:24:44,False,,1484.7333333333333,False,False,2023-05,True,False
TK63287,2023-05-22 21:07:00,chat,onboarding,low,Question about add a teammate,33.0,2023-05-24 16:17:18,False,,2590.3,False,False,2023-05,False,False
TK63370,2023-05-22 21:44:00,phone,technical,normal,How do I webhook deliveries failing,20.0,2023-05-30 06:24:39,False,5.0,10600.65,False,True,2023-05,False,True
TK62552,2023-05-22 21:59:00,chat,account,normal,Issue with the invoice for last month,556.0,2023-05-23 06:52:29,False,4.0,533.4833333333333,False,True,2023-05,True,False
TK63079,2023-05-22 22:29:00,email,account,low,Request to export my data,158.0,2023-05-24 01:57:13,False,,1648.2166666666667,False,False,2023-05,False,False
TK63195,2023-05-23 02:59:00,email,technical,high,How do I webhook deliveries failing,7.0,2023-05-31 02:22:37,False,,11483.616666666667,False,False,2023-05,False,True
TK62083,2023-05-23 06:35:00,email,billing,high,Request to a refund for an annual plan,11.0,2023-05-24 05:16:02,False,,1361.0333333333333,False,False,2023-05,False,False
TK62687,2023-05-23 09:26:00,chat,billing,normal,Error when the invoice for last month,112.0,2023-05-31 16:01:12,False,4.0,11915.2,False,True,2023-05,False,True
TK60833,2023-05-23 10:28:00,phone,technical,urgent,Question about webhook deliveries failing,20.0,2023-05-23 13:08:38,False,3.0,160.63333333333333,False,True,2023-05,False,False
TK61235,2023-05-23 17:22:00,email,onboarding,high,Question about the invoice for last month,126.0,2023-05-23 19:19:21,False,,117.35,False,False,2023-05,False,False
TK61987,2023-05-23 17:48:00,email,onboarding,low,Request to connecting the Snowflake sync,113.0,2023-05-23 20:15:43,False,,147.71666666666667,False,False,2023-05,False,False
TK63430,2023-05-23 18:00:00,email,integrations,high,How do I add a teammate,31.0,2023-05-28 12:57:02,False,,6897.033333333334,False,False,2023-05,False,False
TK63515,2023-05-23 20:51:00,email,integrations,normal,Question about webhook deliveries failing,382.0,2023-05-26 09:57:39,False,5.0,3666.65,False,True,2023-05,False,False
TK63776,2023-05-24 01:08:00,in-app,technical,normal,How do I the API rate limit,30.0,2023-05-24 22:04:23,False,5.0,1256.3833333333334,False,True,2023-05,False,False
TK61992,2023-05-24 01:58:00,in-app,technical,low,Unable to the invoice for last month,183.0,2023-05-26 03:09:16,False,3.0,2951.266666666667,False,True,2023-05,False,False
TK63179,2023-05-24 03:13:00,email,technical,high,Unable to the invoice for last month,215.0,2023-05-24 07:06:49,False,2.0,233.81666666666666,False,True,2023-05,False,False
TK63475,2023-05-24 07:07:00,in-app,technical,normal,Question about the dashboard loading slowly,124.0,2023-05-31 10:03:24,False,,10256.4,False,False,2023-05,False,True
TK62144,2023-05-24 07:09:00,email,billing,normal,Unable to a refund for an annual plan,,,False,,,True,False,2023-05,False,False
TK63718,2023-05-25 09:23:00,email,technical,high,Error when the dashboard loading slowly,474.0,2023-05-27 11:24:49,False,,3001.8166666666666,False,False,2023-05,True,False
TK62238,2023-05-25 10:15:00,in-app,technical,low,Error when two-factor authentication,65.0,2023-06-09 17:28:17,False,5.0,22033.283333333333,False,True,2023-05,False,True
TK62235,2023-05-25 14:50:00,in-app,onboarding,urgent,Error when the dashboard loading slowly,136.0,2023-05-25 17:11:40,False,4.0,141.66666666666666,False,True,2023-05,False,False
TK62017,2023-05-25 15:55:00,chat,integrations,low,Question about downgrade my plan,76.0,2023-06-02 01:15:31,False,,10640.516666666666,False,False,2023-05,False,True
TK63044,2023-05-25 16:30:00,in-app,integrations,high,Question about the invoice for last month,129.0,2023-06-04 12:39:43,False,,14169.716666666667,False,False,2023-05,False,True
TK63298,2023-05-26 01:29:00,phone,technical,normal,Question about the dashboard loading slowly,124.0,2023-05-29 16:29:49,False,,5220.816666666667,False,False,2023-05,False,False
TK60973,2023-05-26 02:58:00,in-app,billing,low,Cannot a duplicate charge,432.0,2023-05-26 09:04:38,False,3.0,366.6333333333333,False,True,2023-05,True,False
TK61888,2023-05-26 04:16:00,email,onboarding,normal,Error when downgrade my plan,83.0,2023-05-26 21:07:57,False,,1011.95,False,False,2023-05,False,False
TK62156,2023-05-26 10:04:00,chat,onboarding,normal,Error when webhook deliveries failing,261.0,2023-05-27 15:00:46,False,,1736.7666666666667,False,False,2023-05,False,False
TK62489,2023-05-26 14:13:00,phone,account,low,Question about the API rate limit,407.0,2023-05-28 14:30:48,True,4.0,2897.8,False,True,2023-05,True,False
TK61234,2023-05-26 17:03:00,in-app,integrations,high,Question about the API rate limit,35.0,2023-05-26 23:16:57,False,4.0,373.95,False,True,2023-05,False,False
TK63024,2023-05-26 19:17:00,chat,integrations,low,Request to the dashboard loading slowly,102.0,2023-05-31 13:31:16,False,5.0,6854.266666666666,False,True,2023-05,False,False
TK62403,2023-05-26 20:27:00,email,account,normal,Issue with log in after password reset,197.0,2023-05-27 23:32:16,True,5.0,1625.2666666666667,False,True,2023-05,False,False
TK60513,2023-05-26 22:33:00,chat,billing,normal,Unable to two-factor authentication,457.0,2023-05-27 02:12:48,False,,219.8,False,False,2023-05,True,False
TK60642,2023-05-26 22:55:00,email,integrations,urgent,Question about connecting the Snowflake sync,48.0,2023-05-27 03:13:13,False,,258.21666666666664,False,False,2023-05,False,False
TK60264,2023-05-27 00:13:00,in-app,account,normal,Issue with a duplicate charge,50.0,2023-05-30 13:25:52,False,2.0,5112.866666666667,False,True,2023-05,False,False
TK61756,2023-05-27 03:44:00,email,onboarding,high,Unable to a refund for an annual plan,13.0,2023-05-28 22:09:55,False,,2545.9166666666665,False,False,2023-05,False,False
TK62800,2023-05-27 04:14:00,email,onboarding,urgent,Issue with webhook deliveries failing,13.0,2023-05-27 06:02:30,False,,108.5,False,False,2023-05,False,False
TK63822,2023-05-27 05:59:00,chat,technical,normal,Cannot connecting the Snowflake sync,21.0,2023-05-27 13:02:03,False,,423.05,False,False,2023-05,False,False
TK61825,2023-05-27 07:37:00,chat,technical,high,Issue with two-factor authentication,27.0,2023-05-29 00:06:56,False,2.0,2429.9333333333334,False,True,2023-05,False,False
TK60778,2023-05-27 13:23:00,phone,onboarding,normal,How do I the invoice for last month,110.0,2023-05-28 08:15:29,False,5.0,1132.4833333333333,False,True,2023-05,False,False
TK63965,2023-05-27 18:14:00,chat,technical,normal,Cannot two-factor authentication,93.0,2023-05-28 05:50:54,False,,696.9,False,False,2023-05,False,False
TK63594,2023-05-27 21:24:00,in-app,integrations,high,How do I the dashboard loading slowly,54.0,2023-05-28 02:51:48,False,,327.8,False,False,2023-05,False,False
TK61540,2023-05-28 01:28:00,chat,integrations,normal,Error when connecting the Snowflake sync,59.0,2023-06-16 12:02:11,False,,27994.183333333334,False,False,2023-05,False,True
TK63184,2023-05-28 01:42:00,chat,technical,normal,Unable to a duplicate charge,28.0,,False,,,True,False,2023-05,False,False
TK63536,2023-05-28 02:08:00,email,onboarding,normal,Request to downgrade my plan,25.0,2023-05-28 10:01:45,False,2.0,473.75,False,True,2023-05,False,False
TK63100,2023-05-28 06:29:00,in-app,onboarding,urgent,How do I downgrade my plan,67.0,2023-05-28 07:30:05,False,,61.083333333333336,False,False,2023-05,False,False
TK60877,2023-05-28 10:53:00,in-app,technical,low,Question about the dashboard loading slowly,244.0,2023-05-29 13:03:30,False,,1570.5,False,False,2023-05,False,False
TK60649,2023-05-28 12:22:00,in-app,onboarding,low,Error when export my data,337.0,2023-05-29 12:58:11,False,,1476.1833333333334,False,False,2023-05,False,False
TK63149,2023-05-28 14:08:00,email,integrations,high,Issue with log in after password reset,11.0,2023-05-28 16:02:41,False,4.0,114.68333333333334,False,True,2023-05,False,False
TK63218,2023-05-28 17:05:00,email,billing,normal,Error when downgrade my plan,34.0,2023-05-29 10:41:53,False,,1056.8833333333334,False,False,2023-05,False,False
TK60191,2023-05-28 22:16:00,chat,integrations,low,Issue with downgrade my plan,19.0,2023-05-30 17:51:48,False,,2615.8,False,False,2023-05,False,False
TK63534,2023-05-28 23:47:00,email,account,high,Error when the dashboard loading slowly,7.0,2023-05-29 03:15:23,False,,208.38333333333333,False,False,2023-05,False,False
TK61597,2023-05-29 00:41:00,phone,technical,normal,Issue with the invoice for last month,529.0,2023-05-30 00:17:13,False,,1416.2166666666667,False,False,2023-05,True,False
TK60634,2023-05-29 04:15:00,chat,billing,high,Issue with log in after password reset,51.0,2023-05-29 14:55:40,False,,640.6666666666666,False,False,2023-05,False,False
TK63396,2023-05-29 08:05:00,phone,account,low,Error when the API rate limit,446.0,2023-05-30 05:46:43,False,,1301.7166666666667,False,False,2023-05,True,False
TK62264,2023-05-29 10:45:00,phone,technical,high,How do I the dashboard loading slowly,23.0,2023-05-30 15:58:35,False,,1753.5833333333333,False,False,2023-05,False,False
TK61332,2023-05-29 11:09:00,chat,account,normal,Request to the API rate limit,25.0,2023-06-03 03:12:55,False,,6723.916666666667,False,False,2023-05,False,False
TK61120,2023-05-29 11:42:00,chat,integrations,low,Error when the dashboard loading slowly,567.0,,False,,,True,False,2023-05,True,False
TK62205,2023-05-29 15:58:00,email,technical,normal,Unable to the API rate limit,18.0,2023-05-30 21:09:18,False,,1751.3,False,False,2023-05,False,False
TK61424,2023-05-29 18:58:00,chat,onboarding,low,Issue with log in after password reset,225.0,2023-06-05 08:39:15,False,,9461.25,False,False,2023-05,False,True
TK60068,2023-05-29 19:06:00,in-app,integrations,high,Issue with a duplicate charge,18.0,2023-05-29 21:34:04,False,4.0,148.06666666666666,False,True,2023-05,False,False
TK62262,2023-05-29 19:13:00,email,onboarding,normal,How do I the API rate limit,27.0,2023-05-30 09:33:51,False,4.0,860.85,False,True,2023-05,False,False
TK62278,2023-05-29 19:14:00,email,billing,high,Error when log in after password reset,58.0,2023-05-29 20:52:39,False,5.0,98.65,False,True,2023-05,False,False
TK63924,2023-05-29 21:37:00,email,integrations,normal,Issue with connecting the Snowflake sync,132.0,2023-06-01 12:58:40,False,1.0,3801.6666666666665,False,True,2023-05,False,False
TK62667,2023-05-30 05:01:00,in-app,onboarding,urgent,Request to add a teammate,11.0,2023-05-30 07:23:43,False,5.0,142.71666666666667,False,True,2023-05,False,False
TK62047,2023-05-30 07:25:00,email,technical,normal,Question about the dashboard loading slowly,39.0,2023-06-02 17:15:12,True,,4910.2,False,False,2023-05,False,False
TK61430,2023-05-30 07:57:00,phone,technical,low,Cannot connecting the Snowflake sync,159.0,2023-06-02 09:53:33,False,,4436.55,False,False,2023-05,False,False
TK60543,2023-05-30 08:32:00,phone,technical,normal,Issue with a refund for an annual plan,310.0,2023-06-02 14:14:19,False,,4662.316666666667,False,False,2023-05,False,False
TK60285,2023-05-30 08:56:00,chat,onboarding,normal,How do I the invoice for last month,74.0,2023-06-01 22:09:58,False,,3673.9666666666667,False,False,2023-05,False,False
TK62664,2023-05-30 13:13:00,email,onboarding,normal,How do I a duplicate charge,16.0,2023-05-30 20:02:26,False,,409.43333333333334,False,False,2023-05,False,False
TK60699,2023-05-30 14:43:00,chat,integrations,normal,Unable to two-factor authentication,,2023-05-31 23:05:04,False,,1942.0666666666666,False,False,2023-05,False,False
TK62969,2023-05-30 15:37:00,in-app,onboarding,normal,Unable to log in after password reset,50.0,2023-05-31 03:46:42,False,,729.7,False,False,2023-05,False,False
TK61685,2023-05-30 19:17:00,email,integrations,low,Request to a refund for an annual plan,82.0,2023-05-31 04:27:51,False,,550.85,False,False,2023-05,False,False
TK62958,2023-05-31 04:10:00,in-app,billing,low,Error when downgrade my plan,189.0,2023-06-06 23:10:49,False,1.0,9780.816666666668,False,True,2023-05,False,True
TK60674,2023-05-31 04:33:00,phone,billing,normal,Request to a refund for an annual plan,368.0,2023-06-01 01:18:29,False,3.0,1245.4833333333333,False,True,2023-05,False,False
TK60570,2023-05-31 05:12:00,email,billing,normal,Question about two-factor authentication,27.0,2023-06-01 13:12:22,False,,1920.3666666666666,False,False,2023-05,False,False
TK60957,2023-05-31 07:26:00,in-app,technical,high,How do I export my data,81.0,2023-05-31 11:57:31,False,,271.51666666666665,False,False,2023-05,False,False
TK62086,2023-05-31 08:26:00,in-app,technical,high,Issue with the API rate limit,32.0,2023-06-03 01:00:16,False,,3874.266666666667,False,False,2023-05,False,False
TK62114,2023-05-31 11:36:00,in-app,account,normal,Request to export my data,194.0,2023-06-02 01:09:06,False,,2253.1,False,False,2023-05,False,False
TK63410,2023-05-31 19:18:00,chat,account,urgent,Unable to two-factor authentication,35.0,2023-06-01 03:10:35,False,,472.5833333333333,False,False,2023-05,False,False
TK61598,2023-05-31 19:28:00,email,account,normal,Question about the dashboard loading slowly,31.0,2023-05-31 22:51:39,False,,203.65,False,False,2023-05,False,False
TK62875,2023-05-31 21:17:00,in-app,billing,high,Issue with a duplicate charge,35.0,2023-06-02 00:17:44,False,,1620.7333333333333,False,False,2023-05,False,False
TK60607,2023-06-01 01:06:00,chat,technical,high,Unable to the dashboard loading slowly,3.0,2023-06-02 15:51:05,False,5.0,2325.0833333333335,False,True,2023-06,False,False
TK60604,2023-06-01 02:15:00,in-app,onboarding,normal,Issue with a duplicate charge,113.0,2023-06-02 17:12:47,False,5.0,2337.7833333333333,False,True,2023-06,False,False
TK62087,2023-06-01 02:35:00,chat,technical,normal,Error when the invoice for last month,112.0,2023-06-02 17:18:24,False,3.0,2323.4,False,True,2023-06,False,False
TK63801,2023-06-01 02:55:00,email,technical,normal,Error when two-factor authentication,16.0,2023-06-08 11:42:38,False,,10607.633333333333,False,False,2023-06,False,True
TK61493,2023-06-01 02:59:00,email,account,normal,Unable to webhook deliveries failing,265.0,2023-06-01 18:19:05,False,4.0,920.0833333333334,False,True,2023-06,False,False
TK61056,2023-06-01 03:22:00,phone,integrations,high,How do I a refund for an annual plan,5.0,,False,,,True,False,2023-06,False,False
TK61985,2023-06-01 06:22:00,phone,account,high,Issue with add a teammate,26.0,2023-06-01 10:06:40,False,,224.66666666666666,False,False,2023-06,False,False
TK60278,2023-06-01 10:16:00,email,account,high,Question about a duplicate charge,64.0,2023-06-03 09:34:31,False,,2838.516666666667,False,False,2023-06,False,False
TK61615,2023-06-01 10:51:00,in-app,integrations,normal,How do I export my data,,2023-06-03 12:31:22,False,,2980.366666666667,False,False,2023-06,False,False
TK63400,2023-06-01 11:05:00,in-app,onboarding,normal,Error when the invoice for last month,189.0,2023-06-13 12:19:13,False,,17354.216666666667,False,False,2023-06,False,True
TK63757,2023-06-01 13:36:00,email,billing,low,Issue with the dashboard loading slowly,276.0,2023-06-04 01:48:32,False,,3612.5333333333333,False,False,2023-06,False,False
TK63230,2023-06-01 16:49:00,phone,technical,normal,Issue with the dashboard loading slowly,81.0,2023-06-01 21:12:48,False,,263.8,False,False,2023-06,False,False
TK62095,2023-06-02 02:47:00,email,onboarding,normal,Cannot add a teammate,166.0,2023-06-07 19:57:38,False,,8230.633333333333,False,False,2023-06,False,False
TK60442,2023-06-02 08:32:00,in-app,billing,high,Issue with webhook deliveries failing,11.0,2023-06-02 09:05:59,False,,33.983333333333334,False,False,2023-06,False,False
TK63696,2023-06-02 08:44:00,phone,integrations,normal,Error when a refund for an annual plan,202.0,2023-06-06 00:44:56,False,,5280.933333333333,False,False,2023-06,False,False
TK62646,2023-06-02 11:10:00,chat,account,normal,Cannot a refund for an annual plan,48.0,,False,,,True,False,2023-06,False,False
TK62242,2023-06-02 16:13:00,email,technical,normal,Error when a duplicate charge,70.0,2023-06-05 03:33:07,False,1.0,3560.116666666667,False,True,2023-06,False,False
TK63646,2023-06-02 16:14:00,phone,technical,normal,Request to the dashboard loading slowly,69.0,2023-06-04 20:18:41,False,,3124.6833333333334,False,False,2023-06,False,False
TK63682,2023-06-02 16:31:00,email,integrations,normal,How do I a refund for an annual plan,211.0,2023-06-06 19:11:22,False,,5920.366666666667,False,False,2023-06,False,False
TK61251,2023-06-02 16:36:00,phone,account,low,Cannot downgrade my plan,249.0,2023-06-05 04:16:30,False,,3580.5,False,False,2023-06,False,False
TK63198,2023-06-02 17:18:00,chat,onboarding,high,Cannot log in after password reset,24.0,2023-06-02 19:53:45,False,,155.75,False,False,2023-06,False,False
TK62377,2023-06-02 18:17:00,in-app,technical,urgent,Question about webhook deliveries failing,12.0,2023-06-03 18:23:45,False,,1446.75,False,False,2023-06,False,False
TK63869,2023-06-02 18:18:00,chat,technical,normal,Request to webhook deliveries failing,71.0,2023-06-03 21:32:10,False,5.0,1634.1666666666667,False,True,2023-06,False,False
TK60678,2023-06-03 02:50:00,email,integrations,low,Request to the dashboard loading slowly,688.0,2023-06-18 08:17:46,False,,21927.766666666666,False,False,2023-06,True,True
TK63363,2023-06-03 03:07:00,in-app,account,high,Unable to downgrade my plan,77.0,2023-06-03 04:22:43,False,,75.71666666666667,False,False,2023-06,False,False
TK60086,2023-06-03 10:39:00,phone,onboarding,normal,Question about a duplicate charge,73.0,2023-06-05 17:57:36,False,,3318.6,False,False,2023-06,False,False
TK62387,2023-06-03 15:19:00,in-app,account,normal,Cannot the API rate limit,355.0,2023-06-04 02:20:29,False,1.0,661.4833333333333,False,True,2023-06,False,False
TK62866,2023-06-03 15:28:00,email,account,low,Question about add a teammate,210.0,2023-06-04 04:25:04,True,,777.0666666666667,False,False,2023-06,False,False
TK62448,2023-06-03 16:54:00,email,billing,low,Question about the API rate limit,179.0,2023-06-04 08:51:26,False,,957.4333333333333,False,False,2023-06,False,False
TK62312,2023-06-03 17:34:00,chat,account,normal,Request to the API rate limit,113.0,2023-06-06 02:57:11,False,,3443.1833333333334,False,False,2023-06,False,False
TK60003,2023-06-03 19:13:00,in-app,billing,low,Cannot the invoice for last month,188.0,2023-06-04 03:14:43,False,3.0,481.71666666666664,False,True,2023-06,False,False
TK61815,2023-06-03 22:16:00,in-app,billing,high,How do I two-factor authentication,37.0,2023-06-04 06:17:41,False,,481.68333333333334,False,False,2023-06,False,False
TK62458,2023-06-03 22:31:00,email,billing,high,Request to a duplicate charge,229.0,2023-06-04 06:04:14,False,,453.23333333333335,False,False,2023-06,False,False
TK60888,2023-06-03 23:36:00,email,technical,high,Request to the invoice for last month,68.0,2023-06-04 21:50:54,False,,1334.9,False,False,2023-06,False,False
TK63444,2023-06-04 01:53:00,email,technical,low,Unable to the invoice for last month,593.0,2023-06-05 20:31:15,False,5.0,2558.25,False,True,2023-06,True,False
TK63674,2023-06-04 08:03:00,email,billing,normal,Issue with the dashboard loading slowly,189.0,2023-06-05 20:10:05,False,4.0,2167.0833333333335,False,True,2023-06,False,False
TK62674,2023-06-04 11:32:00,in-app,billing,normal,Issue with downgrade my plan,324.0,2023-06-05 23:19:57,False,,2147.95,False,False,2023-06,False,False
TK60140,2023-06-04 13:04:00,phone,technical,normal,Cannot add a teammate,59.0,2023-06-09 18:29:55,False,,7525.916666666667,False,False,2023-06,False,False
TK61404,2023-06-04 14:48:00,in-app,technical,normal,How do I downgrade my plan,166.0,2023-06-08 19:56:27,False,,6068.45,False,False,2023-06,False,False
TK62522,2023-06-04 19:01:00,phone,billing,high,Issue with two-factor authentication,86.0,2023-06-04 21:46:06,False,,165.1,False,False,2023-06,False,False
TK63078,2023-06-04 20:11:00,chat,technical,normal,Issue with webhook deliveries failing,46.0,2023-06-04 20:54:28,True,,43.46666666666667,False,False,2023-06,False,False
TK62052,2023-06-04 22:35:00,in-app,integrations,normal,Request to the API rate limit,493.0,2023-06-06 21:44:46,True,,2829.766666666667,False,False,2023-06,True,False
TK63767,2023-06-05 03:11:00,chat,technical,high,Issue with two-factor authentication,597.0,2023-06-05 11:29:22,False,4.0,498.3666666666667,False,True,2023-06,True,False
TK63283,2023-06-05 04:40:00,email,billing,normal,How do I webhook deliveries failing,177.0,2023-06-10 06:36:30,True,,7316.5,False,False,2023-06,False,False
TK62653,2023-06-05 17:00:00,chat,account,low,Unable to add a teammate,115.0,2023-06-06 04:04:14,False,,664.2333333333333,False,False,2023-06,False,False
TK61766,2023-06-05 22:05:00,email,billing,normal,How do I log in after password reset,80.0,2023-06-09 20:41:45,False,,5676.75,False,False,2023-06,False,False
TK63942,2023-06-06 00:45:00,email,technical,urgent,How do I a refund for an annual plan,54.0,2023-06-06 14:07:16,False,,802.2666666666667,False,False,2023-06,False,False
TK63339,2023-06-06 02:51:00,in-app,technical,high,How do I export my data,47.0,2023-06-08 06:08:17,False,2.0,3077.2833333333333,False,True,2023-06,False,False
TK63887,2023-06-06 05:29:00,chat,technical,low,Request to webhook deliveries failing,314.0,2023-06-18 13:52:40,False,,17783.666666666668,False,False,2023-06,False,True
TK61642,2023-06-06 06:23:00,in-app,technical,low,Error when connecting the Snowflake sync,1326.0,2023-06-06 21:42:51,True,,919.85,False,False,2023-06,True,False
TK61910,2023-06-06 07:59:00,chat,integrations,normal,Error when the dashboard loading slowly,132.0,2023-06-07 00:22:34,True,1.0,983.5666666666667,False,True,2023-06,False,False
TK60001,2023-06-06 08:42:00,email,billing,normal,Question about connecting the Snowflake sync,76.0,2023-06-08 18:23:25,False,,3461.4166666666665,False,False,2023-06,False,False
TK61207,2023-06-06 12:20:00,email,onboarding,normal,Question about the dashboard loading slowly,90.0,2023-06-06 22:03:28,True,5.0,583.4666666666667,False,True,2023-06,False,False
TK63490,2023-06-07 01:41:00,in-app,account,low,Request to add a teammate,91.0,2023-06-08 06:29:17,False,,1728.2833333333333,False,False,2023-06,False,False
TK61485,2023-06-07 03:37:00,chat,billing,high,How do I webhook deliveries failing,38.0,2023-06-07 09:41:51,True,,364.85,False,False,2023-06,False,False
TK62703,2023-06-07 05:31:00,in-app,technical,low,Cannot connecting the Snowflake sync,,2023-06-15 00:41:03,True,,11230.05,False,False,2023-06,False,True
TK61677,2023-06-07 05:53:00,email,onboarding,normal,How do I connecting the Snowflake sync,92.0,2023-06-07 12:26:50,False,,393.8333333333333,False,False,2023-06,False,False
TK60734,2023-06-07 08:05:00,phone,technical,normal,Error when connecting the Snowflake sync,219.0,2023-06-11 21:06:43,False,,6541.716666666666,False,False,2023-06,False,False
TK61614,2023-06-07 13:27:00,chat,billing,low,Question about the API rate limit,127.0,2023-06-08 01:35:33,False,,728.55,False,False,2023-06,False,False
TK63539,2023-06-07 13:58:00,email,account,urgent,Error when two-factor authentication,3.0,,False,,,True,False,2023-06,False,False
TK61618,2023-06-07 15:35:00,chat,technical,normal,Cannot connecting the Snowflake sync,59.0,2023-06-14 07:33:35,False,5.0,9598.583333333334,False,True,2023-06,False,True
TK63055,2023-06-07 18:51:00,email,integrations,normal,Issue with connecting the Snowflake sync,198.0,2023-06-07 21:29:02,False,,158.03333333333333,False,False,2023-06,False,False
TK60536,2023-06-07 19:33:00,in-app,onboarding,normal,Error when export my data,59.0,2023-06-08 03:48:57,False,,495.95,False,False,2023-06,False,False
TK63650,2023-06-07 19:34:00,email,account,high,Issue with a duplicate charge,23.0,2023-06-07 22:21:48,False,,167.8,False,False,2023-06,False,False
TK60555,2023-06-07 21:42:00,in-app,billing,normal,Request to connecting the Snowflake sync,24.0,2023-06-08 12:32:24,False,,890.4,False,False,2023-06,False,False
TK60305,2023-06-08 00:25:00,chat,integrations,low,Unable to log in after password reset,55.0,2023-06-18 01:00:28,False,,14435.466666666667,False,False,2023-06,False,True
TK61435,2023-06-08 01:54:00,email,technical,normal,Cannot two-factor authentication,54.0,2023-06-13 15:29:40,False,4.0,8015.666666666667,False,True,2023-06,False,False
TK61444,2023-06-08 05:00:00,chat,billing,urgent,Cannot a duplicate charge,4.0,2023-06-08 08:04:09,False,,184.15,False,False,2023-06,False,False
TK63161,2023-06-08 06:32:00,email,integrations,low,Issue with the API rate limit,69.0,2023-06-09 09:14:24,False,,1602.4,False,False,2023-06,False,False
TK63240,2023-06-08 08:04:00,chat,billing,low,Unable to two-factor authentication,628.0,2023-06-15 17:38:55,False,,10654.916666666666,False,False,2023-06,True,True
TK61506,2023-06-08 09:10:00,chat,account,normal,Cannot a refund for an annual plan,124.0,2023-06-11 00:04:25,False,,3774.4166666666665,False,False,2023-06,False,False
TK62632,2023-06-08 09:44:00,chat,integrations,high,Cannot a refund for an annual plan,62.0,2023-06-09 22:10:53,False,,2186.883333333333,False,False,2023-06,False,False
TK63816,2023-06-08 11:30:00,phone,integrations,normal,How do I downgrade my plan,18.0,2023-06-09 01:59:49,False,,869.8166666666667,False,False,2023-06,False,False
TK60100,2023-06-08 12:44:00,in-app,technical,normal,How do I the invoice for last month,10.0,2023-06-11 00:23:38,False,,3579.633333333333,False,False,2023-06,False,False
TK62325,2023-06-08 14:08:00,chat,integrations,high,Unable to webhook deliveries failing,118.0,2023-06-09 09:11:45,False,,1143.75,False,False,2023-06,False,False
TK63068,2023-06-08 15:13:00,email,account,high,Issue with the API rate limit,108.0,2023-06-08 16:30:50,False,,77.83333333333333,False,False,2023-06,False,False
TK60439,2023-06-08 16:44:00,phone,billing,high,Question about the API rate limit,23.0,2023-06-12 05:40:33,False,5.0,5096.55,False,True,2023-06,False,False
TK63018,2023-06-08 17:33:00,email,billing,normal,Unable to two-factor authentication,86.0,2023-06-10 08:12:29,False,5.0,2319.483333333333,False,True,2023-06,False,False
TK63889,2023-06-08 18:45:00,email,billing,high,How do I export my data,63.0,2023-06-08 21:26:03,False,,161.05,False,False,2023-06,False,False
TK61350,2023-06-08 20:43:00,email,technical,normal,Request to the dashboard loading slowly,454.0,2023-06-09 21:04:21,True,4.0,1461.35,False,True,2023-06,True,False
TK62724,2023-06-08 22:21:00,email,account,high,Error when downgrade my plan,22.0,,False,,,True,False,2023-06,False,False
TK60652,2023-06-09 00:21:00,chat,technical,normal,Cannot the dashboard loading slowly,,2023-06-11 22:32:58,False,1.0,4211.966666666666,False,True,2023-06,False,False
TK60207,2023-06-09 00:40:00,chat,technical,high,Request to a refund for an annual plan,11.0,2023-06-09 16:17:01,False,,937.0166666666667,False,False,2023-06,False,False
TK62283,2023-06-09 02:09:00,chat,technical,high,Unable to the dashboard loading slowly,135.0,2023-06-10 16:35:21,False,,2306.35,False,False,2023-06,False,False
TK61524,2023-06-09 02:10:00,email,billing,high,Error when export my data,,2023-06-09 04:44:07,False,,154.11666666666667,False,False,2023-06,False,False
TK60413,2023-06-09 03:06:00,phone,account,normal,Unable to export my data,170.0,2023-06-10 10:45:58,False,,1899.9666666666667,False,False,2023-06,False,False
TK63988,2023-06-09 04:08:00,email,technical,normal,Question about connecting the Snowflake sync,135.0,2023-06-10 01:10:11,False,,1262.1833333333334,False,False,2023-06,False,False
TK63641,2023-06-09 12:18:00,email,billing,high,Request to the dashboard loading slowly,,2023-06-11 21:51:14,False,,3453.233333333333,False,False,2023-06,False,False
TK62410,2023-06-09 13:54:00,phone,technical,urgent,Question about the dashboard loading slowly,125.0,,False,,,True,False,2023-06,False,False
TK62494,2023-06-09 15:40:00,email,billing,urgent,Error when the invoice for last month,41.0,,False,,,True,False,2023-06,False,False
TK61664,2023-06-09 21:00:00,email,account,high,Cannot a refund for an annual plan,41.0,2023-06-10 12:20:32,False,5.0,920.5333333333333,False,True,2023-06,False,False
TK62840,2023-06-09 22:15:00,phone,billing,high,How do I connecting the Snowflake sync,472.0,,False,,,True,False,2023-06,True,False
TK63843,2023-06-09 23:05:00,chat,account,normal,Unable to add a teammate,139.0,2023-06-15 15:25:34,False,5.0,8180.566666666667,False,True,2023-06,False,False
TK60388,2023-06-10 02:05:00,chat,account,normal,Cannot webhook deliveries failing,16.0,2023-06-12 15:54:57,False,,3709.95,False,False,2023-06,False,False
TK61360,2023-06-10 03:57:00,phone,technical,low,Unable to downgrade my plan,220.0,2023-06-20 22:38:31,False,5.0,15521.516666666666,False,True,2023-06,False,True
TK60943,2023-06-10 04:00:00,phone,technical,normal,Question about a duplicate charge,91.0,2023-06-12 03:12:33,False,,2832.55,False,False,2023-06,False,False
TK61500,2023-06-10 05:50:00,in-app,technical,normal,Unable to add a teammate,182.0,2023-06-13 02:31:10,False,,4121.166666666667,False,False,2023-06,False,False
TK61406,2023-06-10 06:25:00,in-app,account,high,Cannot the dashboard loading slowly,46.0,2023-06-10 13:38:58,False,,433.96666666666664,False,False,2023-06,False,False
TK62598,2023-06-10 09:13:00,chat,billing,normal,Error when add a teammate,57.0,2023-06-10 14:07:34,False,,294.56666666666666,False,False,2023-06,False,False
TK63243,2023-06-10 10:38:00,chat,billing,high,Unable to export my data,426.0,2023-06-11 18:51:26,False,,1933.4333333333334,False,False,2023-06,True,False
TK62301,2023-06-10 14:43:00,email,billing,high,How do I two-factor authentication,62.0,2023-06-11 04:57:59,False,,854.9833333333333,False,False,2023-06,False,False
TK60599,2023-06-10 15:31:00,chat,onboarding,normal,Cannot log in after password reset,55.0,2023-06-11 08:22:47,False,5.0,1011.7833333333333,False,True,2023-06,False,False
TK61563,2023-06-10 18:13:00,in-app,billing,high,Cannot export my data,28.0,,False,,,True,False,2023-06,False,False
TK60884,2023-06-10 19:33:00,email,account,low,Cannot the API rate limit,326.0,2023-06-13 22:02:56,False,,4469.933333333333,False,False,2023-06,False,False
TK62438,2023-06-10 19:46:00,chat,account,low,Error when connecting the Snowflake sync,40.0,2023-06-18 10:04:29,False,,10938.483333333334,False,False,2023-06,False,True
TK61390,2023-06-10 22:09:00,in-app,integrations,urgent,Unable to the API rate limit,11.0,2023-06-11 01:57:49,False,5.0,228.81666666666666,False,True,2023-06,False,False
TK61516,2023-06-11 00:53:00,email,account,low,Error when the API rate limit,79.0,2023-06-11 15:19:24,False,2.0,866.4,False,True,2023-06,False,False
TK61325,2023-06-11 01:06:00,phone,technical,normal,Error when the invoice for last month,40.0,,False,,,True,False,2023-06,False,False
TK61788,2023-06-11 02:04:00,phone,technical,high,Request to downgrade my plan,50.0,2023-06-11 12:16:10,False,,612.1666666666666,False,False,2023-06,False,False
TK61654,2023-06-11 06:06:00,chat,onboarding,normal,Cannot a duplicate charge,413.0,2023-06-13 02:48:27,False,,2682.45,False,False,2023-06,True,False
TK61158,2023-06-11 09:31:00,in-app,integrations,normal,Question about a refund for an annual plan,47.0,,False,,,True,False,2023-06,False,False
TK60048,2023-06-11 09:51:00,email,billing,high,Cannot the API rate limit,35.0,2023-06-11 17:32:54,False,,461.9,False,False,2023-06,False,False
TK62784,2023-06-11 14:31:00,chat,billing,normal,How do I export my data,112.0,2023-06-14 05:05:16,False,,3754.266666666667,False,False,2023-06,False,False
TK62543,2023-06-11 16:32:00,email,technical,normal,Cannot log in after password reset,64.0,2023-06-13 08:43:20,False,5.0,2411.3333333333335,False,True,2023-06,False,False
TK61125,2023-06-11 16:42:00,chat,technical,high,Issue with webhook deliveries failing,15.0,2023-06-12 08:18:33,False,,936.55,False,False,2023-06,False,False
TK63321,2023-06-12 01:41:00,chat,technical,urgent,Issue with connecting the Snowflake sync,15.0,2023-06-12 03:51:37,False,,130.61666666666667,False,False,2023-06,False,False
TK61002,2023-06-12 01:55:00,email,onboarding,high,Request to the API rate limit,135.0,2023-06-12 13:34:41,False,,699.6833333333333,False,False,2023-06,False,False
TK62019,2023-06-12 02:02:00,chat,onboarding,high,Unable to a refund for an annual plan,57.0,2023-06-12 04:27:26,False,5.0,145.43333333333334,False,True,2023-06,False,False
TK62766,2023-06-12 04:55:00,phone,technical,normal,Error when webhook deliveries failing,238.0,2023-06-13 02:32:32,False,,1297.5333333333333,False,False,2023-06,False,False
TK61448,2023-06-12 06:00:00,chat,onboarding,high,Unable to downgrade my plan,142.0,,False,,,True,False,2023-06,False,False
TK63086,2023-06-12 06:02:00,email,billing,high,Question about the dashboard loading slowly,91.0,2023-06-12 10:36:30,False,,274.5,False,False,2023-06,False,False
TK62678,2023-06-12 08:47:00,chat,technical,normal,Error when a duplicate charge,,2023-06-22 04:37:49,False,,14150.816666666668,False,False,2023-06,False,True
TK61854,2023-06-12 17:09:00,email,account,low,Error when two-factor authentication,143.0,,False,,,True,False,2023-06,False,False
TK61911,2023-06-12 18:29:00,email,billing,normal,How do I add a teammate,39.0,2023-06-13 02:52:42,False,5.0,503.7,False,True,2023-06,False,False
TK61408,2023-06-12 19:45:00,phone,technical,low,Request to webhook deliveries failing,200.0,2023-06-13 06:16:13,False,,631.2166666666667,False,False,2023-06,False,False
TK61652,2023-06-12 21:14:00,phone,onboarding,urgent,Request to a refund for an annual plan,23.0,2023-06-13 02:51:30,False,,337.5,False,False,2023-06,False,False
TK62318,2023-06-12 23:51:00,in-app,technical,normal,How do I add a teammate,73.0,2023-06-14 23:38:29,False,,2867.483333333333,False,False,2023-06,False,False
TK61927,2023-06-13 02:04:00,chat,billing,low,Request to webhook deliveries failing,169.0,2023-06-17 04:08:48,False,,5884.8,False,False,2023-06,False,False
TK62412,2023-06-13 02:04:00,in-app,integrations,normal,Request to the API rate limit,186.0,2023-07-01 07:35:07,False,5.0,26251.116666666665,False,True,2023-06,False,True
TK63392,2023-06-13 07:12:00,in-app,integrations,high,Error when the API rate limit,20.0,,False,,,True,False,2023-06,False,False
TK62434,2023-06-13 08:52:00,chat,technical,low,Issue with a duplicate charge,287.0,2023-06-16 17:16:00,False,,4824.0,False,False,2023-06,False,False
TK62717,2023-06-13 12:09:00,chat,onboarding,high,Request to log in after password reset,38.0,2023-06-13 13:25:47,False,1.0,76.78333333333333,False,True,2023-06,False,False
TK62749,2023-06-13 17:52:00,chat,onboarding,normal,Unable to a duplicate charge,35.0,2023-06-16 02:43:22,False,,3411.366666666667,False,False,2023-06,False,False
TK62407,2023-06-14 01:27:00,phone,account,normal,Question about a refund for an annual plan,302.0,2023-06-14 22:59:33,False,4.0,1292.55,False,True,2023-06,False,False
TK60156,2023-06-14 13:16:00,chat,technical,low,Unable to the dashboard loading slowly,42.0,2023-06-18 14:54:55,False,4.0,5858.916666666667,False,True,2023-06,False,False
TK61426,2023-06-14 13:56:00,phone,billing,normal,Request to downgrade my plan,,2023-06-14 17:11:59,False,5.0,195.98333333333332,False,True,2023-06,False,False
TK62193,2023-06-14 14:15:00,email,account,high,Error when a refund for an annual plan,29.0,2023-06-14 18:57:00,False,,282.0,False,False,2023-06,False,False
TK62695,2023-06-14 17:06:00,chat,technical,normal,Request to the API rate limit,,2023-06-17 23:33:35,False,,4707.583333333333,False,False,2023-06,False,False
TK61450,2023-06-14 19:20:00,in-app,billing,urgent,Question about a refund for an annual plan,18.0,2023-06-14 21:30:34,False,,130.56666666666666,False,False,2023-06,False,False
TK63872,2023-06-14 22:52:00,email,onboarding,urgent,Unable to the dashboard loading slowly,22.0,2023-06-16 07:37:14,False,,1965.2333333333333,False,False,2023-06,False,False
TK60023,2023-06-14 22:55:00,chat,billing,urgent,Question about export my data,38.0,2023-06-15 06:36:00,False,,461.0,False,False,2023-06,False,False
TK61083,2023-06-14 23:51:00,email,integrations,normal,Error when a duplicate charge,1185.0,2023-06-15 05:55:09,False,,364.15,False,False,2023-06,True,False
TK62672,2023-06-15 01:33:00,email,technical,high,Cannot the API rate limit,31.0,2023-06-15 07:12:50,False,5.0,339.8333333333333,False,True,2023-06,False,False
TK63799,2023-06-15 04:15:00,email,technical,normal,Unable to two-factor authentication,200.0,,False,,,True,False,2023-06,False,False
TK62737,2023-06-15 04:38:00,chat,technical,urgent,Question about log in after password reset,51.0,2023-06-15 12:33:48,False,2.0,475.8,False,True,2023-06,False,False
TK61122,2023-06-15 05:05:00,phone,billing,normal,How do I log in after password reset,49.0,2023-06-17 08:08:11,False,,3063.1833333333334,False,False,2023-06,False,False
TK62177,2023-06-15 07:50:00,email,billing,low,Issue with export my data,180.0,2023-06-16 07:41:25,False,,1431.4166666666667,False,False,2023-06,False,False
TK62197,2023-06-15 08:20:00,chat,billing,normal,Cannot add a teammate,158.0,2023-06-17 05:38:43,False,5.0,2718.7166666666667,False,True,2023-06,False,False
TK62428,2023-06-15 08:40:00,chat,onboarding,high,Cannot connecting the Snowflake sync,28.0,2023-06-15 10:28:59,False,5.0,108.98333333333333,False,True,2023-06,False,False
TK61386,2023-06-15 10:10:00,email,billing,high,Error when the dashboard loading slowly,172.0,2023-06-15 17:07:28,False,4.0,417.46666666666664,False,True,2023-06,False,False
TK60703,2023-06-15 11:12:00,phone,technical,normal,Request to log in after password reset,98.0,2023-06-19 12:12:06,False,,5820.1,False,False,2023-06,False,False
TK63229,2023-06-15 14:10:00,email,billing,normal,Error when log in after password reset,238.0,2023-06-16 10:26:12,False,,1216.2,False,False,2023-06,False,False
TK60796,2023-06-15 16:59:00,email,onboarding,urgent,How do I the API rate limit,34.0,2023-06-16 05:04:21,False,,725.35,False,False,2023-06,False,False
TK63976,2023-06-15 18:10:00,in-app,account,high,Unable to webhook deliveries failing,60.0,2023-06-16 00:06:07,False,5.0,356.1166666666667,False,True,2023-06,False,False
TK61956,2023-06-15 18:52:00,email,technical,high,Error when log in after password reset,,2023-06-16 02:11:54,False,,439.9,False,False,2023-06,False,False
TK61231,2023-06-15 19:04:00,email,technical,normal,Request to the API rate limit,184.0,2023-06-20 09:53:49,False,,6649.816666666667,False,False,2023-06,False,False
TK61305,2023-06-15 19:40:00,email,technical,high,Unable to a duplicate charge,10.0,2023-06-17 12:08:53,False,,2428.883333333333,False,False,2023-06,False,False
TK62882,2023-06-15 21:22:00,chat,integrations,normal,Unable to a refund for an annual plan,192.0,2023-06-30 13:26:41,False,1.0,21124.683333333334,False,True,2023-06,False,True
TK62188,2023-06-15 22:45:00,in-app,integrations,low,Cannot two-factor authentication,52.0,2023-06-24 14:20:12,False,3.0,12455.2,False,True,2023-06,False,True
TK60164,2023-06-15 23:14:00,phone,account,low,Cannot log in after password reset,1092.0,2023-06-16 14:51:08,False,,937.1333333333333,False,False,2023-06,True,False
TK62258,2023-06-16 00:03:00,phone,integrations,normal,Cannot the API rate limit,37.0,2023-06-16 17:24:07,False,,1041.1166666666666,False,False,2023-06,False,False
TK63434,2023-06-16 00:46:00,email,technical,normal,Request to the API rate limit,50.0,2023-06-17 07:53:27,False,,1867.45,False,False,2023-06,False,False
TK60745,2023-06-16 06:19:00,phone,technical,normal,Issue with the invoice for last month,161.0,2023-06-21 09:43:39,False,,7404.65,False,False,2023-06,False,False
TK62790,2023-06-16 08:41:00,chat,billing,high,Error when two-factor authentication,16.0,,False,,,True,False,2023-06,False,False
TK62450,2023-06-16 12:52:00,email,billing,urgent,Cannot two-factor authentication,26.0,2023-06-17 02:08:50,False,,796.8333333333334,False,False,2023-06,False,False
TK62718,2023-06-16 16:24:00,in-app,billing,normal,Error when webhook deliveries failing,,2023-06-16 17:11:43,False,4.0,47.71666666666667,False,True,2023-06,False,False
TK60398,2023-06-16 16:48:00,email,technical,normal,Cannot connecting the Snowflake sync,98.0,2023-06-18 05:22:26,False,,2194.4333333333334,False,False,2023-06,False,False
TK60255,2023-06-16 18:42:00,in-app,account,normal,Error when the invoice for last month,927.0,2023-06-17 02:54:04,False,,492.06666666666666,False,False,2023-06,True,False
TK63436,2023-06-17 00:42:00,chat,integrations,high,Unable to downgrade my plan,27.0,2023-06-18 01:13:46,False,,1471.7666666666667,False,False,2023-06,False,False
TK63208,2023-06-17 02:10:00,chat,onboarding,high,Issue with add a teammate,49.0,2023-06-17 07:16:07,False,5.0,306.1166666666667,False,True,2023-06,False,False
TK62753,2023-06-17 03:59:00,phone,billing,low,How do I a duplicate charge,1082.0,2023-06-19 21:44:43,False,,3945.7166666666667,False,False,2023-06,True,False
TK62860,2023-06-17 05:00:00,in-app,billing,normal,Issue with webhook deliveries failing,14.0,2023-06-18 05:58:24,False,,1498.4,False,False,2023-06,False,False
TK62661,2023-06-17 11:15:00,email,billing,normal,Cannot connecting the Snowflake sync,750.0,2023-06-20 03:42:59,False,,3867.983333333333,False,False,2023-06,True,False
TK61645,2023-06-17 12:34:00,email,onboarding,urgent,How do I two-factor authentication,26.0,2023-06-18 04:41:08,False,,967.1333333333333,False,False,2023-06,False,False
TK61330,2023-06-17 12:39:00,email,integrations,normal,Unable to the dashboard loading slowly,56.0,,False,,,True,False,2023-06,False,False
TK61531,2023-06-17 17:38:00,chat,billing,normal,Cannot two-factor authentication,240.0,2023-06-18 02:19:24,True,,521.4,False,False,2023-06,False,False
TK62274,2023-06-17 23:26:00,in-app,technical,normal,Request to export my data,298.0,2023-06-20 01:05:50,False,,2979.8333333333335,False,False,2023-06,False,False
TK60132,2023-06-18 00:18:00,in-app,technical,normal,Unable to the dashboard loading slowly,50.0,2023-06-18 05:00:18,True,,282.3,False,False,2023-06,False,False
TK60636,2023-06-18 02:51:00,phone,account,normal,Unable to export my data,367.0,2023-06-18 12:41:42,False,4.0,590.7,False,True,2023-06,False,False
TK60898,2023-06-18 05:07:00,in-app,integrations,normal,Question about downgrade my plan,508.0,2023-06-23 02:29:42,True,,7042.7,False,False,2023-06,True,False
TK60391,2023-06-18 08:33:00,chat,onboarding,high,Error when a duplicate charge,32.0,2023-06-19 19:17:12,False,4.0,2084.2,False,True,2023-06,False,False
TK62102,2023-06-18 13:08:00,email,billing,normal,How do I the dashboard loading slowly,34.0,2023-06-19 01:35:10,False,4.0,747.1666666666666,False,True,2023-06,False,False
TK63901,2023-06-18 14:03:00,in-app,technical,low,Issue with add a teammate,363.0,2023-06-21 14:13:19,True,,4330.316666666667,False,False,2023-06,False,False
TK61323,2023-06-18 18:42:00,in-app,account,high,Cannot a refund for an annual plan,4.0,,False,,,True,False,2023-06,False,False
TK63717,2023-06-18 23:49:00,chat,account,normal,Request to connecting the Snowflake sync,78.0,2023-06-22 00:38:40,True,,4369.666666666667,False,False,2023-06,False,False
TK62184,2023-06-19 02:14:00,chat,billing,normal,Unable to log in after password reset,90.0,2023-06-20 10:48:13,False,,1954.2166666666667,False,False,2023-06,False,False
TK61142,2023-06-19 04:40:00,in-app,onboarding,normal,Error when log in after password reset,236.0,2023-06-20 14:31:38,False,,2031.6333333333334,False,False,2023-06,False,False
TK62296,2023-06-19 05:56:00,phone,billing,high,Unable to a refund for an annual plan,,2023-06-19 06:28:16,False,1.0,32.266666666666666,False,True,2023-06,False,False
TK63254,2023-06-19 06:04:00,in-app,billing,low,Cannot add a teammate,150.0,2023-06-24 01:39:10,True,2.0,6935.166666666667,False,True,2023-06,False,False
TK60002,2023-06-19 07:33:00,in-app,technical,normal,Error when the dashboard loading slowly,93.0,2023-06-20 11:32:21,False,,1679.35,False,False,2023-06,False,False
TK60648,2023-06-19 07:55:00,email,technical,high,How do I the dashboard loading slowly,89.0,2023-06-20 11:05:55,False,3.0,1630.9166666666667,False,True,2023-06,False,False
TK61900,2023-06-19 08:28:00,email,onboarding,high,Error when add a teammate,22.0,2023-06-25 09:36:48,False,,8708.8,False,False,2023-06,False,True
TK62236,2023-06-19 14:45:00,chat,onboarding,low,Unable to add a teammate,307.0,2023-06-19 20:30:28,False,4.0,345.46666666666664,False,True,2023-06,False,False
TK63096,2023-06-19 14:51:00,in-app,billing,normal,Issue with a refund for an annual plan,262.0,2023-06-22 03:30:19,True,,3639.3166666666666,False,False,2023-06,False,False
TK60335,2023-06-19 16:17:00,chat,onboarding,normal,Cannot connecting the Snowflake sync,23.0,2023-06-20 22:04:52,False,1.0,1787.8666666666666,False,True,2023-06,False,False
TK60098,2023-06-19 20:38:00,in-app,account,high,How do I export my data,36.0,2023-06-21 08:05:09,False,,2127.15,False,False,2023-06,False,False
TK62867,2023-06-19 22:46:00,chat,billing,normal,Unable to the invoice for last month,54.0,2023-06-21 23:52:43,False,,2946.7166666666667,False,False,2023-06,False,False
TK60764,2023-06-20 08:28:00,email,account,normal,Error when downgrade my plan,46.0,2023-06-20 15:21:59,False,3.0,413.98333333333335,False,True,2023-06,False,False
TK63328,2023-06-20 09:10:00,email,technical,high,Unable to connecting the Snowflake sync,52.0,2023-06-27 19:55:01,False,,10725.016666666666,False,False,2023-06,False,True
TK62422,2023-06-20 10:46:00,chat,technical,normal,Unable to add a teammate,160.0,2023-06-21 01:03:48,False,,857.8,False,False,2023-06,False,False
TK62976,2023-06-20 12:12:00,email,billing,low,Error when connecting the Snowflake sync,1179.0,2023-06-21 18:35:08,False,5.0,1823.1333333333334,False,True,2023-06,True,False
TK61518,2023-06-20 14:26:00,in-app,billing,urgent,Cannot export my data,20.0,2023-06-20 14:28:32,False,,2.533333333333333,False,False,2023-06,False,False
TK62768,2023-06-20 18:22:00,in-app,billing,normal,Unable to a duplicate charge,104.0,2023-06-22 10:17:51,False,,2395.85,False,False,2023-06,False,False
TK60593,2023-06-20 19:33:00,in-app,technical,high,Unable to the dashboard loading slowly,31.0,2023-06-22 04:32:27,False,,1979.45,False,False,2023-06,False,False
TK62035,2023-06-20 23:31:00,in-app,onboarding,normal,Question about the API rate limit,224.0,2023-06-21 17:32:07,False,1.0,1081.1166666666666,False,True,2023-06,False,False
TK63157,2023-06-20 23:31:00,email,onboarding,normal,Cannot two-factor authentication,174.0,2023-06-21 15:06:55,False,,935.9166666666666,False,False,2023-06,False,False
TK62822,2023-06-21 05:17:00,email,onboarding,high,Issue with connecting the Snowflake sync,226.0,2023-06-21 16:41:46,False,,684.7666666666667,False,False,2023-06,False,False
TK60279,2023-06-21 08:36:00,email,billing,urgent,Error when downgrade my plan,23.0,2023-06-21 09:30:16,False,,54.266666666666666,False,False,2023-06,False,False
TK60141,2023-06-21 08:37:00,email,technical,low,Issue with two-factor authentication,109.0,,False,,,True,False,2023-06,False,False
TK62006,2023-06-21 10:50:00,phone,onboarding,low,Question about the invoice for last month,310.0,2023-06-25 06:46:03,False,,5516.05,False,False,2023-06,False,False
TK62992,2023-06-21 15:16:00,chat,integrations,normal,Question about a refund for an annual plan,144.0,2023-06-29 23:16:00,False,4.0,12000.0,False,True,2023-06,False,True
TK62353,2023-06-21 17:33:00,chat,account,low,Question about log in after password reset,71.0,2023-06-22 15:00:33,False,,1287.55,False,False,2023-06,False,False
TK62082,2023-06-21 18:26:00,email,integrations,low,How do I downgrade my plan,148.0,2023-06-27 23:49:37,False,,8963.616666666667,False,False,2023-06,False,True
TK61156,2023-06-22 00:55:00,in-app,integrations,normal,Unable to a duplicate charge,101.0,2023-06-24 02:33:52,False,,2978.866666666667,False,False,2023-06,False,False
TK61629,2023-06-22 07:34:00,phone,technical,normal,Question about the dashboard loading slowly,32.0,2023-06-22 23:40:54,True,3.0,966.9,False,True,2023-06,False,False
TK60377,2023-06-22 14:18:00,chat,technical,low,Unable to log in after password reset,909.0,2023-06-27 15:38:21,False,,7280.35,False,False,2023-06,True,False
TK61462,2023-06-22 14:40:00,email,technical,low,Error when export my data,187.0,,False,,,True,False,2023-06,False,False
TK63155,2023-06-22 14:48:00,email,integrations,normal,Request to the dashboard loading slowly,157.0,2023-06-25 05:16:08,False,,3748.133333333333,False,False,2023-06,False,False
TK61446,2023-06-22 14:53:00,in-app,billing,low,Request to downgrade my plan,133.0,2023-07-04 03:49:00,False,4.0,16616.0,False,True,2023-06,False,True
TK61571,2023-06-22 15:19:00,chat,billing,normal,Cannot export my data,230.0,2023-06-22 23:26:58,False,2.0,487.96666666666664,False,True,2023-06,False,False
TK60997,2023-06-22 17:18:00,email,account,normal,Issue with log in after password reset,24.0,2023-06-23 00:38:29,False,,440.48333333333335,False,False,2023-06,False,False
TK63416,2023-06-22 21:21:00,chat,integrations,normal,Error when a refund for an annual plan,322.0,,False,,,True,False,2023-06,False,False
TK60194,2023-06-23 03:12:00,phone,technical,normal,How do I the invoice for last month,33.0,2023-06-23 19:19:57,False,,967.95,False,False,2023-06,False,False
TK63141,2023-06-23 03:51:00,in-app,billing,normal,Error when downgrade my plan,123.0,2023-06-23 12:03:44,True,,492.73333333333335,False,False,2023-06,False,False
TK61093,2023-06-23 04:40:00,chat,onboarding,normal,Unable to add a teammate,161.0,2023-06-23 08:28:02,False,,228.03333333333333,False,False,2023-06,False,False
TK61377,2023-06-23 09:51:00,phone,billing,normal,Error when the dashboard loading slowly,1191.0,2023-06-23 15:24:24,False,,333.4,False,False,2023-06,True,False
TK60645,2023-06-23 10:21:00,chat,integrations,low,Question about a refund for an annual plan,126.0,2023-06-26 00:50:30,False,,3749.5,False,False,2023-06,False,False
TK62408,2023-06-23 12:13:00,chat,billing,normal,Question about export my data,44.0,2023-06-29 11:59:10,False,,8626.166666666666,False,False,2023-06,False,True
TK63518,2023-06-23 13:24:00,chat,account,high,How do I the invoice for last month,40.0,2023-06-23 18:03:47,False,,279.78333333333336,False,False,2023-06,False,False
TK63427,2023-06-23 16:11:00,chat,account,normal,Cannot the API rate limit,211.0,2023-06-23 18:53:53,False,,162.88333333333333,False,False,2023-06,False,False
TK63178,2023-06-23 16:33:00,in-app,integrations,high,Request to a duplicate charge,64.0,2023-06-27 12:46:37,False,,5533.616666666667,False,False,2023-06,False,False
TK62837,2023-06-23 23:25:00,phone,technical,normal,Question about the dashboard loading slowly,6.0,2023-06-24 14:55:56,False,5.0,930.9333333333333,False,True,2023-06,False,False
TK62930,2023-06-24 00:31:00,in-app,billing,normal,Unable to connecting the Snowflake sync,29.0,2023-06-26 11:58:33,True,,3567.55,False,False,2023-06,False,False
TK62040,2023-06-24 07:23:00,email,integrations,urgent,Unable to the invoice for last month,16.0,2023-06-25 03:05:04,False,,1182.0666666666666,False,False,2023-06,False,False
TK62253,2023-06-24 08:16:00,email,billing,low,Cannot add a teammate,55.0,2023-06-25 08:32:48,False,,1456.8,False,False,2023-06,False,False
TK63310,2023-06-24 09:18:00,chat,account,normal,Question about a duplicate charge,174.0,2023-06-24 13:30:46,False,,252.76666666666668,False,False,2023-06,False,False
TK62633,2023-06-24 14:01:00,chat,onboarding,low,Cannot a refund for an annual plan,113.0,2023-06-24 23:13:42,False,5.0,552.7,False,True,2023-06,False,False
TK63306,2023-06-24 14:40:00,in-app,technical,high,Issue with two-factor authentication,27.0,2023-06-24 23:35:50,False,,535.8333333333334,False,False,2023-06,False,False
TK60055,2023-06-25 02:23:00,in-app,account,low,Request to the API rate limit,1577.0,2023-06-26 03:01:54,False,,1478.9,False,False,2023-06,True,False
TK63570,2023-06-25 03:16:00,chat,account,normal,Question about a refund for an annual plan,135.0,2023-06-25 11:22:19,True,,486.31666666666666,False,False,2023-06,False,False
TK63810,2023-06-25 06:24:00,email,onboarding,normal,Request to downgrade my plan,126.0,2023-06-27 06:54:53,False,5.0,2910.883333333333,False,True,2023-06,False,False
TK60320,2023-06-25 06:57:00,chat,onboarding,normal,Unable to webhook deliveries failing,41.0,2023-06-25 21:10:45,False,,853.75,False,False,2023-06,False,False
TK60661,2023-06-25 18:48:00,phone,account,low,How do I the dashboard loading slowly,57.0,2023-06-25 21:57:00,False,,189.0,False,False,2023-06,False,False
TK61953,2023-06-25 21:52:00,chat,technical,normal,Unable to the API rate limit,68.0,2023-06-26 16:45:56,False,,1133.9333333333334,False,False,2023-06,False,False
TK62394,2023-06-26 00:20:00,email,account,urgent,Cannot connecting the Snowflake sync,15.0,2023-06-26 02:23:40,False,,123.66666666666667,False,False,2023-06,False,False
TK60714,2023-06-26 02:38:00,email,account,normal,Unable to export my data,9.0,2023-06-29 05:33:19,False,5.0,4495.316666666667,False,True,2023-06,False,False
TK63771,2023-06-26 07:54:00,email,account,low,How do I two-factor authentication,203.0,,False,,,True,False,2023-06,False,False
TK62911,2023-06-26 08:38:00,chat,integrations,normal,Unable to the invoice for last month,101.0,2023-06-27 23:39:20,False,,2341.3333333333335,False,False,2023-06,False,False
TK60724,2023-06-26 09:33:00,email,onboarding,high,Issue with the invoice for last month,57.0,2023-06-26 19:43:40,False,,610.6666666666666,False,False,2023-06,False,False
TK60116,2023-06-26 09:41:00,chat,onboarding,low,Question about a duplicate charge,499.0,2023-06-26 12:51:28,False,,190.46666666666667,False,False,2023-06,True,False
TK63215,2023-06-26 12:36:00,phone,technical,normal,Unable to downgrade my plan,81.0,2023-06-26 22:15:52,False,3.0,579.8666666666667,False,True,2023-06,False,False
TK63127,2023-06-26 12:53:00,chat,account,low,Error when a duplicate charge,820.0,2023-06-27 07:04:13,False,,1091.2166666666667,False,False,2023-06,True,False
TK62020,2023-06-26 14:29:00,in-app,billing,low,Error when the API rate limit,195.0,2023-07-12 03:17:39,False,,22368.65,False,False,2023-06,False,True
TK60592,2023-06-26 18:11:00,chat,billing,high,How do I two-factor authentication,58.0,2023-06-27 06:45:38,False,,754.6333333333333,False,False,2023-06,False,False
TK61109,2023-06-26 19:21:00,phone,technical,low,Issue with add a teammate,178.0,2023-07-01 13:37:06,False,5.0,6856.1,False,True,2023-06,False,False
TK63707,2023-06-26 21:30:00,in-app,technical,normal,Cannot two-factor authentication,34.0,2023-07-12 05:19:24,False,3.0,22069.4,False,True,2023-06,False,True
TK62313,2023-06-27 01:02:00,email,technical,normal,Unable to the invoice for last month,81.0,2023-08-03 07:24:20,False,,53662.333333333336,False,False,2023-06,False,True
TK61856,2023-06-27 03:02:00,chat,integrations,normal,Question about two-factor authentication,150.0,2023-07-05 15:17:25,False,5.0,12255.416666666666,False,True,2023-06,False,True
TK62514,2023-06-27 04:08:00,email,billing,low,How do I the API rate limit,289.0,2023-06-28 22:42:15,False,,2554.25,False,False,2023-06,False,False
TK61346,2023-06-27 04:15:00,in-app,technical,normal,Issue with webhook deliveries failing,201.0,2023-06-28 22:37:03,False,,2542.05,False,False,2023-06,False,False
TK61310,2023-06-27 07:49:00,chat,technical,high,Cannot export my data,121.0,2023-06-27 09:05:34,False,,76.56666666666666,False,False,2023-06,False,False
TK62529,2023-06-27 11:45:00,chat,billing,high,Cannot a refund for an annual plan,88.0,2023-06-27 20:51:46,False,,546.7666666666667,False,False,2023-06,False,False
TK60034,2023-06-27 12:58:00,in-app,billing,low,Error when export my data,237.0,2023-07-01 20:44:35,False,,6226.583333333333,False,False,2023-06,False,False
TK61411,2023-06-27 15:00:00,email,account,normal,Request to connecting the Snowflake sync,290.0,2023-06-29 16:10:18,False,3.0,2950.3,False,True,2023-06,False,False
TK61058,2023-06-27 16:09:00,chat,technical,low,Cannot webhook deliveries failing,187.0,2023-07-02 05:09:33,False,,6540.55,False,False,2023-06,False,False
TK61475,2023-06-27 21:51:00,in-app,account,normal,Request to connecting the Snowflake sync,23.0,2023-06-28 17:31:02,False,3.0,1180.0333333333333,False,True,2023-06,False,False
TK63618,2023-06-27 23:49:00,email,billing,normal,Unable to connecting the Snowflake sync,46.0,2023-06-28 13:49:53,False,,840.8833333333333,False,False,2023-06,False,False
TK62668,2023-06-28 00:36:00,in-app,onboarding,high,Request to export my data,34.0,2023-06-28 23:26:44,False,5.0,1370.7333333333333,False,True,2023-06,False,False
TK63828,2023-06-28 01:06:00,email,technical,normal,Request to webhook deliveries failing,110.0,2023-07-02 11:34:38,False,,6388.633333333333,False,False,2023-06,False,False
TK62607,2023-06-28 05:52:00,in-app,integrations,low,Issue with add a teammate,89.0,2023-06-28 20:03:07,False,4.0,851.1166666666667,False,True,2023-06,False,False
TK61162,2023-06-28 06:32:00,phone,onboarding,normal,How do I webhook deliveries failing,30.0,2023-06-29 06:43:16,True,,1451.2666666666667,False,False,2023-06,False,False
TK61913,2023-06-28 11:09:00,chat,billing,low,Question about webhook deliveries failing,1024.0,2023-06-30 18:58:19,True,5.0,3349.3166666666666,False,True,2023-06,True,False
TK63632,2023-06-28 15:54:00,in-app,integrations,normal,Cannot two-factor authentication,70.0,2023-06-30 16:59:05,False,,2945.0833333333335,False,False,2023-06,False,False
TK63881,2023-06-28 19:19:00,chat,billing,normal,Issue with add a teammate,152.0,2023-07-03 20:39:03,False,,7280.05,False,False,2023-06,False,False
TK61509,2023-06-28 19:27:00,email,onboarding,high,Request to connecting the Snowflake sync,34.0,2023-06-29 00:53:16,False,,326.26666666666665,False,False,2023-06,False,False
TK62704,2023-06-28 20:20:00,chat,technical,high,How do I a refund for an annual plan,76.0,2023-06-29 18:59:03,True,,1359.05,False,False,2023-06,False,False
TK63334,2023-06-28 21:40:00,email,billing,urgent,Issue with downgrade my plan,21.0,2023-06-29 00:19:11,False,,159.18333333333334,False,False,2023-06,False,False
TK63409,2023-06-28 21:40:00,chat,account,normal,Cannot the API rate limit,169.0,2023-06-30 04:47:15,False,,1867.25,False,False,2023-06,False,False
TK62480,2023-06-28 22:06:00,email,account,low,Issue with webhook deliveries failing,343.0,2023-07-01 06:14:55,False,,3368.9166666666665,False,False,2023-06,False,False
TK61174,2023-06-29 05:14:00,email,account,normal,Cannot a refund for an annual plan,128.0,2023-07-20 04:23:22,False,,30189.366666666665,False,False,2023-06,False,True
TK60746,2023-06-29 06:56:00,phone,billing,urgent,Unable to export my data,52.0,2023-06-29 08:00:17,False,,64.28333333333333,False,False,2023-06,False,False
TK63325,2023-06-29 08:18:00,email,technical,normal,Cannot export my data,77.0,2023-06-29 21:24:53,False,2.0,786.8833333333333,False,True,2023-06,False,False
TK62444,2023-06-29 15:00:00,chat,technical,normal,Issue with connecting the Snowflake sync,,2023-06-30 00:38:11,True,5.0,578.1833333333333,False,True,2023-06,False,False
TK60247,2023-06-29 21:59:00,in-app,technical,normal,Unable to downgrade my plan,13.0,2023-06-30 15:27:22,False,,1048.3666666666666,False,False,2023-06,False,False
TK62675,2023-06-29 22:56:00,in-app,billing,normal,Question about the invoice for last month,253.0,2023-06-30 20:23:27,False,,1287.45,False,False,2023-06,False,False
TK62107,2023-06-29 23:50:00,email,integrations,high,Request to a duplicate charge,,2023-07-08 07:07:32,False,,11957.533333333333,False,False,2023-06,False,True
TK62863,2023-06-30 01:09:00,email,technical,normal,How do I the API rate limit,37.0,2023-06-30 12:57:52,True,,708.8666666666667,False,False,2023-06,False,False
TK62686,2023-06-30 02:49:00,email,technical,high,Issue with the API rate limit,31.0,2023-07-05 18:58:17,False,,8169.283333333334,False,False,2023-06,False,False
TK60608,2023-06-30 03:24:00,chat,technical,high,Error when the invoice for last month,53.0,2023-07-01 04:57:12,False,,1533.2,False,False,2023-06,False,False
TK61782,2023-06-30 03:49:00,chat,integrations,high,Question about connecting the Snowflake sync,119.0,,False,,,True,False,2023-06,False,False
TK61449,2023-06-30 05:48:00,email,billing,low,Cannot the invoice for last month,164.0,2023-07-07 06:08:55,False,,10100.916666666666,False,False,2023-06,False,True
TK61463,2023-06-30 09:37:00,chat,integrations,high,Question about the API rate limit,184.0,2023-07-01 04:47:34,False,,1150.5666666666666,False,False,2023-06,False,False
TK62304,2023-06-30 13:41:00,chat,onboarding,normal,Error when export my data,117.0,2023-06-30 17:18:04,False,,217.06666666666666,False,False,2023-06,False,False
TK61901,2023-06-30 15:04:00,chat,integrations,normal,Request to a duplicate charge,23.0,2023-07-02 10:12:54,False,5.0,2588.9,False,True,2023-06,False,False
TK62781,2023-06-30 16:56:00,in-app,billing,normal,Issue with log in after password reset,115.0,2023-06-30 22:27:17,False,2.0,331.28333333333336,False,True,2023-06,False,False
TK61459,2023-06-30 18:44:00,in-app,onboarding,low,How do I downgrade my plan,94.0,2023-06-30 23:25:53,False,,281.8833333333333,False,False,2023-06,False,False
TK61741,2023-06-30 20:40:00,chat,technical,normal,Unable to the API rate limit,65.0,2023-07-04 19:36:59,False,,5696.983333333334,False,False,2023-06,False,False
TK60527,2023-07-01 03:40:00,phone,onboarding,normal,Request to two-factor authentication,141.0,2023-07-02 05:51:35,False,,1571.5833333333333,False,False,2023-07,False,False
TK60620,2023-07-01 06:34:00,in-app,account,low,Request to export my data,,2023-07-02 09:10:19,False,,1596.3166666666666,False,False,2023-07,False,False
TK62832,2023-07-01 09:07:00,email,technical,low,Error when add a teammate,162.0,2023-07-12 04:57:40,False,5.0,15590.666666666666,False,True,2023-07,False,True
TK61863,2023-07-01 09:35:00,in-app,technical,low,Issue with a duplicate charge,644.0,2023-07-23 16:28:21,False,5.0,32093.35,False,True,2023-07,True,True
TK61466,2023-07-01 11:49:00,email,billing,high,Request to export my data,14.0,2023-07-02 06:02:20,False,3.0,1093.3333333333333,False,True,2023-07,False,False
TK62936,2023-07-01 12:37:00,chat,billing,low,Request to the invoice for last month,105.0,2023-07-02 20:25:14,False,5.0,1908.2333333333333,False,True,2023-07,False,False
TK63052,2023-07-01 13:32:00,email,billing,low,Issue with connecting the Snowflake sync,1244.0,2023-07-02 03:08:00,True,,816.0,False,False,2023-07,True,False
TK60522,2023-07-01 19:10:00,email,technical,normal,Cannot downgrade my plan,109.0,2023-07-03 05:01:09,False,,2031.15,False,False,2023-07,False,False
TK61194,2023-07-01 19:55:00,chat,account,low,How do I webhook deliveries failing,76.0,2023-07-02 07:39:01,False,,704.0166666666667,False,False,2023-07,False,False
TK60944,2023-07-01 21:05:00,email,billing,high,Question about downgrade my plan,,2023-07-03 02:29:09,False,,1764.15,False,False,2023-07,False,False
TK61393,2023-07-01 21:20:00,in-app,technical,high,Question about add a teammate,38.0,2023-07-02 01:13:51,False,,233.85,False,False,2023-07,False,False
TK63083,2023-07-01 22:06:00,email,onboarding,normal,Question about export my data,191.0,2023-07-02 05:16:41,False,5.0,430.68333333333334,False,True,2023-07,False,False
TK61608,2023-07-01 22:15:00,chat,billing,high,Request to the API rate limit,134.0,2023-07-02 00:14:39,False,,119.65,False,False,2023-07,False,False
TK61228,2023-07-01 23:50:00,email,onboarding,normal,How do I two-factor authentication,6.0,2023-07-03 15:33:30,False,4.0,2383.5,False,True,2023-07,False,False
TK63648,2023-07-02 09:31:00,email,onboarding,high,Unable to the dashboard loading slowly,22.0,2023-07-02 13:30:43,False,,239.71666666666667,False,False,2023-07,False,False
TK60613,2023-07-02 10:27:00,in-app,technical,normal,Error when connecting the Snowflake sync,44.0,2023-07-11 08:57:15,False,,12870.25,False,False,2023-07,False,True
TK61882,2023-07-02 11:39:00,in-app,billing,normal,Cannot webhook deliveries failing,90.0,2023-07-02 16:05:25,False,,266.4166666666667,False,False,2023-07,False,False
TK60270,2023-07-02 13:16:00,email,account,normal,How do I a duplicate charge,95.0,2023-07-09 18:31:30,False,1.0,10395.5,False,True,2023-07,False,True
TK62812,2023-07-02 15:47:00,phone,technical,low,Issue with add a teammate,640.0,2023-07-11 17:44:24,False,,13077.4,False,False,2023-07,True,True
TK61020,2023-07-02 18:20:00,email,billing,urgent,Request to downgrade my plan,20.0,2023-07-02 18:41:03,False,5.0,21.05,False,True,2023-07,False,False
TK61049,2023-07-03 00:13:00,in-app,account,low,Request to a duplicate charge,204.0,2023-07-03 17:57:01,False,,1064.0166666666667,False,False,2023-07,False,False
TK62744,2023-07-03 00:39:00,in-app,integrations,normal,Unable to a refund for an annual plan,54.0,2023-07-06 20:00:22,False,1.0,5481.366666666667,False,True,2023-07,False,False
TK62801,2023-07-03 05:51:00,email,technical,normal,Question about log in after password reset,105.0,2023-07-05 10:26:58,False,,3155.9666666666667,False,False,2023-07,False,False
TK60160,2023-07-03 06:03:00,chat,integrations,normal,Cannot log in after password reset,416.0,2023-07-07 11:38:17,False,,6095.283333333334,False,False,2023-07,True,False
TK63383,2023-07-03 09:49:00,chat,technical,normal,Request to two-factor authentication,36.0,2023-07-03 13:33:18,True,5.0,224.3,False,True,2023-07,False,False
TK63692,2023-07-03 10:05:00,phone,technical,low,Error when downgrade my plan,165.0,2023-07-07 00:31:54,False,,5186.9,False,False,2023-07,False,False
TK60512,2023-07-03 10:24:00,in-app,technical,normal,Cannot the API rate limit,35.0,2023-07-04 12:16:28,False,,1552.4666666666667,False,False,2023-07,False,False
TK62855,2023-07-03 12:55:00,in-app,technical,normal,Request to a duplicate charge,180.0,2023-07-04 12:05:58,False,,1390.9666666666667,False,False,2023-07,False,False
TK63679,2023-07-03 13:13:00,chat,billing,normal,Question about a refund for an annual plan,64.0,2023-07-03 16:26:30,False,4.0,193.5,False,True,2023-07,False,False
TK60296,2023-07-03 18:42:00,chat,technical,low,Unable to downgrade my plan,110.0,2023-07-14 13:05:42,False,,15503.7,False,False,2023-07,False,True
TK63964,2023-07-03 19:40:00,chat,billing,urgent,Request to webhook deliveries failing,3.0,2023-07-03 22:11:16,False,,151.26666666666668,False,False,2023-07,False,False
TK61480,2023-07-03 22:28:00,in-app,onboarding,high,Issue with two-factor authentication,184.0,2023-07-04 01:24:22,False,3.0,176.36666666666667,False,True,2023-07,False,False
TK62728,2023-07-03 22:40:00,chat,billing,normal,Error when two-factor authentication,155.0,2023-07-07 15:04:52,False,,5304.866666666667,False,False,2023-07,False,False
TK61076,2023-07-03 23:00:00,chat,account,normal,Error when connecting the Snowflake sync,237.0,2023-07-04 17:40:14,True,,1120.2333333333333,False,False,2023-07,False,False
TK62338,2023-07-04 07:30:00,chat,onboarding,low,How do I the dashboard loading slowly,252.0,2023-07-05 22:10:03,False,5.0,2320.05,False,True,2023-07,False,False
TK62334,2023-07-04 10:41:00,email,technical,urgent,Issue with two-factor authentication,13.0,2023-07-04 17:04:41,True,5.0,383.68333333333334,False,True,2023-07,False,False
TK60954,2023-07-04 19:20:00,email,integrations,normal,Unable to connecting the Snowflake sync,,2023-07-14 10:35:44,False,,13875.733333333334,False,False,2023-07,False,True
TK61267,2023-07-04 19:48:00,email,account,normal,Request to a refund for an annual plan,416.0,2023-07-12 15:47:38,False,,11279.633333333333,False,False,2023-07,True,True
TK60913,2023-07-05 01:47:00,in-app,billing,normal,Unable to log in after password reset,88.0,2023-07-06 08:51:35,False,,1864.5833333333333,False,False,2023-07,False,False
TK63076,2023-07-05 02:24:00,email,technical,low,Issue with add a teammate,562.0,2023-08-10 18:43:36,False,,52819.6,False,False,2023-07,True,True
TK61644,2023-07-05 05:30:00,in-app,technical,high,How do I downgrade my plan,29.0,2023-07-05 11:50:33,False,,380.55,False,False,2023-07,False,False
TK62061,2023-07-05 05:51:00,email,account,normal,Request to log in after password reset,107.0,2023-07-11 07:05:11,False,5.0,8714.183333333332,False,True,2023-07,False,True
TK61328,2023-07-05 06:32:00,phone,technical,low,Request to two-factor authentication,119.0,2023-07-11 08:11:18,False,4.0,8739.3,False,True,2023-07,False,True
TK60505,2023-07-05 07:22:00,chat,technical,high,Question about a refund for an annual plan,19.0,2023-07-07 08:29:17,False,,2947.2833333333333,False,False,2023-07,False,False
TK62123,2023-07-05 08:58:00,in-app,technical,high,Question about two-factor authentication,17.0,2023-07-09 16:00:55,False,,6182.916666666667,False,False,2023-07,False,False
TK63330,2023-07-05 11:14:00,chat,technical,low,Request to log in after password reset,355.0,2023-07-08 00:28:16,False,,3674.266666666667,False,False,2023-07,False,False
TK62657,2023-07-05 15:54:00,email,integrations,normal,Question about add a teammate,353.0,,False,,,True,False,2023-07,False,False
TK62895,2023-07-05 16:16:00,email,onboarding,low,Issue with a duplicate charge,122.0,2023-07-12 02:28:14,False,,9252.233333333334,False,False,2023-07,False,True
TK63708,2023-07-05 16:29:00,email,technical,high,Request to add a teammate,19.0,2023-07-10 10:36:48,False,,6847.8,False,False,2023-07,False,False
TK62842,2023-07-05 22:43:00,phone,billing,normal,Issue with connecting the Snowflake sync,59.0,2023-07-06 02:15:17,False,,212.28333333333333,False,False,2023-07,False,False
TK61065,2023-07-06 03:15:00,email,technical,urgent,Question about a refund for an annual plan,49.0,,False,,,True,False,2023-07,False,False
TK62771,2023-07-06 05:20:00,phone,technical,high,How do I webhook deliveries failing,15.0,,False,,,True,False,2023-07,False,False
TK62225,2023-07-06 05:57:00,chat,integrations,high,Error when downgrade my plan,178.0,2023-07-08 07:49:02,False,,2992.0333333333333,False,False,2023-07,False,False
TK60693,2023-07-06 08:28:00,email,technical,normal,Error when log in after password reset,177.0,2023-07-09 05:00:50,False,,4112.833333333333,False,False,2023-07,False,False
TK62290,2023-07-06 10:25:00,in-app,account,normal,Cannot webhook deliveries failing,32.0,2023-07-07 02:29:52,False,,964.8666666666667,False,False,2023-07,False,False
TK62912,2023-07-06 16:13:00,email,billing,low,Cannot connecting the Snowflake sync,,2023-07-09 05:22:59,True,5.0,3669.983333333333,False,True,2023-07,False,False
TK63380,2023-07-06 17:57:00,phone,technical,low,Question about the invoice for last month,136.0,2023-07-10 22:25:23,False,,6028.383333333333,False,False,2023-07,False,False
TK62486,2023-07-06 21:18:00,phone,technical,high,Error when the invoice for last month,28.0,2023-07-07 10:52:57,False,,814.95,False,False,2023-07,False,False
TK63611,2023-07-06 21:46:00,phone,technical,low,Issue with log in after password reset,1615.0,,False,,,True,False,2023-07,True,False
TK63043,2023-07-06 22:36:00,email,onboarding,high,Request to export my data,98.0,2023-07-08 04:43:09,False,4.0,1807.15,False,True,2023-07,False,False
TK62838,2023-07-06 22:50:00,in-app,onboarding,normal,Unable to the invoice for last month,771.0,2023-07-06 23:11:18,False,5.0,21.3,False,True,2023-07,True,False
TK63151,2023-07-07 00:53:00,chat,technical,normal,Question about the API rate limit,66.0,2023-07-25 16:44:57,False,4.0,26871.95,False,True,2023-07,False,True
TK63880,2023-07-07 03:54:00,chat,integrations,normal,Unable to a duplicate charge,63.0,2023-07-28 08:48:05,True,5.0,30534.083333333332,False,True,2023-07,False,True
TK60843,2023-07-07 03:58:00,email,integrations,urgent,Issue with the API rate limit,5.0,2023-07-07 05:12:04,False,,74.06666666666666,False,False,2023-07,False,False
TK60697,2023-07-07 07:50:00,in-app,billing,high,Unable to downgrade my plan,8.0,2023-07-07 14:04:08,False,,374.1333333333333,False,False,2023-07,False,False
TK61566,2023-07-07 08:01:00,in-app,account,low,Question about add a teammate,350.0,,False,,,True,False,2023-07,False,False
TK61671,2023-07-07 09:38:00,email,billing,normal,Error when webhook deliveries failing,22.0,2023-07-07 11:07:26,False,,89.43333333333334,False,False,2023-07,False,False
TK62157,2023-07-07 10:18:00,chat,technical,normal,How do I downgrade my plan,96.0,2023-07-20 15:50:45,False,,19052.75,False,False,2023-07,False,True
TK61862,2023-07-07 11:40:00,email,onboarding,high,Issue with connecting the Snowflake sync,12.0,2023-07-07 16:44:10,False,4.0,304.1666666666667,False,True,2023-07,False,False
TK62071,2023-07-07 13:26:00,chat,integrations,normal,Cannot add a teammate,394.0,2023-07-10 17:56:40,False,5.0,4590.666666666667,False,True,2023-07,True,False
TK61768,2023-07-07 18:53:00,chat,account,low,Question about export my data,394.0,2023-07-08 22:56:13,False,5.0,1683.2166666666667,False,True,2023-07,True,False
TK60662,2023-07-07 19:05:00,phone,technical,low,How do I the dashboard loading slowly,529.0,2023-07-13 11:32:28,False,,8187.466666666666,False,False,2023-07,True,False
TK60420,2023-07-08 02:08:00,email,account,normal,Error when a refund for an annual plan,175.0,2023-07-08 04:51:08,False,5.0,163.13333333333333,False,True,2023-07,False,False
TK63472,2023-07-08 03:06:00,email,integrations,normal,How do I webhook deliveries failing,138.0,,False,,,True,False,2023-07,False,False
TK60215,2023-07-08 04:29:00,email,integrations,normal,Question about export my data,28.0,2023-07-10 07:36:51,False,,3067.85,False,False,2023-07,False,False
TK60349,2023-07-08 05:55:00,email,account,high,Unable to log in after password reset,133.0,2023-07-08 06:32:32,False,,37.53333333333333,False,False,2023-07,False,False
TK63399,2023-07-08 07:48:00,email,account,high,Unable to a duplicate charge,245.0,2023-07-10 02:47:36,False,,2579.6,False,False,2023-07,False,False
TK63355,2023-07-08 13:54:00,phone,account,normal,Question about a refund for an annual plan,242.0,2023-07-10 11:06:41,False,,2712.6833333333334,False,False,2023-07,False,False
TK63180,2023-07-08 14:30:00,chat,onboarding,normal,Unable to the API rate limit,114.0,2023-07-09 05:41:59,False,,911.9833333333333,False,False,2023-07,False,False
TK62778,2023-07-08 15:09:00,in-app,account,urgent,Issue with downgrade my plan,74.0,2023-07-09 14:17:43,False,,1388.7166666666667,False,False,2023-07,False,False
TK61468,2023-07-08 17:19:00,phone,account,low,How do I webhook deliveries failing,106.0,2023-07-13 15:49:56,False,1.0,7110.933333333333,False,True,2023-07,False,False
TK60424,2023-07-08 19:56:00,phone,technical,high,Request to the API rate limit,72.0,2023-07-11 04:11:02,False,5.0,3375.0333333333333,False,True,2023-07,False,False
TK62152,2023-07-08 21:38:00,chat,billing,high,Cannot webhook deliveries failing,,2023-07-09 21:45:43,False,4.0,1447.7166666666667,False,True,2023-07,False,False
TK62982,2023-07-08 22:46:00,email,technical,normal,Request to webhook deliveries failing,35.0,2023-07-09 19:18:15,False,5.0,1232.25,False,True,2023-07,False,False
TK61299,2023-07-09 00:13:00,chat,onboarding,urgent,Unable to log in after password reset,9.0,2023-07-09 01:59:35,False,,106.58333333333333,False,False,2023-07,False,False
TK61960,2023-07-09 00:21:00,email,onboarding,low,Request to log in after password reset,217.0,2023-07-09 04:15:59,False,,234.98333333333332,False,False,2023-07,False,False
TK62853,2023-07-09 01:11:00,in-app,onboarding,low,Cannot a duplicate charge,126.0,2023-07-11 06:39:57,False,5.0,3208.95,False,True,2023-07,False,False
TK62589,2023-07-09 06:44:00,email,billing,normal,Question about downgrade my plan,79.0,2023-07-11 16:41:25,False,,3477.4166666666665,False,False,2023-07,False,False
TK60443,2023-07-09 08:14:00,chat,billing,normal,Error when the invoice for last month,117.0,2023-07-11 05:20:00,True,5.0,2706.0,False,True,2023-07,False,False
TK60092,2023-07-09 12:50:00,chat,onboarding,normal,How do I export my data,126.0,2023-07-10 17:02:50,False,,1692.8333333333333,False,False,2023-07,False,False
TK60574,2023-07-09 12:56:00,chat,account,high,Cannot the invoice for last month,55.0,2023-07-09 14:38:06,False,,102.1,False,False,2023-07,False,False
TK63169,2023-07-09 14:20:00,chat,technical,normal,Cannot log in after password reset,102.0,2023-07-10 00:06:55,False,,586.9166666666666,False,False,2023-07,False,False
TK60254,2023-07-09 15:11:00,chat,technical,high,Request to connecting the Snowflake sync,56.0,2023-07-10 12:30:59,False,,1279.9833333333333,False,False,2023-07,False,False
TK61396,2023-07-10 00:09:00,email,account,normal,Error when log in after password reset,76.0,2023-07-13 07:55:08,False,,4786.133333333333,False,False,2023-07,False,False
TK61740,2023-07-10 06:41:00,phone,technical,high,Error when a duplicate charge,32.0,2023-07-10 16:54:42,False,,613.7,False,False,2023-07,False,False
TK62244,2023-07-10 14:56:00,chat,account,low,How do I downgrade my plan,114.0,2023-07-12 13:48:30,False,,2812.5,False,False,2023-07,False,False
TK62248,2023-07-10 15:23:00,email,account,normal,Question about a duplicate charge,119.0,2023-07-11 00:40:12,False,5.0,557.2,False,True,2023-07,False,False
TK61111,2023-07-10 15:26:00,email,onboarding,high,Cannot downgrade my plan,18.0,2023-07-10 17:28:13,True,,122.21666666666667,False,False,2023-07,False,False
TK60921,2023-07-10 17:51:00,in-app,technical,low,Unable to connecting the Snowflake sync,106.0,2023-07-14 21:56:43,False,4.0,6005.716666666666,False,True,2023-07,False,False
TK63511,2023-07-10 20:47:00,email,technical,high,Issue with a refund for an annual plan,109.0,2023-07-15 02:29:52,False,5.0,6102.866666666667,False,True,2023-07,False,False
TK63565,2023-07-11 09:29:00,in-app,technical,normal,Request to the dashboard loading slowly,64.0,2023-07-12 09:48:11,False,,1459.1833333333334,False,False,2023-07,False,False
TK63447,2023-07-11 10:23:00,phone,technical,high,Request to log in after password reset,12.0,2023-07-13 00:04:56,False,,2261.9333333333334,False,False,2023-07,False,False
TK62519,2023-07-11 12:28:00,in-app,billing,normal,Request to the API rate limit,39.0,2023-07-11 15:55:46,False,,207.76666666666668,False,False,2023-07,False,False
TK63332,2023-07-11 18:01:00,chat,account,normal,Issue with a duplicate charge,80.0,2023-07-12 01:17:54,False,,436.9,False,False,2023-07,False,False
TK63868,2023-07-11 21:37:00,in-app,technical,low,Request to log in after password reset,84.0,2023-07-15 15:50:39,False,4.0,5413.65,False,True,2023-07,False,False
TK61420,2023-07-12 04:13:00,chat,account,high,Question about a duplicate charge,14.0,2023-07-12 14:10:45,False,,597.75,False,False,2023-07,False,False
TK62427,2023-07-12 04:54:00,email,technical,normal,Issue with export my data,7.0,2023-07-17 07:11:46,False,,7337.766666666666,False,False,2023-07,False,False
TK62669,2023-07-12 05:44:00,chat,technical,normal,Unable to export my data,213.0,,False,,,True,False,2023-07,False,False
TK60371,2023-07-12 06:49:00,chat,account,normal,Cannot the dashboard loading slowly,45.0,2023-07-15 04:50:13,False,,4201.216666666666,False,False,2023-07,False,False
TK62155,2023-07-12 06:55:00,in-app,technical,normal,How do I the API rate limit,34.0,2023-07-12 21:57:29,False,,902.4833333333333,False,False,2023-07,False,False
TK60036,2023-07-12 07:24:00,in-app,billing,low,How do I downgrade my plan,,2023-07-14 16:58:27,False,,3454.45,False,False,2023-07,False,False
TK63666,2023-07-12 10:20:00,chat,account,high,Issue with the invoice for last month,290.0,2023-07-12 19:38:44,False,5.0,558.7333333333333,False,True,2023-07,False,False
TK61764,2023-07-12 11:16:00,phone,account,normal,Question about log in after password reset,49.0,2023-07-15 19:39:13,False,,4823.216666666666,False,False,2023-07,False,False
TK60216,2023-07-12 12:16:00,email,onboarding,high,Cannot the invoice for last month,46.0,2023-07-12 13:12:14,True,,56.233333333333334,False,False,2023-07,False,False
TK63089,2023-07-12 12:24:00,phone,technical,low,Request to webhook deliveries failing,179.0,2023-07-24 03:22:47,False,,16738.783333333333,False,False,2023-07,False,True
TK60188,2023-07-12 16:27:00,chat,onboarding,normal,Unable to log in after password reset,125.0,2023-07-17 20:25:59,True,,7438.983333333334,False,False,2023-07,False,False
TK63520,2023-07-12 19:56:00,email,technical,low,Error when a duplicate charge,,2023-07-13 20:48:19,False,,1492.3166666666666,False,False,2023-07,False,False
TK63760,2023-07-12 20:03:00,chat,onboarding,normal,Cannot log in after password reset,117.0,2023-07-13 11:51:42,False,5.0,948.7,False,True,2023-07,False,False
TK63309,2023-07-12 22:59:00,phone,onboarding,normal,Question about export my data,42.0,2023-07-14 18:58:51,False,,2639.85,False,False,2023-07,False,False
TK62864,2023-07-13 00:07:00,chat,technical,high,Question about the dashboard loading slowly,79.0,2023-07-13 13:23:29,False,,796.4833333333333,False,False,2023-07,False,False
TK62396,2023-07-13 03:37:00,chat,onboarding,low,How do I downgrade my plan,161.0,2023-07-15 09:03:10,False,,3206.1666666666665,False,False,2023-07,False,False
TK62620,2023-07-13 05:14:00,email,technical,normal,Cannot the API rate limit,40.0,2023-07-14 09:40:37,False,,1706.6166666666666,False,False,2023-07,False,False
TK63789,2023-07-13 05:52:00,phone,technical,high,Error when export my data,4.0,2023-07-13 11:57:52,False,5.0,365.8666666666667,False,True,2023-07,False,False
TK63823,2023-07-13 06:26:00,in-app,account,normal,How do I connecting the Snowflake sync,293.0,2023-07-19 23:55:49,False,,9689.816666666668,False,False,2023-07,False,True
TK61353,2023-07-13 08:06:00,chat,onboarding,normal,Issue with a duplicate charge,89.0,2023-07-13 19:38:26,False,2.0,692.4333333333333,False,True,2023-07,False,False
TK63792,2023-07-13 15:53:00,email,integrations,low,How do I a duplicate charge,246.0,2023-07-14 10:18:37,False,5.0,1105.6166666666666,False,True,2023-07,False,False
TK62568,2023-07-13 16:50:00,email,technical,normal,Issue with the dashboard loading slowly,205.0,2023-07-17 02:44:48,True,,4914.8,False,False,2023-07,False,False
TK61262,2023-07-13 18:48:00,email,technical,normal,Question about log in after password reset,273.0,2023-07-16 21:10:07,False,,4462.116666666667,False,False,2023-07,False,False
TK62876,2023-07-13 18:55:00,phone,account,high,Error when the invoice for last month,212.0,2023-07-14 07:53:08,False,4.0,778.1333333333333,False,True,2023-07,False,False
TK60567,2023-07-13 19:58:00,in-app,technical,low,How do I a duplicate charge,126.0,2023-07-16 23:06:48,False,,4508.8,False,False,2023-07,False,False
TK63893,2023-07-13 22:16:00,chat,technical,normal,Error when two-factor authentication,209.0,2023-07-18 00:48:33,False,,5912.55,False,False,2023-07,False,False
TK60460,2023-07-14 02:52:00,email,onboarding,low,Cannot downgrade my plan,727.0,2023-07-14 13:19:44,True,,627.7333333333333,False,False,2023-07,True,False
TK63051,2023-07-14 05:11:00,phone,billing,low,Question about webhook deliveries failing,306.0,2023-07-15 19:19:34,False,,2288.5666666666666,False,False,2023-07,False,False
TK60759,2023-07-14 11:00:00,in-app,onboarding,low,Issue with connecting the Snowflake sync,400.0,2023-07-24 12:10:39,False,3.0,14470.65,False,True,2023-07,True,True
TK63275,2023-07-14 17:01:00,chat,onboarding,low,How do I two-factor authentication,66.0,2023-07-15 05:50:55,False,,769.9166666666666,False,False,2023-07,False,False
TK62223,2023-07-14 17:59:00,in-app,technical,high,Error when a refund for an annual plan,,2023-07-15 23:54:37,False,,1795.6166666666666,False,False,2023-07,False,False
TK63663,2023-07-14 19:50:00,in-app,integrations,low,Cannot a refund for an annual plan,175.0,2023-07-17 04:46:00,False,,3416.0,False,False,2023-07,False,False
TK60250,2023-07-14 21:38:00,in-app,billing,low,Issue with the API rate limit,117.0,2023-07-16 04:40:04,False,,1862.0666666666666,False,False,2023-07,False,False
TK63702,2023-07-14 22:37:00,email,billing,normal,Question about a refund for an annual plan,83.0,2023-07-15 02:05:58,False,1.0,208.96666666666667,False,True,2023-07,False,False
TK62546,2023-07-15 00:21:00,in-app,billing,low,Unable to a duplicate charge,63.0,2023-07-15 20:59:11,False,,1238.1833333333334,False,False,2023-07,False,False
TK63637,2023-07-15 03:03:00,in-app,technical,urgent,Error when a duplicate charge,18.0,2023-07-16 03:57:36,False,5.0,1494.6,False,True,2023-07,False,False
TK61229,2023-07-15 04:12:00,in-app,account,high,How do I add a teammate,237.0,2023-07-16 16:57:48,False,,2205.8,False,False,2023-07,False,False
TK60859,2023-07-15 05:07:00,chat,onboarding,low,Error when the dashboard loading slowly,45.0,2023-07-15 12:13:33,False,,426.55,False,False,2023-07,False,False
TK60744,2023-07-15 05:15:00,email,integrations,high,Unable to export my data,13.0,2023-07-16 04:02:45,False,3.0,1367.75,False,True,2023-07,False,False
TK60731,2023-07-15 08:05:00,email,account,normal,Question about a refund for an annual plan,1054.0,2023-07-15 15:01:50,False,,416.8333333333333,False,False,2023-07,True,False
TK62445,2023-07-15 10:19:00,chat,billing,low,Issue with webhook deliveries failing,707.0,2023-07-17 02:36:35,False,,2417.5833333333335,False,False,2023-07,True,False
TK63090,2023-07-15 13:13:00,in-app,billing,low,Issue with add a teammate,256.0,2023-07-20 10:33:09,False,,7040.15,False,False,2023-07,False,False
TK62516,2023-07-15 13:36:00,in-app,account,high,Issue with export my data,304.0,2023-07-16 14:34:09,False,,1498.15,False,False,2023-07,False,False
TK63192,2023-07-15 18:34:00,email,technical,normal,Error when two-factor authentication,603.0,2023-07-17 19:33:38,False,,2939.633333333333,False,False,2023-07,True,False
TK60595,2023-07-15 22:45:00,chat,technical,normal,Error when the invoice for last month,48.0,2023-07-19 20:00:40,False,,5595.666666666667,False,False,2023-07,False,False
TK63852,2023-07-16 00:19:00,phone,technical,urgent,Request to two-factor authentication,23.0,2023-07-16 10:34:43,False,,615.7166666666667,False,False,2023-07,False,False
TK60326,2023-07-16 01:39:00,email,onboarding,normal,Question about log in after password reset,67.0,2023-07-16 21:06:03,False,,1167.05,False,False,2023-07,False,False
TK62207,2023-07-16 05:21:00,chat,technical,normal,How do I the invoice for last month,155.0,2023-07-16 08:22:03,False,5.0,181.05,False,True,2023-07,False,False
TK63276,2023-07-16 07:57:00,phone,billing,urgent,Cannot export my data,17.0,2023-07-16 09:01:30,False,,64.5,False,False,2023-07,False,False
TK60928,2023-07-16 12:27:00,email,technical,high,Unable to add a teammate,76.0,2023-07-17 08:49:29,False,,1222.4833333333333,False,False,2023-07,False,False
TK61705,2023-07-16 13:11:00,in-app,billing,high,Request to export my data,57.0,2023-07-16 14:05:17,False,,54.28333333333333,False,False,2023-07,False,False
TK62194,2023-07-16 15:14:00,chat,technical,normal,Question about the API rate limit,10.0,2023-07-18 13:32:15,False,2.0,2778.25,False,True,2023-07,False,False
TK60060,2023-07-16 16:56:00,in-app,technical,low,Unable to a duplicate charge,868.0,2023-07-18 18:48:55,False,5.0,2992.9166666666665,False,True,2023-07,True,False
TK61596,2023-07-16 21:26:00,chat,technical,high,Error when two-factor authentication,32.0,2023-07-17 17:54:30,False,,1228.5,False,False,2023-07,False,False
TK60287,2023-07-16 22:12:00,email,integrations,low,How do I a duplicate charge,104.0,2023-08-07 13:39:28,False,,31167.466666666667,False,False,2023-07,False,True
TK60856,2023-07-17 00:43:00,email,account,normal,Error when export my data,53.0,2023-07-17 09:50:14,False,,547.2333333333333,False,False,2023-07,False,False
TK63122,2023-07-17 01:09:00,email,billing,normal,Unable to add a teammate,73.0,2023-07-17 06:17:48,False,,308.8,False,False,2023-07,False,False
TK63473,2023-07-17 01:16:00,email,integrations,urgent,Request to export my data,17.0,2023-07-17 04:54:35,False,,218.58333333333334,False,False,2023-07,False,False
TK60933,2023-07-17 07:16:00,chat,integrations,high,Unable to connecting the Snowflake sync,29.0,2023-07-17 08:23:02,False,,67.03333333333333,False,False,2023-07,False,False
TK61873,2023-07-17 08:17:00,chat,integrations,low,Unable to export my data,1074.0,2023-07-19 01:08:18,False,,2451.3,False,False,2023-07,True,False
TK63267,2023-07-17 18:45:00,email,onboarding,high,Unable to the API rate limit,33.0,2023-07-26 13:02:00,False,5.0,12617.0,False,True,2023-07,False,True
TK61165,2023-07-17 21:55:00,phone,billing,normal,Unable to the API rate limit,65.0,2023-07-18 09:34:59,False,,699.9833333333333,False,False,2023-07,False,False
TK62230,2023-07-17 22:45:00,in-app,integrations,low,Question about a duplicate charge,306.0,2023-07-20 21:34:35,False,,4249.583333333333,False,False,2023-07,False,False
TK62634,2023-07-18 00:13:00,in-app,billing,normal,Unable to log in after password reset,133.0,2023-07-18 07:10:18,False,,417.3,False,False,2023-07,False,False
TK61693,2023-07-18 02:18:00,email,integrations,normal,Request to connecting the Snowflake sync,148.0,2023-07-20 18:40:28,False,,3862.4666666666667,False,False,2023-07,False,False
TK62926,2023-07-18 03:08:00,email,billing,normal,Error when webhook deliveries failing,,2023-07-18 19:39:58,False,,991.9666666666667,False,False,2023-07,False,False
TK62688,2023-07-18 11:18:00,chat,onboarding,normal,Issue with connecting the Snowflake sync,137.0,2023-07-22 02:08:35,False,,5210.583333333333,False,False,2023-07,False,False
TK63442,2023-07-18 11:55:00,in-app,integrations,normal,How do I a refund for an annual plan,133.0,2023-07-21 00:07:23,False,,3612.383333333333,False,False,2023-07,False,False
TK60677,2023-07-18 14:52:00,in-app,integrations,normal,Issue with two-factor authentication,88.0,2023-07-18 20:55:39,False,4.0,363.65,False,True,2023-07,False,False
TK60874,2023-07-18 14:54:00,email,onboarding,normal,Request to a duplicate charge,21.0,2023-07-19 08:53:20,False,,1079.3333333333333,False,False,2023-07,False,False
TK62405,2023-07-18 15:54:00,chat,account,low,Cannot export my data,59.0,2023-07-23 08:44:20,False,,6770.333333333333,False,False,2023-07,False,False
TK60248,2023-07-18 18:35:00,email,technical,low,Unable to a refund for an annual plan,,2023-07-25 16:36:44,False,,9961.733333333334,False,False,2023-07,False,True
TK60405,2023-07-18 20:54:00,phone,onboarding,high,Error when log in after password reset,59.0,2023-07-19 08:01:33,True,,667.55,False,False,2023-07,False,False
TK61632,2023-07-18 22:13:00,chat,technical,low,Request to downgrade my plan,21.0,2023-07-24 05:39:41,False,,7646.683333333333,False,False,2023-07,False,False
TK62643,2023-07-19 04:08:00,email,technical,high,Error when webhook deliveries failing,69.0,2023-07-20 21:14:55,True,,2466.9166666666665,False,False,2023-07,False,False
TK60501,2023-07-19 10:52:00,email,technical,high,Question about connecting the Snowflake sync,481.0,2023-07-19 16:36:40,False,5.0,344.6666666666667,False,True,2023-07,True,False
TK61729,2023-07-19 14:29:00,phone,billing,normal,How do I two-factor authentication,135.0,2023-07-19 23:35:12,False,1.0,546.2,False,True,2023-07,False,False
TK60453,2023-07-19 15:48:00,email,technical,high,Issue with the API rate limit,50.0,2023-07-20 03:47:37,False,,719.6166666666667,False,False,2023-07,False,False
TK60139,2023-07-19 15:59:00,in-app,technical,low,How do I two-factor authentication,483.0,2023-07-25 14:14:52,True,2.0,8535.866666666667,False,True,2023-07,True,True
TK61324,2023-07-19 16:09:00,in-app,technical,high,Request to log in after password reset,10.0,2023-07-21 17:42:15,False,,2973.25,False,False,2023-07,False,False
TK62214,2023-07-19 18:16:00,email,technical,low,Unable to add a teammate,473.0,2023-07-22 13:19:09,False,,4023.15,False,False,2023-07,True,False
TK63905,2023-07-19 20:42:00,in-app,account,normal,Error when add a teammate,63.0,2023-07-20 10:33:21,False,,831.35,False,False,2023-07,False,False
TK61640,2023-07-19 20:50:00,in-app,technical,normal,Unable to export my data,82.0,2023-07-20 01:54:18,False,,304.3,False,False,2023-07,False,False
TK63533,2023-07-19 21:47:00,in-app,billing,normal,How do I webhook deliveries failing,20.0,2023-07-23 18:13:42,False,,5546.7,False,False,2023-07,False,False
TK63522,2023-07-19 22:13:00,chat,technical,high,Question about the API rate limit,57.0,2023-07-23 10:41:01,False,,5068.016666666666,False,False,2023-07,False,False
TK60798,2023-07-20 05:36:00,chat,integrations,normal,Error when the dashboard loading slowly,84.0,,False,,,True,False,2023-07,False,False
TK61967,2023-07-20 06:56:00,email,technical,normal,How do I downgrade my plan,366.0,2023-07-21 02:14:46,False,,1158.7666666666667,False,False,2023-07,False,False
TK62880,2023-07-20 07:06:00,phone,account,normal,Question about two-factor authentication,34.0,2023-07-20 21:34:12,False,2.0,868.2,False,True,2023-07,False,False
TK62023,2023-07-20 07:47:00,phone,technical,normal,Request to connecting the Snowflake sync,78.0,2023-07-20 13:29:22,False,4.0,342.3666666666667,False,True,2023-07,False,False
TK62508,2023-07-20 12:04:00,email,account,urgent,Question about two-factor authentication,9.0,2023-07-20 14:25:47,False,,141.78333333333333,False,False,2023-07,False,False
TK60488,2023-07-20 12:10:00,chat,onboarding,normal,Cannot log in after password reset,270.0,2023-07-20 14:01:45,False,,111.75,False,False,2023-07,False,False
TK62292,2023-07-20 12:17:00,in-app,technical,normal,Issue with a duplicate charge,102.0,2023-07-21 07:17:30,False,,1140.5,False,False,2023-07,False,False
TK61445,2023-07-20 15:22:00,email,billing,urgent,Issue with add a teammate,4.0,2023-07-20 20:58:31,False,,336.51666666666665,False,False,2023-07,False,False
TK61254,2023-07-20 18:10:00,email,technical,normal,Error when the dashboard loading slowly,41.0,2023-07-22 16:43:18,False,5.0,2793.3,False,True,2023-07,False,False
TK61338,2023-07-20 19:35:00,chat,billing,high,Question about the API rate limit,81.0,,False,,,True,False,2023-07,False,False
TK63250,2023-07-20 23:08:00,phone,onboarding,normal,Error when two-factor authentication,59.0,2023-07-21 04:35:59,False,,327.98333333333335,False,False,2023-07,False,False
TK61558,2023-07-20 23:17:00,phone,onboarding,high,Cannot a duplicate charge,37.0,2023-07-21 08:59:04,False,,582.0666666666667,False,False,2023-07,False,False
TK60171,2023-07-20 23:38:00,email,account,high,Unable to connecting the Snowflake sync,16.0,2023-07-21 18:07:26,False,,1109.4333333333334,False,False,2023-07,False,False
TK61070,2023-07-21 05:01:00,email,technical,normal,Issue with a duplicate charge,39.0,2023-07-21 13:11:53,False,5.0,490.8833333333333,False,True,2023-07,False,False
TK62684,2023-07-21 08:06:00,chat,technical,normal,Error when the dashboard loading slowly,9.0,2023-07-29 19:45:20,False,,12219.333333333334,False,False,2023-07,False,True
TK62601,2023-07-21 16:10:00,phone,onboarding,urgent,Unable to a refund for an annual plan,24.0,2023-07-21 17:43:08,False,3.0,93.13333333333334,False,True,2023-07,False,False
TK61872,2023-07-21 16:17:00,chat,billing,high,How do I a duplicate charge,83.0,2023-07-21 22:57:31,True,,400.51666666666665,False,False,2023-07,False,False
TK62261,2023-07-21 19:23:00,chat,technical,low,Question about two-factor authentication,506.0,2023-07-28 00:14:34,False,,8931.566666666668,False,False,2023-07,True,True
TK62977,2023-07-21 19:50:00,email,billing,normal,Issue with a refund for an annual plan,321.0,2023-07-22 00:45:21,False,5.0,295.35,False,True,2023-07,False,False
TK62689,2023-07-21 20:15:00,in-app,technical,high,How do I downgrade my plan,78.0,2023-07-22 21:39:09,False,,1524.15,False,False,2023-07,False,False
TK62553,2023-07-22 01:47:00,email,account,normal,Request to a refund for an annual plan,93.0,2023-07-22 16:01:01,False,5.0,854.0166666666667,False,True,2023-07,False,False
TK61619,2023-07-22 02:54:00,email,integrations,high,Error when webhook deliveries failing,107.0,2023-07-24 11:32:52,False,,3398.866666666667,False,False,2023-07,False,False
TK63906,2023-07-22 09:40:00,email,technical,low,Error when add a teammate,131.0,2023-07-24 02:53:41,False,,2473.6833333333334,False,False,2023-07,False,False
TK61495,2023-07-22 12:36:00,phone,billing,normal,Request to webhook deliveries failing,132.0,2023-07-23 01:59:15,False,,803.25,False,False,2023-07,False,False
TK63695,2023-07-22 14:42:00,in-app,account,normal,Cannot the API rate limit,,2023-07-23 13:54:50,True,,1392.8333333333333,False,False,2023-07,False,False
TK61750,2023-07-22 15:02:00,in-app,technical,high,Error when a duplicate charge,70.0,,False,,,True,False,2023-07,False,False
TK63170,2023-07-22 19:40:00,email,billing,normal,How do I log in after password reset,361.0,2023-08-10 14:19:10,False,,27039.166666666668,False,False,2023-07,False,True
TK61425,2023-07-23 00:46:00,chat,onboarding,normal,How do I connecting the Snowflake sync,45.0,2023-07-24 14:28:56,False,,2262.9333333333334,False,False,2023-07,False,False
TK62446,2023-07-23 03:57:00,email,onboarding,urgent,Question about webhook deliveries failing,160.0,2023-07-23 19:07:49,False,5.0,910.8166666666667,False,True,2023-07,False,False
TK61072,2023-07-23 05:13:00,in-app,onboarding,high,Error when connecting the Snowflake sync,51.0,2023-07-23 09:30:49,False,5.0,257.81666666666666,False,True,2023-07,False,False
TK62834,2023-07-23 10:23:00,chat,technical,high,How do I a refund for an annual plan,40.0,2023-07-25 03:58:02,False,,2495.0333333333333,False,False,2023-07,False,False
TK61807,2023-07-23 10:54:00,in-app,onboarding,normal,Question about webhook deliveries failing,34.0,,False,,,True,False,2023-07,False,False
TK63728,2023-07-23 15:34:00,chat,account,normal,Question about the invoice for last month,142.0,2023-07-24 00:20:04,False,,526.0666666666667,False,False,2023-07,False,False
TK60179,2023-07-23 16:26:00,email,technical,normal,Error when connecting the Snowflake sync,76.0,2023-07-23 22:37:47,False,,371.78333333333336,False,False,2023-07,False,False
TK63621,2023-07-23 16:46:00,email,technical,normal,Question about two-factor authentication,24.0,2023-07-25 21:55:58,False,4.0,3189.9666666666667,False,True,2023-07,False,False
TK61312,2023-07-23 18:40:00,in-app,onboarding,normal,Error when two-factor authentication,27.0,2023-07-29 10:36:10,False,,8156.166666666667,False,False,2023-07,False,False
TK60114,2023-07-23 22:57:00,chat,technical,normal,Request to a refund for an annual plan,53.0,2023-07-28 01:59:31,False,,5942.516666666666,False,False,2023-07,False,False
TK62116,2023-07-24 00:00:00,chat,account,normal,How do I a refund for an annual plan,77.0,2023-07-24 02:31:07,False,,151.11666666666667,False,False,2023-07,False,False
TK60458,2023-07-24 03:37:00,in-app,integrations,urgent,Error when add a teammate,21.0,2023-07-24 16:40:13,False,,783.2166666666667,False,False,2023-07,False,False
TK63995,2023-07-24 05:25:00,phone,billing,normal,Unable to connecting the Snowflake sync,129.0,2023-08-01 13:38:53,True,5.0,12013.883333333333,False,True,2023-07,False,True
TK61499,2023-07-24 07:54:00,email,integrations,urgent,Error when the dashboard loading slowly,41.0,2023-07-24 19:22:52,False,,688.8666666666667,False,False,2023-07,False,False
TK60747,2023-07-24 08:54:00,chat,technical,urgent,Error when the dashboard loading slowly,58.0,2023-07-24 12:26:31,False,5.0,212.51666666666668,False,True,2023-07,False,False
TK61806,2023-07-24 14:39:00,in-app,onboarding,normal,How do I the dashboard loading slowly,94.0,2023-07-28 07:59:06,False,,5360.1,False,False,2023-07,False,False
TK60468,2023-07-24 16:46:00,chat,billing,normal,Question about add a teammate,356.0,2023-07-26 00:47:18,False,,1921.3,False,False,2023-07,False,False
TK62180,2023-07-24 20:35:00,email,account,normal,How do I export my data,18.0,2023-07-25 21:38:09,False,,1503.15,False,False,2023-07,False,False
TK60994,2023-07-24 20:38:00,chat,technical,normal,Unable to connecting the Snowflake sync,217.0,2023-07-25 19:38:12,False,,1380.2,False,False,2023-07,False,False
TK62638,2023-07-24 21:04:00,email,billing,normal,Issue with a duplicate charge,25.0,2023-07-25 07:55:58,False,,651.9666666666667,False,False,2023-07,False,False
TK60128,2023-07-24 23:11:00,chat,billing,urgent,Request to export my data,44.0,2023-07-24 23:56:32,False,,45.53333333333333,False,False,2023-07,False,False
TK62457,2023-07-25 07:01:00,chat,onboarding,high,Question about add a teammate,14.0,,False,,,True,False,2023-07,False,False
TK61890,2023-07-25 10:27:00,in-app,account,normal,Unable to downgrade my plan,582.0,2023-07-26 19:48:32,False,,2001.5333333333333,False,False,2023-07,True,False
TK63796,2023-07-25 11:41:00,chat,account,high,Request to the invoice for last month,101.0,2023-07-25 15:06:04,False,4.0,205.06666666666666,False,True,2023-07,False,False
TK63004,2023-07-25 15:12:00,phone,billing,normal,Question about connecting the Snowflake sync,62.0,2023-07-27 16:19:05,False,5.0,2947.0833333333335,False,True,2023-07,False,False
TK60695,2023-07-25 15:30:00,in-app,account,normal,How do I the invoice for last month,123.0,2023-07-27 19:54:30,False,5.0,3144.5,False,True,2023-07,False,False
TK63329,2023-07-25 17:45:00,chat,technical,normal,Error when downgrade my plan,338.0,2023-07-26 19:22:59,False,5.0,1537.9833333333333,False,True,2023-07,False,False
TK63319,2023-07-25 18:18:00,in-app,onboarding,normal,Question about the API rate limit,26.0,2023-07-27 22:12:50,False,,3114.8333333333335,False,False,2023-07,False,False
TK63144,2023-07-25 19:17:00,chat,account,normal,Unable to the dashboard loading slowly,167.0,2023-07-26 10:50:18,False,,933.3,False,False,2023-07,False,False
TK61293,2023-07-25 20:48:00,chat,technical,low,How do I the dashboard loading slowly,61.0,2023-07-28 20:16:50,False,,4288.833333333333,False,False,2023-07,False,False
TK62240,2023-07-25 21:56:00,email,technical,low,Question about log in after password reset,,2023-08-03 21:20:44,False,,12924.733333333334,False,False,2023-07,False,True
TK61532,2023-07-25 23:26:00,chat,onboarding,high,Request to the invoice for last month,34.0,2023-07-26 04:29:56,False,,303.93333333333334,False,False,2023-07,False,False
TK63741,2023-07-25 23:40:00,in-app,onboarding,high,Error when log in after password reset,22.0,2023-07-26 23:39:24,False,4.0,1439.4,False,True,2023-07,False,False
TK61711,2023-07-26 00:26:00,chat,account,normal,Request to the invoice for last month,74.0,2023-07-26 06:41:19,False,,375.31666666666666,False,False,2023-07,False,False
TK63614,2023-07-26 00:48:00,email,integrations,urgent,Cannot the dashboard loading slowly,21.0,2023-07-26 12:33:23,False,5.0,705.3833333333333,False,True,2023-07,False,False
TK63654,2023-07-26 04:08:00,email,account,normal,Request to a duplicate charge,89.0,2023-07-26 07:41:03,False,,213.05,False,False,2023-07,False,False
TK63634,2023-07-26 08:32:00,phone,account,low,How do I export my data,70.0,2023-07-26 18:29:12,False,4.0,597.2,False,True,2023-07,False,False
TK60469,2023-07-26 09:09:00,phone,account,low,Question about the invoice for last month,186.0,2023-07-27 03:07:25,False,,1078.4166666666667,False,False,2023-07,False,False
TK62625,2023-07-26 12:27:00,in-app,technical,normal,How do I log in after password reset,23.0,2023-07-28 16:34:25,False,,3127.4166666666665,False,False,2023-07,False,False
TK61575,2023-07-26 13:48:00,phone,technical,high,How do I the invoice for last month,25.0,2023-07-26 17:34:40,False,,226.66666666666666,False,False,2023-07,False,False
TK62656,2023-07-26 19:33:00,phone,account,normal,Request to export my data,47.0,2023-07-29 02:27:22,False,,3294.366666666667,False,False,2023-07,False,False
TK61624,2023-07-26 20:18:00,chat,technical,normal,Error when add a teammate,69.0,2023-07-29 08:26:16,False,,3608.266666666667,False,False,2023-07,False,False
TK63610,2023-07-26 20:40:00,email,technical,high,Request to the invoice for last month,76.0,2023-07-27 02:49:21,False,,369.35,False,False,2023-07,False,False
TK63017,2023-07-27 01:28:00,chat,technical,low,Unable to the dashboard loading slowly,470.0,2023-07-28 06:30:16,False,5.0,1742.2666666666667,False,True,2023-07,True,False
TK60936,2023-07-27 03:21:00,email,account,normal,Issue with add a teammate,65.0,2023-07-30 11:52:46,False,,4831.766666666666,False,False,2023-07,False,False
TK60831,2023-07-27 10:13:00,in-app,technical,high,Question about downgrade my plan,66.0,2023-07-27 20:27:20,False,,614.3333333333334,False,False,2023-07,False,False
TK63620,2023-07-27 15:29:00,chat,account,high,Issue with a duplicate charge,29.0,2023-07-28 03:11:27,True,,702.45,False,False,2023-07,False,False
TK63142,2023-07-27 15:56:00,phone,account,normal,Request to export my data,296.0,2023-07-30 06:51:35,False,,3775.5833333333335,False,False,2023-07,False,False
TK60457,2023-07-27 18:53:00,chat,billing,normal,Issue with add a teammate,69.0,2023-07-28 15:41:09,False,,1248.15,False,False,2023-07,False,False
TK62960,2023-07-27 19:57:00,chat,account,low,Cannot export my data,670.0,2023-07-30 16:20:21,False,,4103.35,False,False,2023-07,True,False
TK63557,2023-07-27 22:55:00,email,billing,normal,How do I the API rate limit,223.0,,False,,,True,False,2023-07,False,False
TK60685,2023-07-28 05:53:00,email,onboarding,high,Unable to connecting the Snowflake sync,37.0,2023-08-02 21:19:06,False,3.0,8126.1,False,True,2023-07,False,False
TK63966,2023-07-28 07:09:00,in-app,technical,high,Error when the invoice for last month,61.0,2023-07-30 00:49:49,False,,2500.8166666666666,False,False,2023-07,False,False
TK61582,2023-07-28 08:24:00,email,technical,normal,Request to webhook deliveries failing,626.0,2023-08-05 06:16:28,False,,11392.466666666667,False,False,2023-07,True,True
TK63837,2023-07-28 10:38:00,in-app,technical,normal,Cannot a duplicate charge,90.0,2023-07-29 13:35:40,False,,1617.6666666666667,False,False,2023-07,False,False
TK63456,2023-07-28 11:40:00,in-app,onboarding,high,Error when export my data,61.0,2023-07-28 13:47:34,False,,127.56666666666666,False,False,2023-07,False,False
TK63733,2023-07-28 18:14:00,phone,billing,normal,Error when two-factor authentication,77.0,2023-08-12 02:39:56,False,,20665.933333333334,False,False,2023-07,False,True
TK62196,2023-07-28 18:22:00,in-app,technical,low,Error when webhook deliveries failing,131.0,2023-07-31 20:59:42,False,1.0,4477.7,False,True,2023-07,False,False
TK62566,2023-07-28 22:39:00,phone,account,high,Error when a duplicate charge,93.0,2023-07-30 05:00:01,True,,1821.0166666666667,False,False,2023-07,False,False
TK63981,2023-07-29 01:12:00,in-app,integrations,normal,Issue with the invoice for last month,72.0,2023-08-04 18:28:52,False,,9676.866666666667,False,False,2023-07,False,True
TK60465,2023-07-29 04:15:00,chat,account,low,Question about add a teammate,146.0,2023-08-02 10:22:59,False,5.0,6127.983333333334,False,True,2023-07,False,False
TK63584,2023-07-29 04:18:00,email,billing,high,Cannot the dashboard loading slowly,234.0,2023-07-30 05:03:30,False,5.0,1485.5,False,True,2023-07,False,False
TK62858,2023-07-29 06:56:00,email,technical,high,Cannot a duplicate charge,27.0,2023-07-29 20:22:33,False,,806.55,False,False,2023-07,False,False
TK60368,2023-07-29 12:49:00,chat,onboarding,normal,Request to the dashboard loading slowly,20.0,2023-07-29 16:23:26,False,,214.43333333333334,False,False,2023-07,False,False
TK62805,2023-07-29 14:29:00,email,technical,normal,Question about a duplicate charge,132.0,2023-08-02 08:21:26,False,,5392.433333333333,False,False,2023-07,False,False
TK60761,2023-07-29 16:26:00,chat,technical,normal,Question about connecting the Snowflake sync,24.0,2023-07-30 17:03:40,False,5.0,1477.6666666666667,False,True,2023-07,False,False
TK60903,2023-07-29 20:15:00,phone,technical,normal,Cannot connecting the Snowflake sync,141.0,2023-08-04 00:04:19,False,,7429.316666666667,False,False,2023-07,False,False
TK61544,2023-07-29 20:28:00,phone,billing,normal,Error when export my data,158.0,2023-08-03 22:06:32,False,3.0,7298.533333333334,False,True,2023-07,False,False
TK60964,2023-07-30 01:46:00,chat,technical,high,Issue with log in after password reset,35.0,2023-07-30 12:53:33,True,,667.55,False,False,2023-07,False,False
TK62972,2023-07-30 01:54:00,email,onboarding,high,How do I downgrade my plan,28.0,2023-07-30 23:42:43,False,,1308.7166666666667,False,False,2023-07,False,False
TK60159,2023-07-30 11:47:00,phone,technical,high,How do I the API rate limit,54.0,2023-08-07 17:46:06,False,5.0,11879.1,False,True,2023-07,False,True
TK60408,2023-07-30 12:01:00,email,technical,low,Unable to connecting the Snowflake sync,130.0,2023-08-01 12:20:04,False,,2899.0666666666666,False,False,2023-07,False,False
TK60105,2023-07-30 14:16:00,email,onboarding,normal,Cannot the API rate limit,232.0,2023-07-31 22:01:04,False,,1905.0666666666666,False,False,2023-07,False,False
TK61528,2023-07-30 15:46:00,email,billing,normal,Error when the invoice for last month,45.0,2023-07-30 18:45:35,False,4.0,179.58333333333334,False,True,2023-07,False,False
TK63417,2023-07-30 15:51:00,phone,onboarding,normal,How do I the invoice for last month,91.0,2023-07-31 10:28:59,False,,1117.9833333333333,False,False,2023-07,False,False
TK62655,2023-07-30 16:09:00,chat,billing,high,Unable to the API rate limit,103.0,2023-07-30 23:17:21,True,,428.35,False,False,2023-07,False,False
TK61053,2023-07-30 20:56:00,phone,onboarding,normal,Request to a refund for an annual plan,39.0,2023-07-31 07:10:00,False,,614.0,False,False,2023-07,False,False
TK61793,2023-07-30 23:01:00,phone,technical,low,Unable to add a teammate,75.0,2023-08-08 05:52:34,False,2.0,11931.566666666668,False,True,2023-07,False,True
TK63619,2023-07-30 23:52:00,in-app,integrations,normal,Issue with two-factor authentication,56.0,2023-10-01 11:16:11,False,,89964.18333333333,False,False,2023-07,False,True
TK63496,2023-07-31 01:05:00,email,billing,high,Issue with downgrade my plan,385.0,2023-07-31 03:52:01,True,,167.01666666666668,False,False,2023-07,False,False
TK60822,2023-07-31 04:42:00,chat,technical,low,Question about a refund for an annual plan,21.0,,False,,,True,False,2023-07,False,False
TK60030,2023-07-31 07:21:00,in-app,billing,urgent,Cannot connecting the Snowflake sync,48.0,2023-08-01 01:56:51,False,,1115.85,False,False,2023-07,False,False
TK60788,2023-07-31 10:13:00,chat,onboarding,high,Issue with a refund for an annual plan,39.0,2023-07-31 13:47:07,False,2.0,214.11666666666667,False,True,2023-07,False,False
TK63554,2023-07-31 13:39:00,email,billing,normal,How do I add a teammate,112.0,2023-07-31 14:50:36,False,,71.6,False,False,2023-07,False,False
TK60540,2023-07-31 14:59:00,email,integrations,high,Unable to the invoice for last month,52.0,2023-07-31 17:28:57,False,5.0,149.95,False,True,2023-07,False,False
TK63640,2023-07-31 23:21:00,in-app,billing,high,Unable to log in after password reset,67.0,2023-08-01 02:32:52,False,,191.86666666666667,False,False,2023-07,False,False
TK62610,2023-08-01 01:36:00,email,technical,normal,How do I connecting the Snowflake sync,453.0,2023-08-03 08:00:06,True,2.0,3264.1,False,True,2023-08,True,False
TK62081,2023-08-01 03:53:00,email,integrations,low,Question about log in after password reset,75.0,2023-08-12 23:28:52,False,,17015.866666666665,False,False,2023-08,False,True
TK61742,2023-08-01 05:53:00,chat,billing,high,Cannot a refund for an annual plan,54.0,2023-08-06 23:01:14,False,5.0,8228.233333333334,False,True,2023-08,False,False
TK62933,2023-08-01 07:20:00,in-app,technical,low,Error when webhook deliveries failing,226.0,2023-08-26 21:25:47,False,,36845.78333333333,False,False,2023-08,False,True
TK61767,2023-08-01 08:28:00,chat,billing,normal,Question about log in after password reset,64.0,2023-08-02 02:37:09,False,,1089.15,False,False,2023-08,False,False
TK61372,2023-08-01 09:10:00,in-app,billing,low,Issue with the API rate limit,620.0,2023-08-02 09:28:54,False,,1458.9,False,False,2023-08,True,False
TK63257,2023-08-01 12:07:00,email,billing,high,Error when connecting the Snowflake sync,21.0,2023-08-01 14:25:25,False,,138.41666666666666,False,False,2023-08,False,False
TK62510,2023-08-01 12:41:00,phone,technical,low,Request to two-factor authentication,63.0,2023-08-11 07:53:06,False,,14112.1,False,False,2023-08,False,True
TK61962,2023-08-01 13:58:00,in-app,technical,low,Issue with export my data,81.0,,False,,,True,False,2023-08,False,False
TK61613,2023-08-01 16:08:00,in-app,technical,normal,Question about webhook deliveries failing,85.0,2023-08-03 10:25:48,False,4.0,2537.8,False,True,2023-08,False,False
TK60664,2023-08-01 18:50:00,chat,billing,urgent,Error when a refund for an annual plan,8.0,2023-08-01 19:08:35,False,5.0,18.583333333333332,False,True,2023-08,False,False
TK60299,2023-08-01 20:42:00,chat,integrations,high,Request to the API rate limit,204.0,2023-08-03 07:03:49,False,,2061.8166666666666,False,False,2023-08,False,False
TK60558,2023-08-02 08:09:00,email,onboarding,normal,Error when downgrade my plan,142.0,2023-08-03 03:39:57,False,,1170.95,False,False,2023-08,False,False
TK60600,2023-08-02 10:38:00,phone,onboarding,normal,Issue with export my data,58.0,2023-08-03 09:23:49,False,,1365.8166666666666,False,False,2023-08,False,False
TK60735,2023-08-02 10:41:00,chat,technical,low,Request to a duplicate charge,,2023-08-07 22:09:42,False,4.0,7888.7,False,True,2023-08,False,False
TK60091,2023-08-02 12:29:00,chat,billing,high,Request to export my data,49.0,2023-08-04 17:03:10,False,,3154.1666666666665,False,False,2023-08,False,False
TK63206,2023-08-02 12:44:00,in-app,integrations,low,Unable to the invoice for last month,186.0,2023-08-05 08:22:37,False,,4058.616666666667,False,False,2023-08,False,False
TK60663,2023-08-02 13:02:00,email,billing,normal,Issue with two-factor authentication,44.0,2023-08-03 20:26:25,False,1.0,1884.4166666666667,False,True,2023-08,False,False
TK61616,2023-08-02 13:08:00,phone,technical,normal,How do I webhook deliveries failing,113.0,2023-08-02 16:27:15,False,,199.25,False,False,2023-08,False,False
TK62841,2023-08-03 01:03:00,chat,billing,urgent,Error when a duplicate charge,23.0,2023-08-03 02:32:03,False,,89.05,False,False,2023-08,False,False
TK63032,2023-08-03 03:58:00,email,technical,high,Error when the API rate limit,26.0,2023-08-03 12:34:53,False,,516.8833333333333,False,False,2023-08,False,False
TK60107,2023-08-03 04:39:00,in-app,account,normal,Unable to the API rate limit,94.0,2023-08-08 02:47:28,False,,7088.466666666666,False,False,2023-08,False,False
TK63423,2023-08-03 06:02:00,in-app,account,high,Question about two-factor authentication,139.0,2023-08-04 19:50:20,False,,2268.3333333333335,False,False,2023-08,False,False
TK63314,2023-08-03 07:55:00,chat,billing,high,Issue with connecting the Snowflake sync,89.0,2023-08-03 15:54:36,False,,479.6,False,False,2023-08,False,False
TK61151,2023-08-03 09:38:00,in-app,onboarding,high,Request to the API rate limit,37.0,2023-08-03 12:28:24,False,5.0,170.4,False,True,2023-08,False,False
TK62741,2023-08-03 11:33:00,email,technical,urgent,Unable to the dashboard loading slowly,51.0,2023-08-04 20:34:18,False,,1981.3,False,False,2023-08,False,False
TK60952,2023-08-03 12:39:00,phone,technical,low,Request to webhook deliveries failing,69.0,2023-08-08 01:37:22,False,,6538.366666666667,False,False,2023-08,False,False
TK61918,2023-08-03 14:55:00,in-app,technical,low,Question about a refund for an annual plan,455.0,2023-08-05 16:38:28,False,,2983.4666666666667,False,False,2023-08,True,False
TK61009,2023-08-03 21:04:00,email,technical,normal,How do I a refund for an annual plan,229.0,2023-08-06 06:35:55,False,,3451.9166666666665,False,False,2023-08,False,False
TK61620,2023-08-03 23:09:00,phone,technical,low,Issue with a refund for an annual plan,396.0,2023-08-18 17:16:05,False,,21247.083333333332,False,False,2023-08,True,True
TK61594,2023-08-04 01:41:00,email,technical,high,Unable to webhook deliveries failing,50.0,2023-08-04 15:05:14,False,,804.2333333333333,False,False,2023-08,False,False
TK63656,2023-08-04 02:32:00,email,technical,urgent,How do I a refund for an annual plan,19.0,2023-08-05 05:37:38,False,1.0,1625.6333333333334,False,True,2023-08,False,False
TK60403,2023-08-04 03:20:00,phone,technical,normal,Cannot add a teammate,196.0,2023-08-04 21:12:32,False,,1072.5333333333333,False,False,2023-08,False,False
TK61131,2023-08-04 06:40:00,email,technical,normal,Request to a duplicate charge,,2023-08-07 13:32:42,False,,4732.7,False,False,2023-08,False,False
TK60067,2023-08-04 07:26:00,email,account,normal,Request to connecting the Snowflake sync,416.0,2023-08-08 09:20:51,False,,5874.85,False,False,2023-08,True,False
TK62712,2023-08-04 08:09:00,chat,technical,normal,Question about a duplicate charge,72.0,2023-08-07 21:22:41,False,,5113.683333333333,False,False,2023-08,False,False
TK63737,2023-08-04 09:24:00,email,account,high,How do I connecting the Snowflake sync,33.0,2023-08-04 15:46:42,False,,382.7,False,False,2023-08,False,False
TK60017,2023-08-04 11:45:00,email,technical,high,Error when add a teammate,23.0,2023-08-04 20:06:57,False,,501.95,False,False,2023-08,False,False
TK61659,2023-08-04 15:48:00,email,technical,high,Cannot add a teammate,47.0,2023-08-05 02:36:14,True,,648.2333333333333,False,False,2023-08,False,False
TK61866,2023-08-04 16:26:00,in-app,technical,normal,Unable to add a teammate,23.0,2023-08-06 23:11:22,False,,3285.366666666667,False,False,2023-08,False,False
TK62857,2023-08-04 17:29:00,in-app,billing,low,Unable to the invoice for last month,316.0,2023-08-05 16:35:04,False,4.0,1386.0666666666666,False,True,2023-08,False,False
TK62360,2023-08-04 19:26:00,email,billing,normal,Error when a duplicate charge,64.0,2023-08-04 23:06:14,False,,220.23333333333332,False,False,2023-08,False,False
TK63955,2023-08-04 22:38:00,chat,technical,low,Unable to webhook deliveries failing,103.0,2023-08-05 10:31:08,False,4.0,713.1333333333333,False,True,2023-08,False,False
TK63466,2023-08-04 23:12:00,chat,technical,low,Issue with the API rate limit,247.0,2023-08-07 02:04:43,False,,3052.7166666666667,False,False,2023-08,False,False
TK60955,2023-08-05 02:20:00,in-app,billing,urgent,Question about webhook deliveries failing,10.0,2023-08-05 07:04:22,False,4.0,284.3666666666667,False,True,2023-08,False,False
TK62364,2023-08-05 03:03:00,chat,technical,low,Question about log in after password reset,731.0,2023-08-07 04:22:03,False,,2959.05,False,False,2023-08,True,False
TK63567,2023-08-05 06:17:00,in-app,technical,normal,How do I webhook deliveries failing,74.0,2023-08-10 02:18:05,False,,6961.083333333333,False,False,2023-08,False,False
TK63521,2023-08-05 07:42:00,chat,integrations,low,Issue with a refund for an annual plan,65.0,2023-08-08 06:42:02,False,,4260.033333333334,False,False,2023-08,False,False
TK60392,2023-08-05 09:52:00,in-app,billing,low,Question about log in after password reset,90.0,2023-08-06 04:08:55,False,,1096.9166666666667,False,False,2023-08,False,False
TK61204,2023-08-05 17:59:00,email,technical,low,Cannot webhook deliveries failing,33.0,2023-08-07 13:28:33,False,4.0,2609.55,False,True,2023-08,False,False
TK61061,2023-08-05 18:19:00,phone,billing,normal,Issue with the invoice for last month,234.0,2023-08-07 06:53:51,False,3.0,2194.85,False,True,2023-08,False,False
TK60074,2023-08-05 19:04:00,in-app,technical,normal,Request to export my data,32.0,2023-08-06 08:31:33,False,5.0,807.55,False,True,2023-08,False,False
TK61317,2023-08-05 19:05:00,email,technical,normal,Cannot a duplicate charge,79.0,,False,,,True,False,2023-08,False,False
TK61924,2023-08-05 23:23:00,email,billing,high,Cannot two-factor authentication,17.0,2023-08-06 09:29:26,False,2.0,606.4333333333333,False,True,2023-08,False,False
TK61115,2023-08-06 02:23:00,chat,account,high,Unable to add a teammate,15.0,2023-08-06 08:20:21,False,,357.35,False,False,2023-08,False,False
TK60011,2023-08-06 08:20:00,chat,billing,low,Question about connecting the Snowflake sync,,2023-08-07 09:22:25,False,,1502.4166666666667,False,False,2023-08,False,False
TK63861,2023-08-06 09:08:00,in-app,onboarding,low,Cannot add a teammate,305.0,2023-08-12 20:32:38,False,1.0,9324.633333333333,False,True,2023-08,False,True
TK60979,2023-08-06 10:27:00,phone,account,normal,Question about webhook deliveries failing,113.0,2023-08-06 16:40:12,False,,373.2,False,False,2023-08,False,False
TK60950,2023-08-06 13:03:00,email,technical,normal,Error when webhook deliveries failing,325.0,2023-08-08 17:43:53,False,5.0,3160.883333333333,False,True,2023-08,False,False
TK62630,2023-08-06 13:17:00,chat,onboarding,high,Cannot webhook deliveries failing,22.0,2023-08-06 20:32:50,False,,435.8333333333333,False,False,2023-08,False,False
TK63668,2023-08-06 14:40:00,phone,integrations,high,Issue with a refund for an annual plan,22.0,2023-08-07 16:02:13,False,,1522.2166666666667,False,False,2023-08,False,False
TK60651,2023-08-06 18:50:00,email,technical,normal,Question about webhook deliveries failing,198.0,2023-08-10 03:51:05,False,,4861.083333333333,False,False,2023-08,False,False
TK62191,2023-08-07 01:35:00,email,billing,urgent,Question about a refund for an annual plan,53.0,2023-08-07 05:50:49,False,,255.81666666666666,False,False,2023-08,False,False
TK63124,2023-08-07 01:37:00,chat,integrations,normal,Request to webhook deliveries failing,21.0,2023-08-08 22:56:13,False,,2719.2166666666667,False,False,2023-08,False,False
TK62996,2023-08-07 05:25:00,chat,integrations,low,Issue with the dashboard loading slowly,420.0,2023-08-17 12:54:10,False,1.0,14849.166666666666,False,True,2023-08,True,True
TK61244,2023-08-07 05:50:00,in-app,technical,normal,Error when a refund for an annual plan,114.0,,False,,,True,False,2023-08,False,False
TK63975,2023-08-07 08:19:00,chat,billing,normal,Request to connecting the Snowflake sync,192.0,2023-08-08 12:49:26,False,,1710.4333333333334,False,False,2023-08,False,False
TK62373,2023-08-07 10:14:00,email,account,high,Error when webhook deliveries failing,43.0,2023-08-08 20:31:10,False,,2057.1666666666665,False,False,2023-08,False,False
TK62592,2023-08-07 17:10:00,chat,account,high,Error when two-factor authentication,42.0,2023-08-08 02:09:06,False,,539.1,False,False,2023-08,False,False
TK60948,2023-08-07 17:11:00,chat,integrations,normal,How do I two-factor authentication,394.0,2023-08-09 12:37:20,False,,2606.3333333333335,False,False,2023-08,True,False
TK63453,2023-08-07 17:36:00,chat,billing,high,Question about add a teammate,103.0,2023-08-08 09:15:47,False,,939.7833333333333,False,False,2023-08,False,False
TK61601,2023-08-07 22:11:00,chat,account,high,Unable to a refund for an annual plan,29.0,2023-08-08 01:53:16,False,,222.26666666666668,False,False,2023-08,False,False
TK62072,2023-08-08 04:25:00,phone,technical,normal,Question about the API rate limit,149.0,2023-08-09 10:17:33,False,5.0,1792.55,False,True,2023-08,False,False
TK60970,2023-08-08 08:47:00,email,onboarding,normal,Question about downgrade my plan,37.0,2023-08-10 07:32:40,False,5.0,2805.6666666666665,False,True,2023-08,False,False
TK63996,2023-08-08 09:28:00,in-app,billing,normal,Question about the dashboard loading slowly,174.0,2023-08-08 16:59:50,True,,451.8333333333333,False,False,2023-08,False,False
TK63877,2023-08-08 11:37:00,email,billing,normal,Question about a duplicate charge,26.0,2023-08-09 06:30:22,True,,1133.3666666666666,False,False,2023-08,False,False
TK60387,2023-08-08 12:11:00,in-app,technical,high,Issue with the invoice for last month,38.0,2023-08-08 17:15:13,False,,304.21666666666664,False,False,2023-08,False,False
TK60467,2023-08-08 12:13:00,chat,integrations,low,Question about the API rate limit,74.0,2023-08-14 04:06:26,False,,8153.433333333333,False,False,2023-08,False,False
TK60869,2023-08-08 14:38:00,chat,account,low,How do I a refund for an annual plan,985.0,2023-08-11 00:53:33,False,,3495.55,False,False,2023-08,True,False
TK60692,2023-08-08 16:37:00,email,integrations,normal,Error when a duplicate charge,86.0,2023-08-09 04:36:36,False,,719.6,False,False,2023-08,False,False
TK61651,2023-08-08 18:25:00,in-app,account,low,Cannot a duplicate charge,1611.0,2023-08-09 19:01:41,False,,1476.6833333333334,False,False,2023-08,True,False
TK61322,2023-08-08 19:13:00,chat,account,low,Cannot the API rate limit,106.0,2023-08-11 04:07:40,False,,3414.6666666666665,False,False,2023-08,False,False
TK61203,2023-08-08 20:06:00,chat,billing,high,How do I webhook deliveries failing,32.0,2023-08-08 22:03:51,False,,117.85,False,False,2023-08,False,False
TK61410,2023-08-09 00:16:00,email,technical,normal,Request to two-factor authentication,558.0,2023-08-13 08:37:45,False,,6261.75,False,False,2023-08,True,False
TK61926,2023-08-09 03:03:00,in-app,billing,normal,Unable to the dashboard loading slowly,37.0,2023-08-11 15:22:43,False,,3619.7166666666667,False,False,2023-08,False,False
TK60438,2023-08-09 06:48:00,email,account,normal,Cannot two-factor authentication,17.0,2023-08-09 17:01:07,False,,613.1166666666667,False,False,2023-08,False,False
TK61236,2023-08-09 08:12:00,in-app,integrations,low,Error when log in after password reset,505.0,2023-08-24 16:18:43,False,,22086.716666666667,False,False,2023-08,True,True
TK61245,2023-08-09 09:38:00,email,billing,normal,Question about connecting the Snowflake sync,25.0,2023-08-10 23:09:12,False,,2251.2,False,False,2023-08,False,False
TK62828,2023-08-09 14:42:00,chat,technical,normal,Cannot add a teammate,79.0,2023-08-10 18:47:58,False,,1685.9666666666667,False,False,2023-08,False,False
TK63130,2023-08-09 14:51:00,email,account,urgent,Issue with the dashboard loading slowly,10.0,2023-08-09 16:48:39,False,5.0,117.65,False,True,2023-08,False,False
TK62542,2023-08-09 14:53:00,chat,account,normal,Unable to a refund for an annual plan,413.0,2023-08-16 07:11:45,False,3.0,9618.75,False,True,2023-08,True,True
TK61311,2023-08-09 16:49:00,email,integrations,high,Request to the API rate limit,138.0,2023-08-10 05:13:55,False,5.0,744.9166666666666,False,True,2023-08,False,False
TK63686,2023-08-09 17:55:00,email,technical,normal,Cannot connecting the Snowflake sync,156.0,,False,,,True,False,2023-08,False,False
TK61921,2023-08-09 17:57:00,phone,technical,normal,Issue with a duplicate charge,71.0,2023-08-12 14:15:54,False,5.0,4098.9,False,True,2023-08,False,False
TK60227,2023-08-09 22:40:00,email,integrations,low,Issue with connecting the Snowflake sync,120.0,2023-08-14 18:41:59,False,,6961.983333333334,False,False,2023-08,False,False
TK62599,2023-08-09 23:06:00,phone,integrations,normal,Cannot webhook deliveries failing,73.0,2023-08-11 00:41:25,False,4.0,1535.4166666666667,False,True,2023-08,False,False
TK62305,2023-08-10 01:37:00,email,technical,high,Cannot the invoice for last month,58.0,2023-08-10 15:42:30,True,,845.5,False,False,2023-08,False,False
TK60310,2023-08-10 02:16:00,phone,technical,high,How do I a duplicate charge,12.0,2023-08-11 01:13:38,False,,1377.6333333333334,False,False,2023-08,False,False
TK62819,2023-08-10 05:12:00,chat,technical,normal,Error when a refund for an annual plan,851.0,2023-08-15 15:36:43,True,5.0,7824.716666666666,False,True,2023-08,True,False
TK62183,2023-08-10 05:28:00,in-app,technical,normal,Error when the API rate limit,272.0,2023-08-10 23:16:57,False,,1068.95,False,False,2023-08,False,False
TK61724,2023-08-10 07:03:00,phone,billing,low,Unable to downgrade my plan,872.0,2023-08-10 14:08:15,False,,425.25,False,False,2023-08,True,False
TK60127,2023-08-10 18:58:00,chat,integrations,normal,Request to downgrade my plan,250.0,2023-08-21 02:55:19,False,,14877.316666666668,False,False,2023-08,False,True
TK63732,2023-08-10 19:00:00,in-app,billing,low,Cannot the invoice for last month,83.0,2023-08-11 01:27:40,False,4.0,387.6666666666667,False,True,2023-08,False,False
TK62618,2023-08-10 20:18:00,phone,billing,normal,Error when downgrade my plan,107.0,2023-08-18 08:13:34,False,5.0,10795.566666666668,False,True,2023-08,False,True
TK63282,2023-08-11 01:40:00,chat,technical,normal,Question about connecting the Snowflake sync,338.0,2023-08-13 05:49:51,False,2.0,3129.85,False,True,2023-08,False,False
TK62994,2023-08-11 01:50:00,in-app,technical,normal,Error when log in after password reset,,2023-08-14 07:04:18,False,,4634.3,False,False,2023-08,False,False
TK60239,2023-08-11 05:40:00,email,billing,normal,Request to export my data,10.0,2023-08-11 16:03:45,False,,623.75,False,False,2023-08,False,False
TK62383,2023-08-11 07:00:00,phone,technical,urgent,Cannot webhook deliveries failing,10.0,2023-08-11 11:19:41,True,,259.68333333333334,False,False,2023-08,False,False
TK62456,2023-08-11 12:51:00,in-app,technical,normal,Request to a duplicate charge,85.0,2023-08-13 01:39:17,False,,2208.2833333333333,False,False,2023-08,False,False
TK62075,2023-08-11 13:16:00,email,onboarding,normal,How do I a refund for an annual plan,83.0,2023-08-12 06:22:41,False,,1026.6833333333334,False,False,2023-08,False,False
TK62485,2023-08-11 13:51:00,chat,technical,low,Question about log in after password reset,221.0,2023-08-14 09:30:03,False,,4059.05,False,False,2023-08,False,False
TK61433,2023-08-11 14:11:00,email,onboarding,low,Unable to two-factor authentication,67.0,2023-08-13 14:39:50,False,,2908.8333333333335,False,False,2023-08,False,False
TK60502,2023-08-11 18:15:00,in-app,integrations,urgent,Issue with the invoice for last month,25.0,2023-08-12 01:09:04,False,,414.06666666666666,False,False,2023-08,False,False
TK63659,2023-08-11 18:29:00,chat,billing,low,Request to webhook deliveries failing,346.0,2023-09-23 17:09:55,False,,61840.916666666664,False,False,2023-08,False,True
TK60466,2023-08-12 06:00:00,chat,onboarding,low,Cannot log in after password reset,42.0,2023-08-12 23:39:58,False,,1059.9666666666667,False,False,2023-08,False,False
TK61512,2023-08-12 11:43:00,phone,billing,low,Issue with log in after password reset,169.0,2023-08-14 21:35:18,False,,3472.3,False,False,2023-08,False,False
TK60446,2023-08-12 18:55:00,email,billing,low,Cannot a refund for an annual plan,305.0,2023-08-14 08:44:04,False,5.0,2269.0666666666666,False,True,2023-08,False,False
TK63064,2023-08-12 20:12:00,in-app,technical,normal,Cannot a duplicate charge,49.0,,False,,,True,False,2023-08,False,False
TK61037,2023-08-12 21:41:00,chat,technical,urgent,Cannot a refund for an annual plan,7.0,2023-08-13 15:27:28,False,5.0,1066.4666666666667,False,True,2023-08,False,False
TK61494,2023-08-12 22:24:00,chat,billing,normal,Request to the dashboard loading slowly,53.0,2023-08-13 01:30:38,False,,186.63333333333333,False,False,2023-08,False,False
TK62869,2023-08-13 00:39:00,chat,integrations,high,Error when downgrade my plan,48.0,2023-08-13 18:54:15,False,,1095.25,False,False,2023-08,False,False
TK61422,2023-08-13 05:31:00,in-app,onboarding,normal,Unable to log in after password reset,11.0,2023-08-13 19:53:27,False,4.0,862.45,False,True,2023-08,False,False
TK63097,2023-08-13 05:58:00,chat,onboarding,normal,Unable to the invoice for last month,206.0,2023-08-13 23:04:00,False,,1026.0,False,False,2023-08,False,False
TK61966,2023-08-13 07:03:00,chat,account,normal,Cannot export my data,91.0,2023-08-15 04:26:35,False,4.0,2723.5833333333335,False,True,2023-08,False,False
TK63471,2023-08-13 08:38:00,in-app,integrations,normal,Issue with export my data,321.0,2023-08-14 09:59:38,False,,1521.6333333333334,False,False,2023-08,False,False
TK63291,2023-08-13 13:06:00,email,onboarding,low,Error when add a teammate,404.0,,False,,,True,False,2023-08,True,False
TK63689,2023-08-13 17:02:00,in-app,technical,normal,Question about the invoice for last month,53.0,2023-08-14 15:18:55,False,,1336.9166666666667,False,False,2023-08,False,False
TK61155,2023-08-13 21:20:00,chat,technical,normal,Issue with the invoice for last month,843.0,2023-08-16 05:18:11,True,,3358.1833333333334,False,False,2023-08,True,False
TK63541,2023-08-13 22:40:00,email,technical,high,Request to downgrade my plan,,2023-08-15 11:40:35,False,,2220.5833333333335,False,False,2023-08,False,False
TK63738,2023-08-14 01:39:00,in-app,technical,high,Question about a refund for an annual plan,53.0,2023-08-14 14:32:52,False,,773.8666666666667,False,False,2023-08,False,False
TK60929,2023-08-14 08:06:00,in-app,integrations,normal,Issue with downgrade my plan,109.0,2023-08-17 09:37:08,False,,4411.133333333333,False,False,2023-08,False,False
TK62535,2023-08-14 08:48:00,in-app,onboarding,normal,Cannot downgrade my plan,140.0,2023-08-18 05:13:24,False,,5545.4,False,False,2023-08,False,False
TK62500,2023-08-14 10:57:00,chat,technical,urgent,Cannot the invoice for last month,12.0,2023-08-14 15:04:56,False,,247.93333333333334,False,False,2023-08,False,False
TK61669,2023-08-14 11:52:00,chat,account,normal,Question about add a teammate,57.0,2023-08-14 16:04:09,False,5.0,252.15,False,True,2023-08,False,False
TK62575,2023-08-14 12:04:00,email,account,urgent,Cannot the dashboard loading slowly,40.0,2023-08-14 12:49:42,False,,45.7,False,False,2023-08,False,False
TK61765,2023-08-14 12:25:00,email,technical,high,Question about log in after password reset,135.0,,False,,,True,False,2023-08,False,False
TK62064,2023-08-14 13:02:00,chat,technical,normal,Issue with the dashboard loading slowly,268.0,2023-08-16 23:13:11,True,,3491.1833333333334,False,False,2023-08,False,False
TK60094,2023-08-14 14:52:00,chat,onboarding,high,Cannot log in after password reset,69.0,2023-08-15 00:30:39,False,,578.65,False,False,2023-08,False,False
TK61145,2023-08-14 18:54:00,in-app,integrations,high,Question about a refund for an annual plan,100.0,2023-08-14 21:20:15,True,4.0,146.25,False,True,2023-08,False,False
TK61743,2023-08-14 19:23:00,phone,billing,low,Request to export my data,127.0,2023-08-20 09:18:54,False,4.0,8035.9,False,True,2023-08,False,False
TK60085,2023-08-14 20:23:00,chat,billing,high,Error when connecting the Snowflake sync,24.0,2023-08-15 10:48:54,False,,865.9,False,False,2023-08,False,False
TK63113,2023-08-14 23:39:00,chat,technical,low,Cannot downgrade my plan,71.0,,False,,,True,False,2023-08,False,False
TK62628,2023-08-15 00:05:00,email,integrations,normal,Issue with export my data,93.0,2023-08-23 18:48:14,False,,12643.233333333334,False,False,2023-08,False,True
TK62310,2023-08-15 01:16:00,email,technical,low,Request to connecting the Snowflake sync,176.0,2023-08-28 17:07:24,False,,19671.4,False,False,2023-08,False,True
TK63968,2023-08-15 02:24:00,chat,billing,low,Error when two-factor authentication,110.0,2023-08-15 10:20:36,False,,476.6,False,False,2023-08,False,False
TK60535,2023-08-15 03:57:00,in-app,billing,high,Error when the API rate limit,40.0,2023-08-15 22:11:20,False,5.0,1094.3333333333333,False,True,2023-08,False,False
TK62099,2023-08-15 04:42:00,email,technical,high,Question about connecting the Snowflake sync,73.0,2023-08-16 06:56:08,False,,1574.1333333333334,False,False,2023-08,False,False
TK62298,2023-08-15 04:52:00,chat,billing,normal,How do I a refund for an annual plan,286.0,2023-08-16 23:32:47,False,,2560.7833333333333,False,False,2023-08,False,False
TK63285,2023-08-15 06:44:00,phone,technical,urgent,How do I export my data,7.0,2023-08-15 12:25:16,False,,341.26666666666665,False,False,2023-08,False,False
TK63437,2023-08-15 08:43:00,email,onboarding,high,Question about add a teammate,63.0,2023-08-15 17:58:41,False,,555.6833333333333,False,False,2023-08,False,False
TK60799,2023-08-15 09:01:00,chat,account,normal,Issue with the dashboard loading slowly,44.0,2023-08-21 15:32:33,False,5.0,9031.55,False,True,2023-08,False,True
TK61553,2023-08-15 10:33:00,in-app,account,normal,Error when downgrade my plan,1095.0,2023-08-15 16:40:52,False,,367.8666666666667,False,False,2023-08,True,False
TK60760,2023-08-15 11:43:00,email,billing,urgent,Unable to export my data,50.0,2023-08-15 13:31:42,False,,108.7,False,False,2023-08,False,False
TK60306,2023-08-15 17:11:00,chat,technical,normal,Request to the API rate limit,52.0,2023-08-16 04:50:11,False,5.0,699.1833333333333,False,True,2023-08,False,False
TK61660,2023-08-15 17:32:00,chat,account,normal,Unable to connecting the Snowflake sync,38.0,2023-08-16 01:46:26,False,,494.43333333333334,False,False,2023-08,False,False
TK63193,2023-08-15 17:48:00,chat,technical,high,Cannot a refund for an annual plan,21.0,2023-08-16 01:45:36,False,4.0,477.6,False,True,2023-08,False,False
TK63782,2023-08-15 18:33:00,email,technical,normal,Question about a refund for an annual plan,108.0,2023-08-16 09:59:23,False,,926.3833333333333,False,False,2023-08,False,False
TK60879,2023-08-15 20:28:00,phone,integrations,low,Cannot connecting the Snowflake sync,136.0,2023-08-20 07:37:27,False,4.0,6429.45,False,True,2023-08,False,False
TK62149,2023-08-15 21:40:00,email,billing,urgent,Cannot the invoice for last month,17.0,2023-08-16 08:48:08,False,,668.1333333333333,False,False,2023-08,False,False
TK62198,2023-08-15 23:01:00,email,billing,urgent,Error when a refund for an annual plan,19.0,2023-08-16 04:57:07,False,,356.1166666666667,False,False,2023-08,False,False
TK60032,2023-08-16 08:18:00,chat,billing,urgent,Cannot log in after password reset,35.0,2023-08-16 09:16:24,False,5.0,58.4,False,True,2023-08,False,False
TK61412,2023-08-16 08:29:00,email,account,low,Unable to downgrade my plan,84.0,2023-08-19 08:21:14,False,,4312.233333333334,False,False,2023-08,False,False
TK61944,2023-08-16 11:07:00,in-app,billing,low,Request to webhook deliveries failing,2271.0,2023-08-24 05:21:48,False,,11174.8,False,False,2023-08,True,True
TK61916,2023-08-16 11:57:00,email,account,normal,Error when a duplicate charge,284.0,2023-08-17 10:16:29,False,5.0,1339.4833333333333,False,True,2023-08,False,False
TK62142,2023-08-16 12:25:00,in-app,onboarding,normal,Issue with the dashboard loading slowly,40.0,2023-08-16 19:42:13,False,5.0,437.21666666666664,False,True,2023-08,False,False
TK60245,2023-08-16 13:27:00,chat,billing,normal,Question about two-factor authentication,35.0,2023-08-22 04:26:32,False,5.0,8099.533333333334,False,True,2023-08,False,False
TK63681,2023-08-16 14:22:00,chat,billing,low,Error when log in after password reset,58.0,2023-08-20 18:04:16,False,,5982.266666666666,False,False,2023-08,False,False
TK60918,2023-08-16 16:16:00,chat,technical,urgent,Request to a duplicate charge,3.0,2023-08-17 00:22:15,False,,486.25,False,False,2023-08,False,False
TK60148,2023-08-16 16:32:00,email,integrations,normal,Cannot a duplicate charge,184.0,2023-08-20 08:52:08,False,,5300.133333333333,False,False,2023-08,False,False
TK62092,2023-08-16 22:25:00,email,technical,normal,Unable to a refund for an annual plan,44.0,,False,,,True,False,2023-08,False,False
TK60883,2023-08-16 23:18:00,in-app,billing,high,Issue with log in after password reset,142.0,2023-08-17 02:37:43,False,3.0,199.71666666666667,False,True,2023-08,False,False
TK62203,2023-08-17 00:21:00,email,billing,urgent,Question about two-factor authentication,11.0,2023-08-17 02:29:44,False,,128.73333333333332,False,False,2023-08,False,False
TK61260,2023-08-17 01:24:00,chat,technical,high,How do I a refund for an annual plan,34.0,2023-08-17 04:01:11,False,,157.18333333333334,False,False,2023-08,False,False
TK62511,2023-08-17 02:29:00,email,account,urgent,Error when downgrade my plan,31.0,2023-08-17 03:28:37,False,,59.61666666666667,False,False,2023-08,False,False
TK62085,2023-08-17 05:58:00,email,billing,high,Issue with log in after password reset,28.0,2023-08-17 07:54:25,False,,116.41666666666667,False,False,2023-08,False,False
TK61692,2023-08-17 06:29:00,in-app,account,low,Issue with two-factor authentication,61.0,2023-08-17 13:00:41,False,4.0,391.68333333333334,False,True,2023-08,False,False
TK61850,2023-08-17 09:40:00,email,onboarding,normal,Question about a duplicate charge,120.0,2023-08-17 16:33:01,False,,413.01666666666665,False,False,2023-08,False,False
TK60323,2023-08-17 11:06:00,chat,technical,high,Cannot downgrade my plan,28.0,2023-08-22 23:13:22,False,,7927.366666666667,False,False,2023-08,False,False
TK61521,2023-08-17 14:30:00,email,integrations,high,Cannot the dashboard loading slowly,25.0,,False,,,True,False,2023-08,False,False
TK62286,2023-08-17 14:55:00,email,billing,low,How do I the dashboard loading slowly,212.0,2023-08-26 00:14:14,False,,12079.233333333334,False,False,2023-08,False,True
TK62647,2023-08-17 19:16:00,in-app,account,low,Request to webhook deliveries failing,157.0,2023-08-22 06:19:02,False,,6423.033333333334,False,False,2023-08,False,False
TK60493,2023-08-17 22:55:00,chat,technical,normal,Cannot the dashboard loading slowly,52.0,2023-08-21 15:03:14,False,5.0,5288.233333333334,False,True,2023-08,False,False
TK63128,2023-08-17 23:35:00,chat,account,normal,Error when a refund for an annual plan,52.0,2023-08-18 07:15:45,False,,460.75,False,False,2023-08,False,False
TK63041,2023-08-18 00:03:00,phone,technical,urgent,Error when add a teammate,21.0,2023-08-18 07:27:55,False,,444.9166666666667,False,False,2023-08,False,False
TK63795,2023-08-18 00:58:00,email,billing,normal,Question about connecting the Snowflake sync,124.0,2023-08-18 05:26:00,False,,268.0,False,False,2023-08,False,False
TK62654,2023-08-18 02:27:00,email,technical,low,Error when webhook deliveries failing,118.0,2023-09-29 00:13:46,False,,60346.76666666667,False,False,2023-08,False,True
TK62922,2023-08-18 03:12:00,chat,technical,normal,How do I webhook deliveries failing,27.0,2023-08-19 07:39:25,False,,1707.4166666666667,False,False,2023-08,False,False
TK62357,2023-08-18 05:36:00,in-app,account,normal,Error when the invoice for last month,25.0,2023-08-19 22:25:55,True,,2449.9166666666665,False,False,2023-08,False,False
TK61833,2023-08-18 08:00:00,chat,technical,low,Cannot a refund for an annual plan,101.0,,False,,,True,False,2023-08,False,False
TK60318,2023-08-18 09:26:00,chat,technical,normal,Issue with two-factor authentication,138.0,2023-08-20 13:08:20,False,4.0,3102.3333333333335,False,True,2023-08,False,False
TK62507,2023-08-18 12:54:00,chat,onboarding,normal,Request to connecting the Snowflake sync,205.0,2023-08-22 02:41:26,False,5.0,5147.433333333333,False,True,2023-08,False,False
TK63698,2023-08-18 15:01:00,email,billing,normal,Issue with a duplicate charge,268.0,2023-08-20 08:03:02,False,,2462.0333333333333,False,False,2023-08,False,False
TK63664,2023-08-18 15:04:00,phone,technical,high,Issue with log in after password reset,37.0,,False,,,True,False,2023-08,False,False
TK61394,2023-08-18 15:38:00,in-app,technical,normal,Question about a duplicate charge,167.0,2023-08-19 22:18:59,False,,1840.9833333333333,False,False,2023-08,False,False
TK60962,2023-08-18 17:03:00,email,billing,high,Issue with the dashboard loading slowly,62.0,2023-08-18 18:45:23,False,,102.38333333333334,False,False,2023-08,False,False
TK62606,2023-08-18 21:04:00,email,technical,high,Question about connecting the Snowflake sync,33.0,2023-08-20 19:19:57,False,1.0,2775.95,False,True,2023-08,False,False
TK63697,2023-08-18 21:22:00,chat,billing,high,Request to a refund for an annual plan,36.0,2023-08-19 00:01:28,False,,159.46666666666667,False,False,2023-08,False,False
TK61078,2023-08-18 22:31:00,chat,billing,normal,Issue with export my data,161.0,2023-08-19 06:22:14,False,,471.23333333333335,False,False,2023-08,False,False
TK63754,2023-08-18 23:09:00,chat,onboarding,normal,Unable to webhook deliveries failing,194.0,2023-08-19 23:17:55,False,3.0,1448.9166666666667,False,True,2023-08,False,False
TK63038,2023-08-19 07:18:00,email,billing,urgent,Request to the API rate limit,11.0,2023-08-20 06:59:39,False,,1421.65,False,False,2023-08,False,False
TK60315,2023-08-19 09:10:00,email,integrations,normal,Error when webhook deliveries failing,248.0,2023-08-21 02:35:01,False,5.0,2485.016666666667,False,True,2023-08,False,False
TK61140,2023-08-19 14:24:00,chat,technical,low,How do I a duplicate charge,133.0,2023-08-20 12:51:14,False,,1347.2333333333333,False,False,2023-08,False,False
TK62088,2023-08-19 15:37:00,in-app,onboarding,normal,Question about a refund for an annual plan,132.0,2023-08-22 14:23:18,True,,4246.3,False,False,2023-08,False,False
TK60491,2023-08-19 16:39:00,in-app,onboarding,high,Cannot webhook deliveries failing,34.0,2023-08-20 09:39:31,True,4.0,1020.5166666666667,False,True,2023-08,False,False
TK60569,2023-08-19 17:44:00,in-app,technical,high,Issue with webhook deliveries failing,50.0,2023-08-19 21:18:59,False,,214.98333333333332,False,False,2023-08,False,False
TK63675,2023-08-19 18:11:00,in-app,integrations,high,Error when the API rate limit,24.0,2023-08-20 01:10:08,False,,419.1333333333333,False,False,2023-08,False,False
TK61209,2023-08-20 01:28:00,chat,onboarding,normal,Question about webhook deliveries failing,109.0,2023-08-22 11:16:21,False,4.0,3468.35,False,True,2023-08,False,False
TK62043,2023-08-20 02:52:00,chat,integrations,normal,Cannot a refund for an annual plan,25.0,2023-08-21 15:45:35,False,3.0,2213.5833333333335,False,True,2023-08,False,False
TK61556,2023-08-20 04:06:00,in-app,technical,normal,Unable to log in after password reset,50.0,2023-08-21 17:25:50,False,,2239.8333333333335,False,False,2023-08,False,False
TK60809,2023-08-20 05:08:00,chat,technical,normal,Question about two-factor authentication,209.0,2023-08-21 09:16:01,False,,1688.0166666666667,False,False,2023-08,False,False
TK62851,2023-08-20 08:32:00,email,billing,normal,Cannot the invoice for last month,140.0,2023-08-20 17:35:44,False,5.0,543.7333333333333,False,True,2023-08,False,False
TK62210,2023-08-20 09:54:00,in-app,billing,low,Cannot a duplicate charge,157.0,2023-08-21 20:09:33,False,,2055.55,False,False,2023-08,False,False
TK60723,2023-08-20 11:07:00,in-app,billing,normal,Cannot two-factor authentication,151.0,2023-08-20 22:26:04,False,,679.0666666666667,False,False,2023-08,False,False
TK61452,2023-08-20 11:38:00,in-app,account,normal,Request to log in after password reset,43.0,2023-08-22 13:29:30,False,,2991.5,False,False,2023-08,False,False
TK61456,2023-08-20 13:28:00,email,billing,urgent,Cannot the dashboard loading slowly,71.0,2023-08-20 16:28:24,False,,180.4,False,False,2023-08,False,False
TK60390,2023-08-20 14:50:00,email,technical,low,How do I the dashboard loading slowly,270.0,2023-09-07 20:17:48,False,,26247.8,False,False,2023-08,False,True
TK62073,2023-08-20 16:54:00,email,integrations,urgent,How do I log in after password reset,10.0,2023-08-21 13:55:58,False,,1261.9666666666667,False,False,2023-08,False,False
TK63074,2023-08-20 21:54:00,phone,billing,low,Unable to the invoice for last month,436.0,2023-08-23 23:44:06,False,,4430.1,False,False,2023-08,True,False
TK60013,2023-08-21 02:28:00,chat,billing,normal,How do I webhook deliveries failing,269.0,2023-08-22 00:24:28,False,,1316.4666666666667,False,False,2023-08,False,False
TK60906,2023-08-21 02:41:00,email,integrations,normal,Question about add a teammate,44.0,2023-08-21 09:32:37,False,,411.6166666666667,False,False,2023-08,False,False
TK63684,2023-08-21 10:10:00,in-app,technical,urgent,Request to add a teammate,11.0,2023-08-21 18:30:34,True,5.0,500.56666666666666,False,True,2023-08,False,False
TK63228,2023-08-21 11:52:00,in-app,integrations,normal,Error when the API rate limit,124.0,,False,,,True,False,2023-08,False,False
TK62007,2023-08-21 15:27:00,chat,technical,normal,Error when log in after password reset,243.0,2023-08-22 07:25:17,False,4.0,958.2833333333333,False,True,2023-08,False,False
TK62185,2023-08-21 21:47:00,chat,technical,normal,Question about connecting the Snowflake sync,69.0,2023-08-22 23:49:31,False,,1562.5166666666667,False,False,2023-08,False,False
TK62742,2023-08-22 04:12:00,chat,onboarding,low,Question about log in after password reset,422.0,2023-08-23 14:21:40,False,,2049.6666666666665,False,False,2023-08,True,False
TK60858,2023-08-22 08:42:00,in-app,billing,normal,Cannot webhook deliveries failing,132.0,2023-08-23 15:27:04,False,5.0,1845.0666666666666,False,True,2023-08,False,False
TK60977,2023-08-22 09:19:00,in-app,billing,normal,Issue with log in after password reset,398.0,2023-08-24 11:54:52,False,4.0,3035.866666666667,False,True,2023-08,True,False
TK63308,2023-08-22 12:56:00,chat,onboarding,high,How do I webhook deliveries failing,47.0,2023-08-23 03:22:32,True,,866.5333333333333,False,False,2023-08,False,False
TK62942,2023-08-22 15:33:00,chat,billing,high,Cannot webhook deliveries failing,20.0,2023-08-22 16:42:10,False,,69.16666666666667,False,False,2023-08,False,False
TK60332,2023-08-22 15:52:00,phone,technical,urgent,How do I add a teammate,51.0,2023-08-22 20:49:12,False,,297.2,False,False,2023-08,False,False
TK62211,2023-08-22 17:39:00,in-app,account,high,Issue with webhook deliveries failing,,2023-08-23 04:20:10,False,,641.1666666666666,False,False,2023-08,False,False
TK62354,2023-08-22 17:53:00,phone,technical,normal,Request to a duplicate charge,61.0,2023-08-24 05:53:21,False,3.0,2160.35,False,True,2023-08,False,False
TK61507,2023-08-22 22:25:00,email,technical,low,Unable to export my data,291.0,2023-08-26 00:42:26,False,,4457.433333333333,False,False,2023-08,False,False
TK61980,2023-08-22 23:04:00,email,account,urgent,Error when the invoice for last month,10.0,2023-08-23 04:04:15,False,,300.25,False,False,2023-08,False,False
TK62904,2023-08-22 23:11:00,chat,technical,normal,Cannot the dashboard loading slowly,38.0,2023-08-25 22:27:54,False,,4276.9,False,False,2023-08,False,False
TK60242,2023-08-23 05:12:00,email,technical,low,Question about a duplicate charge,144.0,2023-08-24 18:33:16,False,,2241.266666666667,False,False,2023-08,False,False
TK62946,2023-08-23 08:35:00,email,billing,normal,Request to the API rate limit,111.0,2023-08-24 01:03:22,False,5.0,988.3666666666667,False,True,2023-08,False,False
TK60559,2023-08-23 10:39:00,phone,technical,low,Request to the dashboard loading slowly,174.0,2023-08-23 22:11:43,False,,692.7166666666667,False,False,2023-08,False,False
TK60722,2023-08-23 10:51:00,in-app,technical,low,Question about add a teammate,,2023-08-24 19:39:40,False,,1968.6666666666667,False,False,2023-08,False,False
TK60729,2023-08-23 13:38:00,chat,billing,high,Cannot log in after password reset,166.0,2023-08-25 01:25:08,False,3.0,2147.133333333333,False,True,2023-08,False,False
TK61266,2023-08-23 17:20:00,chat,integrations,low,How do I webhook deliveries failing,1079.0,2023-08-25 18:12:06,False,,2932.1,False,False,2023-08,True,False
TK60656,2023-08-23 17:52:00,chat,technical,normal,Unable to connecting the Snowflake sync,32.0,,False,,,True,False,2023-08,False,False
TK61936,2023-08-23 18:00:00,email,integrations,low,Error when the API rate limit,2045.0,2023-08-28 02:19:11,False,,6259.183333333333,False,False,2023-08,True,False
TK61626,2023-08-23 18:48:00,email,integrations,normal,Cannot the API rate limit,50.0,2023-08-24 07:34:45,False,5.0,766.75,False,True,2023-08,False,False
TK63814,2023-08-23 18:56:00,in-app,technical,normal,Request to connecting the Snowflake sync,140.0,2023-08-25 07:16:00,True,5.0,2180.0,False,True,2023-08,False,False
TK63677,2023-08-23 19:31:00,in-app,technical,normal,Question about two-factor authentication,74.0,2023-09-08 16:37:46,False,,22866.766666666666,False,False,2023-08,False,True
TK62174,2023-08-23 19:52:00,email,technical,normal,Issue with a duplicate charge,38.0,2023-08-25 14:46:07,False,5.0,2574.116666666667,False,True,2023-08,False,False
TK61171,2023-08-23 20:31:00,email,onboarding,low,Request to a duplicate charge,1125.0,2023-08-24 00:31:18,False,,240.3,False,False,2023-08,True,False
TK61946,2023-08-23 22:27:00,in-app,billing,low,Error when the API rate limit,104.0,2023-08-27 01:22:57,False,,4495.95,False,False,2023-08,False,False
TK61821,2023-08-24 04:42:00,in-app,technical,low,Unable to connecting the Snowflake sync,175.0,2023-09-16 18:53:59,False,1.0,33971.98333333333,False,True,2023-08,False,True
TK60682,2023-08-24 04:54:00,email,billing,low,Error when webhook deliveries failing,392.0,2023-08-29 10:04:28,False,,7510.466666666666,False,False,2023-08,True,False
TK62136,2023-08-24 06:49:00,in-app,integrations,normal,How do I downgrade my plan,199.0,2023-08-24 12:38:21,False,,349.35,False,False,2023-08,False,False
TK60154,2023-08-24 07:01:00,phone,integrations,normal,Cannot the invoice for last month,448.0,2023-08-25 03:50:01,False,,1249.0166666666667,False,False,2023-08,True,False
TK62652,2023-08-24 09:56:00,in-app,technical,normal,How do I connecting the Snowflake sync,128.0,2023-08-25 12:41:15,False,5.0,1605.25,False,True,2023-08,False,False
TK63867,2023-08-24 10:20:00,chat,integrations,normal,Question about two-factor authentication,55.0,2023-08-25 09:13:23,False,,1373.3833333333334,False,False,2023-08,False,False
TK63376,2023-08-24 11:58:00,chat,technical,high,How do I export my data,35.0,2023-08-25 12:02:21,False,5.0,1444.35,False,True,2023-08,False,False
TK61630,2023-08-24 12:25:00,phone,technical,high,Question about export my data,264.0,2023-08-25 12:17:35,False,,1432.5833333333333,False,False,2023-08,False,False
TK63510,2023-08-24 12:28:00,phone,billing,normal,Request to the API rate limit,132.0,2023-08-28 04:19:21,False,,5271.35,False,False,2023-08,False,False
TK62587,2023-08-24 15:23:00,email,billing,high,Cannot the dashboard loading slowly,121.0,2023-08-24 17:48:08,False,,145.13333333333333,False,False,2023-08,False,False
TK61718,2023-08-24 15:55:00,chat,billing,high,Request to add a teammate,34.0,2023-08-24 20:09:37,False,,254.61666666666667,False,False,2023-08,False,False
TK61351,2023-08-24 20:08:00,in-app,technical,low,How do I log in after password reset,231.0,2023-08-31 21:04:59,False,5.0,10136.983333333334,False,True,2023-08,False,True
TK61955,2023-08-24 20:53:00,chat,onboarding,normal,Cannot export my data,75.0,2023-08-25 14:30:24,False,,1057.4,False,False,2023-08,False,False
TK61771,2023-08-24 22:53:00,email,onboarding,normal,Request to export my data,36.0,2023-08-25 13:05:12,False,5.0,852.2,False,True,2023-08,False,False
TK63672,2023-08-24 23:09:00,email,onboarding,high,Error when webhook deliveries failing,19.0,2023-08-25 12:23:57,False,,794.95,False,False,2023-08,False,False
TK61297,2023-08-25 01:22:00,phone,account,normal,Issue with log in after password reset,142.0,2023-08-25 07:23:03,False,3.0,361.05,False,True,2023-08,False,False
TK61196,2023-08-25 03:45:00,chat,integrations,normal,Unable to connecting the Snowflake sync,,2023-09-06 09:55:20,False,,17650.333333333332,False,False,2023-08,False,True
TK62442,2023-08-25 05:29:00,in-app,onboarding,low,How do I downgrade my plan,110.0,2023-08-25 11:07:30,False,2.0,338.5,False,True,2023-08,False,False
TK63450,2023-08-25 07:31:00,phone,integrations,normal,Issue with the dashboard loading slowly,27.0,2023-08-30 14:20:02,False,4.0,7609.033333333334,False,True,2023-08,False,False
TK60322,2023-08-25 07:52:00,in-app,billing,high,Unable to two-factor authentication,80.0,2023-08-25 11:06:02,False,,194.03333333333333,False,False,2023-08,False,False
TK60885,2023-08-25 08:48:00,in-app,billing,normal,Request to export my data,22.0,2023-08-25 14:18:28,False,,330.46666666666664,False,False,2023-08,False,False
TK60503,2023-08-25 10:00:00,in-app,integrations,low,How do I the API rate limit,461.0,2023-08-28 15:58:35,False,,4678.583333333333,False,False,2023-08,True,False
TK63071,2023-08-25 10:14:00,in-app,onboarding,high,Request to the dashboard loading slowly,18.0,2023-08-25 14:04:49,False,,230.81666666666666,False,False,2023-08,False,False
TK62559,2023-08-25 12:04:00,email,billing,normal,Question about the dashboard loading slowly,119.0,2023-08-26 20:02:50,False,,1918.8333333333333,False,False,2023-08,False,False
TK60811,2023-08-25 19:16:00,chat,onboarding,low,Request to the API rate limit,146.0,2023-08-27 06:21:23,False,,2105.383333333333,False,False,2023-08,False,False
TK62884,2023-08-25 20:17:00,email,technical,normal,How do I a refund for an annual plan,38.0,2023-08-25 23:56:37,False,2.0,219.61666666666667,False,True,2023-08,False,False
TK61641,2023-08-26 05:09:00,chat,integrations,high,Issue with the dashboard loading slowly,26.0,2023-08-28 13:55:08,False,5.0,3406.133333333333,False,True,2023-08,False,False
TK62276,2023-08-26 05:46:00,email,technical,high,Error when export my data,38.0,2023-08-27 07:24:29,False,4.0,1538.4833333333333,False,True,2023-08,False,False
TK63605,2023-08-26 11:21:00,chat,account,urgent,How do I connecting the Snowflake sync,9.0,2023-08-26 14:22:14,False,,181.23333333333332,False,False,2023-08,False,False
TK60709,2023-08-26 12:02:00,in-app,billing,high,Issue with downgrade my plan,238.0,2023-08-27 10:41:56,True,4.0,1359.9333333333334,False,True,2023-08,False,False
TK63063,2023-08-26 13:29:00,chat,billing,normal,Request to the API rate limit,231.0,2023-08-26 16:56:15,False,5.0,207.25,False,True,2023-08,False,False
TK60119,2023-08-26 16:14:00,phone,billing,normal,Request to the invoice for last month,638.0,2023-08-29 12:09:13,False,,4075.2166666666667,False,False,2023-08,True,False
TK62916,2023-08-26 17:53:00,email,billing,high,Cannot a refund for an annual plan,16.0,2023-08-26 18:06:26,False,,13.433333333333334,False,False,2023-08,False,False
TK63506,2023-08-26 18:46:00,phone,account,normal,Issue with the API rate limit,176.0,2023-08-28 19:01:10,False,,2895.1666666666665,False,False,2023-08,False,False
TK62984,2023-08-26 20:38:00,email,account,normal,Unable to export my data,186.0,2023-08-27 08:22:52,False,,704.8666666666667,False,False,2023-08,False,False
TK60926,2023-08-26 21:14:00,in-app,technical,high,Unable to a refund for an annual plan,93.0,2023-08-26 22:40:55,False,,86.91666666666667,False,False,2023-08,False,False
TK61073,2023-08-26 22:54:00,phone,technical,normal,Issue with export my data,,2023-08-28 14:22:37,False,,2368.616666666667,False,False,2023-08,False,False
TK60878,2023-08-27 00:11:00,email,technical,low,Request to a duplicate charge,1359.0,2023-09-13 19:56:59,False,5.0,25665.983333333334,False,True,2023-08,True,True
TK63953,2023-08-27 01:15:00,in-app,onboarding,normal,Unable to webhook deliveries failing,67.0,2023-08-27 04:45:42,False,,210.7,False,False,2023-08,False,False
TK60894,2023-08-27 02:42:00,in-app,technical,normal,Request to the invoice for last month,128.0,2023-08-27 23:45:34,False,,1263.5666666666666,False,False,2023-08,False,False
TK62701,2023-08-27 05:11:00,chat,billing,normal,Question about two-factor authentication,225.0,2023-08-28 04:00:42,False,,1369.7,False,False,2023-08,False,False
TK63991,2023-08-27 06:09:00,chat,technical,normal,Unable to the dashboard loading slowly,113.0,2023-09-15 20:48:51,False,2.0,28239.85,False,True,2023-08,False,True
TK62887,2023-08-27 07:52:00,email,billing,normal,How do I the API rate limit,29.0,2023-08-27 15:45:07,False,,473.1166666666667,False,False,2023-08,False,False
TK62759,2023-08-27 14:26:00,email,account,low,Request to export my data,1419.0,2023-08-30 08:41:58,False,,3975.9666666666667,False,False,2023-08,True,False
TK62583,2023-08-27 14:42:00,phone,billing,normal,Request to downgrade my plan,59.0,,False,,,True,False,2023-08,False,False
TK60842,2023-08-27 15:36:00,email,account,normal,Question about a duplicate charge,202.0,2023-08-28 16:53:17,False,,1517.2833333333333,False,False,2023-08,False,False
TK60771,2023-08-27 15:52:00,email,billing,low,Unable to a duplicate charge,58.0,2023-08-27 23:13:19,False,5.0,441.31666666666666,False,True,2023-08,False,False
TK63331,2023-08-27 17:26:00,chat,integrations,normal,Request to the API rate limit,38.0,2023-08-29 07:00:28,False,4.0,2254.4666666666667,False,True,2023-08,False,False
TK60854,2023-08-27 19:31:00,email,account,normal,Cannot the dashboard loading slowly,84.0,2023-08-29 05:28:23,False,3.0,2037.3833333333334,False,True,2023-08,False,False
TK60625,2023-08-28 01:12:00,chat,technical,urgent,Cannot connecting the Snowflake sync,61.0,2023-08-28 11:31:39,False,5.0,619.65,False,True,2023-08,False,False
TK60241,2023-08-28 01:20:00,email,technical,low,Request to add a teammate,833.0,2023-08-28 15:29:15,False,,849.25,False,False,2023-08,True,False
TK61166,2023-08-28 06:59:00,in-app,onboarding,high,Request to two-factor authentication,9.0,2023-08-28 09:07:54,False,4.0,128.9,False,True,2023-08,False,False
TK61653,2023-08-28 08:58:00,in-app,account,high,Unable to the API rate limit,6.0,2023-08-28 14:32:14,False,,334.23333333333335,False,False,2023-08,False,False
TK60044,2023-08-28 09:46:00,email,account,high,Request to two-factor authentication,23.0,2023-08-28 19:05:52,False,,559.8666666666667,False,False,2023-08,False,False
TK60982,2023-08-28 10:51:00,chat,integrations,normal,Request to a refund for an annual plan,145.0,2023-09-03 16:11:28,False,4.0,8960.466666666667,False,True,2023-08,False,True
TK62923,2023-08-28 14:10:00,chat,technical,high,Request to two-factor authentication,35.0,2023-08-28 17:46:14,False,,216.23333333333332,False,False,2023-08,False,False
TK61710,2023-08-28 21:05:00,email,technical,normal,Issue with add a teammate,174.0,2023-08-29 21:59:46,False,,1494.7666666666667,False,False,2023-08,False,False
TK60949,2023-08-28 23:11:00,email,account,normal,Unable to the invoice for last month,60.0,2023-08-30 12:20:21,False,5.0,2229.35,False,True,2023-08,False,False
TK62569,2023-08-29 03:47:00,chat,technical,low,Cannot downgrade my plan,71.0,2023-08-31 04:02:29,False,,2895.483333333333,False,False,2023-08,False,False
TK61829,2023-08-29 04:05:00,email,technical,high,Issue with the invoice for last month,30.0,2023-08-30 21:20:00,False,,2475.0,False,False,2023-08,False,False
TK62084,2023-08-29 08:02:00,chat,technical,normal,Issue with a duplicate charge,90.0,2023-09-01 04:08:00,False,,4086.0,False,False,2023-08,False,False
TK61149,2023-08-29 08:05:00,email,technical,low,Error when two-factor authentication,269.0,2023-09-06 21:34:23,False,,12329.383333333333,False,False,2023-08,False,True
TK63825,2023-08-29 12:11:00,email,technical,low,Issue with downgrade my plan,116.0,2023-09-02 08:11:05,False,,5520.083333333333,False,False,2023-08,False,False
TK63912,2023-08-29 12:48:00,chat,account,high,How do I two-factor authentication,105.0,2023-08-29 20:20:09,False,4.0,452.15,False,True,2023-08,False,False
TK60585,2023-08-29 17:05:00,email,integrations,normal,Error when webhook deliveries failing,105.0,2023-08-30 01:39:13,False,,514.2166666666667,False,False,2023-08,False,False
TK63569,2023-08-29 19:07:00,email,onboarding,high,Question about connecting the Snowflake sync,43.0,2023-08-30 03:14:59,False,,487.98333333333335,False,False,2023-08,False,False
TK62173,2023-08-29 22:48:00,in-app,account,high,Question about downgrade my plan,73.0,2023-08-30 02:19:27,False,,211.45,False,False,2023-08,False,False
TK60082,2023-08-30 02:01:00,in-app,account,high,Error when the dashboard loading slowly,24.0,2023-08-30 23:19:21,False,4.0,1278.35,False,True,2023-08,False,False
TK62066,2023-08-30 03:23:00,chat,billing,normal,Issue with the invoice for last month,50.0,2023-08-31 14:01:31,True,5.0,2078.516666666667,False,True,2023-08,False,False
TK60966,2023-08-30 03:51:00,email,technical,low,How do I webhook deliveries failing,19.0,2023-09-06 21:35:33,False,,11144.55,False,False,2023-08,False,True
TK62886,2023-08-30 07:42:00,email,billing,high,Error when log in after password reset,38.0,2023-08-30 14:23:49,False,,401.81666666666666,False,False,2023-08,False,False
TK63581,2023-08-30 09:04:00,email,billing,urgent,Question about webhook deliveries failing,2.0,2023-08-31 01:12:44,False,4.0,968.7333333333333,False,True,2023-08,False,False
TK61441,2023-08-30 11:40:00,email,onboarding,low,Error when the invoice for last month,195.0,2023-08-31 06:06:15,False,5.0,1106.25,False,True,2023-08,False,False
TK62333,2023-08-30 16:02:00,chat,integrations,high,Issue with a refund for an annual plan,37.0,2023-09-01 05:03:14,False,,2221.233333333333,False,False,2023-08,False,False
TK61567,2023-08-30 16:45:00,chat,account,high,Request to webhook deliveries failing,14.0,2023-09-01 18:37:47,False,,2992.7833333333333,False,False,2023-08,False,False
TK61991,2023-08-30 23:37:00,chat,account,normal,Error when downgrade my plan,64.0,2023-08-31 04:06:09,False,5.0,269.15,False,True,2023-08,False,False
TK62133,2023-08-31 01:07:00,in-app,account,low,How do I the dashboard loading slowly,105.0,2023-08-31 17:42:16,False,,995.2666666666667,False,False,2023-08,False,False
TK61570,2023-08-31 01:29:00,email,billing,normal,Question about a duplicate charge,397.0,2023-08-31 06:24:03,False,,295.05,False,False,2023-08,True,False
TK62554,2023-08-31 03:31:00,email,onboarding,normal,Request to downgrade my plan,87.0,2023-08-31 09:06:58,False,,335.96666666666664,False,False,2023-08,False,False
TK63662,2023-08-31 05:41:00,email,technical,normal,How do I add a teammate,194.0,2023-09-02 17:54:25,False,,3613.4166666666665,False,False,2023-08,False,False
TK61839,2023-08-31 17:03:00,email,onboarding,urgent,Issue with webhook deliveries failing,13.0,2023-08-31 19:30:51,False,,147.85,False,False,2023-08,False,False
TK61457,2023-08-31 18:23:00,phone,onboarding,normal,Cannot downgrade my plan,56.0,2023-08-31 21:13:04,False,,170.06666666666666,False,False,2023-08,False,False
TK61716,2023-08-31 20:21:00,in-app,onboarding,normal,Request to two-factor authentication,168.0,2023-08-31 23:38:18,False,,197.3,False,False,2023-08,False,False
TK60886,2023-08-31 21:23:00,email,billing,high,Cannot two-factor authentication,150.0,2023-09-01 12:37:23,False,,914.3833333333333,False,False,2023-08,False,False
TK62038,2023-09-01 04:23:00,in-app,integrations,low,Cannot connecting the Snowflake sync,352.0,2023-09-02 07:39:44,False,5.0,1636.7333333333333,False,True,2023-09,False,False
TK61102,2023-09-01 06:10:00,in-app,technical,high,How do I downgrade my plan,20.0,2023-09-02 09:02:26,False,3.0,1612.4333333333334,False,True,2023-09,False,False
TK60363,2023-09-01 06:31:00,email,account,high,Unable to the dashboard loading slowly,6.0,2023-09-01 17:58:43,False,,687.7166666666667,False,False,2023-09,False,False
TK61215,2023-09-01 07:32:00,chat,integrations,low,How do I downgrade my plan,1176.0,2023-09-07 15:20:32,False,4.0,9108.533333333333,False,True,2023-09,True,True
TK61684,2023-09-01 09:47:00,chat,technical,high,How do I export my data,17.0,2023-09-01 15:14:06,False,,327.1,False,False,2023-09,False,False
TK63340,2023-09-01 11:49:00,email,onboarding,normal,Cannot a duplicate charge,223.0,2023-09-04 20:03:17,False,,4814.283333333334,False,False,2023-09,False,False
TK63338,2023-09-01 17:26:00,phone,billing,normal,Error when the dashboard loading slowly,,2023-09-02 21:27:49,True,,1681.8166666666666,False,False,2023-09,False,False
TK62382,2023-09-01 19:55:00,in-app,billing,low,Request to connecting the Snowflake sync,70.0,2023-09-02 23:29:27,False,,1654.45,False,False,2023-09,False,False
TK63237,2023-09-01 20:04:00,chat,account,high,Issue with add a teammate,15.0,2023-09-02 18:32:35,False,,1348.5833333333333,False,False,2023-09,False,False
TK62190,2023-09-01 21:47:00,email,billing,urgent,Unable to the invoice for last month,10.0,2023-09-02 00:44:01,False,,177.01666666666668,False,False,2023-09,False,False
TK63834,2023-09-01 23:20:00,in-app,account,normal,Request to two-factor authentication,183.0,2023-09-05 07:19:58,False,4.0,4799.966666666666,False,True,2023-09,False,False
TK62955,2023-09-01 23:37:00,chat,integrations,normal,Error when log in after password reset,,2023-09-04 13:15:13,False,5.0,3698.2166666666667,False,True,2023-09,False,False
TK60785,2023-09-01 23:45:00,chat,account,urgent,Unable to a duplicate charge,15.0,2023-09-02 01:58:45,False,5.0,133.75,False,True,2023-09,False,False
TK61609,2023-09-02 05:53:00,email,technical,normal,Request to two-factor authentication,66.0,2023-09-03 02:52:07,False,,1259.1166666666666,False,False,2023-09,False,False
TK62527,2023-09-02 06:08:00,phone,onboarding,normal,How do I two-factor authentication,318.0,2023-09-05 20:36:54,False,,5188.9,False,False,2023-09,False,False
TK61502,2023-09-02 06:35:00,email,billing,normal,Error when two-factor authentication,274.0,2023-09-02 09:28:55,False,,173.91666666666666,False,False,2023-09,False,False
TK62232,2023-09-02 11:10:00,chat,technical,normal,Request to the invoice for last month,26.0,2023-09-03 09:44:02,False,,1354.0333333333333,False,False,2023-09,False,False
TK62567,2023-09-02 12:30:00,chat,billing,normal,Unable to add a teammate,37.0,2023-09-03 18:26:55,False,,1796.9166666666667,False,False,2023-09,False,False
TK62030,2023-09-02 13:49:00,phone,account,normal,Cannot a duplicate charge,176.0,2023-09-04 12:42:40,False,5.0,2813.6666666666665,False,True,2023-09,False,False
TK60975,2023-09-02 16:43:00,in-app,account,normal,Issue with webhook deliveries failing,292.0,2023-09-04 07:44:33,False,,2341.55,False,False,2023-09,False,False
TK61714,2023-09-02 20:58:00,chat,technical,high,How do I two-factor authentication,27.0,2023-09-03 04:12:42,False,,434.7,False,False,2023-09,False,False
TK62806,2023-09-02 21:44:00,email,billing,low,Request to a refund for an annual plan,13.0,2023-09-03 17:56:51,False,5.0,1212.85,False,True,2023-09,False,False
TK63773,2023-09-03 01:16:00,phone,technical,normal,Request to a refund for an annual plan,34.0,2023-09-04 10:59:14,False,4.0,2023.2333333333333,False,True,2023-09,False,False
TK61762,2023-09-03 02:06:00,email,account,low,Issue with downgrade my plan,965.0,2023-09-10 08:11:21,False,5.0,10445.35,False,True,2023-09,True,True
TK60275,2023-09-03 02:44:00,chat,account,high,Request to connecting the Snowflake sync,12.0,2023-09-04 18:45:17,False,5.0,2401.2833333333333,False,True,2023-09,False,False
TK61029,2023-09-03 03:22:00,email,integrations,normal,Question about the API rate limit,27.0,2023-09-08 06:43:48,False,,7401.8,False,False,2023-09,False,False
TK63842,2023-09-03 08:06:00,phone,integrations,low,Cannot connecting the Snowflake sync,95.0,2023-09-04 11:04:28,False,4.0,1618.4666666666667,False,True,2023-09,False,False
TK63590,2023-09-03 12:06:00,email,onboarding,normal,Error when log in after password reset,367.0,2023-09-03 17:55:51,False,4.0,349.85,False,True,2023-09,False,False
TK60046,2023-09-03 12:34:00,in-app,technical,normal,Cannot the invoice for last month,75.0,2023-09-04 02:04:04,False,1.0,810.0666666666667,False,True,2023-09,False,False
TK63652,2023-09-03 15:41:00,in-app,billing,normal,How do I the invoice for last month,71.0,2023-09-05 03:41:51,False,,2160.85,False,False,2023-09,False,False
TK61392,2023-09-03 17:42:00,chat,onboarding,high,How do I webhook deliveries failing,16.0,2023-09-03 19:10:08,False,4.0,88.13333333333334,False,True,2023-09,False,False
TK63386,2023-09-03 18:06:00,in-app,integrations,normal,Error when a refund for an annual plan,69.0,2023-09-05 22:05:28,False,5.0,3119.4666666666667,False,True,2023-09,False,False
TK62967,2023-09-03 22:32:00,chat,technical,high,Error when the dashboard loading slowly,98.0,2023-09-04 02:17:37,False,,225.61666666666667,False,False,2023-09,False,False
TK63527,2023-09-04 03:47:00,in-app,integrations,normal,Request to the invoice for last month,40.0,2023-09-04 23:48:33,False,,1201.55,False,False,2023-09,False,False
TK63153,2023-09-04 19:10:00,email,account,high,Unable to export my data,25.0,2023-09-05 19:06:56,False,5.0,1436.9333333333334,False,True,2023-09,False,False
TK62471,2023-09-04 19:19:00,chat,integrations,normal,Unable to add a teammate,47.0,2023-09-08 10:16:00,False,,5217.0,False,False,2023-09,False,False
TK62234,2023-09-04 20:19:00,email,billing,high,Request to webhook deliveries failing,40.0,2023-09-04 21:14:14,False,,55.233333333333334,False,False,2023-09,False,False
TK61220,2023-09-04 21:27:00,email,integrations,normal,Question about the API rate limit,202.0,2023-09-06 01:03:57,False,,1656.95,False,False,2023-09,False,False
TK60849,2023-09-04 23:38:00,in-app,account,normal,Issue with the API rate limit,81.0,2023-09-06 17:52:31,True,,2534.516666666667,False,False,2023-09,False,False
TK63967,2023-09-05 01:07:00,in-app,billing,high,Unable to add a teammate,19.0,2023-09-05 06:58:04,False,5.0,351.06666666666666,False,True,2023-09,False,False
TK60660,2023-09-05 01:34:00,chat,integrations,urgent,Request to downgrade my plan,58.0,2023-09-07 05:59:15,False,5.0,3145.25,False,True,2023-09,False,False
TK60537,2023-09-05 02:19:00,chat,technical,high,How do I connecting the Snowflake sync,10.0,2023-09-06 01:03:24,False,,1364.4,False,False,2023-09,False,False
TK62644,2023-09-05 08:38:00,phone,billing,low,Cannot a duplicate charge,856.0,2023-09-08 10:31:19,False,4.0,4433.316666666667,False,True,2023-09,True,False
TK60375,2023-09-05 09:53:00,email,integrations,low,How do I two-factor authentication,138.0,2023-09-09 07:11:01,False,,5598.016666666666,False,False,2023-09,False,False
TK63753,2023-09-05 10:05:00,phone,technical,high,Cannot the invoice for last month,80.0,2023-09-05 12:38:14,False,,153.23333333333332,False,False,2023-09,False,False
TK61059,2023-09-05 12:12:00,in-app,integrations,low,Cannot the invoice for last month,544.0,2023-09-09 07:21:06,False,4.0,5469.1,False,True,2023-09,True,False
TK63525,2023-09-05 13:46:00,email,onboarding,low,Question about a refund for an annual plan,390.0,2023-09-13 04:58:47,False,,10992.783333333333,False,False,2023-09,True,True
TK61413,2023-09-05 15:12:00,chat,integrations,normal,Request to export my data,48.0,2023-09-06 01:51:55,False,,639.9166666666666,False,False,2023-09,False,False
TK63710,2023-09-05 17:34:00,chat,technical,normal,Unable to the invoice for last month,48.0,2023-09-06 03:51:59,False,2.0,617.9833333333333,False,True,2023-09,False,False
TK63061,2023-09-05 19:27:00,chat,onboarding,low,Error when the invoice for last month,156.0,2023-09-14 09:37:38,False,5.0,12370.633333333333,False,True,2023-09,False,True
TK62941,2023-09-05 23:30:00,phone,billing,normal,Issue with downgrade my plan,305.0,2023-09-07 03:16:40,False,5.0,1666.6666666666667,False,True,2023-09,False,False
TK60185,2023-09-05 23:38:00,email,onboarding,low,Cannot add a teammate,115.0,2023-09-06 06:23:31,False,,405.51666666666665,False,False,2023-09,False,False
TK61047,2023-09-06 01:05:00,in-app,onboarding,high,Question about add a teammate,45.0,2023-09-06 18:45:24,False,4.0,1060.4,False,True,2023-09,False,False
TK60800,2023-09-06 09:09:00,chat,account,normal,Question about a refund for an annual plan,85.0,2023-09-06 10:18:58,False,5.0,69.96666666666667,False,True,2023-09,False,False
TK61591,2023-09-06 09:59:00,chat,onboarding,urgent,Cannot the API rate limit,77.0,2023-09-06 21:12:35,False,,673.5833333333334,False,False,2023-09,False,False
TK62452,2023-09-06 20:24:00,email,technical,normal,Question about the dashboard loading slowly,25.0,2023-09-07 11:54:13,False,3.0,930.2166666666667,False,True,2023-09,False,False
TK60435,2023-09-06 21:47:00,chat,technical,high,Error when add a teammate,17.0,,False,,,True,False,2023-09,False,False
TK62186,2023-09-07 03:38:00,chat,technical,high,Cannot the dashboard loading slowly,49.0,2023-09-08 12:10:12,False,1.0,1952.2,False,True,2023-09,False,False
TK61295,2023-09-07 10:29:00,in-app,billing,normal,Unable to a refund for an annual plan,22.0,2023-09-08 09:22:37,False,,1373.6166666666666,False,False,2023-09,False,False
TK61482,2023-09-07 16:58:00,email,account,normal,Issue with a refund for an annual plan,56.0,2023-09-10 22:33:40,False,4.0,4655.666666666667,False,True,2023-09,False,False
TK63595,2023-09-07 17:49:00,email,billing,low,Issue with connecting the Snowflake sync,218.0,2023-09-15 17:02:22,False,5.0,11473.366666666667,False,True,2023-09,False,True
TK60841,2023-09-07 19:57:00,in-app,technical,urgent,Unable to a duplicate charge,12.0,2023-09-08 02:02:22,False,,365.3666666666667,False,False,2023-09,False,False
TK61908,2023-09-07 21:31:00,in-app,onboarding,low,How do I downgrade my plan,433.0,2023-09-09 07:55:57,False,,2064.95,False,False,2023-09,True,False
TK62447,2023-09-08 05:17:00,in-app,account,normal,Unable to log in after password reset,37.0,2023-09-08 22:48:22,False,,1051.3666666666666,False,False,2023-09,False,False
TK63904,2023-09-08 06:42:00,email,onboarding,normal,Unable to export my data,240.0,2023-09-09 00:16:38,False,,1054.6333333333334,False,False,2023-09,False,False
TK61649,2023-09-08 11:27:00,chat,account,normal,Cannot a refund for an annual plan,223.0,2023-09-09 01:29:01,False,,842.0166666666667,False,False,2023-09,False,False
TK60243,2023-09-09 00:41:00,email,onboarding,normal,Unable to the invoice for last month,40.0,2023-09-10 00:37:54,False,,1436.9,False,False,2023-09,False,False
TK62206,2023-09-09 01:03:00,email,onboarding,low,Issue with export my data,418.0,2023-09-09 03:42:45,False,,159.75,False,False,2023-09,True,False
TK62721,2023-09-09 10:44:00,in-app,account,low,Question about connecting the Snowflake sync,423.0,2023-09-11 02:37:09,False,4.0,2393.15,False,True,2023-09,True,False
TK61486,2023-09-09 11:17:00,email,technical,high,Request to the API rate limit,89.0,2023-09-09 20:05:59,False,,528.9833333333333,False,False,2023-09,False,False
TK62195,2023-09-09 17:52:00,chat,technical,normal,Question about log in after password reset,57.0,2023-09-18 17:09:17,False,5.0,12917.283333333333,False,True,2023-09,False,True
TK61665,2023-09-09 19:44:00,email,technical,high,How do I a refund for an annual plan,28.0,2023-09-12 08:39:02,False,,3655.0333333333333,False,False,2023-09,False,False
TK60725,2023-09-09 22:14:00,chat,technical,normal,Question about the invoice for last month,102.0,2023-09-13 15:05:45,False,2.0,5331.75,False,True,2023-09,False,False
TK61818,2023-09-09 22:56:00,email,billing,low,Request to a refund for an annual plan,151.0,2023-09-20 10:25:45,False,4.0,15089.75,False,True,2023-09,False,True
TK60157,2023-09-09 23:25:00,chat,onboarding,normal,Unable to the invoice for last month,7.0,2023-09-12 16:02:12,True,,3877.2,False,False,2023-09,False,False
TK63647,2023-09-10 08:39:00,chat,account,high,Request to the dashboard loading slowly,51.0,2023-09-11 00:52:00,False,,973.0,False,False,2023-09,False,False
TK61030,2023-09-10 09:25:00,in-app,billing,low,Question about add a teammate,69.0,2023-09-10 23:23:16,False,2.0,838.2666666666667,False,True,2023-09,False,False
TK61150,2023-09-10 20:32:00,phone,technical,normal,Question about a refund for an annual plan,196.0,2023-09-11 01:10:19,False,,278.31666666666666,False,False,2023-09,False,False
TK60563,2023-09-10 21:13:00,email,technical,low,Unable to the dashboard loading slowly,231.0,2023-09-30 07:20:15,False,,27967.25,False,False,2023-09,False,True
TK62723,2023-09-11 01:37:00,chat,billing,urgent,Error when the dashboard loading slowly,9.0,2023-09-11 03:41:18,True,,124.3,False,False,2023-09,False,False
TK61809,2023-09-11 05:13:00,in-app,onboarding,low,Issue with a duplicate charge,102.0,2023-10-15 02:24:09,True,5.0,48791.15,False,True,2023-09,False,True
TK60025,2023-09-11 07:47:00,email,billing,normal,Issue with downgrade my plan,283.0,2023-09-12 09:28:51,False,,1541.85,False,False,2023-09,False,False
TK60314,2023-09-11 09:02:00,phone,integrations,normal,Unable to downgrade my plan,190.0,2023-09-15 11:40:35,False,,5918.583333333333,False,False,2023-09,False,False
TK62605,2023-09-11 12:21:00,chat,billing,normal,Cannot log in after password reset,59.0,2023-09-13 10:37:17,False,5.0,2776.2833333333333,False,True,2023-09,False,False
TK61795,2023-09-11 13:07:00,chat,account,high,Question about the invoice for last month,40.0,2023-09-12 09:37:28,False,2.0,1230.4666666666667,False,True,2023-09,False,False
TK61054,2023-09-11 16:18:00,chat,technical,high,Error when connecting the Snowflake sync,46.0,2023-09-12 03:52:22,False,,694.3666666666667,False,False,2023-09,False,False
TK61276,2023-09-12 01:42:00,in-app,technical,low,Unable to the API rate limit,104.0,2023-09-14 21:18:45,False,,4056.75,False,False,2023-09,False,False
TK60257,2023-09-12 01:57:00,in-app,technical,normal,Cannot log in after password reset,489.0,2023-09-18 08:09:15,False,,9012.25,False,False,2023-09,True,True
TK63360,2023-09-12 07:46:00,chat,integrations,normal,Error when log in after password reset,,2023-09-13 05:03:51,False,,1277.85,False,False,2023-09,False,False
TK60916,2023-09-12 12:39:00,in-app,integrations,high,Request to export my data,36.0,2023-09-13 00:48:11,False,5.0,729.1833333333333,False,True,2023-09,False,False
TK61461,2023-09-12 19:31:00,email,technical,low,Unable to the dashboard loading slowly,69.0,2023-09-15 09:07:56,False,5.0,3696.9333333333334,False,True,2023-09,False,False
TK61600,2023-09-12 21:04:00,phone,billing,normal,Issue with connecting the Snowflake sync,641.0,2023-09-13 05:48:17,True,,524.2833333333333,False,False,2023-09,True,False
TK62821,2023-09-12 23:18:00,email,account,low,Request to connecting the Snowflake sync,333.0,2023-09-14 04:22:03,False,,1744.05,False,False,2023-09,False,False
TK61633,2023-09-13 00:05:00,email,technical,normal,Unable to the dashboard loading slowly,38.0,2023-09-13 03:38:45,False,,213.75,False,False,2023-09,False,False
TK61686,2023-09-13 01:33:00,email,account,low,Cannot a refund for an annual plan,50.0,2023-09-13 03:57:53,False,4.0,144.88333333333333,False,True,2023-09,False,False
TK60754,2023-09-13 10:39:00,chat,onboarding,urgent,How do I the API rate limit,5.0,2023-09-13 20:49:02,False,,610.0333333333333,False,False,2023-09,False,False
TK63351,2023-09-13 12:42:00,chat,billing,urgent,Unable to two-factor authentication,57.0,,False,,,True,False,2023-09,False,False
TK62939,2023-09-13 14:09:00,chat,technical,urgent,Request to export my data,11.0,2023-09-13 21:20:21,False,,431.35,False,False,2023-09,False,False
TK62208,2023-09-13 14:29:00,chat,billing,low,How do I the invoice for last month,291.0,2023-09-13 17:25:50,False,,176.83333333333334,False,False,2023-09,False,False
TK61989,2023-09-13 16:09:00,chat,technical,low,Cannot webhook deliveries failing,56.0,2023-09-14 10:42:58,False,,1113.9666666666667,False,False,2023-09,False,False
TK60112,2023-09-13 18:17:00,chat,billing,low,Request to the dashboard loading slowly,254.0,2023-09-16 18:37:50,False,,4340.833333333333,False,False,2023-09,False,False
TK63150,2023-09-13 21:05:00,chat,technical,normal,How do I two-factor authentication,569.0,2023-09-14 09:57:39,False,,772.65,False,False,2023-09,True,False
TK63701,2023-09-13 23:20:00,chat,account,normal,Question about log in after password reset,27.0,2023-09-14 05:01:51,False,4.0,341.85,False,True,2023-09,False,False
TK63047,2023-09-13 23:42:00,phone,technical,urgent,How do I the invoice for last month,11.0,2023-09-14 00:13:50,False,5.0,31.833333333333332,False,True,2023-09,False,False
TK60426,2023-09-14 04:46:00,email,account,normal,Issue with the invoice for last month,114.0,2023-09-14 11:03:00,False,,377.0,False,False,2023-09,False,False
TK61698,2023-09-14 04:46:00,email,technical,normal,Request to connecting the Snowflake sync,223.0,,False,,,True,False,2023-09,False,False
TK63553,2023-09-14 05:24:00,in-app,onboarding,normal,How do I the dashboard loading slowly,53.0,2023-09-15 14:47:47,False,,2003.7833333333333,False,False,2023-09,False,False
TK61243,2023-09-14 09:07:00,email,technical,low,Question about the API rate limit,191.0,2023-09-16 05:31:12,False,,2664.2,False,False,2023-09,False,False
TK63866,2023-09-14 09:59:00,email,account,high,Question about connecting the Snowflake sync,31.0,2023-09-14 12:37:05,False,,158.08333333333334,False,False,2023-09,False,False
TK61136,2023-09-15 08:01:00,chat,onboarding,urgent,Cannot the API rate limit,7.0,2023-09-15 09:39:05,True,5.0,98.08333333333333,False,True,2023-09,False,False
TK60021,2023-09-15 11:59:00,phone,technical,normal,Request to the API rate limit,47.0,2023-09-18 12:29:10,False,,4350.166666666667,False,False,2023-09,False,False
TK63377,2023-09-15 12:33:00,chat,technical,high,Cannot log in after password reset,6.0,2023-09-16 09:14:44,False,,1241.7333333333333,False,False,2023-09,False,False
TK61315,2023-09-15 12:46:00,phone,account,normal,Request to two-factor authentication,406.0,2023-09-21 20:47:17,False,3.0,9121.283333333333,False,True,2023-09,True,True
TK60934,2023-09-15 15:35:00,in-app,account,normal,Unable to log in after password reset,436.0,2023-09-16 03:50:59,False,4.0,735.9833333333333,False,True,2023-09,True,False
TK60519,2023-09-15 17:17:00,in-app,technical,high,Unable to two-factor authentication,46.0,2023-09-16 23:55:04,False,,1838.0666666666666,False,False,2023-09,False,False
TK63482,2023-09-16 05:51:00,in-app,integrations,normal,Request to add a teammate,2076.0,,False,,,True,False,2023-09,True,False
TK63062,2023-09-16 07:20:00,email,technical,low,Cannot downgrade my plan,150.0,2023-09-25 00:37:24,False,,12557.4,False,False,2023-09,False,True
TK60611,2023-09-16 08:31:00,phone,onboarding,low,How do I the dashboard loading slowly,187.0,2023-09-20 08:45:51,False,,5774.85,False,False,2023-09,False,False
TK63209,2023-09-16 11:02:00,email,technical,high,Cannot the invoice for last month,24.0,2023-09-17 03:55:49,False,,1013.8166666666667,False,False,2023-09,False,False
TK62999,2023-09-16 12:29:00,email,billing,normal,Error when the dashboard loading slowly,56.0,2023-09-18 02:40:42,False,4.0,2291.7,False,True,2023-09,False,False
TK60217,2023-09-16 18:10:00,email,account,low,Request to a duplicate charge,92.0,2023-09-19 19:15:02,False,4.0,4385.033333333334,False,True,2023-09,False,False
TK63752,2023-09-16 18:35:00,phone,billing,normal,Cannot add a teammate,341.0,2023-09-17 07:05:41,False,5.0,750.6833333333333,False,True,2023-09,False,False
TK60231,2023-09-16 20:56:00,chat,technical,high,Issue with the invoice for last month,171.0,,False,,,True,False,2023-09,False,False
TK62080,2023-09-16 22:30:00,chat,billing,high,Error when webhook deliveries failing,306.0,2023-09-20 08:00:53,False,,4890.883333333333,False,False,2023-09,False,False
TK60665,2023-09-16 22:46:00,email,billing,normal,How do I the invoice for last month,271.0,2023-09-22 00:15:54,True,,7289.9,False,False,2023-09,False,False
TK60431,2023-09-16 23:25:00,chat,integrations,normal,Cannot a duplicate charge,162.0,,False,,,True,False,2023-09,False,False
TK60756,2023-09-17 03:33:00,in-app,technical,normal,Unable to two-factor authentication,424.0,2023-09-17 20:43:09,False,,1030.15,False,False,2023-09,True,False
TK61180,2023-09-17 05:12:00,email,technical,normal,Unable to the dashboard loading slowly,271.0,2023-09-18 13:51:57,False,,1959.95,False,False,2023-09,False,False
TK62993,2023-09-17 06:35:00,chat,onboarding,normal,Issue with a refund for an annual plan,92.0,2023-09-18 10:23:54,False,5.0,1668.9,False,True,2023-09,False,False
TK63464,2023-09-17 09:23:00,email,technical,normal,Question about two-factor authentication,25.0,2023-09-19 14:13:06,False,3.0,3170.1,False,True,2023-09,False,False
TK60774,2023-09-17 17:21:00,in-app,onboarding,normal,Error when the invoice for last month,215.0,2023-09-19 12:00:41,False,4.0,2559.6833333333334,False,True,2023-09,False,False
TK61676,2023-09-17 18:58:00,chat,account,normal,How do I a duplicate charge,50.0,2023-09-18 02:51:08,False,5.0,473.1333333333333,False,True,2023-09,False,False
TK61343,2023-09-17 23:24:00,chat,billing,high,Error when downgrade my plan,37.0,2023-09-18 05:32:47,False,,368.78333333333336,False,False,2023-09,False,False
TK60456,2023-09-18 02:17:00,chat,billing,high,Issue with log in after password reset,141.0,2023-09-18 12:44:27,False,,627.45,False,False,2023-09,False,False
TK61790,2023-09-18 17:16:00,email,technical,high,Request to webhook deliveries failing,96.0,2023-09-19 09:59:58,False,5.0,1003.9666666666667,False,True,2023-09,False,False
TK62315,2023-09-18 18:31:00,in-app,billing,normal,Cannot add a teammate,55.0,2023-09-19 05:37:30,False,4.0,666.5,False,True,2023-09,False,False
TK61974,2023-09-18 18:34:00,email,billing,normal,Issue with a duplicate charge,70.0,2023-09-18 21:12:24,True,,158.4,False,False,2023-09,False,False
TK60168,2023-09-19 01:44:00,chat,technical,low,Issue with a duplicate charge,450.0,2023-10-06 12:50:27,False,,25146.45,False,False,2023-09,True,True
TK62487,2023-09-19 06:21:00,email,technical,normal,Issue with the dashboard loading slowly,66.0,2023-09-28 11:08:38,False,,13247.633333333333,False,False,2023-09,False,True
TK62366,2023-09-19 07:20:00,email,integrations,normal,Error when log in after password reset,23.0,2023-09-30 03:33:15,False,,15613.25,False,False,2023-09,False,True
TK63098,2023-09-19 11:12:00,in-app,onboarding,urgent,Unable to the dashboard loading slowly,21.0,2023-09-19 12:56:23,False,,104.38333333333334,False,False,2023-09,False,False
TK62226,2023-09-19 12:29:00,email,billing,urgent,Cannot a refund for an annual plan,32.0,2023-09-19 15:35:25,False,,186.41666666666666,False,False,2023-09,False,False
TK63341,2023-09-19 16:02:00,email,billing,normal,Issue with the API rate limit,89.0,2023-09-21 04:13:57,False,,2171.95,False,False,2023-09,False,False
TK63821,2023-09-19 18:29:00,in-app,technical,low,Request to the invoice for last month,,2023-09-25 13:28:52,True,,8339.866666666667,False,False,2023-09,False,False
TK63838,2023-09-19 20:26:00,email,billing,urgent,Unable to add a teammate,25.0,2023-09-20 00:18:13,False,,232.21666666666667,False,False,2023-09,False,False
TK63253,2023-09-19 21:14:00,chat,billing,normal,Error when downgrade my plan,70.0,2023-09-20 09:47:58,False,4.0,753.9666666666667,False,True,2023-09,False,False
TK60209,2023-09-19 21:26:00,email,integrations,normal,Question about the dashboard loading slowly,756.0,2023-09-20 18:40:05,False,,1274.0833333333333,False,False,2023-09,True,False
TK63016,2023-09-20 01:24:00,email,technical,normal,Issue with export my data,303.0,2023-09-21 11:28:58,False,,2044.9666666666667,False,False,2023-09,False,False
TK60106,2023-09-20 05:51:00,email,onboarding,normal,Question about downgrade my plan,67.0,2023-09-21 04:15:33,False,2.0,1344.55,False,True,2023-09,False,False
TK60183,2023-09-20 06:14:00,chat,integrations,normal,How do I the invoice for last month,79.0,,False,,,True,False,2023-09,False,False
TK62031,2023-09-20 08:13:00,in-app,billing,normal,Error when a refund for an annual plan,154.0,2023-09-26 22:09:28,False,3.0,9476.466666666667,False,True,2023-09,False,True
TK63946,2023-09-20 08:26:00,chat,billing,low,Cannot two-factor authentication,300.0,2023-09-24 02:30:42,False,,5404.7,False,False,2023-09,False,False
TK61805,2023-09-20 08:27:00,chat,billing,normal,Unable to export my data,162.0,2023-09-20 18:37:41,False,,610.6833333333333,False,False,2023-09,False,False
TK60711,2023-09-20 08:46:00,email,technical,normal,How do I a duplicate charge,41.0,2023-09-21 04:08:01,False,,1162.0166666666667,False,False,2023-09,False,False
TK60626,2023-09-20 12:18:00,chat,onboarding,normal,Request to log in after password reset,85.0,2023-09-21 09:35:47,False,4.0,1277.7833333333333,False,True,2023-09,False,False
TK62870,2023-09-20 14:36:00,email,onboarding,normal,Error when the dashboard loading slowly,78.0,2023-09-21 07:54:04,False,,1038.0666666666666,False,False,2023-09,False,False
TK63284,2023-09-20 17:27:00,email,account,low,Cannot export my data,458.0,2023-09-22 03:46:55,False,,2059.9166666666665,False,False,2023-09,True,False
TK61776,2023-09-20 20:15:00,chat,onboarding,high,Request to the dashboard loading slowly,30.0,2023-09-21 01:36:52,False,4.0,321.8666666666667,False,True,2023-09,False,False
TK61369,2023-09-20 22:54:00,phone,billing,normal,How do I export my data,51.0,2023-09-21 04:26:12,False,5.0,332.2,False,True,2023-09,False,False
TK62899,2023-09-21 00:45:00,chat,account,low,Issue with add a teammate,547.0,2023-09-22 07:29:14,False,,1844.2333333333333,False,False,2023-09,True,False
TK61589,2023-09-21 00:49:00,email,technical,normal,Cannot log in after password reset,27.0,2023-09-22 05:00:34,False,,1691.5666666666666,False,False,2023-09,False,False
TK60556,2023-09-21 01:39:00,chat,technical,urgent,Unable to connecting the Snowflake sync,17.0,2023-09-21 06:43:47,False,5.0,304.78333333333336,False,True,2023-09,False,False
TK60251,2023-09-21 03:43:00,email,account,high,Unable to webhook deliveries failing,32.0,2023-09-24 07:54:12,False,,4571.2,False,False,2023-09,False,False
TK61292,2023-09-21 04:11:00,email,technical,low,Request to downgrade my plan,465.0,2023-09-23 07:26:28,False,,3075.4666666666667,False,False,2023-09,True,False
TK63941,2023-09-21 08:50:00,email,billing,low,Issue with two-factor authentication,1031.0,2023-09-24 13:39:12,False,,4609.2,False,False,2023-09,True,False
TK63704,2023-09-21 12:11:00,chat,technical,normal,Request to the invoice for last month,214.0,2023-09-22 18:15:21,False,,1804.35,False,False,2023-09,False,False
TK60733,2023-09-21 15:12:00,chat,integrations,normal,How do I a duplicate charge,103.0,2023-10-03 18:42:07,False,3.0,17490.116666666665,False,True,2023-09,False,True
TK62699,2023-09-21 18:06:00,email,onboarding,normal,How do I a refund for an annual plan,,2023-09-22 23:12:16,False,5.0,1746.2666666666667,False,True,2023-09,False,False
TK62252,2023-09-22 01:50:00,chat,integrations,low,Cannot downgrade my plan,122.0,2023-09-23 00:29:45,False,5.0,1359.75,False,True,2023-09,False,False
TK60931,2023-09-22 02:43:00,phone,billing,high,Unable to export my data,29.0,2023-09-22 05:32:58,False,,169.96666666666667,False,False,2023-09,False,False
TK60840,2023-09-22 07:51:00,email,billing,low,Unable to the dashboard loading slowly,55.0,2023-09-22 19:33:34,False,4.0,702.5666666666667,False,True,2023-09,False,False
TK61621,2023-09-22 09:28:00,chat,technical,low,Cannot a refund for an annual plan,386.0,2023-09-24 14:40:47,False,,3192.7833333333333,False,False,2023-09,False,False
TK63109,2023-09-22 11:14:00,phone,technical,high,Error when downgrade my plan,21.0,2023-09-22 17:18:30,False,5.0,364.5,False,True,2023-09,False,False
TK63606,2023-09-22 12:25:00,chat,account,low,Unable to the invoice for last month,115.0,,False,,,True,False,2023-09,False,False
TK62243,2023-09-22 13:48:00,email,technical,low,Cannot the API rate limit,526.0,2023-09-25 18:59:46,False,,4631.766666666666,False,False,2023-09,True,False
TK62119,2023-09-22 14:13:00,in-app,technical,low,Error when downgrade my plan,73.0,2023-09-28 22:21:51,False,5.0,9128.85,False,True,2023-09,False,True
TK61471,2023-09-22 15:21:00,email,onboarding,low,Issue with connecting the Snowflake sync,138.0,2023-09-22 20:18:14,False,,297.23333333333335,False,False,2023-09,False,False
TK63186,2023-09-22 21:22:00,phone,onboarding,low,Issue with export my data,26.0,2023-09-24 09:56:57,False,,2194.95,False,False,2023-09,False,False
TK60006,2023-09-22 23:37:00,email,billing,normal,Question about a refund for an annual plan,104.0,2023-09-23 11:29:14,False,,712.2333333333333,False,False,2023-09,False,False
TK60081,2023-09-23 04:29:00,email,billing,normal,Unable to the invoice for last month,233.0,2023-09-24 10:36:43,False,,1807.7166666666667,False,False,2023-09,False,False
TK62762,2023-09-23 15:42:00,in-app,billing,high,Request to add a teammate,50.0,2023-09-23 21:11:19,False,2.0,329.31666666666666,False,True,2023-09,False,False
TK62254,2023-09-23 15:47:00,phone,account,low,How do I the API rate limit,209.0,2023-09-23 19:41:33,True,5.0,234.55,False,True,2023-09,False,False
TK61128,2023-09-23 16:14:00,in-app,technical,normal,Unable to connecting the Snowflake sync,359.0,2023-09-24 21:20:58,False,5.0,1746.9666666666667,False,True,2023-09,False,False
TK62349,2023-09-23 19:38:00,chat,onboarding,normal,Error when downgrade my plan,153.0,2023-09-26 05:10:27,False,4.0,3452.45,False,True,2023-09,False,False
TK61995,2023-09-24 00:29:00,phone,integrations,low,Error when a refund for an annual plan,248.0,,False,,,True,False,2023-09,False,False
TK63546,2023-09-24 06:27:00,in-app,onboarding,normal,Question about the dashboard loading slowly,46.0,2023-09-28 03:24:10,False,,5577.166666666667,False,False,2023-09,False,False
TK62752,2023-09-24 07:22:00,chat,technical,urgent,Cannot two-factor authentication,51.0,2023-09-24 16:14:47,False,,532.7833333333333,False,False,2023-09,False,False
TK63683,2023-09-24 07:53:00,in-app,technical,normal,Issue with log in after password reset,84.0,2023-10-01 15:27:50,False,4.0,10534.833333333334,False,True,2023-09,False,True
TK61812,2023-09-24 08:52:00,chat,billing,normal,Request to webhook deliveries failing,436.0,2023-09-25 14:55:33,False,,1803.55,False,False,2023-09,True,False
TK61981,2023-09-24 11:15:00,in-app,technical,normal,Cannot a duplicate charge,88.0,2023-09-26 22:18:17,False,,3543.2833333333333,False,False,2023-09,False,False
TK62952,2023-09-24 13:27:00,email,technical,urgent,Question about the invoice for last month,25.0,2023-09-26 02:00:09,False,,2193.15,False,False,2023-09,False,False
TK62961,2023-09-24 14:44:00,email,billing,high,Error when downgrade my plan,54.0,2023-09-25 18:34:18,True,3.0,1670.3,False,True,2023-09,False,False
TK62795,2023-09-24 15:03:00,email,billing,normal,How do I a refund for an annual plan,,2023-09-24 17:11:18,False,,128.3,False,False,2023-09,False,False
TK60422,2023-09-24 15:05:00,email,account,normal,Error when the API rate limit,60.0,2023-09-25 15:04:10,False,,1439.1666666666667,False,False,2023-09,False,False
TK61586,2023-09-24 15:12:00,chat,billing,normal,Question about the dashboard loading slowly,82.0,2023-09-24 21:54:54,False,5.0,402.9,False,True,2023-09,False,False
TK61201,2023-09-24 17:05:00,chat,account,urgent,Request to downgrade my plan,55.0,2023-09-25 06:09:29,True,,784.4833333333333,False,False,2023-09,False,False
TK61876,2023-09-24 17:27:00,in-app,technical,high,Request to downgrade my plan,150.0,2023-09-24 18:57:12,False,4.0,90.2,False,True,2023-09,False,False
TK63048,2023-09-24 20:29:00,email,onboarding,normal,Unable to export my data,161.0,2023-09-25 00:39:57,False,1.0,250.95,False,True,2023-09,False,False
TK63259,2023-09-24 20:50:00,chat,technical,normal,Issue with the invoice for last month,133.0,2023-09-25 03:57:47,False,4.0,427.78333333333336,False,True,2023-09,False,False
TK62713,2023-09-24 23:54:00,phone,billing,normal,Request to downgrade my plan,207.0,2023-09-25 22:33:00,False,,1359.0,False,False,2023-09,False,False
TK63978,2023-09-25 00:36:00,in-app,billing,normal,Issue with the dashboard loading slowly,35.0,2023-09-27 15:44:19,False,,3788.3166666666666,False,False,2023-09,False,False
TK62931,2023-09-25 02:08:00,in-app,technical,high,Unable to the invoice for last month,112.0,,False,,,True,False,2023-09,False,False
TK63059,2023-09-25 05:16:00,email,technical,high,Error when the invoice for last month,131.0,2023-09-26 05:59:48,False,1.0,1483.8,False,True,2023-09,False,False
TK62233,2023-09-25 08:38:00,chat,integrations,urgent,Issue with export my data,12.0,2023-09-25 11:46:50,False,,188.83333333333334,False,False,2023-09,False,False
TK62097,2023-09-25 11:33:00,phone,onboarding,normal,Unable to export my data,62.0,2023-09-25 19:57:44,False,,504.73333333333335,False,False,2023-09,False,False
TK60632,2023-09-25 13:12:00,in-app,billing,normal,Error when the API rate limit,194.0,2023-09-25 19:14:49,True,,362.81666666666666,False,False,2023-09,False,False
TK61986,2023-09-25 13:56:00,in-app,billing,high,Issue with log in after password reset,54.0,2023-09-25 21:11:35,False,,435.5833333333333,False,False,2023-09,False,False
TK62609,2023-09-25 14:14:00,chat,onboarding,normal,Error when connecting the Snowflake sync,29.0,2023-09-25 18:28:47,False,5.0,254.78333333333333,False,True,2023-09,False,False
TK62162,2023-09-25 16:16:00,chat,technical,high,Error when the invoice for last month,144.0,2023-09-26 18:45:34,False,,1589.5666666666666,False,False,2023-09,False,False
TK62381,2023-09-25 16:21:00,email,onboarding,normal,Request to downgrade my plan,117.0,2023-09-26 08:51:15,True,,990.25,False,False,2023-09,False,False
TK63850,2023-09-25 21:36:00,in-app,billing,low,Cannot add a teammate,383.0,2023-09-26 20:00:08,False,,1344.1333333333334,False,False,2023-09,False,False
TK63764,2023-09-26 00:57:00,chat,account,normal,Cannot connecting the Snowflake sync,28.0,2023-09-27 00:41:41,False,4.0,1424.6833333333334,False,True,2023-09,False,False
TK60696,2023-09-26 08:18:00,phone,account,normal,Request to webhook deliveries failing,14.0,2023-09-26 17:58:41,False,2.0,580.6833333333333,False,True,2023-09,False,False
TK61105,2023-09-26 09:20:00,email,technical,normal,Unable to two-factor authentication,105.0,2023-09-26 12:06:58,False,5.0,166.96666666666667,False,True,2023-09,False,False
TK60235,2023-09-26 10:06:00,chat,billing,normal,How do I log in after password reset,122.0,2023-09-27 22:29:44,False,5.0,2183.733333333333,False,True,2023-09,False,False
TK63121,2023-09-26 11:20:00,chat,onboarding,normal,Request to webhook deliveries failing,109.0,2023-09-27 22:16:49,False,5.0,2096.8166666666666,False,True,2023-09,False,False
TK63373,2023-09-26 11:29:00,chat,integrations,high,Error when webhook deliveries failing,90.0,2023-09-26 15:35:00,False,3.0,246.0,False,True,2023-09,False,False
TK63413,2023-09-26 12:16:00,in-app,billing,normal,Cannot the invoice for last month,1432.0,2023-09-26 20:34:42,False,,498.7,False,False,2023-09,True,False
TK60016,2023-09-26 12:34:00,email,technical,normal,Question about the invoice for last month,209.0,2023-09-28 08:14:41,False,,2620.6833333333334,False,False,2023-09,False,False
TK60444,2023-09-26 17:01:00,chat,onboarding,high,Cannot export my data,41.0,2023-09-26 20:29:00,False,,208.0,False,False,2023-09,False,False
TK62115,2023-09-26 17:19:00,email,onboarding,normal,Error when connecting the Snowflake sync,33.0,2023-09-26 23:36:56,False,,377.93333333333334,False,False,2023-09,False,False
TK61588,2023-09-26 18:21:00,chat,technical,high,Question about log in after password reset,71.0,2023-09-27 05:03:59,True,5.0,642.9833333333333,False,True,2023-09,False,False
TK62416,2023-09-26 20:18:00,in-app,account,low,How do I a refund for an annual plan,48.0,2023-09-29 17:39:07,False,,4161.116666666667,False,False,2023-09,False,False
TK60581,2023-09-27 02:16:00,email,billing,high,Cannot the API rate limit,115.0,2023-09-27 08:29:31,False,2.0,373.51666666666665,False,True,2023-09,False,False
TK61763,2023-09-27 03:42:00,in-app,integrations,normal,Unable to the dashboard loading slowly,180.0,2023-10-16 08:57:13,False,5.0,27675.216666666667,False,True,2023-09,False,True
TK60482,2023-09-27 04:08:00,chat,account,normal,Question about webhook deliveries failing,29.0,2023-09-27 23:46:42,False,,1178.7,False,False,2023-09,False,False
TK62131,2023-09-27 07:28:00,email,onboarding,low,Request to a duplicate charge,40.0,2023-09-28 11:25:14,True,,1677.2333333333333,False,False,2023-09,False,False
TK61877,2023-09-27 08:46:00,email,technical,normal,Issue with a refund for an annual plan,14.0,2023-11-07 13:03:34,False,,59297.566666666666,False,False,2023-09,False,True
TK63688,2023-09-27 14:52:00,chat,onboarding,low,Question about the API rate limit,350.0,2023-09-30 16:37:19,False,,4425.316666666667,False,False,2023-09,False,False
TK61637,2023-09-27 19:18:00,in-app,technical,normal,Unable to the invoice for last month,163.0,2023-10-08 10:28:10,False,3.0,15310.166666666666,False,True,2023-09,False,True
TK62515,2023-09-27 21:06:00,chat,technical,low,Error when log in after password reset,197.0,2023-09-29 21:50:38,False,,2924.633333333333,False,False,2023-09,False,False
TK63488,2023-09-27 22:15:00,chat,account,normal,Request to export my data,64.0,2023-09-28 02:43:37,False,,268.6166666666667,False,False,2023-09,False,False
TK60121,2023-09-27 22:16:00,chat,onboarding,low,Issue with webhook deliveries failing,420.0,2023-09-28 16:35:37,False,,1099.6166666666666,False,False,2023-09,True,False
TK62431,2023-09-27 23:06:00,chat,billing,normal,Issue with the invoice for last month,118.0,2023-09-28 10:09:27,False,4.0,663.45,False,True,2023-09,False,False
TK60404,2023-09-28 02:46:00,chat,integrations,normal,Question about a duplicate charge,32.0,2023-10-10 15:37:27,False,5.0,18051.45,False,True,2023-09,False,True
TK62545,2023-09-28 08:07:00,email,billing,low,How do I log in after password reset,346.0,2023-10-01 07:39:54,False,,4292.9,False,False,2023-09,False,False
TK61796,2023-09-28 11:33:00,chat,billing,normal,Error when add a teammate,92.0,2023-09-28 19:38:33,False,,485.55,False,False,2023-09,False,False
TK63644,2023-09-28 11:42:00,in-app,integrations,normal,Error when export my data,90.0,2023-10-03 20:40:04,False,,7738.066666666667,False,False,2023-09,False,False
TK63102,2023-09-28 14:51:00,chat,technical,low,Issue with a duplicate charge,352.0,2023-10-12 12:41:48,False,4.0,20030.8,False,True,2023-09,False,True
TK61399,2023-09-28 20:41:00,chat,technical,high,Unable to export my data,145.0,2023-10-17 08:40:44,False,,26639.733333333334,False,False,2023-09,False,True
TK60210,2023-09-28 21:08:00,email,billing,high,Unable to connecting the Snowflake sync,21.0,2023-09-28 22:46:00,False,,98.0,False,False,2023-09,False,False
TK62702,2023-09-28 21:19:00,email,account,low,Request to a refund for an annual plan,219.0,2023-10-01 18:42:07,False,,4163.116666666667,False,False,2023-09,False,False
TK63080,2023-09-29 01:30:00,email,technical,normal,Cannot webhook deliveries failing,,,False,,,True,False,2023-09,False,False
TK62924,2023-09-29 04:53:00,in-app,technical,low,Error when the API rate limit,129.0,2023-09-30 12:59:12,False,,1926.2,False,False,2023-09,False,False
TK63875,2023-09-29 07:13:00,chat,technical,normal,Question about connecting the Snowflake sync,104.0,,False,,,True,False,2023-09,False,False
TK61157,2023-09-29 08:54:00,in-app,technical,normal,Unable to connecting the Snowflake sync,,2023-10-03 20:02:36,False,,6428.6,False,False,2023-09,False,False
TK63945,2023-09-30 06:08:00,in-app,technical,normal,Question about add a teammate,94.0,2023-10-02 15:57:23,False,,3469.383333333333,False,False,2023-09,False,False
TK63424,2023-09-30 09:27:00,phone,billing,normal,Error when log in after password reset,23.0,2023-10-06 13:21:14,False,,8874.233333333334,False,False,2023-09,False,True
TK63249,2023-09-30 14:49:00,chat,account,normal,Question about add a teammate,39.0,2023-10-02 14:20:24,False,,2851.4,False,False,2023-09,False,False
TK60005,2023-09-30 16:04:00,in-app,billing,normal,Unable to add a teammate,1613.0,2023-09-30 22:16:15,False,5.0,372.25,False,True,2023-09,True,False
TK61051,2023-09-30 16:45:00,email,account,normal,Question about a duplicate charge,65.0,2023-10-01 05:37:57,False,,772.95,False,False,2023-09,False,False
TK62802,2023-09-30 16:53:00,email,integrations,low,Request to add a teammate,115.0,2023-10-05 04:52:57,True,,6479.95,False,False,2023-09,False,False
TK63433,2023-09-30 18:53:00,in-app,account,normal,Cannot a duplicate charge,210.0,2023-10-01 11:38:01,False,3.0,1005.0166666666667,False,True,2023-09,False,False
TK60238,2023-09-30 22:24:00,phone,account,normal,Question about a duplicate charge,135.0,2023-10-01 03:28:56,False,,304.93333333333334,False,False,2023-09,False,False
TK61342,2023-09-30 23:33:00,chat,onboarding,normal,Unable to connecting the Snowflake sync,147.0,2023-10-01 00:56:12,False,4.0,83.2,False,True,2023-09,False,False
TK61896,2023-10-01 00:17:00,email,technical,normal,Request to webhook deliveries failing,28.0,2023-10-01 09:32:37,False,5.0,555.6166666666667,False,True,2023-10,False,False
TK61813,2023-10-01 03:16:00,chat,billing,high,Cannot a refund for an annual plan,9.0,2023-10-03 05:15:16,False,,2999.266666666667,False,False,2023-10,False,False
TK60506,2023-10-01 11:10:00,chat,technical,normal,How do I two-factor authentication,374.0,2023-10-01 22:46:39,False,,696.65,False,False,2023-10,False,False
TK62680,2023-10-01 14:48:00,in-app,integrations,low,Request to the invoice for last month,83.0,2023-10-22 18:47:24,False,,30479.4,False,False,2023-10,False,True
TK62138,2023-10-01 15:00:00,phone,technical,normal,Cannot downgrade my plan,118.0,2023-10-03 07:06:14,False,,2406.233333333333,False,False,2023-10,False,False
TK61013,2023-10-01 15:26:00,email,technical,high,Unable to the invoice for last month,38.0,2023-10-03 20:25:32,False,4.0,3179.5333333333333,False,True,2023-10,False,False
TK62079,2023-10-01 16:17:00,in-app,integrations,low,Question about connecting the Snowflake sync,74.0,2023-10-06 00:51:04,False,5.0,6274.066666666667,False,True,2023-10,False,False
TK63005,2023-10-01 16:26:00,in-app,integrations,normal,How do I two-factor authentication,52.0,,False,,,True,False,2023-10,False,False
TK60553,2023-10-01 19:28:00,in-app,billing,urgent,How do I webhook deliveries failing,3.0,2023-10-01 22:39:35,False,,191.58333333333334,False,False,2023-10,False,False
TK60272,2023-10-01 23:28:00,chat,technical,normal,Cannot a duplicate charge,234.0,2023-10-07 22:24:23,False,,8576.383333333333,False,False,2023-10,False,True
TK61735,2023-10-02 01:49:00,email,account,normal,Question about a refund for an annual plan,156.0,2023-10-03 18:30:26,False,,2441.4333333333334,False,False,2023-10,False,False
TK60981,2023-10-02 03:25:00,chat,technical,low,Question about the invoice for last month,160.0,2023-10-06 09:34:57,False,,6129.95,False,False,2023-10,False,False
TK63369,2023-10-02 06:20:00,chat,onboarding,low,Cannot a refund for an annual plan,158.0,,False,,,True,False,2023-10,False,False
TK62692,2023-10-02 12:22:00,phone,integrations,normal,Request to downgrade my plan,39.0,2023-10-08 00:29:41,False,4.0,7927.683333333333,False,True,2023-10,False,False
TK61476,2023-10-02 14:55:00,phone,billing,low,Error when connecting the Snowflake sync,743.0,2023-10-08 17:08:10,False,,8773.166666666666,False,False,2023-10,True,True
TK60336,2023-10-02 15:54:00,phone,technical,low,Issue with add a teammate,358.0,2023-10-27 20:56:10,False,,36302.166666666664,False,False,2023-10,False,True
TK63724,2023-10-02 17:54:00,in-app,technical,normal,Cannot two-factor authentication,8.0,2023-10-09 15:34:32,False,,9940.533333333333,False,False,2023-10,False,True
TK63815,2023-10-02 17:56:00,email,technical,normal,Issue with two-factor authentication,78.0,,False,,,True,False,2023-10,False,False
TK60266,2023-10-02 23:49:00,chat,account,high,Cannot downgrade my plan,49.0,2023-10-03 00:51:04,False,,62.06666666666667,False,False,2023-10,False,False
TK63886,2023-10-03 02:07:00,in-app,technical,high,Question about downgrade my plan,60.0,2023-10-03 18:17:29,False,3.0,970.4833333333333,False,True,2023-10,False,False
TK62455,2023-10-03 02:13:00,email,technical,high,How do I log in after password reset,64.0,2023-10-11 10:44:13,False,,12031.216666666667,False,False,2023-10,False,True
TK61038,2023-10-03 03:43:00,chat,onboarding,normal,Unable to downgrade my plan,,2023-10-04 04:40:58,False,,1497.9666666666667,False,False,2023-10,False,False
TK61938,2023-10-03 05:17:00,chat,technical,normal,Error when downgrade my plan,46.0,2023-10-04 18:43:21,False,,2246.35,False,False,2023-10,False,False
TK60730,2023-10-03 10:10:00,chat,technical,normal,Request to connecting the Snowflake sync,53.0,,False,,,True,False,2023-10,False,False
TK62750,2023-10-03 10:54:00,chat,technical,low,Cannot a duplicate charge,373.0,2023-10-21 03:34:21,False,,25480.35,False,False,2023-10,False,True
TK63556,2023-10-03 19:47:00,chat,account,normal,Request to the invoice for last month,,2023-10-04 03:06:29,False,,439.48333333333335,False,False,2023-10,False,False
TK62277,2023-10-03 21:40:00,in-app,account,high,Unable to the API rate limit,78.0,2023-10-04 01:58:01,False,,258.01666666666665,False,False,2023-10,False,False
TK61952,2023-10-03 22:24:00,in-app,onboarding,low,Request to a duplicate charge,103.0,2023-10-06 06:37:33,False,,3373.55,False,False,2023-10,False,False
TK61695,2023-10-04 00:48:00,chat,technical,high,Issue with log in after password reset,30.0,2023-10-04 15:05:58,False,,857.9666666666667,False,False,2023-10,False,False
TK61670,2023-10-04 01:40:00,chat,onboarding,normal,How do I export my data,132.0,2023-10-05 16:29:18,False,,2329.3,False,False,2023-10,False,False
TK62526,2023-10-04 01:58:00,email,account,low,Unable to two-factor authentication,285.0,2023-10-04 11:42:33,False,,584.55,False,False,2023-10,False,False
TK62074,2023-10-04 04:03:00,chat,account,normal,Request to webhook deliveries failing,181.0,2023-10-08 05:41:11,False,5.0,5858.183333333333,False,True,2023-10,False,False
TK62362,2023-10-04 04:29:00,phone,technical,normal,How do I log in after password reset,52.0,2023-10-17 09:04:08,False,,18995.133333333335,False,False,2023-10,False,True
TK60228,2023-10-04 07:06:00,chat,integrations,normal,Request to two-factor authentication,1597.0,2023-10-12 14:35:16,False,,11969.266666666666,False,False,2023-10,True,True
TK60601,2023-10-04 09:28:00,chat,account,normal,Issue with a duplicate charge,580.0,2023-10-04 22:02:41,False,,754.6833333333333,False,False,2023-10,True,False
TK61308,2023-10-04 12:24:00,in-app,technical,high,Cannot a duplicate charge,121.0,2023-10-07 08:29:25,False,4.0,4085.4166666666665,False,True,2023-10,False,False
TK60765,2023-10-04 14:05:00,chat,billing,normal,Unable to a duplicate charge,90.0,2023-10-07 16:23:51,False,5.0,4458.85,False,True,2023-10,False,False
TK61704,2023-10-04 16:51:00,phone,onboarding,normal,Issue with downgrade my plan,22.0,2023-10-11 01:05:47,False,,9134.783333333333,False,False,2023-10,False,True
TK63320,2023-10-04 18:02:00,email,integrations,normal,Issue with the API rate limit,60.0,2023-10-04 23:27:15,False,,325.25,False,False,2023-10,False,False
TK63260,2023-10-04 21:03:00,email,technical,normal,Cannot add a teammate,94.0,2023-10-07 13:30:27,False,5.0,3867.45,False,True,2023-10,False,False
TK63001,2023-10-05 00:23:00,in-app,technical,urgent,Cannot webhook deliveries failing,16.0,2023-10-05 15:21:54,True,,898.9,False,False,2023-10,False,False
TK61496,2023-10-05 01:15:00,email,technical,normal,Cannot add a teammate,44.0,2023-10-09 02:19:30,True,,5824.5,False,False,2023-10,False,False
TK61176,2023-10-05 03:55:00,in-app,onboarding,high,Request to a refund for an annual plan,13.0,2023-10-05 14:23:38,False,,628.6333333333333,False,False,2023-10,False,False
TK61505,2023-10-05 05:23:00,email,billing,normal,Unable to a duplicate charge,106.0,2023-10-05 19:55:08,False,,872.1333333333333,False,False,2023-10,False,False
TK62045,2023-10-05 08:21:00,email,account,normal,Request to the API rate limit,314.0,2023-10-06 09:47:14,False,,1526.2333333333333,False,False,2023-10,False,False
TK61233,2023-10-05 13:09:00,email,technical,high,Issue with the invoice for last month,8.0,2023-10-06 18:57:12,False,,1788.2,False,False,2023-10,False,False
TK63269,2023-10-05 14:30:00,in-app,technical,normal,Cannot two-factor authentication,69.0,2023-10-06 07:01:59,False,,991.9833333333333,False,False,2023-10,False,False
TK62642,2023-10-05 19:52:00,chat,billing,high,Error when export my data,162.0,2023-10-06 04:26:51,False,4.0,514.85,False,True,2023-10,False,False
TK61778,2023-10-06 00:38:00,in-app,integrations,normal,Issue with add a teammate,20.0,2023-10-08 08:38:01,False,4.0,3360.016666666667,False,True,2023-10,False,False
TK62148,2023-10-06 01:35:00,chat,technical,urgent,Cannot two-factor authentication,6.0,2023-10-06 08:51:00,False,,436.0,False,False,2023-10,False,False
TK60099,2023-10-06 02:00:00,in-app,technical,high,How do I downgrade my plan,73.0,2023-10-06 06:49:43,False,,289.71666666666664,False,False,2023-10,False,False
TK62076,2023-10-06 04:22:00,in-app,technical,low,Question about add a teammate,177.0,2023-10-09 11:17:46,False,,4735.766666666666,False,False,2023-10,False,False
TK62826,2023-10-06 05:44:00,email,onboarding,normal,Issue with the API rate limit,31.0,2023-10-06 16:15:45,False,,631.75,False,False,2023-10,False,False
TK63168,2023-10-06 05:48:00,chat,technical,normal,Request to the invoice for last month,177.0,2023-10-07 03:41:39,False,,1313.65,False,False,2023-10,False,False
TK61107,2023-10-06 06:56:00,in-app,integrations,low,Issue with a refund for an annual plan,361.0,2023-10-07 21:53:52,False,,2337.866666666667,False,False,2023-10,False,False
TK61000,2023-10-06 08:38:00,email,integrations,urgent,Question about log in after password reset,31.0,,False,,,True,False,2023-10,False,False
TK62055,2023-10-06 14:08:00,phone,technical,normal,Error when export my data,40.0,2023-10-07 06:56:05,False,,1008.0833333333334,False,False,2023-10,False,False
TK63403,2023-10-06 14:30:00,phone,billing,normal,Issue with add a teammate,44.0,2023-10-07 19:28:24,False,4.0,1738.4,False,True,2023-10,False,False
TK63895,2023-10-06 14:33:00,chat,integrations,high,Request to a duplicate charge,22.0,2023-10-10 04:01:19,False,,5128.316666666667,False,False,2023-10,False,False
TK62282,2023-10-06 16:14:00,email,billing,normal,Error when connecting the Snowflake sync,,,False,,,True,False,2023-10,False,False
TK61331,2023-10-06 16:16:00,chat,billing,normal,Unable to connecting the Snowflake sync,252.0,2023-10-06 20:46:56,False,5.0,270.93333333333334,False,True,2023-10,False,False
TK61249,2023-10-06 17:40:00,in-app,billing,high,Issue with two-factor authentication,34.0,2023-10-06 21:59:17,False,,259.28333333333336,False,False,2023-10,False,False
TK60253,2023-10-06 17:43:00,in-app,onboarding,high,Issue with connecting the Snowflake sync,35.0,2023-10-07 16:13:49,False,5.0,1350.8166666666666,False,True,2023-10,False,False
TK63353,2023-10-06 18:32:00,phone,technical,high,Issue with a duplicate charge,77.0,2023-10-09 22:31:59,False,,4559.983333333334,False,False,2023-10,False,False
TK61846,2023-10-07 02:07:00,in-app,billing,normal,Request to a duplicate charge,241.0,2023-10-07 03:47:51,False,,100.85,False,False,2023-10,False,False
TK63165,2023-10-07 03:45:00,chat,technical,normal,Request to two-factor authentication,287.0,2023-10-08 04:27:38,False,,1482.6333333333334,False,False,2023-10,False,False
TK61830,2023-10-07 05:03:00,phone,integrations,low,Cannot the dashboard loading slowly,290.0,2023-11-05 23:20:19,False,5.0,42857.316666666666,False,True,2023-10,False,True
TK63451,2023-10-07 08:42:00,chat,integrations,low,Cannot a duplicate charge,225.0,2023-11-02 08:15:36,False,,37413.6,False,False,2023-10,False,True
TK62146,2023-10-07 09:35:00,email,integrations,normal,How do I downgrade my plan,157.0,2023-10-14 08:12:41,False,,9997.683333333332,False,False,2023-10,False,True
TK60825,2023-10-07 09:49:00,email,onboarding,normal,How do I the invoice for last month,227.0,2023-10-08 12:57:35,False,,1628.5833333333333,False,False,2023-10,False,False
TK60302,2023-10-07 12:35:00,chat,technical,high,Issue with the invoice for last month,61.0,2023-10-07 17:46:56,False,,311.93333333333334,False,False,2023-10,False,False
TK60193,2023-10-07 13:40:00,email,billing,low,Question about export my data,721.0,2023-10-09 06:35:21,False,,2455.35,False,False,2023-10,True,False
TK62437,2023-10-07 14:36:00,in-app,billing,normal,Cannot two-factor authentication,238.0,2023-10-08 01:47:12,False,5.0,671.2,False,True,2023-10,False,False
TK60892,2023-10-07 17:09:00,email,integrations,normal,Question about the invoice for last month,120.0,2023-10-10 08:48:46,False,,3819.766666666667,False,False,2023-10,False,False
TK61336,2023-10-07 17:54:00,email,billing,urgent,How do I the API rate limit,8.0,2023-10-07 18:42:09,False,,48.15,False,False,2023-10,False,False
TK62797,2023-10-07 17:54:00,in-app,technical,normal,Question about add a teammate,61.0,2023-10-09 00:28:11,False,,1834.1833333333334,False,False,2023-10,False,False
TK62367,2023-10-07 19:19:00,chat,account,high,Unable to log in after password reset,31.0,2023-10-08 12:28:39,False,5.0,1029.65,False,True,2023-10,False,False
TK60875,2023-10-07 19:27:00,chat,billing,normal,Cannot the API rate limit,58.0,2023-10-09 05:21:13,False,5.0,2034.2166666666667,False,True,2023-10,False,False
TK60249,2023-10-07 20:08:00,email,technical,high,Unable to a refund for an annual plan,44.0,2023-10-08 02:20:04,False,,372.06666666666666,False,False,2023-10,False,False
TK63139,2023-10-07 20:36:00,email,billing,high,Error when export my data,32.0,2023-10-08 17:57:54,False,,1281.9,False,False,2023-10,False,False
TK61511,2023-10-07 22:58:00,in-app,billing,normal,Cannot webhook deliveries failing,100.0,2023-10-08 05:46:19,False,5.0,408.31666666666666,False,True,2023-10,False,False
TK60476,2023-10-08 05:35:00,email,account,low,Error when the API rate limit,986.0,2023-10-12 00:09:17,False,,5434.283333333334,False,False,2023-10,True,False
TK61611,2023-10-08 07:19:00,chat,billing,normal,Error when a refund for an annual plan,55.0,,False,,,True,False,2023-10,False,False
TK63119,2023-10-08 14:37:00,email,account,low,Error when the invoice for last month,,2023-10-12 13:08:30,False,,5671.5,False,False,2023-10,False,False
TK60911,2023-10-08 21:54:00,email,integrations,normal,Unable to export my data,146.0,2023-10-16 06:22:20,True,,10588.333333333334,False,False,2023-10,False,True
TK60851,2023-10-08 23:27:00,in-app,technical,normal,Question about a refund for an annual plan,120.0,,False,,,True,False,2023-10,False,False
TK60041,2023-10-09 00:44:00,phone,onboarding,normal,Cannot add a teammate,11.0,2023-10-09 21:31:23,False,,1247.3833333333334,False,False,2023-10,False,False
TK61191,2023-10-09 04:31:00,in-app,technical,low,Error when the API rate limit,87.0,2023-10-10 16:11:27,False,,2140.45,False,False,2023-10,False,False
TK63592,2023-10-09 12:37:00,in-app,technical,low,How do I log in after password reset,39.0,2023-10-11 16:43:52,False,,3126.866666666667,False,False,2023-10,False,False
TK62495,2023-10-09 14:16:00,chat,onboarding,low,How do I the dashboard loading slowly,377.0,2023-10-12 07:46:11,False,,3930.1833333333334,False,False,2023-10,False,False
TK61190,2023-10-09 17:10:00,chat,technical,high,Issue with the dashboard loading slowly,53.0,2023-10-10 08:44:54,False,,934.9,False,False,2023-10,False,False
TK63322,2023-10-09 19:45:00,chat,billing,normal,How do I the dashboard loading slowly,138.0,2023-10-14 09:58:31,False,,6613.516666666666,False,False,2023-10,False,False
TK60937,2023-10-09 21:28:00,chat,technical,high,Unable to connecting the Snowflake sync,82.0,2023-10-12 11:36:56,False,,3728.9333333333334,False,False,2023-10,False,False
TK61101,2023-10-09 22:03:00,in-app,onboarding,normal,How do I two-factor authentication,26.0,2023-10-10 04:12:07,False,,369.1166666666667,False,False,2023-10,False,False
TK62909,2023-10-10 00:25:00,in-app,integrations,normal,Request to webhook deliveries failing,409.0,2023-10-10 08:28:04,True,4.0,483.06666666666666,False,True,2023-10,True,False
TK60007,2023-10-10 07:04:00,chat,account,low,Unable to webhook deliveries failing,59.0,2023-10-11 19:09:17,False,,2165.2833333333333,False,False,2023-10,False,False
TK60365,2023-10-10 07:25:00,email,billing,high,Cannot the invoice for last month,49.0,2023-10-10 08:54:30,False,,89.5,False,False,2023-10,False,False
TK61405,2023-10-10 07:27:00,chat,technical,normal,How do I add a teammate,183.0,2023-10-12 01:15:25,False,,2508.4166666666665,False,False,2023-10,False,False
TK61144,2023-10-10 14:07:00,email,account,high,Issue with the invoice for last month,8.0,2023-10-10 17:34:44,False,,207.73333333333332,False,False,2023-10,False,False
TK63391,2023-10-10 15:56:00,chat,account,high,Question about webhook deliveries failing,21.0,2023-10-10 20:41:19,False,,285.31666666666666,False,False,2023-10,False,False
TK60639,2023-10-10 18:00:00,in-app,billing,normal,Cannot export my data,67.0,2023-10-11 01:47:55,False,,467.9166666666667,False,False,2023-10,False,False
TK63140,2023-10-10 18:52:00,in-app,account,normal,Unable to a duplicate charge,81.0,2023-10-13 06:23:16,False,,3571.266666666667,False,False,2023-10,False,False
TK62920,2023-10-10 19:20:00,in-app,account,low,Issue with a duplicate charge,233.0,2023-10-12 13:31:15,False,4.0,2531.25,False,True,2023-10,False,False
TK60240,2023-10-11 01:52:00,chat,technical,low,Issue with connecting the Snowflake sync,162.0,2023-10-14 01:55:22,False,4.0,4323.366666666667,False,True,2023-10,False,False
TK62914,2023-10-11 02:12:00,chat,billing,normal,How do I the dashboard loading slowly,,2023-10-11 09:11:18,False,,419.3,False,False,2023-10,False,False
TK60938,2023-10-11 03:14:00,email,billing,high,Issue with the invoice for last month,24.0,,False,,,True,False,2023-10,False,False
TK62062,2023-10-11 06:18:00,in-app,technical,normal,Request to webhook deliveries failing,71.0,2023-10-21 07:14:12,False,,14456.2,False,False,2023-10,False,True
TK62735,2023-10-11 08:06:00,in-app,technical,low,Question about the dashboard loading slowly,108.0,2023-10-15 01:42:58,False,,5376.966666666666,False,False,2023-10,False,False
TK61565,2023-10-11 12:17:00,chat,billing,low,Issue with add a teammate,62.0,2023-10-17 05:41:13,False,2.0,8244.216666666667,False,True,2023-10,False,False
TK60961,2023-10-11 12:45:00,phone,account,normal,Question about add a teammate,32.0,2023-10-11 14:31:36,False,,106.6,False,False,2023-10,False,False
TK61590,2023-10-11 14:13:00,in-app,account,normal,Question about the API rate limit,228.0,2023-10-12 20:50:01,False,,1837.0166666666667,False,False,2023-10,False,False
TK63985,2023-10-11 14:56:00,phone,technical,normal,Question about the API rate limit,145.0,2023-10-28 06:42:11,False,,23986.183333333334,False,False,2023-10,False,True
TK61542,2023-10-11 15:49:00,phone,onboarding,normal,Error when a duplicate charge,172.0,2023-10-13 04:19:12,False,,2190.2,False,False,2023-10,False,False
TK60494,2023-10-11 17:18:00,email,technical,low,Error when export my data,454.0,2023-10-16 20:00:19,False,,7362.316666666667,False,False,2023-10,True,False
TK61666,2023-10-11 19:55:00,in-app,integrations,normal,Request to connecting the Snowflake sync,123.0,,False,,,True,False,2023-10,False,False
TK62892,2023-10-11 20:17:00,chat,billing,normal,Unable to connecting the Snowflake sync,54.0,2023-10-12 11:08:27,False,3.0,891.45,False,True,2023-10,False,False
TK61551,2023-10-11 23:03:00,email,technical,normal,How do I webhook deliveries failing,71.0,2023-10-14 08:36:44,False,4.0,3453.733333333333,False,True,2023-10,False,False
TK62624,2023-10-12 03:24:00,email,integrations,normal,Issue with two-factor authentication,332.0,2023-10-13 17:12:21,False,,2268.35,False,False,2023-10,False,False
TK60417,2023-10-12 06:15:00,in-app,onboarding,normal,Unable to the dashboard loading slowly,200.0,2023-10-12 20:52:56,False,5.0,877.9333333333333,False,True,2023-10,False,False
TK63661,2023-10-12 09:51:00,in-app,onboarding,low,Issue with export my data,194.0,2023-10-13 22:17:14,False,,2186.233333333333,False,False,2023-10,False,False
TK60978,2023-10-12 11:20:00,email,technical,low,Question about the API rate limit,37.0,2023-10-15 20:31:46,False,5.0,4871.766666666666,False,True,2023-10,False,False
TK62793,2023-10-12 14:07:00,chat,integrations,normal,Request to a refund for an annual plan,65.0,2023-10-16 16:46:31,False,4.0,5919.516666666666,False,True,2023-10,False,False
TK62209,2023-10-12 19:22:00,in-app,technical,normal,Question about add a teammate,678.0,,False,,,True,False,2023-10,True,False
TK63313,2023-10-12 21:16:00,in-app,integrations,normal,Issue with downgrade my plan,45.0,,False,,,True,False,2023-10,False,False
TK62616,2023-10-12 21:36:00,email,technical,high,Request to export my data,183.0,2023-10-14 02:56:42,False,,1760.7,False,False,2023-10,False,False
TK63379,2023-10-12 22:03:00,in-app,billing,low,Request to export my data,170.0,2023-10-13 04:50:16,True,,407.26666666666665,False,False,2023-10,False,False
TK61977,2023-10-13 00:32:00,in-app,billing,normal,Error when a duplicate charge,188.0,2023-10-13 15:25:19,False,,893.3166666666667,False,False,2023-10,False,False
TK63729,2023-10-13 05:51:00,email,billing,normal,Request to the dashboard loading slowly,26.0,2023-10-14 13:04:54,False,5.0,1873.9,False,True,2023-10,False,False
TK60120,2023-10-13 05:52:00,email,integrations,normal,Unable to log in after password reset,506.0,2023-10-19 16:31:53,False,,9279.883333333333,False,False,2023-10,True,True
TK60394,2023-10-13 06:31:00,email,account,high,Error when add a teammate,19.0,2023-10-13 11:35:36,False,,304.6,False,False,2023-10,False,False
TK62641,2023-10-13 10:33:00,in-app,technical,normal,How do I add a teammate,444.0,2023-10-14 14:10:53,False,5.0,1657.8833333333334,False,True,2023-10,True,False
TK61723,2023-10-13 10:55:00,in-app,billing,normal,Request to a refund for an annual plan,18.0,2023-10-17 02:02:21,False,,5227.35,False,False,2023-10,False,False
TK61510,2023-10-13 14:39:00,email,technical,normal,How do I add a teammate,39.0,2023-10-15 16:40:22,False,,3001.366666666667,False,False,2023-10,False,False
TK60012,2023-10-13 15:59:00,email,technical,normal,Unable to export my data,72.0,2023-10-27 14:27:23,False,,20068.383333333335,False,False,2023-10,False,True
TK60996,2023-10-13 21:56:00,email,account,low,How do I the API rate limit,514.0,2023-10-14 17:44:53,False,4.0,1188.8833333333334,False,True,2023-10,True,False
TK61492,2023-10-13 23:01:00,chat,billing,high,Error when two-factor authentication,41.0,2023-10-20 17:31:39,True,,9750.65,False,False,2023-10,False,True
TK61407,2023-10-14 01:45:00,email,technical,urgent,How do I connecting the Snowflake sync,13.0,2023-10-15 01:29:11,False,4.0,1424.1833333333334,False,True,2023-10,False,False
TK62342,2023-10-14 01:47:00,in-app,integrations,urgent,Unable to webhook deliveries failing,33.0,2023-10-14 13:50:54,False,,723.9,False,False,2023-10,False,False
TK62012,2023-10-14 05:28:00,email,technical,normal,Cannot export my data,133.0,2023-10-15 09:36:17,False,,1688.2833333333333,False,False,2023-10,False,False
TK61982,2023-10-14 06:16:00,email,billing,normal,Issue with a refund for an annual plan,438.0,2023-10-14 08:52:12,False,,156.2,False,False,2023-10,True,False
TK63033,2023-10-14 06:27:00,chat,billing,low,Request to the dashboard loading slowly,379.0,2023-10-15 00:44:55,False,,1097.9166666666667,False,False,2023-10,False,False
TK62518,2023-10-14 06:31:00,phone,onboarding,normal,Unable to two-factor authentication,77.0,2023-10-18 14:13:18,False,4.0,6222.3,False,True,2023-10,False,False
TK63293,2023-10-14 10:41:00,phone,billing,low,How do I webhook deliveries failing,47.0,2023-10-15 07:24:57,False,5.0,1243.95,False,True,2023-10,False,False
TK60203,2023-10-14 11:24:00,email,account,high,Request to the dashboard loading slowly,93.0,2023-10-14 18:44:50,False,,440.8333333333333,False,False,2023-10,False,False
TK60847,2023-10-14 16:20:00,phone,technical,normal,Cannot the dashboard loading slowly,131.0,2023-10-16 09:50:52,False,,2490.866666666667,False,False,2023-10,False,False
TK61745,2023-10-14 16:32:00,phone,technical,high,Question about log in after password reset,45.0,2023-10-15 00:44:51,False,,492.85,False,False,2023-10,False,False
TK61864,2023-10-14 16:54:00,in-app,technical,high,Request to connecting the Snowflake sync,494.0,2023-10-15 01:36:42,False,,522.7,False,False,2023-10,True,False
TK60963,2023-10-14 17:53:00,chat,account,normal,Error when log in after password reset,104.0,2023-10-15 10:53:49,True,,1020.8166666666667,False,False,2023-10,False,False
TK60222,2023-10-14 20:06:00,in-app,billing,low,Unable to add a teammate,474.0,2023-10-15 21:22:24,False,2.0,1516.4,False,True,2023-10,True,False
TK63892,2023-10-14 20:08:00,in-app,technical,normal,Cannot the dashboard loading slowly,210.0,2023-10-16 12:32:46,False,,2424.766666666667,False,False,2023-10,False,False
TK62472,2023-10-14 21:26:00,in-app,account,high,How do I export my data,10.0,2023-10-16 17:24:11,False,5.0,2638.1833333333334,False,True,2023-10,False,False
TK62572,2023-10-14 21:45:00,email,account,normal,Unable to the invoice for last month,35.0,2023-10-15 06:14:38,False,5.0,509.6333333333333,False,True,2023-10,False,False
TK60893,2023-10-14 23:41:00,chat,billing,low,How do I the API rate limit,248.0,2023-10-19 09:19:44,False,,6338.733333333334,False,False,2023-10,False,False
TK61239,2023-10-15 00:44:00,email,technical,low,Request to the dashboard loading slowly,309.0,2023-10-28 01:09:58,True,,18745.966666666667,False,False,2023-10,False,True
TK63421,2023-10-15 01:00:00,email,integrations,normal,Error when the dashboard loading slowly,,2023-10-15 08:46:35,False,,466.5833333333333,False,False,2023-10,False,False
TK60713,2023-10-15 01:07:00,email,technical,high,Request to a refund for an annual plan,13.0,2023-10-16 02:18:27,False,,1511.45,False,False,2023-10,False,False
TK61631,2023-10-15 01:15:00,chat,onboarding,high,Question about add a teammate,3.0,2023-10-17 00:31:57,False,1.0,2836.95,False,True,2023-10,False,False
TK60234,2023-10-15 03:23:00,chat,account,normal,Question about export my data,580.0,2023-10-15 12:31:59,False,4.0,548.9833333333333,False,True,2023-10,True,False
TK61879,2023-10-15 05:27:00,chat,integrations,low,How do I webhook deliveries failing,149.0,,False,,,True,False,2023-10,False,False
TK60510,2023-10-15 07:32:00,chat,technical,urgent,Issue with log in after password reset,6.0,2023-10-15 10:22:41,False,,170.68333333333334,False,False,2023-10,False,False
TK62613,2023-10-15 08:24:00,email,technical,normal,Cannot the API rate limit,16.0,2023-10-18 19:21:09,False,5.0,4977.15,False,True,2023-10,False,False
TK63958,2023-10-15 08:39:00,email,billing,high,Question about log in after password reset,69.0,2023-10-16 12:19:23,False,,1660.3833333333334,False,False,2023-10,False,False
TK63295,2023-10-15 11:25:00,in-app,integrations,normal,Unable to webhook deliveries failing,98.0,2023-10-16 01:30:06,False,,845.1,False,False,2023-10,False,False
TK62829,2023-10-15 13:49:00,chat,onboarding,high,Question about a refund for an annual plan,21.0,2023-10-17 15:26:04,False,5.0,2977.0666666666666,False,True,2023-10,False,False
TK60987,2023-10-15 19:37:00,chat,technical,normal,Request to log in after password reset,27.0,2023-10-20 05:45:04,False,,6368.066666666667,False,False,2023-10,False,False
TK61923,2023-10-15 20:51:00,email,billing,normal,Unable to the invoice for last month,82.0,2023-10-17 07:53:37,False,,2102.616666666667,False,False,2023-10,False,False
TK62216,2023-10-15 21:32:00,email,technical,high,Request to two-factor authentication,84.0,,False,,,True,False,2023-10,False,False
TK60496,2023-10-15 22:10:00,in-app,onboarding,normal,Issue with the dashboard loading slowly,208.0,2023-10-16 21:31:56,False,,1401.9333333333334,False,False,2023-10,False,False
TK61979,2023-10-16 00:23:00,email,account,normal,Unable to log in after password reset,734.0,2023-10-16 16:08:05,False,,945.0833333333334,False,False,2023-10,True,False
TK61099,2023-10-16 01:04:00,in-app,integrations,low,Issue with export my data,117.0,2023-10-20 20:25:01,False,,6921.016666666666,False,False,2023-10,False,False
TK60523,2023-10-16 03:30:00,chat,billing,normal,Cannot downgrade my plan,55.0,,False,,,True,False,2023-10,False,False
TK63439,2023-10-16 04:21:00,phone,billing,normal,Cannot webhook deliveries failing,149.0,2023-10-17 02:19:26,False,,1318.4333333333334,False,False,2023-10,False,False
TK62596,2023-10-16 04:57:00,chat,integrations,normal,Issue with log in after password reset,128.0,2023-10-16 22:22:18,False,,1045.3,False,False,2023-10,False,False
TK63784,2023-10-16 05:24:00,email,onboarding,normal,Issue with export my data,19.0,2023-10-19 23:57:58,False,,5433.966666666666,False,False,2023-10,False,False
TK61075,2023-10-16 05:55:00,phone,technical,high,How do I a duplicate charge,49.0,2023-10-29 14:50:24,False,5.0,19255.4,False,True,2023-10,False,True
TK62128,2023-10-16 07:21:00,email,billing,high,Error when the dashboard loading slowly,53.0,2023-10-17 05:13:23,False,,1312.3833333333334,False,False,2023-10,False,False
TK62811,2023-10-16 09:16:00,chat,integrations,normal,How do I log in after password reset,277.0,2023-10-19 05:51:23,False,,4115.383333333333,False,False,2023-10,False,False
TK61527,2023-10-16 09:28:00,phone,billing,normal,Question about connecting the Snowflake sync,93.0,2023-10-17 09:06:30,False,,1418.5,False,False,2023-10,False,False
TK63428,2023-10-16 14:07:00,chat,technical,normal,Unable to a refund for an annual plan,147.0,2023-10-19 05:40:39,False,,3813.65,False,False,2023-10,False,False
TK63110,2023-10-16 14:22:00,email,account,normal,Request to the dashboard loading slowly,53.0,2023-10-17 06:30:10,True,,968.1666666666666,False,False,2023-10,False,False
TK62890,2023-10-16 14:52:00,email,onboarding,urgent,Question about the API rate limit,24.0,2023-10-17 00:13:33,False,,561.55,False,False,2023-10,False,False
TK61959,2023-10-16 18:17:00,email,technical,normal,Request to connecting the Snowflake sync,290.0,2023-10-20 10:47:59,False,,5310.983333333334,False,False,2023-10,False,False
TK61397,2023-10-16 18:26:00,phone,technical,urgent,Request to two-factor authentication,34.0,2023-10-17 05:36:54,False,5.0,670.9,False,True,2023-10,False,False
TK62051,2023-10-16 19:18:00,email,billing,urgent,Question about export my data,21.0,2023-10-17 09:03:03,True,4.0,825.05,False,True,2023-10,False,False
TK60739,2023-10-16 23:43:00,email,onboarding,low,Error when two-factor authentication,93.0,2023-10-18 07:21:51,False,,1898.85,False,False,2023-10,False,False
TK62736,2023-10-17 05:00:00,email,account,normal,Error when downgrade my plan,,2023-10-20 02:23:27,False,4.0,4163.45,False,True,2023-10,False,False
TK60616,2023-10-17 05:20:00,chat,billing,normal,How do I connecting the Snowflake sync,19.0,2023-10-18 01:23:16,False,,1203.2666666666667,False,False,2023-10,False,False
TK60133,2023-10-17 07:01:00,in-app,integrations,normal,Question about downgrade my plan,60.0,2023-10-17 17:49:26,False,,648.4333333333333,False,False,2023-10,False,False
TK61106,2023-10-17 07:52:00,email,technical,normal,Issue with log in after password reset,89.0,2023-10-19 03:08:02,False,,2596.0333333333333,False,False,2023-10,False,False
TK60201,2023-10-17 14:35:00,chat,account,normal,Error when log in after password reset,92.0,2023-10-18 05:21:19,False,5.0,886.3166666666667,False,True,2023-10,False,False
TK60974,2023-10-17 17:13:00,in-app,billing,high,How do I downgrade my plan,25.0,2023-10-18 04:10:26,False,,657.4333333333333,False,False,2023-10,False,False
TK62320,2023-10-17 20:18:00,email,technical,high,Error when a refund for an annual plan,16.0,2023-10-18 08:21:40,False,,723.6666666666666,False,False,2023-10,False,False
TK60423,2023-10-17 23:09:00,chat,onboarding,high,Question about a refund for an annual plan,77.0,2023-10-18 02:10:52,False,,181.86666666666667,False,False,2023-10,False,False
TK63963,2023-10-18 01:57:00,phone,account,normal,Issue with webhook deliveries failing,277.0,2023-10-19 12:36:13,False,1.0,2079.2166666666667,False,True,2023-10,False,False
TK63484,2023-10-18 02:15:00,email,technical,low,Unable to add a teammate,41.0,2023-10-20 17:51:26,False,,3816.4333333333334,False,False,2023-10,False,False
TK62807,2023-10-18 03:03:00,chat,integrations,high,Cannot downgrade my plan,26.0,2023-10-21 01:48:21,False,,4245.35,False,False,2023-10,False,False
TK63562,2023-10-18 04:34:00,in-app,technical,high,Question about the API rate limit,13.0,2023-10-19 11:04:01,True,,1830.0166666666667,False,False,2023-10,False,False
TK63289,2023-10-18 05:44:00,phone,technical,high,Error when add a teammate,37.0,2023-10-20 06:53:56,False,4.0,2949.9333333333334,False,True,2023-10,False,False
TK63913,2023-10-18 12:19:00,chat,billing,urgent,Error when a duplicate charge,3.0,2023-10-18 12:59:38,False,,40.63333333333333,False,False,2023-10,False,False
TK60226,2023-10-18 16:35:00,chat,technical,normal,Question about the API rate limit,29.0,2023-10-19 15:07:23,True,2.0,1352.3833333333334,False,True,2023-10,False,False
TK63226,2023-10-18 17:29:00,in-app,integrations,low,Request to a refund for an annual plan,267.0,2023-10-20 01:48:36,False,5.0,1939.6,False,True,2023-10,False,False
TK61520,2023-10-18 20:55:00,email,technical,low,How do I webhook deliveries failing,104.0,2023-10-21 09:15:17,False,,3620.2833333333333,False,False,2023-10,False,False
TK60967,2023-10-18 22:21:00,in-app,onboarding,high,How do I a duplicate charge,41.0,2023-10-18 23:43:15,False,,82.25,False,False,2023-10,False,False
TK61169,2023-10-18 22:55:00,email,technical,high,How do I add a teammate,71.0,2023-10-27 10:29:21,False,,12214.35,False,False,2023-10,False,True
TK61914,2023-10-19 00:35:00,email,onboarding,normal,Error when connecting the Snowflake sync,219.0,2023-10-22 01:04:06,False,4.0,4349.1,False,True,2023-10,False,False
TK60177,2023-10-19 03:58:00,phone,billing,normal,Cannot connecting the Snowflake sync,103.0,2023-10-19 18:28:52,False,,870.8666666666667,False,False,2023-10,False,False
TK61779,2023-10-19 06:01:00,email,technical,low,Error when the invoice for last month,305.0,2023-10-22 17:54:56,False,4.0,5033.933333333333,False,True,2023-10,False,False
TK60565,2023-10-19 12:29:00,in-app,onboarding,high,Error when downgrade my plan,73.0,2023-10-21 04:30:11,False,5.0,2401.1833333333334,False,True,2023-10,False,False
TK63181,2023-10-19 16:29:00,email,account,normal,Error when connecting the Snowflake sync,240.0,2023-10-21 13:40:09,False,,2711.15,False,False,2023-10,False,False
TK63460,2023-10-19 16:46:00,email,billing,high,Unable to log in after password reset,22.0,2023-10-19 18:13:14,False,4.0,87.23333333333333,False,True,2023-10,False,False
TK62213,2023-10-19 18:07:00,email,technical,high,Request to the API rate limit,,2023-10-22 03:44:46,False,5.0,3457.766666666667,False,True,2023-10,False,False
TK60385,2023-10-19 20:42:00,email,account,high,Request to a duplicate charge,26.0,2023-10-19 23:49:48,False,,187.8,False,False,2023-10,False,False
TK61212,2023-10-19 20:43:00,in-app,technical,normal,Question about the invoice for last month,153.0,,False,,,True,False,2023-10,False,False
TK61703,2023-10-19 23:56:00,chat,billing,normal,Unable to webhook deliveries failing,79.0,,False,,,True,False,2023-10,False,False
TK60576,2023-10-20 02:59:00,phone,onboarding,low,Question about downgrade my plan,544.0,2023-10-21 07:26:24,False,,1707.4,False,False,2023-10,True,False
TK62013,2023-10-20 05:31:00,phone,integrations,high,Question about log in after password reset,126.0,2023-10-20 12:26:40,False,4.0,415.6666666666667,False,True,2023-10,False,False
TK61298,2023-10-20 08:01:00,in-app,billing,high,Request to a refund for an annual plan,232.0,2023-10-20 13:41:13,True,,340.21666666666664,False,False,2023-10,False,False
TK60050,2023-10-20 16:40:00,phone,billing,normal,How do I log in after password reset,128.0,2023-10-28 18:40:13,False,,11640.216666666667,False,False,2023-10,False,True
TK60437,2023-10-20 20:57:00,chat,technical,normal,Request to a refund for an annual plan,139.0,2023-10-23 02:39:56,False,2.0,3222.9333333333334,False,True,2023-10,False,False
TK60389,2023-10-20 22:28:00,email,onboarding,normal,Request to connecting the Snowflake sync,143.0,2023-10-21 04:07:33,False,,339.55,False,False,2023-10,False,False
TK63971,2023-10-21 04:52:00,email,account,normal,Question about a refund for an annual plan,88.0,2023-10-21 20:51:01,False,,959.0166666666667,False,False,2023-10,False,False
TK61828,2023-10-21 08:53:00,email,billing,normal,Issue with the dashboard loading slowly,33.0,2023-10-26 00:37:39,True,,6704.65,False,False,2023-10,False,False
TK63440,2023-10-21 10:16:00,email,account,high,Issue with the dashboard loading slowly,31.0,2023-10-21 20:37:46,True,2.0,621.7666666666667,False,True,2023-10,False,False
TK60956,2023-10-21 11:02:00,phone,billing,high,Error when webhook deliveries failing,13.0,2023-10-22 00:29:12,False,,807.2,False,False,2023-10,False,False
TK60290,2023-10-21 13:47:00,email,account,low,Question about a duplicate charge,260.0,2023-10-23 06:36:10,True,5.0,2449.1666666666665,False,True,2023-10,False,False
TK63156,2023-10-21 14:07:00,chat,integrations,normal,How do I downgrade my plan,66.0,2023-10-22 01:05:41,False,5.0,658.6833333333333,False,True,2023-10,False,False
TK62042,2023-10-21 14:26:00,email,onboarding,normal,Cannot webhook deliveries failing,67.0,2023-10-22 02:34:33,False,4.0,728.55,False,True,2023-10,False,False
TK61945,2023-10-21 20:16:00,email,billing,low,Issue with log in after password reset,316.0,2023-10-23 06:51:43,False,5.0,2075.7166666666667,False,True,2023-10,False,False
TK60342,2023-10-21 20:46:00,in-app,billing,low,Question about two-factor authentication,54.0,2023-10-22 16:19:22,False,,1173.3666666666666,False,False,2023-10,False,False
TK63256,2023-10-21 23:02:00,chat,technical,normal,Issue with the dashboard loading slowly,434.0,2023-10-23 07:58:25,False,,1976.4166666666667,False,False,2023-10,True,False
TK61147,2023-10-21 23:53:00,in-app,integrations,high,Question about two-factor authentication,36.0,2023-10-23 03:56:24,False,5.0,1683.4,False,True,2023-10,False,False
TK60580,2023-10-22 14:02:00,phone,technical,urgent,Request to log in after password reset,13.0,2023-10-22 19:57:56,False,5.0,355.93333333333334,False,True,2023-10,False,False
TK60288,2023-10-22 14:27:00,email,technical,high,How do I add a teammate,37.0,2023-10-25 12:01:11,False,,4174.183333333333,False,False,2023-10,False,False
TK60097,2023-10-22 16:27:00,chat,technical,low,Question about connecting the Snowflake sync,259.0,2023-10-23 20:11:45,False,,1664.75,False,False,2023-10,False,False
TK63900,2023-10-22 19:01:00,in-app,onboarding,urgent,Unable to the API rate limit,32.0,2023-10-22 23:01:50,False,,240.83333333333334,False,False,2023-10,False,False
TK63591,2023-10-22 20:48:00,in-app,account,high,Cannot downgrade my plan,43.0,2023-10-22 23:20:43,False,5.0,152.71666666666667,False,True,2023-10,False,False
TK62384,2023-10-22 21:37:00,chat,account,normal,Cannot a duplicate charge,124.0,2023-10-29 05:43:49,False,,9126.816666666668,False,False,2023-10,False,True
TK60059,2023-10-23 04:22:00,email,billing,normal,Request to the invoice for last month,33.0,2023-10-23 09:49:53,False,,327.8833333333333,False,False,2023-10,False,False
TK60912,2023-10-23 04:56:00,email,billing,normal,Error when add a teammate,20.0,2023-10-26 06:38:37,False,,4422.616666666667,False,False,2023-10,False,False
TK62170,2023-10-23 07:58:00,email,billing,normal,Issue with add a teammate,130.0,2023-10-24 12:13:42,False,,1695.7,False,False,2023-10,False,False
TK60143,2023-10-23 10:50:00,chat,billing,low,Cannot a refund for an annual plan,86.0,2023-10-23 21:41:19,False,,651.3166666666667,False,False,2023-10,False,False
TK61662,2023-10-23 11:57:00,email,integrations,high,Question about add a teammate,17.0,2023-10-24 11:30:52,False,,1413.8666666666666,False,False,2023-10,False,False
TK60372,2023-10-23 15:06:00,chat,billing,urgent,Error when two-factor authentication,14.0,2023-10-24 01:37:46,False,,631.7666666666667,False,False,2023-10,False,False
TK63247,2023-10-23 15:36:00,email,technical,normal,Unable to export my data,45.0,2023-10-23 19:37:30,False,,241.5,False,False,2023-10,False,False
TK61011,2023-10-23 17:50:00,chat,integrations,urgent,How do I connecting the Snowflake sync,18.0,2023-10-26 10:03:41,False,,3853.6833333333334,False,False,2023-10,False,False
TK61117,2023-10-23 21:48:00,email,billing,low,Request to the invoice for last month,1614.0,2023-10-24 14:32:56,False,,1004.9333333333333,False,False,2023-10,True,False
TK61429,2023-10-23 22:27:00,in-app,technical,normal,Unable to a duplicate charge,151.0,2023-10-24 09:54:13,False,1.0,687.2166666666667,False,True,2023-10,False,False
TK62591,2023-10-24 00:08:00,email,onboarding,low,How do I downgrade my plan,84.0,2023-10-27 13:31:36,False,,5123.6,False,False,2023-10,False,False
TK61561,2023-10-24 01:31:00,chat,billing,normal,Issue with the dashboard loading slowly,41.0,2023-10-24 10:22:54,False,,531.9,False,False,2023-10,False,False
TK62734,2023-10-24 03:05:00,email,account,normal,Error when export my data,289.0,2023-10-24 05:26:59,False,3.0,141.98333333333332,False,True,2023-10,False,False
TK61318,2023-10-24 03:57:00,email,integrations,high,Unable to a duplicate charge,10.0,2023-10-24 20:34:01,True,,997.0166666666667,False,False,2023-10,False,False
TK63138,2023-10-24 06:29:00,in-app,onboarding,normal,Issue with the dashboard loading slowly,61.0,2023-10-25 18:23:14,True,,2154.233333333333,False,False,2023-10,False,False
TK62706,2023-10-24 09:16:00,in-app,billing,high,Request to downgrade my plan,121.0,2023-10-24 13:51:45,False,,275.75,False,False,2023-10,False,False
TK63638,2023-10-24 11:10:00,email,account,normal,Error when log in after password reset,45.0,2023-10-25 00:14:11,False,,784.1833333333333,False,False,2023-10,False,False
TK63930,2023-10-24 13:38:00,chat,account,normal,How do I connecting the Snowflake sync,16.0,2023-11-10 11:51:52,False,,24373.866666666665,False,False,2023-10,False,True
TK61032,2023-10-24 23:49:00,chat,onboarding,normal,Error when webhook deliveries failing,79.0,2023-10-25 06:57:51,True,5.0,428.85,False,True,2023-10,False,False
TK63187,2023-10-25 00:17:00,email,technical,normal,How do I two-factor authentication,96.0,2023-10-27 20:54:47,False,4.0,4117.783333333334,False,True,2023-10,False,False
TK60358,2023-10-25 01:59:00,email,technical,low,Error when add a teammate,60.0,2023-10-25 04:29:17,False,1.0,150.28333333333333,False,True,2023-10,False,False
TK62531,2023-10-25 06:03:00,phone,integrations,high,Issue with the invoice for last month,11.0,2023-10-25 14:23:22,False,1.0,500.3666666666667,False,True,2023-10,False,False
TK63415,2023-10-25 06:36:00,in-app,account,normal,Error when the invoice for last month,7.0,2023-10-25 19:50:45,False,,794.75,False,False,2023-10,False,False
TK61079,2023-10-25 09:22:00,in-app,integrations,normal,Issue with a refund for an annual plan,204.0,2023-10-26 06:58:44,False,,1296.7333333333333,False,False,2023-10,False,False
TK63105,2023-10-25 09:39:00,in-app,onboarding,urgent,Request to two-factor authentication,33.0,2023-10-25 11:32:01,False,5.0,113.01666666666667,False,True,2023-10,False,False
TK63523,2023-10-25 14:24:00,in-app,integrations,high,Question about downgrade my plan,11.0,2023-10-26 16:29:06,False,,1565.1,False,False,2023-10,False,False
TK62989,2023-10-25 15:25:00,chat,technical,low,Unable to two-factor authentication,52.0,2023-10-27 16:08:33,False,,2923.55,False,False,2023-10,False,False
TK61133,2023-10-25 17:52:00,in-app,billing,normal,Question about export my data,,2023-10-26 10:58:16,False,,1026.2666666666667,False,False,2023-10,False,False
TK63292,2023-10-25 21:07:00,chat,technical,low,Unable to add a teammate,98.0,,False,,,True,False,2023-10,False,False
TK62168,2023-10-26 03:03:00,phone,account,normal,Issue with the dashboard loading slowly,64.0,2023-10-28 18:12:30,False,,3789.5,False,False,2023-10,False,False
TK63219,2023-10-26 04:21:00,in-app,onboarding,normal,Unable to a duplicate charge,53.0,2023-10-26 11:27:55,False,,426.9166666666667,False,False,2023-10,False,False
TK62406,2023-10-26 08:20:00,email,technical,normal,Cannot the API rate limit,589.0,2023-10-29 01:20:26,False,,3900.4333333333334,False,False,2023-10,True,False
TK63625,2023-10-26 12:15:00,in-app,billing,normal,How do I a duplicate charge,140.0,2023-10-26 22:04:24,False,,589.4,False,False,2023-10,False,False
TK60520,2023-10-26 23:27:00,in-app,technical,normal,Request to the dashboard loading slowly,10.0,2023-10-28 00:44:11,False,,1517.1833333333334,False,False,2023-10,False,False
TK63731,2023-10-26 23:38:00,in-app,technical,normal,Error when a duplicate charge,163.0,2023-11-01 19:52:17,False,2.0,8414.283333333333,False,True,2023-10,False,False
TK60273,2023-10-27 00:44:00,chat,technical,low,Cannot a duplicate charge,3914.0,2023-11-10 10:56:40,False,,20772.666666666668,False,False,2023-10,True,True
TK62615,2023-10-27 01:00:00,phone,account,high,Issue with connecting the Snowflake sync,16.0,2023-10-27 02:16:47,False,5.0,76.78333333333333,False,True,2023-10,False,False
TK62868,2023-10-27 01:15:00,in-app,technical,normal,Question about a refund for an annual plan,432.0,2023-10-28 05:42:47,False,,1707.7833333333333,False,False,2023-10,True,False
TK62129,2023-10-27 01:17:00,email,onboarding,low,Unable to the invoice for last month,,2023-11-08 18:07:45,False,5.0,18290.75,False,True,2023-10,False,True
TK60560,2023-10-27 05:02:00,email,technical,low,How do I export my data,93.0,2023-11-04 09:01:33,False,5.0,11759.55,False,True,2023-10,False,True
TK63290,2023-10-27 06:48:00,chat,integrations,low,Request to the dashboard loading slowly,82.0,2023-10-30 19:57:55,False,5.0,5109.916666666667,False,True,2023-10,False,False
TK63588,2023-10-27 09:15:00,chat,onboarding,normal,Request to the dashboard loading slowly,162.0,2023-10-28 03:29:26,False,,1094.4333333333334,False,False,2023-10,False,False
TK62106,2023-10-27 10:18:00,phone,technical,normal,Question about the API rate limit,179.0,2023-10-29 05:41:57,False,,2603.95,False,False,2023-10,False,False
TK61294,2023-10-27 12:23:00,chat,billing,low,Error when the invoice for last month,77.0,2023-10-29 22:17:52,False,,3474.866666666667,False,False,2023-10,False,False
TK63045,2023-10-27 16:18:00,phone,onboarding,normal,How do I log in after password reset,142.0,2023-10-28 05:36:26,False,,798.4333333333333,False,False,2023-10,False,False
TK61560,2023-10-27 17:19:00,in-app,account,normal,Error when a duplicate charge,19.0,2023-10-29 14:51:34,False,,2732.5666666666666,False,False,2023-10,False,False
TK63961,2023-10-28 00:55:00,in-app,integrations,low,Question about the dashboard loading slowly,800.0,2023-10-30 08:27:39,False,4.0,3332.65,False,True,2023-10,True,False
TK63798,2023-10-28 07:26:00,chat,technical,normal,Error when downgrade my plan,219.0,2023-11-01 18:33:58,False,5.0,6427.966666666666,False,True,2023-10,False,False
TK63225,2023-10-28 11:40:00,phone,onboarding,normal,Request to two-factor authentication,11.0,2023-10-29 06:43:59,False,,1143.9833333333333,False,False,2023-10,False,False
TK61827,2023-10-28 18:56:00,chat,technical,urgent,Issue with log in after password reset,23.0,2023-10-28 20:51:55,False,,115.91666666666667,False,False,2023-10,False,False
TK61451,2023-10-28 21:10:00,chat,technical,high,Question about add a teammate,26.0,2023-10-29 10:46:06,False,,816.1,False,False,2023-10,False,False
TK63660,2023-10-29 00:09:00,phone,billing,high,Error when connecting the Snowflake sync,57.0,2023-10-29 02:06:44,False,,117.73333333333333,False,False,2023-10,False,False
TK61603,2023-10-29 00:10:00,email,integrations,normal,Issue with webhook deliveries failing,92.0,2023-10-29 06:24:52,False,,374.8666666666667,False,False,2023-10,False,False
TK62810,2023-10-29 02:34:00,in-app,technical,normal,Question about the API rate limit,50.0,2023-11-04 15:55:10,False,,9441.166666666666,False,False,2023-10,False,True
TK63404,2023-10-29 05:53:00,in-app,technical,normal,How do I add a teammate,186.0,2023-10-30 09:29:58,False,,1656.9666666666667,False,False,2023-10,False,False
TK60149,2023-10-29 11:13:00,in-app,account,urgent,Request to the dashboard loading slowly,56.0,2023-10-29 17:25:59,False,2.0,372.98333333333335,False,True,2023-10,False,False
TK61114,2023-10-29 11:40:00,email,account,urgent,Question about the API rate limit,34.0,2023-10-29 21:15:58,False,5.0,575.9666666666667,False,True,2023-10,False,False
TK60726,2023-10-29 17:16:00,chat,technical,low,Question about the dashboard loading slowly,467.0,2023-11-15 08:43:21,False,5.0,23967.35,False,True,2023-10,True,True
TK62854,2023-10-29 18:59:00,chat,onboarding,low,Question about log in after password reset,308.0,2023-10-31 17:51:32,False,5.0,2812.5333333333333,False,True,2023-10,False,False
TK60813,2023-10-29 20:15:00,email,onboarding,normal,Cannot a refund for an annual plan,186.0,2023-11-30 11:51:38,False,3.0,45576.63333333333,False,True,2023-10,False,True
TK60627,2023-10-29 23:56:00,chat,technical,normal,Unable to webhook deliveries failing,33.0,,False,,,True,False,2023-10,False,False
TK62306,2023-10-30 03:16:00,email,technical,high,Question about log in after password reset,123.0,2023-11-01 10:20:23,False,5.0,3304.383333333333,False,True,2023-10,False,False
TK60920,2023-10-30 04:20:00,email,billing,normal,Unable to downgrade my plan,106.0,2023-10-31 20:51:29,False,,2431.483333333333,False,False,2023-10,False,False
TK61477,2023-10-30 05:50:00,email,technical,normal,How do I downgrade my plan,167.0,2023-11-02 23:33:58,False,,5383.966666666666,False,False,2023-10,False,False
TK61785,2023-10-30 06:32:00,in-app,billing,normal,Question about webhook deliveries failing,98.0,,False,,,True,False,2023-10,False,False
TK63224,2023-10-30 07:50:00,chat,technical,normal,Request to two-factor authentication,131.0,2023-10-31 10:35:02,False,1.0,1605.0333333333333,False,True,2023-10,False,False
TK60433,2023-10-30 13:26:00,email,billing,low,Issue with the dashboard loading slowly,409.0,2023-10-31 14:16:33,True,5.0,1490.55,False,True,2023-10,True,False
TK61513,2023-10-30 16:39:00,email,integrations,normal,Unable to a refund for an annual plan,15.0,2023-11-03 01:31:38,False,,4852.633333333333,False,False,2023-10,False,False
TK60644,2023-10-30 17:11:00,in-app,billing,normal,Request to two-factor authentication,141.0,2023-10-31 11:13:48,False,1.0,1082.8,False,True,2023-10,False,False
TK60671,2023-10-30 19:20:00,in-app,technical,normal,Cannot the dashboard loading slowly,193.0,2023-11-01 10:07:21,False,,2327.35,False,False,2023-10,False,False
TK60262,2023-10-30 20:00:00,chat,technical,low,Issue with the invoice for last month,119.0,2023-10-31 08:27:05,False,,747.0833333333334,False,False,2023-10,False,False
TK63600,2023-10-30 23:04:00,email,onboarding,low,Request to log in after password reset,46.0,2023-11-04 23:43:50,False,5.0,7239.833333333333,False,True,2023-10,False,False
TK60145,2023-10-30 23:47:00,email,integrations,normal,How do I downgrade my plan,129.0,2023-11-07 13:18:39,False,5.0,10891.65,False,True,2023-10,False,True
TK62376,2023-10-31 01:02:00,in-app,integrations,normal,Issue with the invoice for last month,193.0,2023-11-05 02:09:29,False,,7267.483333333334,False,False,2023-10,False,False
TK62120,2023-10-31 01:36:00,email,technical,normal,Issue with export my data,32.0,2023-11-08 10:54:47,False,,12078.783333333333,False,False,2023-10,False,True
TK60161,2023-10-31 02:24:00,phone,technical,low,Unable to downgrade my plan,107.0,2023-11-08 04:45:27,False,,11661.45,False,False,2023-10,False,True
TK63011,2023-10-31 04:22:00,in-app,billing,normal,Cannot the API rate limit,131.0,2023-10-31 10:44:04,False,5.0,382.06666666666666,False,True,2023-10,False,False
TK61605,2023-10-31 04:38:00,chat,technical,high,Error when two-factor authentication,32.0,2023-11-14 12:51:42,False,,20653.7,False,False,2023-10,False,True
TK62626,2023-10-31 07:42:00,phone,technical,normal,Error when connecting the Snowflake sync,112.0,2023-11-07 08:56:03,False,,10154.05,False,False,2023-10,False,True
TK60057,2023-10-31 12:05:00,chat,integrations,high,Request to the invoice for last month,,2023-11-06 04:52:46,False,,8207.766666666666,False,False,2023-10,False,False
TK62536,2023-10-31 21:19:00,email,billing,normal,Issue with the dashboard loading slowly,130.0,2023-11-01 12:04:24,False,5.0,885.4,False,True,2023-10,False,False
TK61258,2023-11-01 02:02:00,in-app,billing,normal,Error when the invoice for last month,17.0,2023-11-01 06:05:13,False,,243.21666666666667,False,False,2023-11,False,False
TK62796,2023-11-01 09:04:00,email,billing,high,Cannot two-factor authentication,58.0,2023-11-01 16:26:02,False,4.0,442.03333333333336,False,True,2023-11,False,False
TK61363,2023-11-01 10:43:00,chat,technical,urgent,Request to two-factor authentication,15.0,2023-11-01 14:17:30,False,,214.5,False,False,2023-11,False,False
TK63220,2023-11-01 13:42:00,email,onboarding,high,Issue with the dashboard loading slowly,205.0,2023-11-01 16:43:28,False,,181.46666666666667,False,False,2023-11,False,False
TK60915,2023-11-01 14:54:00,email,billing,high,How do I webhook deliveries failing,259.0,2023-11-01 17:43:41,False,5.0,169.68333333333334,False,True,2023-11,False,False
TK61052,2023-11-01 15:35:00,in-app,billing,urgent,Question about the invoice for last month,25.0,2023-11-02 08:59:17,False,,1044.2833333333333,False,False,2023-11,False,False
TK60364,2023-11-01 15:57:00,email,billing,normal,Error when two-factor authentication,207.0,2023-11-01 18:48:38,False,3.0,171.63333333333333,False,True,2023-11,False,False
TK63802,2023-11-01 16:00:00,email,technical,high,Question about two-factor authentication,55.0,2023-11-02 06:24:49,False,,864.8166666666667,False,False,2023-11,False,False
TK60782,2023-11-01 16:33:00,chat,technical,normal,Request to two-factor authentication,55.0,2023-11-03 08:36:45,False,,2403.75,False,False,2023-11,False,False
TK62275,2023-11-01 17:57:00,in-app,account,low,Unable to the API rate limit,114.0,2023-11-01 21:15:20,False,4.0,198.33333333333334,False,True,2023-11,False,False
TK62524,2023-11-02 04:00:00,email,integrations,high,Issue with webhook deliveries failing,12.0,2023-11-02 09:59:27,False,5.0,359.45,False,True,2023-11,False,False
TK63630,2023-11-02 04:24:00,chat,integrations,normal,Error when the dashboard loading slowly,70.0,2023-11-08 19:21:20,False,5.0,9537.333333333334,False,True,2023-11,False,True
TK63786,2023-11-02 06:23:00,email,technical,normal,Error when connecting the Snowflake sync,,2023-11-02 20:18:53,False,,835.8833333333333,False,False,2023-11,False,False
TK60135,2023-11-02 07:01:00,email,billing,normal,Error when two-factor authentication,26.0,2023-11-04 00:22:27,False,,2481.45,False,False,2023-11,False,False
TK61185,2023-11-02 07:14:00,email,technical,low,Question about a duplicate charge,296.0,2023-11-29 23:14:04,False,4.0,39840.066666666666,False,True,2023-11,False,True
TK60672,2023-11-02 08:27:00,email,account,normal,Question about add a teammate,169.0,2023-11-03 03:09:53,False,,1122.8833333333334,False,False,2023-11,False,False
TK60200,2023-11-02 09:20:00,in-app,technical,normal,Error when add a teammate,167.0,2023-11-05 11:47:15,False,1.0,4467.25,False,True,2023-11,False,False
TK61497,2023-11-02 09:56:00,phone,account,high,Error when export my data,15.0,2023-11-02 19:17:55,False,5.0,561.9166666666666,False,True,2023-11,False,False
TK60459,2023-11-02 12:19:00,in-app,technical,normal,Unable to the invoice for last month,210.0,2023-11-04 14:30:36,False,,3011.6,False,False,2023-11,False,False
TK60992,2023-11-02 12:33:00,phone,billing,normal,Request to the dashboard loading slowly,374.0,2023-11-07 15:58:25,False,,7405.416666666667,False,False,2023-11,False,False
TK61593,2023-11-02 14:13:00,chat,technical,normal,Question about two-factor authentication,63.0,2023-11-04 09:42:42,False,,2609.7,False,False,2023-11,False,False
TK60740,2023-11-02 15:21:00,in-app,technical,normal,Error when connecting the Snowflake sync,97.0,2023-11-09 02:07:05,False,,9286.083333333334,False,False,2023-11,False,True
TK63840,2023-11-02 20:20:00,chat,billing,normal,Cannot export my data,114.0,2023-11-03 02:57:14,False,,397.23333333333335,False,False,2023-11,False,False
TK63633,2023-11-03 02:25:00,chat,technical,urgent,Error when downgrade my plan,51.0,2023-11-03 04:36:20,False,,131.33333333333334,False,False,2023-11,False,False
TK62637,2023-11-03 02:34:00,chat,onboarding,low,How do I add a teammate,188.0,2023-11-04 01:18:37,False,,1364.6166666666666,False,False,2023-11,False,False
TK62758,2023-11-03 06:15:00,in-app,billing,normal,Cannot log in after password reset,83.0,2023-11-09 08:37:42,False,,8782.7,False,False,2023-11,False,True
TK63748,2023-11-03 06:56:00,chat,technical,normal,How do I downgrade my plan,504.0,,False,,,True,False,2023-11,True,False
TK63233,2023-11-03 08:23:00,in-app,onboarding,high,Unable to the dashboard loading slowly,34.0,2023-11-03 16:17:55,False,4.0,474.9166666666667,False,True,2023-11,False,False
TK60610,2023-11-03 11:07:00,email,account,normal,How do I add a teammate,34.0,2023-11-03 13:46:06,False,,159.1,False,False,2023-11,False,False
TK60073,2023-11-03 11:21:00,chat,onboarding,high,Request to the API rate limit,32.0,2023-11-03 13:24:31,False,5.0,123.51666666666667,False,True,2023-11,False,False
TK61789,2023-11-03 12:17:00,chat,integrations,normal,Cannot webhook deliveries failing,256.0,2023-11-03 19:45:47,False,,448.78333333333336,False,False,2023-11,False,False
TK62127,2023-11-03 16:41:00,chat,billing,normal,Issue with downgrade my plan,196.0,2023-11-09 07:41:19,False,1.0,8100.316666666667,False,True,2023-11,False,False
TK62329,2023-11-03 19:20:00,phone,billing,high,Request to the dashboard loading slowly,12.0,2023-11-04 08:18:24,False,,778.4,False,False,2023-11,False,False
TK60828,2023-11-03 20:45:00,phone,technical,normal,Unable to add a teammate,64.0,2023-11-04 16:21:04,False,,1176.0666666666666,False,False,2023-11,False,False
TK62032,2023-11-03 22:31:00,in-app,technical,low,Cannot a duplicate charge,77.0,2023-11-11 18:43:59,False,1.0,11292.983333333334,False,True,2023-11,False,True
TK62166,2023-11-04 00:14:00,chat,integrations,normal,Question about export my data,124.0,2023-11-14 10:03:36,False,5.0,14989.6,False,True,2023-11,False,True
TK63505,2023-11-04 00:50:00,in-app,billing,low,Question about connecting the Snowflake sync,213.0,2023-11-05 02:44:25,True,1.0,1554.4166666666667,False,True,2023-11,False,False
TK62521,2023-11-04 00:53:00,chat,integrations,normal,Error when connecting the Snowflake sync,226.0,2023-11-10 01:08:14,False,,8655.233333333334,False,False,2023-11,False,True
TK62940,2023-11-04 03:07:00,chat,technical,high,Error when the dashboard loading slowly,91.0,2023-11-06 15:38:33,False,4.0,3631.55,False,True,2023-11,False,False
TK60534,2023-11-04 05:53:00,phone,technical,low,Error when add a teammate,53.0,2023-11-14 05:42:23,False,5.0,14389.383333333333,False,True,2023-11,False,True
TK61737,2023-11-04 06:38:00,chat,technical,high,Issue with downgrade my plan,45.0,2023-11-07 22:23:38,False,,5265.633333333333,False,False,2023-11,False,False
TK61127,2023-11-04 08:29:00,phone,integrations,low,Question about export my data,27.0,2023-11-10 00:47:28,False,,8178.466666666666,False,False,2023-11,False,False
TK63643,2023-11-04 08:37:00,in-app,account,normal,Question about connecting the Snowflake sync,228.0,,False,,,True,False,2023-11,False,False
TK63037,2023-11-04 09:57:00,in-app,onboarding,normal,Unable to add a teammate,278.0,2023-11-05 23:29:30,False,,2252.5,False,False,2023-11,False,False
TK62039,2023-11-04 10:14:00,chat,integrations,normal,Request to a duplicate charge,61.0,2023-11-04 22:49:27,False,4.0,755.45,False,True,2023-11,False,False
TK63108,2023-11-04 15:48:00,phone,billing,high,Cannot downgrade my plan,118.0,2023-11-06 13:38:50,False,,2750.8333333333335,False,False,2023-11,False,False
TK61634,2023-11-04 16:24:00,email,billing,normal,Cannot downgrade my plan,102.0,2023-11-05 06:17:20,False,,833.3333333333334,False,False,2023-11,False,False
TK63803,2023-11-04 17:45:00,email,billing,low,Error when connecting the Snowflake sync,644.0,2023-11-05 18:55:10,False,5.0,1510.1666666666667,False,True,2023-11,True,False
TK60514,2023-11-05 04:25:00,in-app,billing,normal,Unable to connecting the Snowflake sync,101.0,2023-11-07 00:00:41,False,,2615.6833333333334,False,False,2023-11,False,False
TK61709,2023-11-05 05:42:00,email,technical,low,How do I connecting the Snowflake sync,251.0,2023-11-19 17:09:11,False,,20847.183333333334,False,False,2023-11,False,True
TK62287,2023-11-05 09:53:00,chat,onboarding,high,Issue with downgrade my plan,13.0,2023-11-05 19:45:07,False,,592.1166666666667,False,False,2023-11,False,False
TK62091,2023-11-05 16:06:00,in-app,integrations,normal,Issue with two-factor authentication,43.0,2023-11-10 19:42:36,False,,7416.6,False,False,2023-11,False,False
TK63933,2023-11-05 18:47:00,in-app,account,urgent,Unable to downgrade my plan,19.0,2023-11-05 20:45:03,False,,118.05,False,False,2023-11,False,False
TK62028,2023-11-05 23:31:00,in-app,technical,low,How do I export my data,789.0,2023-11-09 22:03:51,False,5.0,5672.85,False,True,2023-11,True,False
TK60155,2023-11-06 00:06:00,in-app,technical,urgent,Unable to a refund for an annual plan,,2023-11-06 06:54:24,False,,408.4,False,False,2023-11,False,False
TK61110,2023-11-06 05:56:00,chat,technical,normal,Unable to log in after password reset,34.0,2023-11-08 03:47:47,False,5.0,2751.7833333333333,False,True,2023-11,False,False
TK63635,2023-11-06 06:04:00,in-app,technical,normal,Unable to webhook deliveries failing,340.0,2023-11-07 12:46:37,False,,1842.6166666666666,False,False,2023-11,False,False
TK63402,2023-11-06 06:05:00,phone,account,normal,Issue with a refund for an annual plan,111.0,2023-11-09 07:07:01,False,,4382.016666666666,False,False,2023-11,False,False
TK60881,2023-11-06 06:19:00,in-app,technical,normal,Question about two-factor authentication,22.0,2023-11-12 16:15:28,False,,9236.466666666667,False,False,2023-11,False,True
TK60590,2023-11-06 10:44:00,in-app,technical,high,How do I export my data,18.0,2023-11-07 11:05:36,True,,1461.6,False,False,2023-11,False,False
TK62459,2023-11-06 11:42:00,chat,technical,low,Request to the dashboard loading slowly,76.0,,False,,,True,False,2023-11,False,False
TK63851,2023-11-06 12:59:00,email,technical,normal,Unable to downgrade my plan,311.0,2023-11-07 23:42:47,False,4.0,2083.7833333333333,False,True,2023-11,False,False
TK61303,2023-11-06 13:49:00,email,billing,normal,Error when export my data,13.0,2023-11-09 12:32:13,False,,4243.216666666666,False,False,2023-11,False,False
TK61027,2023-11-06 14:31:00,chat,billing,normal,Unable to the dashboard loading slowly,17.0,2023-11-07 03:16:17,False,,765.2833333333333,False,False,2023-11,False,False
TK62951,2023-11-06 19:53:00,in-app,billing,high,Cannot export my data,1196.0,2023-11-06 23:44:56,False,,231.93333333333334,False,False,2023-11,True,False
TK61159,2023-11-06 20:24:00,phone,account,normal,Unable to downgrade my plan,1060.0,,False,,,True,False,2023-11,True,False
TK60717,2023-11-06 21:02:00,chat,technical,low,How do I connecting the Snowflake sync,175.0,2023-11-15 15:47:26,False,3.0,12645.433333333332,False,True,2023-11,False,True
TK62666,2023-11-06 23:57:00,chat,technical,low,Issue with a refund for an annual plan,257.0,2023-11-24 11:49:16,False,5.0,25192.266666666666,False,True,2023-11,False,True
TK61247,2023-11-07 01:19:00,chat,technical,high,Request to a refund for an annual plan,44.0,2023-11-07 08:31:49,False,,432.81666666666666,False,False,2023-11,False,False
TK61370,2023-11-07 01:35:00,phone,onboarding,normal,How do I the API rate limit,24.0,2023-11-07 09:02:05,True,,447.0833333333333,False,False,2023-11,False,False
TK62509,2023-11-07 10:24:00,chat,technical,normal,Question about log in after password reset,34.0,2023-11-11 23:10:13,False,,6526.216666666666,False,False,2023-11,False,False
TK63509,2023-11-07 14:53:00,chat,billing,low,How do I the API rate limit,148.0,2023-11-09 23:04:23,False,,3371.383333333333,False,False,2023-11,False,False
TK60823,2023-11-07 14:59:00,in-app,onboarding,low,Cannot downgrade my plan,192.0,2023-11-10 03:00:34,False,,3601.5666666666666,False,False,2023-11,False,False
TK62849,2023-11-07 17:21:00,email,account,high,Question about a duplicate charge,,2023-11-07 22:21:40,False,,300.6666666666667,False,False,2023-11,False,False
TK62975,2023-11-07 19:48:00,chat,billing,normal,Cannot webhook deliveries failing,74.0,2023-11-12 16:52:04,False,5.0,7024.066666666667,False,True,2023-11,False,False
TK63935,2023-11-07 21:36:00,in-app,onboarding,high,How do I export my data,71.0,2023-11-09 11:41:56,False,3.0,2285.9333333333334,False,True,2023-11,False,False
TK62328,2023-11-08 01:41:00,phone,account,urgent,Cannot export my data,14.0,2023-11-08 02:16:52,False,,35.86666666666667,False,False,2023-11,False,False
TK62137,2023-11-08 07:06:00,in-app,account,high,Issue with the API rate limit,326.0,2023-11-12 05:43:03,False,,5677.05,False,False,2023-11,False,False
TK63864,2023-11-08 17:18:00,phone,account,normal,Question about two-factor authentication,38.0,2023-11-12 06:21:13,False,,5103.216666666666,False,False,2023-11,False,False
TK63481,2023-11-08 17:32:00,in-app,onboarding,high,Unable to connecting the Snowflake sync,9.0,2023-11-09 22:43:06,True,,1751.1,False,False,2023-11,False,False
TK63143,2023-11-08 18:09:00,phone,technical,low,Error when downgrade my plan,81.0,2023-11-10 05:50:55,False,,2141.9166666666665,False,False,2023-11,False,False
TK61195,2023-11-08 19:45:00,in-app,integrations,low,Error when a refund for an annual plan,799.0,2023-11-10 10:21:05,False,,2316.0833333333335,False,False,2023-11,True,False
TK62986,2023-11-09 02:47:00,in-app,account,low,Question about add a teammate,72.0,2023-11-11 02:08:44,False,,2841.733333333333,False,False,2023-11,False,False
TK63268,2023-11-09 04:51:00,email,account,normal,Unable to connecting the Snowflake sync,32.0,2023-11-10 08:05:38,False,,1634.6333333333334,False,False,2023-11,False,False
TK60670,2023-11-09 06:53:00,in-app,technical,high,Error when export my data,20.0,2023-11-09 13:42:38,False,,409.6333333333333,False,False,2023-11,False,False
TK61224,2023-11-09 06:54:00,chat,integrations,normal,Request to add a teammate,244.0,2023-11-11 10:36:05,False,,3102.0833333333335,False,False,2023-11,False,False
TK63348,2023-11-09 07:32:00,chat,integrations,normal,Question about a refund for an annual plan,161.0,2023-11-15 21:49:24,False,,9497.4,False,False,2023-11,False,True
TK60256,2023-11-09 12:44:00,chat,account,low,Unable to the invoice for last month,109.0,2023-11-10 10:40:11,False,,1316.1833333333334,False,False,2023-11,False,False
TK60190,2023-11-09 14:20:00,chat,billing,high,Unable to the API rate limit,22.0,2023-11-09 16:13:30,False,3.0,113.5,False,True,2023-11,False,False
TK61221,2023-11-09 18:41:00,chat,billing,high,Question about connecting the Snowflake sync,92.0,2023-11-10 19:20:54,False,4.0,1479.9,False,True,2023-11,False,False
TK63777,2023-11-09 19:50:00,phone,technical,normal,How do I export my data,16.0,2023-11-10 08:50:31,False,4.0,780.5166666666667,False,True,2023-11,False,False
TK63817,2023-11-09 20:12:00,phone,billing,high,Unable to the invoice for last month,101.0,2023-11-10 00:33:11,False,,261.18333333333334,False,False,2023-11,False,False
TK60618,2023-11-09 20:58:00,chat,technical,normal,Error when add a teammate,211.0,2023-11-11 20:08:37,False,,2830.616666666667,False,False,2023-11,False,False
TK62260,2023-11-09 21:09:00,email,technical,high,Request to the dashboard loading slowly,63.0,2023-11-10 02:03:05,True,,294.0833333333333,False,False,2023-11,False,False
TK60118,2023-11-10 01:58:00,chat,technical,normal,Question about two-factor authentication,19.0,2023-11-10 17:12:02,False,,914.0333333333333,False,False,2023-11,False,False
TK63938,2023-11-10 02:20:00,in-app,integrations,high,Error when a refund for an annual plan,140.0,2023-11-11 08:33:54,False,5.0,1813.9,False,True,2023-11,False,False
TK61213,2023-11-10 06:34:00,email,onboarding,normal,Error when export my data,83.0,2023-11-10 12:47:11,True,,373.18333333333334,False,False,2023-11,False,False
TK60657,2023-11-10 09:05:00,chat,technical,normal,Unable to connecting the Snowflake sync,,2023-11-16 23:12:55,False,,9487.916666666666,False,False,2023-11,False,True
TK63073,2023-11-10 09:55:00,phone,onboarding,high,Question about connecting the Snowflake sync,39.0,2023-11-11 13:58:22,True,4.0,1683.3666666666666,False,True,2023-11,False,False
TK60867,2023-11-10 11:33:00,chat,technical,high,Question about add a teammate,28.0,2023-11-14 19:59:06,False,,6266.1,False,False,2023-11,False,False
TK63455,2023-11-10 12:44:00,in-app,technical,high,Issue with two-factor authentication,56.0,2023-11-11 14:45:48,False,,1561.8,False,False,2023-11,False,False
TK60679,2023-11-10 16:34:00,email,account,low,Cannot the dashboard loading slowly,62.0,2023-11-18 06:35:43,False,,10921.716666666667,False,False,2023-11,False,True
TK61656,2023-11-10 18:32:00,in-app,account,high,Question about a duplicate charge,7.0,2023-11-11 06:28:30,False,,716.5,False,False,2023-11,False,False
TK62314,2023-11-10 19:21:00,chat,onboarding,low,How do I connecting the Snowflake sync,534.0,2023-11-12 01:06:59,False,5.0,1785.9833333333333,False,True,2023-11,True,False
TK60812,2023-11-10 21:12:00,in-app,technical,low,Unable to the dashboard loading slowly,217.0,2023-11-25 22:15:11,False,,21663.183333333334,False,False,2023-11,False,True
TK62113,2023-11-10 21:35:00,in-app,integrations,normal,Issue with log in after password reset,,2023-11-11 12:44:43,False,,909.7166666666667,False,False,2023-11,False,False
TK60917,2023-11-10 22:13:00,phone,account,normal,Request to the API rate limit,60.0,2023-11-14 17:16:25,False,,5463.416666666667,False,False,2023-11,False,False
TK62299,2023-11-11 02:51:00,email,technical,high,How do I a duplicate charge,25.0,2023-11-14 19:36:22,False,,5325.366666666667,False,False,2023-11,False,False
TK62597,2023-11-11 05:13:00,phone,account,high,Cannot add a teammate,10.0,2023-11-12 08:03:36,False,,1610.6,False,False,2023-11,False,False
TK63474,2023-11-11 09:11:00,chat,billing,low,Question about log in after password reset,37.0,2023-11-14 12:11:53,False,,4500.883333333333,False,False,2023-11,False,False
TK63307,2023-11-11 18:53:00,email,account,high,Request to the dashboard loading slowly,5.0,2023-11-12 13:48:32,False,,1135.5333333333333,False,False,2023-11,False,False
TK62101,2023-11-11 22:49:00,in-app,billing,normal,Issue with a duplicate charge,465.0,2023-11-13 22:04:24,False,5.0,2835.4,False,True,2023-11,True,False
TK61948,2023-11-12 02:41:00,phone,account,high,Issue with a duplicate charge,4.0,2023-11-13 23:39:04,False,4.0,2698.0666666666666,False,True,2023-11,False,False
TK63344,2023-11-12 04:24:00,email,account,normal,Unable to connecting the Snowflake sync,123.0,2023-11-13 04:54:18,False,4.0,1470.3,False,True,2023-11,False,False
TK63551,2023-11-12 04:30:00,phone,billing,normal,Unable to log in after password reset,,2023-11-13 11:35:46,False,3.0,1865.7666666666667,False,True,2023-11,False,False
TK62859,2023-11-12 08:30:00,chat,integrations,normal,Request to the API rate limit,173.0,2023-11-16 08:40:01,False,5.0,5770.016666666666,False,True,2023-11,False,False
TK60374,2023-11-12 14:13:00,in-app,billing,high,Error when webhook deliveries failing,81.0,2023-11-12 23:59:25,False,,586.4166666666666,False,False,2023-11,False,False
TK62889,2023-11-12 20:22:00,in-app,technical,low,Cannot add a teammate,673.0,2023-11-15 03:09:14,False,5.0,3287.233333333333,False,True,2023-11,True,False
TK63281,2023-11-12 22:12:00,chat,integrations,normal,Issue with a duplicate charge,74.0,2023-11-17 17:52:09,False,,6940.15,False,False,2023-11,False,False
TK62671,2023-11-12 22:53:00,email,technical,high,Issue with connecting the Snowflake sync,26.0,2023-11-13 14:23:11,False,,930.1833333333333,False,False,2023-11,False,False
TK62436,2023-11-12 23:20:00,email,technical,low,Unable to downgrade my plan,138.0,2023-11-17 15:08:30,False,,6708.5,False,False,2023-11,False,False
TK63531,2023-11-13 00:46:00,chat,integrations,high,Unable to connecting the Snowflake sync,55.0,2023-11-15 16:37:31,False,5.0,3831.516666666667,False,True,2023-11,False,False
TK63891,2023-11-13 03:03:00,email,onboarding,low,Error when add a teammate,543.0,2023-11-14 14:21:21,False,,2118.35,False,False,2023-11,True,False
TK62957,2023-11-13 04:52:00,chat,technical,low,Cannot downgrade my plan,65.0,2023-11-18 00:15:23,False,,6923.383333333333,False,False,2023-11,False,False
TK62928,2023-11-13 12:12:00,chat,technical,high,Question about the API rate limit,46.0,,False,,,True,False,2023-11,False,False
TK60830,2023-11-13 15:18:00,in-app,technical,normal,Unable to a refund for an annual plan,123.0,,False,,,True,False,2023-11,False,False
TK62257,2023-11-13 16:01:00,email,integrations,urgent,Request to a refund for an annual plan,36.0,2023-11-14 11:54:55,False,,1193.9166666666667,False,False,2023-11,False,False
TK63890,2023-11-13 17:11:00,chat,integrations,normal,Cannot a duplicate charge,162.0,2023-11-17 13:24:38,False,,5533.633333333333,False,False,2023-11,False,False
TK60704,2023-11-13 17:46:00,phone,billing,normal,Cannot the invoice for last month,68.0,2023-11-14 04:16:49,False,5.0,630.8166666666667,False,True,2023-11,False,False
TK61104,2023-11-13 18:28:00,in-app,account,normal,How do I a duplicate charge,42.0,2023-11-19 08:03:55,False,,8015.916666666667,False,False,2023-11,False,False
TK63378,2023-11-13 19:23:00,email,integrations,normal,Request to two-factor authentication,73.0,2023-11-14 23:07:32,False,,1664.5333333333333,False,False,2023-11,False,False
TK60598,2023-11-13 22:23:00,in-app,technical,normal,Issue with two-factor authentication,60.0,2023-11-14 12:38:51,False,,855.85,False,False,2023-11,False,False
TK60402,2023-11-13 22:26:00,email,integrations,normal,Cannot two-factor authentication,10.0,2023-11-14 07:14:23,True,,528.3833333333333,False,False,2023-11,False,False
TK61943,2023-11-14 00:01:00,chat,integrations,high,Unable to the invoice for last month,11.0,2023-11-14 06:26:54,False,,385.9,False,False,2023-11,False,False
TK63160,2023-11-14 10:29:00,in-app,technical,normal,Unable to export my data,158.0,2023-11-28 14:23:55,False,5.0,20394.916666666668,False,True,2023-11,False,True
TK63397,2023-11-14 13:20:00,in-app,onboarding,normal,Unable to a duplicate charge,137.0,,False,,,True,False,2023-11,False,False
TK62979,2023-11-14 13:34:00,in-app,onboarding,normal,Error when a duplicate charge,65.0,2023-11-14 17:35:09,False,4.0,241.15,False,True,2023-11,False,False
TK61025,2023-11-14 14:52:00,phone,billing,low,Error when add a teammate,92.0,2023-11-15 17:14:36,False,,1582.6,False,False,2023-11,False,False
TK61919,2023-11-14 16:28:00,chat,integrations,normal,How do I the dashboard loading slowly,127.0,,False,,,True,False,2023-11,False,False
TK60609,2023-11-14 18:30:00,chat,integrations,normal,Request to two-factor authentication,378.0,2023-12-13 01:38:10,False,,40748.166666666664,False,False,2023-11,False,True
TK63394,2023-11-14 20:07:00,email,billing,low,Unable to a duplicate charge,174.0,2023-11-16 19:16:54,False,,2829.9,False,False,2023-11,False,False
TK60061,2023-11-14 21:14:00,chat,technical,low,Question about the invoice for last month,395.0,2023-11-15 16:17:03,False,,1143.05,False,False,2023-11,True,False
TK61835,2023-11-15 00:16:00,email,onboarding,high,Issue with two-factor authentication,120.0,2023-11-15 18:44:45,False,4.0,1108.75,False,True,2023-11,False,False
TK62026,2023-11-15 03:01:00,in-app,integrations,normal,Question about a duplicate charge,214.0,2023-11-18 23:37:15,False,5.0,5556.25,False,True,2023-11,False,False
TK62158,2023-11-15 03:41:00,chat,technical,normal,Question about two-factor authentication,40.0,2023-11-16 03:44:52,False,3.0,1443.8666666666666,False,True,2023-11,False,False
TK60617,2023-11-15 04:22:00,email,account,low,Error when downgrade my plan,122.0,2023-11-17 01:08:10,False,,2686.1666666666665,False,False,2023-11,False,False
TK60539,2023-11-15 05:07:00,chat,billing,low,Cannot two-factor authentication,200.0,2023-11-16 00:12:01,False,,1145.0166666666667,False,False,2023-11,False,False
TK63414,2023-11-15 06:14:00,email,onboarding,normal,Issue with log in after password reset,190.0,2023-11-17 15:55:05,False,5.0,3461.0833333333335,False,True,2023-11,False,False
TK60551,2023-11-15 07:31:00,email,onboarding,low,Request to two-factor authentication,39.0,2023-11-18 06:39:24,False,,4268.4,False,False,2023-11,False,False
TK60680,2023-11-15 08:16:00,chat,billing,normal,Issue with the API rate limit,62.0,2023-11-17 03:19:23,False,5.0,2583.383333333333,False,True,2023-11,False,False
TK61006,2023-11-15 09:42:00,email,technical,normal,Request to the API rate limit,179.0,2023-11-15 13:41:18,False,,239.3,False,False,2023-11,False,False
TK60393,2023-11-15 11:11:00,email,technical,urgent,Request to export my data,11.0,2023-11-17 06:23:07,False,,2592.116666666667,False,False,2023-11,False,False
TK61416,2023-11-15 12:37:00,phone,technical,low,How do I the dashboard loading slowly,264.0,2023-11-16 22:20:32,False,,2023.5333333333333,False,False,2023-11,False,False
TK63703,2023-11-15 12:57:00,in-app,account,normal,Issue with a duplicate charge,163.0,2023-12-05 09:54:23,False,,28617.383333333335,False,False,2023-11,False,True
TK63483,2023-11-15 15:01:00,chat,account,low,How do I a duplicate charge,440.0,2023-11-16 12:33:23,False,4.0,1292.3833333333334,False,True,2023-11,True,False
TK60122,2023-11-15 17:41:00,email,technical,low,Unable to a duplicate charge,126.0,2023-11-21 22:44:57,False,,8943.95,False,False,2023-11,False,True
TK63888,2023-11-15 20:12:00,email,technical,low,Error when the invoice for last month,183.0,2023-11-24 22:47:34,False,,13115.566666666668,False,False,2023-11,False,True
TK62813,2023-11-15 20:32:00,email,technical,high,Error when downgrade my plan,71.0,,False,,,True,False,2023-11,False,False
TK62711,2023-11-15 21:10:00,email,integrations,high,Request to two-factor authentication,120.0,2023-11-16 06:00:23,False,5.0,530.3833333333333,False,True,2023-11,False,False
TK60043,2023-11-16 03:53:00,email,account,normal,Request to log in after password reset,80.0,2023-11-16 17:47:31,False,,834.5166666666667,False,False,2023-11,False,False
TK60716,2023-11-16 07:30:00,in-app,billing,low,How do I connecting the Snowflake sync,60.0,2023-11-16 20:35:03,False,,785.05,False,False,2023-11,False,False
TK63093,2023-11-16 09:18:00,phone,onboarding,normal,How do I log in after password reset,53.0,2023-11-18 08:45:50,False,4.0,2847.8333333333335,False,True,2023-11,False,False
TK60807,2023-11-16 11:06:00,email,account,high,How do I log in after password reset,50.0,2023-11-16 13:50:27,False,,164.45,False,False,2023-11,False,False
TK61023,2023-11-16 13:14:00,in-app,account,normal,Issue with log in after password reset,90.0,2023-11-18 13:54:37,False,5.0,2920.616666666667,False,True,2023-11,False,False
TK63425,2023-11-16 17:33:00,email,onboarding,normal,Unable to connecting the Snowflake sync,154.0,2023-11-18 06:09:43,False,5.0,2196.7166666666667,False,True,2023-11,False,False
TK63928,2023-11-16 17:49:00,in-app,account,normal,How do I export my data,56.0,2023-11-16 20:43:43,False,5.0,174.71666666666667,False,True,2023-11,False,False
TK60071,2023-11-16 18:08:00,chat,technical,high,Question about the API rate limit,108.0,2023-11-17 02:34:37,False,,506.6166666666667,False,False,2023-11,False,False
TK62221,2023-11-16 19:02:00,in-app,billing,normal,Error when add a teammate,45.0,2023-11-17 09:19:27,False,3.0,857.45,False,True,2023-11,False,False
TK63368,2023-11-16 19:57:00,chat,technical,high,Unable to two-factor authentication,77.0,2023-11-17 22:09:24,False,2.0,1572.4,False,True,2023-11,False,False
TK62201,2023-11-16 20:36:00,chat,technical,normal,Unable to two-factor authentication,251.0,,False,,,True,False,2023-11,False,False
TK63354,2023-11-16 20:42:00,chat,integrations,low,Cannot a refund for an annual plan,206.0,2023-11-22 07:46:44,False,,7864.733333333334,False,False,2023-11,False,False
TK63578,2023-11-16 22:52:00,phone,billing,high,Error when a refund for an annual plan,11.0,2023-11-17 10:11:05,False,,679.0833333333334,False,False,2023-11,False,False
TK62757,2023-11-17 00:24:00,phone,technical,high,Issue with the API rate limit,428.0,,False,,,True,False,2023-11,True,False
TK62645,2023-11-17 00:44:00,chat,technical,urgent,Error when connecting the Snowflake sync,6.0,2023-11-17 10:50:45,True,,606.75,False,False,2023-11,False,False
TK63558,2023-11-17 06:08:00,phone,integrations,normal,Error when downgrade my plan,535.0,2023-11-20 05:10:37,False,4.0,4262.616666666667,False,True,2023-11,True,False
TK60802,2023-11-17 07:23:00,phone,technical,high,Error when webhook deliveries failing,34.0,2023-11-17 18:49:52,False,,686.8666666666667,False,False,2023-11,False,False
TK63337,2023-11-17 10:40:00,in-app,technical,low,Request to a duplicate charge,116.0,2023-12-10 00:18:40,False,,32498.666666666668,False,False,2023-11,False,True
TK62560,2023-11-17 11:02:00,email,technical,normal,How do I a refund for an annual plan,65.0,2023-11-17 15:45:31,False,,283.51666666666665,False,False,2023-11,False,False
TK60319,2023-11-17 11:19:00,chat,onboarding,high,Issue with a refund for an annual plan,147.0,2023-11-17 23:15:21,False,5.0,716.35,False,True,2023-11,False,False
TK62677,2023-11-17 13:35:00,email,technical,normal,How do I a duplicate charge,126.0,2023-11-27 21:00:28,False,3.0,14845.466666666667,False,True,2023-11,False,True
TK60069,2023-11-17 16:07:00,in-app,integrations,normal,Error when two-factor authentication,30.0,2023-11-18 23:10:58,False,,1863.9666666666667,False,False,2023-11,False,False
TK62791,2023-11-17 16:32:00,phone,account,high,Issue with a duplicate charge,65.0,2023-11-18 04:03:17,False,,691.2833333333333,False,False,2023-11,False,False
TK62429,2023-11-17 17:06:00,email,account,normal,Question about the invoice for last month,230.0,2023-11-18 19:14:14,False,,1568.2333333333333,False,False,2023-11,False,False
TK62902,2023-11-17 17:45:00,chat,account,normal,Cannot downgrade my plan,42.0,2023-11-20 19:56:51,False,,4451.85,False,False,2023-11,False,False
TK60286,2023-11-17 20:09:00,email,integrations,normal,Question about the invoice for last month,54.0,2023-11-23 01:53:48,True,4.0,7544.8,False,True,2023-11,False,False
TK60000,2023-11-17 20:59:00,email,account,normal,How do I export my data,40.0,2023-11-21 03:45:19,False,4.0,4726.316666666667,False,True,2023-11,False,False
TK63568,2023-11-17 22:50:00,email,technical,low,Issue with a duplicate charge,494.0,2023-11-18 23:39:51,False,3.0,1489.85,False,True,2023-11,True,False
TK62368,2023-11-18 03:28:00,phone,technical,low,Issue with downgrade my plan,245.0,2023-11-28 17:20:03,False,5.0,15232.05,False,True,2023-11,False,True
TK61547,2023-11-18 07:34:00,chat,billing,high,Issue with the API rate limit,6.0,2023-11-18 19:19:43,False,,705.7166666666667,False,False,2023-11,False,False
TK63878,2023-11-18 08:02:00,in-app,account,low,Request to two-factor authentication,458.0,2023-11-18 22:11:41,False,4.0,849.6833333333333,False,True,2023-11,True,False
TK61437,2023-11-18 13:15:00,email,technical,normal,How do I two-factor authentication,260.0,2023-11-21 07:41:57,False,4.0,3986.95,False,True,2023-11,False,False
TK60346,2023-11-18 13:32:00,chat,billing,normal,Cannot export my data,21.0,,False,,,True,False,2023-11,False,False
TK61834,2023-11-18 15:06:00,in-app,billing,normal,Question about webhook deliveries failing,106.0,2023-11-20 20:34:07,False,,3208.116666666667,False,False,2023-11,False,False
TK63780,2023-11-18 18:29:00,phone,technical,urgent,Issue with the API rate limit,,2023-11-18 21:53:35,False,,204.58333333333334,False,False,2023-11,False,False
TK62938,2023-11-18 19:56:00,chat,billing,high,Issue with add a teammate,,2023-11-19 01:05:58,False,4.0,309.96666666666664,False,True,2023-11,False,False
TK61483,2023-11-18 21:10:00,email,technical,normal,Unable to a duplicate charge,86.0,2023-11-21 02:16:51,False,4.0,3186.85,False,True,2023-11,False,False
TK63480,2023-11-18 23:17:00,phone,technical,normal,How do I two-factor authentication,51.0,2023-11-19 15:44:45,False,,987.75,False,False,2023-11,False,False
TK60766,2023-11-19 02:09:00,in-app,billing,normal,Cannot the dashboard loading slowly,,2023-11-19 11:35:24,False,3.0,566.4,False,True,2023-11,False,False
TK62730,2023-11-19 04:36:00,email,onboarding,high,How do I the API rate limit,59.0,2023-11-20 17:41:25,False,,2225.4166666666665,False,False,2023-11,False,False
TK62878,2023-11-19 06:39:00,chat,technical,high,Question about downgrade my plan,66.0,2023-11-19 20:28:04,True,,829.0666666666667,False,False,2023-11,False,False
TK61719,2023-11-19 11:19:00,chat,technical,normal,Question about the dashboard loading slowly,142.0,2023-11-28 01:08:57,True,5.0,12349.95,False,True,2023-11,False,True
TK62593,2023-11-19 14:21:00,email,onboarding,normal,Request to the dashboard loading slowly,106.0,2023-11-20 09:57:01,False,,1176.0166666666667,False,False,2023-11,False,False
TK63959,2023-11-19 15:53:00,email,integrations,normal,Question about log in after password reset,25.0,,False,,,True,False,2023-11,False,False
TK62525,2023-11-19 16:27:00,chat,billing,low,How do I log in after password reset,64.0,2023-11-21 05:38:13,False,,2231.2166666666667,False,False,2023-11,False,False
TK60104,2023-11-19 16:56:00,chat,billing,normal,Unable to downgrade my plan,74.0,2023-11-22 12:54:38,False,4.0,4078.633333333333,False,True,2023-11,False,False
TK61832,2023-11-19 18:15:00,in-app,account,high,Cannot the dashboard loading slowly,,2023-11-20 09:28:59,False,4.0,913.9833333333333,False,True,2023-11,False,False
TK62893,2023-11-19 20:22:00,phone,account,normal,Question about export my data,229.0,2023-11-20 06:47:29,False,5.0,625.4833333333333,False,True,2023-11,False,False
TK61183,2023-11-19 21:24:00,in-app,billing,normal,How do I add a teammate,148.0,2023-11-22 10:52:07,False,5.0,3688.116666666667,False,True,2023-11,False,False
TK62189,2023-11-20 02:25:00,email,billing,normal,Request to the invoice for last month,104.0,2023-11-20 04:56:21,False,4.0,151.35,False,True,2023-11,False,False
TK60024,2023-11-20 07:30:00,in-app,technical,normal,Unable to two-factor authentication,,2023-11-20 10:30:41,False,3.0,180.68333333333334,False,True,2023-11,False,False
TK62603,2023-11-20 07:31:00,chat,integrations,normal,Error when a refund for an annual plan,,2023-11-22 14:50:00,False,5.0,3319.0,False,True,2023-11,False,False
TK60850,2023-11-20 11:30:00,email,account,high,Question about webhook deliveries failing,45.0,2023-11-21 04:51:32,False,,1041.5333333333333,False,False,2023-11,False,False
TK63669,2023-11-20 15:47:00,phone,technical,normal,How do I the dashboard loading slowly,139.0,2023-11-21 14:00:43,False,,1333.7166666666667,False,False,2023-11,False,False
TK61810,2023-11-20 15:55:00,chat,billing,normal,Cannot a duplicate charge,81.0,2023-11-21 05:21:52,False,,806.8666666666667,False,False,2023-11,False,False
TK60658,2023-11-20 18:16:00,email,billing,normal,How do I the invoice for last month,138.0,2023-11-21 13:44:28,False,5.0,1168.4666666666667,False,True,2023-11,False,False
TK60427,2023-11-20 19:31:00,chat,onboarding,normal,Request to two-factor authentication,73.0,2023-11-21 04:09:08,False,5.0,518.1333333333333,False,True,2023-11,False,False
TK60863,2023-11-20 23:34:00,in-app,account,low,Question about add a teammate,233.0,2023-11-21 20:37:37,True,5.0,1263.6166666666666,False,True,2023-11,False,False
TK63242,2023-11-20 23:59:00,in-app,billing,normal,How do I webhook deliveries failing,16.0,2023-11-21 21:39:58,False,,1300.9666666666667,False,False,2023-11,False,False
TK63871,2023-11-21 00:34:00,chat,billing,normal,Issue with the invoice for last month,198.0,2023-11-22 13:34:41,False,,2220.6833333333334,False,False,2023-11,False,False
TK62767,2023-11-21 04:31:00,in-app,technical,normal,Request to add a teammate,127.0,,False,,,True,False,2023-11,False,False
TK63115,2023-11-21 05:11:00,chat,account,high,Unable to the API rate limit,40.0,2023-11-21 10:39:36,False,,328.6,False,False,2023-11,False,False
TK60924,2023-11-21 06:20:00,chat,billing,high,Question about downgrade my plan,277.0,2023-11-21 11:22:12,False,,302.2,False,False,2023-11,False,False
TK61708,2023-11-21 08:35:00,chat,onboarding,urgent,Request to the invoice for last month,38.0,2023-11-21 15:05:48,False,5.0,390.8,False,True,2023-11,False,False
TK62943,2023-11-21 10:50:00,email,integrations,high,Question about the dashboard loading slowly,32.0,2023-11-24 00:14:27,False,5.0,3684.45,False,True,2023-11,False,False
TK62000,2023-11-21 10:52:00,in-app,billing,normal,Error when the dashboard loading slowly,70.0,2023-11-21 19:02:34,False,3.0,490.56666666666666,False,True,2023-11,False,False
TK60324,2023-11-21 14:45:00,email,technical,normal,Unable to a duplicate charge,189.0,2023-11-21 16:09:39,False,3.0,84.65,False,True,2023-11,False,False
TK61697,2023-11-21 15:45:00,email,integrations,low,Request to the dashboard loading slowly,110.0,2023-11-25 13:36:18,True,,5631.3,False,False,2023-11,False,False
TK60637,2023-11-21 17:25:00,email,technical,normal,How do I a duplicate charge,29.0,,False,,,True,False,2023-11,False,False
TK62985,2023-11-21 18:04:00,email,billing,low,Question about connecting the Snowflake sync,,2023-11-21 18:58:50,False,,54.833333333333336,False,False,2023-11,False,False
TK62395,2023-11-21 18:14:00,chat,billing,normal,Question about a refund for an annual plan,16.0,2023-11-22 07:36:21,False,5.0,802.35,False,True,2023-11,False,False
TK61937,2023-11-21 18:42:00,phone,account,high,Question about webhook deliveries failing,68.0,2023-11-21 20:12:59,False,,90.98333333333333,False,False,2023-11,False,False
TK62385,2023-11-21 19:15:00,chat,onboarding,high,Unable to downgrade my plan,75.0,2023-11-26 09:58:55,False,,6643.916666666667,False,False,2023-11,False,False
TK63419,2023-11-21 23:46:00,in-app,onboarding,normal,How do I two-factor authentication,22.0,2023-11-23 17:17:50,False,4.0,2491.8333333333335,False,True,2023-11,False,False
TK63734,2023-11-22 08:37:00,phone,onboarding,high,How do I export my data,5.0,2023-11-25 08:43:43,False,,4326.716666666666,False,False,2023-11,False,False
TK63751,2023-11-22 10:45:00,email,onboarding,normal,Error when export my data,171.0,2023-11-24 10:55:24,False,5.0,2890.4,False,True,2023-11,False,False
TK60198,2023-11-22 11:27:00,in-app,technical,normal,Question about the dashboard loading slowly,,2023-11-30 11:22:43,False,5.0,11515.716666666667,False,True,2023-11,False,True
TK60378,2023-11-22 13:53:00,chat,onboarding,normal,Cannot downgrade my plan,33.0,2023-11-22 20:52:35,False,,419.5833333333333,False,False,2023-11,False,False
TK62273,2023-11-22 17:19:00,phone,technical,normal,Unable to add a teammate,1113.0,2023-11-22 20:32:52,False,5.0,193.86666666666667,False,True,2023-11,True,False
TK62231,2023-11-23 02:18:00,chat,technical,low,Error when downgrade my plan,169.0,,False,,,True,False,2023-11,False,False
TK62775,2023-11-23 07:12:00,email,integrations,low,Unable to the invoice for last month,112.0,2023-11-28 05:36:32,False,5.0,7104.533333333334,False,True,2023-11,False,False
TK63919,2023-11-23 12:31:00,email,technical,high,Question about add a teammate,,2023-11-24 00:53:18,False,,742.3,False,False,2023-11,False,False
TK62929,2023-11-23 19:54:00,chat,account,low,Cannot two-factor authentication,279.0,2023-11-27 21:15:30,False,4.0,5841.5,False,True,2023-11,False,False
TK60115,2023-11-23 23:46:00,email,technical,low,Cannot connecting the Snowflake sync,206.0,2023-11-29 10:31:11,False,,7845.183333333333,False,False,2023-11,False,False
TK61875,2023-11-24 00:19:00,chat,technical,low,Cannot log in after password reset,134.0,2023-11-27 16:52:41,False,,5313.683333333333,False,False,2023-11,False,False
TK62391,2023-11-24 02:29:00,in-app,billing,high,Unable to export my data,13.0,2023-11-24 13:39:48,False,5.0,670.8,False,True,2023-11,False,False
TK60584,2023-11-24 08:05:00,email,integrations,high,Cannot a duplicate charge,39.0,2023-11-24 10:40:43,False,5.0,155.71666666666667,False,True,2023-11,False,False
TK61635,2023-11-24 08:20:00,chat,billing,urgent,Error when export my data,19.0,2023-11-24 11:59:05,False,,219.08333333333334,False,False,2023-11,False,False
TK62056,2023-11-24 08:47:00,chat,onboarding,urgent,Issue with export my data,7.0,2023-11-24 10:30:08,False,1.0,103.13333333333334,False,True,2023-11,False,False
TK60804,2023-11-24 09:53:00,email,onboarding,normal,How do I the invoice for last month,45.0,,False,,,True,False,2023-11,False,False
TK61968,2023-11-24 10:12:00,chat,billing,low,Request to two-factor authentication,49.0,2023-11-25 01:38:11,True,4.0,926.1833333333333,False,True,2023-11,False,False
TK61478,2023-11-24 10:28:00,email,account,normal,Question about two-factor authentication,73.0,2023-11-25 03:04:16,False,,996.2666666666667,False,False,2023-11,False,False
TK63412,2023-11-24 12:49:00,in-app,billing,high,Error when add a teammate,168.0,2023-11-24 17:16:16,False,,267.26666666666665,False,False,2023-11,False,False
TK62009,2023-11-24 14:03:00,chat,billing,low,How do I connecting the Snowflake sync,173.0,2023-11-25 06:37:55,False,,994.9166666666666,False,False,2023-11,False,False
TK62255,2023-11-24 15:22:00,in-app,technical,low,Issue with downgrade my plan,92.0,2023-11-28 17:00:09,False,5.0,5858.15,False,True,2023-11,False,False
TK60462,2023-11-24 20:50:00,in-app,technical,normal,Error when webhook deliveries failing,44.0,2023-11-26 23:33:14,False,5.0,3043.233333333333,False,True,2023-11,False,False
TK61822,2023-11-25 03:21:00,in-app,onboarding,high,Error when log in after password reset,62.0,,False,,,True,False,2023-11,False,False
TK63768,2023-11-25 05:17:00,chat,integrations,normal,Question about export my data,107.0,2023-11-29 18:23:42,False,5.0,6546.7,False,True,2023-11,False,False
TK60131,2023-11-25 08:37:00,chat,account,high,Unable to a refund for an annual plan,28.0,2023-11-25 18:26:28,False,,589.4666666666667,False,False,2023-11,False,False
TK63896,2023-11-25 10:02:00,chat,integrations,normal,Request to log in after password reset,165.0,2023-11-25 15:11:39,False,,309.65,False,False,2023-11,False,False
TK61242,2023-11-25 10:45:00,chat,technical,high,Error when downgrade my plan,18.0,2023-11-25 11:57:41,False,,72.68333333333334,False,False,2023-11,False,False
TK61689,2023-11-25 12:35:00,chat,integrations,low,Request to a duplicate charge,301.0,2023-12-02 14:47:49,False,,10212.816666666668,False,False,2023-11,False,True
TK62917,2023-11-25 17:08:00,email,technical,high,Cannot two-factor authentication,70.0,2023-11-27 02:21:34,False,,1993.5666666666666,False,False,2023-11,False,False
TK63713,2023-11-25 23:25:00,email,onboarding,normal,How do I a refund for an annual plan,241.0,2023-11-26 13:02:01,False,5.0,817.0166666666667,False,True,2023-11,False,False
TK63077,2023-11-26 07:08:00,chat,onboarding,normal,Error when a duplicate charge,47.0,2023-11-26 20:38:26,True,5.0,810.4333333333333,False,True,2023-11,False,False
TK60597,2023-11-26 09:24:00,chat,technical,normal,Cannot downgrade my plan,238.0,2023-11-26 12:18:29,False,,174.48333333333332,False,False,2023-11,False,False
TK61870,2023-11-26 11:20:00,email,technical,high,Question about add a teammate,18.0,2023-11-26 12:30:59,False,,70.98333333333333,False,False,2023-11,False,False
TK63735,2023-11-26 13:08:00,chat,technical,normal,Question about the dashboard loading slowly,632.0,,False,,,True,False,2023-11,True,False
TK63406,2023-11-26 15:52:00,phone,technical,normal,Issue with add a teammate,83.0,,False,,,True,False,2023-11,False,False
TK61028,2023-11-26 17:21:00,email,billing,high,Cannot downgrade my plan,31.0,2023-11-26 20:02:27,False,,161.45,False,False,2023-11,False,False
TK60701,2023-11-26 17:26:00,chat,account,urgent,How do I add a teammate,8.0,2023-11-27 00:11:24,False,4.0,405.4,False,True,2023-11,False,False
TK62433,2023-11-26 20:16:00,email,integrations,normal,Request to export my data,138.0,,False,,,True,False,2023-11,False,False
TK61306,2023-11-26 20:46:00,email,onboarding,normal,How do I log in after password reset,35.0,2023-11-29 10:35:52,False,,3709.866666666667,False,False,2023-11,False,False
TK62503,2023-11-26 22:26:00,phone,onboarding,normal,Cannot the dashboard loading slowly,142.0,2023-11-27 14:28:45,False,,962.75,False,False,2023-11,False,False
TK63835,2023-11-27 02:13:00,in-app,technical,urgent,How do I connecting the Snowflake sync,9.0,2023-11-27 19:41:52,False,5.0,1048.8666666666666,False,True,2023-11,False,False
TK60064,2023-11-27 04:11:00,chat,account,normal,Request to the dashboard loading slowly,,2023-11-28 17:04:03,False,,2213.05,False,False,2023-11,False,False
TK61018,2023-11-27 06:25:00,chat,account,normal,Cannot a duplicate charge,129.0,2023-11-29 16:35:33,False,4.0,3490.55,False,True,2023-11,False,False
TK60923,2023-11-27 07:32:00,email,onboarding,urgent,Unable to export my data,4.0,2023-11-27 08:22:41,False,,50.68333333333333,False,False,2023-11,False,False
TK60524,2023-11-27 11:09:00,email,technical,high,Issue with add a teammate,24.0,2023-11-29 00:02:28,False,,2213.4666666666667,False,False,2023-11,False,False
TK61269,2023-11-27 11:45:00,in-app,billing,normal,Request to a duplicate charge,,2023-12-03 18:51:55,False,,9066.916666666666,False,False,2023-11,False,True
TK60557,2023-11-27 12:15:00,email,integrations,normal,Issue with downgrade my plan,123.0,2023-12-21 18:19:59,False,,34924.98333333333,False,False,2023-11,False,True
TK62883,2023-11-27 12:16:00,in-app,billing,normal,Request to add a teammate,33.0,2023-11-28 00:29:32,False,1.0,733.5333333333333,False,True,2023-11,False,False
TK61515,2023-11-27 15:06:00,chat,billing,normal,Question about webhook deliveries failing,46.0,2023-11-27 21:13:06,False,,367.1,False,False,2023-11,False,False
TK63528,2023-11-28 00:29:00,phone,account,high,Request to export my data,48.0,2023-11-28 04:55:10,False,,266.1666666666667,False,False,2023-11,False,False
TK63007,2023-11-28 00:44:00,chat,technical,high,Unable to the dashboard loading slowly,12.0,2023-11-30 05:48:01,False,,3184.016666666667,False,False,2023-11,False,False
TK60009,2023-11-28 12:58:00,chat,technical,urgent,How do I the dashboard loading slowly,22.0,2023-11-28 22:59:34,False,5.0,601.5666666666667,False,True,2023-11,False,False
TK61484,2023-11-28 15:10:00,email,onboarding,high,Request to export my data,,2023-11-29 01:42:56,False,4.0,632.9333333333333,False,True,2023-11,False,False
TK63585,2023-11-28 15:44:00,in-app,onboarding,normal,How do I the dashboard loading slowly,61.0,2023-11-29 19:47:08,False,,1683.1333333333334,False,False,2023-11,False,False
TK62978,2023-11-28 17:03:00,email,account,normal,Request to export my data,170.0,2023-11-30 10:05:39,False,,2462.65,False,False,2023-11,False,False
TK60508,2023-11-28 17:57:00,chat,technical,normal,Request to two-factor authentication,88.0,2023-11-30 18:09:11,False,2.0,2892.1833333333334,False,True,2023-11,False,False
TK60125,2023-11-28 19:53:00,email,billing,normal,Request to add a teammate,145.0,2023-11-29 03:13:05,False,,440.0833333333333,False,False,2023-11,False,False
TK62817,2023-11-28 22:18:00,in-app,technical,normal,How do I connecting the Snowflake sync,785.0,2023-12-03 13:14:55,False,,6656.916666666667,False,False,2023-11,True,False
TK62465,2023-11-28 22:28:00,email,account,high,How do I export my data,84.0,2023-11-29 06:30:18,False,,482.3,False,False,2023-11,False,False
TK62915,2023-11-28 23:06:00,in-app,billing,high,Cannot add a teammate,145.0,2023-11-29 01:03:56,False,,117.93333333333334,False,False,2023-11,False,False
TK61217,2023-11-29 00:52:00,chat,onboarding,high,Question about the API rate limit,28.0,2023-11-29 10:36:53,False,3.0,584.8833333333333,False,True,2023-11,False,False
TK61255,2023-11-29 01:27:00,in-app,billing,normal,How do I the invoice for last month,577.0,2023-11-29 12:19:00,False,,652.0,False,False,2023-11,True,False
TK62650,2023-11-29 04:27:00,email,account,normal,Issue with webhook deliveries failing,231.0,2023-12-02 04:49:38,False,,4342.633333333333,False,False,2023-11,False,False
TK62432,2023-11-29 05:37:00,email,billing,normal,Unable to webhook deliveries failing,54.0,2023-12-01 08:53:23,False,,3076.383333333333,False,False,2023-11,False,False
TK62054,2023-11-29 07:39:00,phone,account,high,Cannot connecting the Snowflake sync,42.0,2023-11-29 09:37:41,True,,118.68333333333334,False,False,2023-11,False,False
TK60546,2023-11-29 10:24:00,chat,account,normal,Question about webhook deliveries failing,204.0,2023-11-29 12:24:41,False,,120.68333333333334,False,False,2023-11,False,False
TK63158,2023-11-29 11:07:00,phone,billing,low,Error when a refund for an annual plan,53.0,2023-12-01 01:49:52,False,,2322.866666666667,False,False,2023-11,False,False
TK63270,2023-11-29 15:00:00,chat,technical,normal,Unable to downgrade my plan,4.0,2023-12-17 23:38:50,False,,26438.833333333332,False,False,2023-11,False,True
TK62580,2023-11-29 15:40:00,in-app,billing,high,How do I the invoice for last month,29.0,2023-11-30 13:24:21,False,4.0,1304.35,False,True,2023-11,False,False
TK62330,2023-11-29 18:17:00,email,onboarding,low,Error when a duplicate charge,155.0,2023-11-29 20:31:14,False,5.0,134.23333333333332,False,True,2023-11,False,False
TK63021,2023-11-29 20:45:00,chat,technical,normal,Cannot two-factor authentication,45.0,2023-12-01 03:08:44,False,,1823.7333333333333,False,False,2023-11,False,False
TK62224,2023-11-29 23:12:00,email,account,urgent,Issue with webhook deliveries failing,38.0,2023-11-30 02:48:59,False,5.0,216.98333333333332,False,True,2023-11,False,False
TK61381,2023-11-30 02:09:00,chat,onboarding,high,Request to add a teammate,64.0,2023-11-30 09:15:38,True,4.0,426.6333333333333,False,True,2023-11,False,False
TK61683,2023-11-30 05:07:00,in-app,billing,normal,Question about two-factor authentication,13.0,2023-11-30 14:17:39,False,,550.65,False,False,2023-11,False,False
TK61062,2023-11-30 05:29:00,in-app,integrations,normal,Error when connecting the Snowflake sync,16.0,2023-11-30 21:01:22,False,,932.3666666666667,False,False,2023-11,False,False
TK60635,2023-11-30 05:42:00,chat,technical,normal,Cannot two-factor authentication,82.0,2023-12-03 23:32:38,False,,5390.633333333333,False,False,2023-11,False,False
TK60801,2023-11-30 06:27:00,in-app,technical,high,Question about the invoice for last month,41.0,2023-11-30 21:43:37,False,,916.6166666666667,False,False,2023-11,False,False
TK61286,2023-11-30 08:17:00,email,onboarding,low,Issue with connecting the Snowflake sync,77.0,2023-11-30 12:49:43,False,4.0,272.71666666666664,False,True,2023-11,False,False
TK60225,2023-11-30 12:47:00,in-app,onboarding,low,Request to a duplicate charge,175.0,2023-11-30 22:13:40,False,,566.6666666666666,False,False,2023-11,False,False
TK62574,2023-11-30 16:43:00,chat,billing,low,How do I connecting the Snowflake sync,57.0,2023-12-10 02:35:53,False,,13552.883333333333,False,False,2023-11,False,True
TK63431,2023-11-30 17:24:00,email,technical,high,Issue with connecting the Snowflake sync,29.0,2023-12-01 08:05:01,False,,881.0166666666667,False,False,2023-11,False,False
TK60667,2023-11-30 20:08:00,chat,account,low,Cannot a refund for an annual plan,,2023-12-01 15:58:17,False,,1190.2833333333333,False,False,2023-11,False,False
TK62990,2023-11-30 22:49:00,email,integrations,low,Error when the invoice for last month,933.0,2023-12-06 05:07:01,False,5.0,7578.016666666666,False,True,2023-11,True,False
TK61769,2023-12-01 05:35:00,chat,billing,normal,Issue with add a teammate,119.0,2023-12-02 22:31:49,False,5.0,2456.8166666666666,False,True,2023-12,False,False
TK61902,2023-12-01 12:01:00,email,technical,low,Unable to the API rate limit,251.0,2023-12-03 23:45:49,True,,3584.8166666666666,False,False,2023-12,False,False
TK62259,2023-12-01 12:40:00,in-app,technical,high,Question about log in after password reset,41.0,2023-12-01 21:58:08,False,,558.1333333333333,False,False,2023-12,False,False
TK60728,2023-12-01 13:28:00,email,integrations,low,Issue with log in after password reset,1187.0,2023-12-02 23:49:59,False,,2061.983333333333,False,False,2023-12,True,False
TK62571,2023-12-01 13:59:00,chat,technical,low,How do I log in after password reset,46.0,2023-12-02 10:36:02,False,,1237.0333333333333,False,False,2023-12,False,False
TK63746,2023-12-01 15:54:00,in-app,technical,high,Error when the invoice for last month,53.0,2023-12-01 21:52:03,False,1.0,358.05,False,True,2023-12,False,False
TK62147,2023-12-01 16:39:00,email,technical,normal,How do I two-factor authentication,174.0,2023-12-05 19:14:11,False,,5915.183333333333,False,False,2023-12,False,False
TK63538,2023-12-01 18:07:00,email,billing,normal,How do I connecting the Snowflake sync,115.0,2023-12-03 13:53:40,False,,2626.6666666666665,False,False,2023-12,False,False
TK63316,2023-12-01 18:55:00,in-app,technical,normal,Cannot export my data,126.0,2023-12-03 12:55:26,False,,2520.4333333333334,False,False,2023-12,False,False
TK61282,2023-12-01 20:24:00,email,onboarding,normal,How do I a duplicate charge,45.0,2023-12-02 08:52:18,False,5.0,748.3,False,True,2023-12,False,False
TK63609,2023-12-01 20:24:00,in-app,technical,normal,Unable to downgrade my plan,43.0,2023-12-02 03:03:41,False,,399.68333333333334,False,False,2023-12,False,False
TK63882,2023-12-01 20:40:00,email,billing,low,Issue with two-factor authentication,185.0,2023-12-02 17:59:58,False,,1279.9666666666667,False,False,2023-12,False,False
TK63204,2023-12-01 21:24:00,email,technical,high,Question about webhook deliveries failing,208.0,2023-12-02 09:16:27,False,,712.45,False,False,2023-12,False,False
TK62300,2023-12-01 21:58:00,email,technical,high,Error when webhook deliveries failing,44.0,2023-12-04 16:47:54,False,5.0,4009.9,False,True,2023-12,False,False
TK60441,2023-12-01 23:21:00,email,billing,high,Question about a refund for an annual plan,62.0,2023-12-02 05:48:13,False,,387.21666666666664,False,False,2023-12,False,False
TK61278,2023-12-02 00:50:00,email,integrations,high,Error when a refund for an annual plan,33.0,2023-12-03 13:42:35,False,,2212.5833333333335,False,False,2023-12,False,False
TK60654,2023-12-02 04:31:00,email,account,normal,Issue with add a teammate,450.0,2023-12-02 12:27:30,False,,476.5,False,False,2023-12,True,False
TK63296,2023-12-02 08:17:00,in-app,technical,normal,Error when webhook deliveries failing,141.0,2023-12-02 21:48:50,False,,811.8333333333334,False,False,2023-12,False,False
TK63202,2023-12-02 08:34:00,phone,technical,low,Unable to log in after password reset,27.0,2023-12-02 14:35:16,False,4.0,361.26666666666665,False,True,2023-12,False,False
TK60507,2023-12-02 08:54:00,in-app,technical,normal,Cannot connecting the Snowflake sync,65.0,2023-12-04 07:02:56,False,1.0,2768.9333333333334,False,True,2023-12,False,False
TK62326,2023-12-02 12:03:00,phone,billing,normal,Request to connecting the Snowflake sync,138.0,2023-12-03 03:01:36,False,5.0,898.6,False,True,2023-12,False,False
TK61005,2023-12-02 14:55:00,in-app,billing,normal,Issue with webhook deliveries failing,,2023-12-04 03:45:35,False,,2210.5833333333335,False,False,2023-12,False,False
TK62925,2023-12-02 16:29:00,chat,technical,normal,Question about a refund for an annual plan,114.0,2023-12-03 22:07:51,False,,1778.85,False,False,2023-12,False,False
TK61307,2023-12-02 22:40:00,chat,onboarding,urgent,Request to webhook deliveries failing,9.0,2023-12-03 06:58:02,False,,498.03333333333336,False,False,2023-12,False,False
TK61211,2023-12-03 01:56:00,in-app,integrations,low,Cannot the API rate limit,140.0,2023-12-04 15:07:29,False,5.0,2231.483333333333,False,True,2023-12,False,False
TK63171,2023-12-03 11:36:00,chat,technical,urgent,Request to the dashboard loading slowly,34.0,2023-12-04 12:19:47,False,2.0,1483.7833333333333,False,True,2023-12,False,False
TK62016,2023-12-03 17:05:00,email,onboarding,low,Request to the invoice for last month,197.0,2023-12-05 17:55:39,False,5.0,2930.65,False,True,2023-12,False,False
TK63756,2023-12-03 17:08:00,phone,onboarding,low,Issue with two-factor authentication,164.0,2023-12-04 17:21:44,False,4.0,1453.7333333333333,False,True,2023-12,False,False
TK63908,2023-12-03 20:43:00,phone,integrations,urgent,How do I connecting the Snowflake sync,20.0,2023-12-04 07:58:37,False,,675.6166666666667,False,False,2023-12,False,False
TK60246,2023-12-03 21:58:00,email,integrations,normal,How do I webhook deliveries failing,490.0,2023-12-04 12:48:05,False,,890.0833333333334,False,False,2023-12,True,False
TK61801,2023-12-04 00:43:00,chat,billing,urgent,Question about the dashboard loading slowly,4.0,2023-12-04 09:00:42,False,,497.7,False,False,2023-12,False,False
TK63318,2023-12-04 05:00:00,chat,billing,normal,Issue with add a teammate,39.0,2023-12-07 04:10:38,True,,4270.633333333333,False,False,2023-12,False,False
TK62648,2023-12-04 05:45:00,phone,technical,normal,Issue with webhook deliveries failing,54.0,2023-12-15 15:52:26,False,,16447.433333333334,False,False,2023-12,False,True
TK63725,2023-12-04 07:55:00,phone,onboarding,high,Unable to the dashboard loading slowly,22.0,2023-12-04 10:30:52,False,,155.86666666666667,False,False,2023-12,False,False
TK62272,2023-12-04 13:53:00,email,technical,normal,Error when the API rate limit,97.0,2023-12-11 08:11:05,False,,9738.083333333334,False,False,2023-12,False,True
TK63152,2023-12-04 15:15:00,in-app,technical,normal,Unable to downgrade my plan,41.0,2023-12-05 12:59:20,False,4.0,1304.3333333333333,False,True,2023-12,False,False
TK62100,2023-12-04 16:45:00,email,billing,urgent,Unable to two-factor authentication,86.0,2023-12-04 19:09:17,False,,144.28333333333333,False,False,2023-12,False,False
TK62927,2023-12-04 20:33:00,in-app,technical,normal,How do I downgrade my plan,156.0,2023-12-05 21:26:04,False,,1493.0666666666666,False,False,2023-12,False,False
TK62053,2023-12-04 21:35:00,chat,billing,high,How do I the invoice for last month,240.0,2023-12-04 23:24:14,False,,109.23333333333333,False,False,2023-12,False,False
TK61387,2023-12-05 00:04:00,chat,technical,normal,Cannot add a teammate,375.0,2023-12-10 03:31:25,False,3.0,7407.416666666667,False,True,2023-12,False,False
TK61108,2023-12-05 00:55:00,email,technical,normal,Cannot connecting the Snowflake sync,113.0,2023-12-06 02:26:28,False,,1531.4666666666667,False,False,2023-12,False,False
TK62623,2023-12-05 02:02:00,chat,technical,urgent,Cannot webhook deliveries failing,22.0,2023-12-05 12:10:12,True,3.0,608.2,False,True,2023-12,False,False
TK63862,2023-12-05 02:06:00,phone,onboarding,normal,Question about downgrade my plan,193.0,2023-12-09 20:24:58,True,,6858.966666666666,False,False,2023-12,False,False
TK60452,2023-12-05 07:19:00,chat,account,high,Cannot a duplicate charge,29.0,2023-12-05 09:42:43,False,,143.71666666666667,False,False,2023-12,False,False
TK63010,2023-12-05 13:14:00,chat,billing,low,Question about the invoice for last month,574.0,2023-12-23 08:33:58,False,,25639.966666666667,False,False,2023-12,True,True
TK60583,2023-12-05 17:36:00,chat,billing,high,How do I two-factor authentication,25.0,2023-12-06 02:16:33,False,4.0,520.55,False,True,2023-12,False,False
TK60836,2023-12-05 19:01:00,email,technical,normal,How do I two-factor authentication,,2023-12-07 04:40:03,False,,2019.05,False,False,2023-12,False,False
TK62352,2023-12-05 19:17:00,in-app,account,urgent,Question about the API rate limit,10.0,2023-12-05 22:19:30,False,,182.5,False,False,2023-12,False,False
TK63239,2023-12-05 21:47:00,in-app,technical,normal,Request to downgrade my plan,81.0,,False,,,True,False,2023-12,False,False
TK63166,2023-12-06 03:26:00,chat,billing,urgent,How do I connecting the Snowflake sync,43.0,2023-12-06 05:21:57,False,,115.95,False,False,2023-12,False,False
TK62732,2023-12-06 06:07:00,chat,integrations,low,How do I webhook deliveries failing,109.0,2023-12-07 07:55:58,False,,1548.9666666666667,False,False,2023-12,False,False
TK63426,2023-12-06 08:25:00,chat,billing,normal,Unable to export my data,360.0,2023-12-15 13:49:04,False,,13284.066666666668,False,False,2023-12,False,True
TK63944,2023-12-06 09:00:00,in-app,billing,normal,Request to connecting the Snowflake sync,1099.0,2023-12-06 15:51:34,False,,411.56666666666666,False,False,2023-12,True,False
TK60757,2023-12-06 10:34:00,in-app,technical,low,Cannot the invoice for last month,203.0,2023-12-08 15:24:25,False,3.0,3170.4166666666665,False,True,2023-12,False,False
TK61747,2023-12-06 11:41:00,chat,onboarding,low,Request to connecting the Snowflake sync,48.0,2023-12-22 16:21:37,False,4.0,23320.616666666665,False,True,2023-12,False,True
TK60749,2023-12-06 12:04:00,phone,technical,high,Error when webhook deliveries failing,19.0,2023-12-06 20:40:24,False,,516.4,False,False,2023-12,False,False
TK61464,2023-12-06 16:28:00,chat,billing,normal,Cannot webhook deliveries failing,196.0,2023-12-07 02:52:50,False,,624.8333333333334,False,False,2023-12,False,False
TK62327,2023-12-06 17:12:00,chat,onboarding,normal,How do I connecting the Snowflake sync,25.0,2023-12-07 03:27:18,False,1.0,615.3,False,True,2023-12,False,False
TK63366,2023-12-06 20:42:00,email,account,normal,Request to two-factor authentication,58.0,2023-12-07 18:25:26,False,5.0,1303.4333333333334,False,True,2023-12,False,False
TK60732,2023-12-07 10:40:00,in-app,integrations,low,Request to the invoice for last month,237.0,2023-12-09 03:52:14,False,,2472.233333333333,False,False,2023-12,False,False
TK60416,2023-12-07 14:07:00,chat,account,high,Error when log in after password reset,64.0,2023-12-07 16:35:52,False,,148.86666666666667,False,False,2023-12,False,False
TK61868,2023-12-07 15:03:00,email,technical,normal,Unable to export my data,56.0,2023-12-08 06:04:54,False,,901.9,False,False,2023-12,False,False
TK62103,2023-12-07 20:21:00,chat,billing,normal,Error when the dashboard loading slowly,160.0,2023-12-08 11:24:01,False,4.0,903.0166666666667,False,True,2023-12,False,False
TK62499,2023-12-07 21:28:00,in-app,account,normal,Unable to downgrade my plan,20.0,2023-12-09 02:41:38,False,,1753.6333333333334,False,False,2023-12,False,False
TK62658,2023-12-08 00:24:00,email,technical,low,Unable to webhook deliveries failing,51.0,2023-12-22 22:09:32,False,,21465.533333333333,False,False,2023-12,False,True
TK62731,2023-12-08 03:32:00,in-app,technical,low,How do I a refund for an annual plan,207.0,2023-12-21 14:08:59,False,,19356.983333333334,False,False,2023-12,False,True
TK63120,2023-12-08 03:38:00,in-app,onboarding,low,Cannot the API rate limit,177.0,2023-12-09 00:47:43,False,5.0,1269.7166666666667,False,True,2023-12,False,False
TK61647,2023-12-08 06:51:00,email,technical,normal,Question about connecting the Snowflake sync,37.0,2023-12-12 15:09:42,True,2.0,6258.7,False,True,2023-12,False,False
TK60490,2023-12-08 13:21:00,in-app,onboarding,urgent,Question about add a teammate,4.0,2023-12-08 18:18:35,False,,297.5833333333333,False,False,2023-12,False,False
TK62953,2023-12-08 14:30:00,in-app,billing,high,How do I two-factor authentication,163.0,2023-12-08 21:35:56,False,2.0,425.93333333333334,False,True,2023-12,False,False
TK60172,2023-12-08 19:27:00,email,account,normal,Error when downgrade my plan,32.0,2023-12-14 06:56:53,False,,7889.883333333333,False,False,2023-12,False,False
TK62167,2023-12-09 07:40:00,email,account,normal,Cannot downgrade my plan,452.0,2023-12-12 02:33:52,False,,4013.866666666667,False,False,2023-12,True,False
TK61041,2023-12-09 08:42:00,in-app,technical,normal,Unable to add a teammate,73.0,2023-12-11 12:31:19,False,3.0,3109.3166666666666,False,True,2023-12,False,False
TK60965,2023-12-09 10:41:00,chat,technical,normal,Request to the invoice for last month,296.0,2023-12-12 08:23:20,False,4.0,4182.333333333333,False,True,2023-12,False,False
TK61930,2023-12-09 12:23:00,email,billing,urgent,Error when log in after password reset,,2023-12-09 14:57:15,False,5.0,154.25,False,True,2023-12,False,False
TK61577,2023-12-09 12:31:00,email,onboarding,high,How do I two-factor authentication,56.0,2023-12-09 20:37:29,False,1.0,486.48333333333335,False,True,2023-12,False,False
TK62371,2023-12-09 12:46:00,chat,integrations,low,Error when log in after password reset,765.0,,False,,,True,False,2023-12,True,False
TK62363,2023-12-09 13:50:00,chat,technical,urgent,Error when export my data,30.0,2023-12-10 03:24:09,False,,814.15,False,False,2023-12,False,False
TK61554,2023-12-09 13:56:00,email,technical,high,Question about webhook deliveries failing,173.0,2023-12-17 15:26:24,False,,11610.4,False,False,2023-12,False,True
TK61602,2023-12-09 16:05:00,in-app,billing,low,Cannot a duplicate charge,,2023-12-12 23:45:25,False,,4780.416666666667,False,False,2023-12,False,False
TK61851,2023-12-09 17:07:00,email,onboarding,normal,Question about the API rate limit,48.0,2023-12-17 09:46:10,False,,11079.166666666666,False,False,2023-12,False,True
TK61329,2023-12-09 17:23:00,in-app,billing,normal,Unable to log in after password reset,582.0,2023-12-13 14:50:45,False,,5607.75,False,False,2023-12,True,False
TK63114,2023-12-09 19:39:00,in-app,billing,low,Unable to the API rate limit,78.0,2023-12-10 00:41:36,False,,302.6,False,False,2023-12,False,False
TK62947,2023-12-09 21:13:00,phone,account,normal,Cannot connecting the Snowflake sync,129.0,2023-12-12 23:26:43,False,4.0,4453.716666666666,False,True,2023-12,False,False
TK61219,2023-12-09 22:10:00,in-app,billing,normal,Cannot webhook deliveries failing,64.0,2023-12-10 19:19:11,False,,1269.1833333333334,False,False,2023-12,False,False
TK61238,2023-12-10 02:03:00,email,integrations,high,Issue with two-factor authentication,52.0,2023-12-11 09:00:01,False,,1857.0166666666667,False,False,2023-12,False,False
TK62265,2023-12-10 02:17:00,email,technical,high,Issue with log in after password reset,53.0,2023-12-10 09:47:26,False,4.0,450.43333333333334,False,True,2023-12,False,False
TK62729,2023-12-10 02:30:00,chat,billing,normal,Cannot the dashboard loading slowly,120.0,2023-12-12 02:05:27,False,5.0,2855.45,False,True,2023-12,False,False
TK63324,2023-12-10 03:09:00,email,account,normal,Cannot the dashboard loading slowly,168.0,2023-12-10 17:18:20,False,,849.3333333333334,False,False,2023-12,False,False
TK61773,2023-12-10 04:11:00,in-app,billing,high,Error when the API rate limit,30.0,2023-12-10 15:57:29,False,,706.4833333333333,False,False,2023-12,False,False
TK62372,2023-12-10 07:48:00,phone,billing,normal,Cannot the invoice for last month,68.0,2023-12-10 14:11:18,True,,383.3,False,False,2023-12,False,False
TK61738,2023-12-10 09:40:00,chat,technical,normal,Unable to a refund for an annual plan,33.0,2023-12-12 23:13:38,False,2.0,3693.633333333333,False,True,2023-12,False,False
TK61826,2023-12-10 11:08:00,email,billing,high,Error when the invoice for last month,77.0,2023-12-11 17:22:08,False,3.0,1814.1333333333334,False,True,2023-12,False,False
TK61248,2023-12-10 11:17:00,in-app,billing,normal,Request to export my data,,2023-12-10 20:36:36,False,4.0,559.6,False,True,2023-12,False,False
TK61907,2023-12-10 12:44:00,phone,technical,normal,Unable to the invoice for last month,56.0,2023-12-11 06:28:57,False,,1064.95,False,False,2023-12,False,False
TK63036,2023-12-10 14:55:00,email,technical,normal,How do I add a teammate,67.0,2023-12-11 02:45:27,False,3.0,710.45,False,True,2023-12,False,False
TK62441,2023-12-10 16:36:00,email,technical,normal,Issue with the API rate limit,497.0,2023-12-16 09:59:40,False,5.0,8243.666666666666,False,True,2023-12,True,False
TK62295,2023-12-10 17:33:00,email,account,normal,Question about webhook deliveries failing,,2023-12-11 16:57:00,False,,1404.0,False,False,2023-12,False,False
TK63769,2023-12-10 19:56:00,chat,onboarding,normal,Question about export my data,139.0,2023-12-12 05:31:12,False,,2015.2,False,False,2023-12,False,False
TK60213,2023-12-10 20:27:00,phone,billing,normal,Cannot the dashboard loading slowly,182.0,2023-12-13 04:52:46,False,,3385.766666666667,False,False,2023-12,False,False
TK63116,2023-12-10 20:41:00,email,onboarding,high,Cannot log in after password reset,17.0,2023-12-11 00:10:27,False,4.0,209.45,False,True,2023-12,False,False
TK60244,2023-12-10 21:10:00,chat,billing,normal,Cannot add a teammate,304.0,2023-12-11 08:20:45,False,,670.75,False,False,2023-12,False,False
TK61880,2023-12-11 03:50:00,chat,technical,normal,Request to the invoice for last month,202.0,2023-12-15 01:56:46,False,4.0,5646.766666666666,False,True,2023-12,False,False
TK61646,2023-12-11 06:21:00,email,billing,high,Request to export my data,12.0,2023-12-11 09:13:40,False,5.0,172.66666666666666,False,True,2023-12,False,False
TK62281,2023-12-11 06:57:00,chat,account,low,Unable to export my data,19.0,2023-12-12 22:59:31,False,5.0,2402.516666666667,False,True,2023-12,False,False
TK60676,2023-12-11 08:22:00,email,technical,urgent,Error when the invoice for last month,21.0,2023-12-13 04:38:45,False,,2656.75,False,False,2023-12,False,False
TK60294,2023-12-11 11:07:00,email,onboarding,low,How do I connecting the Snowflake sync,671.0,2023-12-12 09:25:48,False,5.0,1338.8,False,True,2023-12,True,False
TK60694,2023-12-11 14:50:00,in-app,billing,high,Request to webhook deliveries failing,29.0,2023-12-11 23:08:27,False,,498.45,False,False,2023-12,False,False
TK60384,2023-12-11 15:36:00,email,technical,high,Unable to webhook deliveries failing,44.0,2023-12-12 08:52:05,False,,1036.0833333333333,False,False,2023-12,False,False
TK63873,2023-12-11 16:32:00,email,onboarding,urgent,Cannot the API rate limit,14.0,2023-12-11 20:56:59,False,,264.98333333333335,False,False,2023-12,False,False
TK60529,2023-12-11 19:07:00,phone,account,normal,Unable to downgrade my plan,36.0,2023-12-12 07:50:39,False,4.0,763.65,False,True,2023-12,False,False
TK61182,2023-12-11 19:59:00,chat,billing,low,Issue with downgrade my plan,113.0,2023-12-12 01:13:21,False,,314.35,False,False,2023-12,False,False
TK62419,2023-12-12 00:53:00,email,billing,low,Error when the dashboard loading slowly,188.0,2023-12-13 20:57:51,True,,2644.85,False,False,2023-12,False,False
TK61487,2023-12-12 01:26:00,chat,billing,high,How do I downgrade my plan,34.0,2023-12-12 06:14:38,False,5.0,288.6333333333333,False,True,2023-12,False,False
TK63874,2023-12-12 06:16:00,email,onboarding,normal,Issue with export my data,12.0,2023-12-13 16:57:32,True,,2081.5333333333333,False,False,2023-12,False,False
TK61971,2023-12-12 10:35:00,chat,technical,normal,Error when the invoice for last month,619.0,2023-12-15 23:38:20,False,,5103.333333333333,False,False,2023-12,True,False
TK62987,2023-12-12 12:26:00,in-app,technical,urgent,How do I downgrade my plan,6.0,2023-12-12 17:17:38,False,,291.6333333333333,False,False,2023-12,False,False
TK61906,2023-12-12 13:35:00,phone,technical,high,How do I add a teammate,20.0,2023-12-14 20:00:19,False,5.0,3265.3166666666666,False,True,2023-12,False,False
TK60101,2023-12-12 14:06:00,email,technical,low,Cannot the invoice for last month,78.0,2023-12-13 13:27:12,False,4.0,1401.2,False,True,2023-12,False,False
TK63984,2023-12-12 15:23:00,chat,technical,low,Question about downgrade my plan,64.0,2023-12-15 13:12:28,False,,4189.466666666666,False,False,2023-12,False,False
TK61246,2023-12-12 20:34:00,email,account,normal,How do I webhook deliveries failing,20.0,2023-12-13 06:31:34,False,5.0,597.5666666666667,False,True,2023-12,False,False
TK62769,2023-12-12 21:04:00,phone,onboarding,normal,Request to webhook deliveries failing,569.0,2023-12-13 02:10:34,False,,306.56666666666666,False,False,2023-12,True,False
TK60464,2023-12-12 23:35:00,in-app,integrations,urgent,Question about webhook deliveries failing,,2023-12-13 08:53:49,False,,558.8166666666667,False,False,2023-12,False,False
TK63167,2023-12-13 05:50:00,in-app,account,low,Question about connecting the Snowflake sync,30.0,2023-12-14 00:25:43,False,,1115.7166666666667,False,False,2023-12,False,False
TK62335,2023-12-13 08:35:00,email,account,high,Issue with connecting the Snowflake sync,18.0,2023-12-13 11:10:06,True,,155.1,False,False,2023-12,False,False
TK60096,2023-12-13 10:13:00,in-app,technical,high,Request to log in after password reset,27.0,2023-12-14 19:43:13,False,,2010.2166666666667,False,False,2023-12,False,False
TK62398,2023-12-13 12:11:00,email,technical,low,Error when a duplicate charge,299.0,,False,,,True,False,2023-12,False,False
TK61758,2023-12-13 12:17:00,chat,technical,urgent,Issue with downgrade my plan,12.0,2023-12-14 02:16:49,False,,839.8166666666667,False,False,2023-12,False,False
TK62430,2023-12-13 17:51:00,email,billing,normal,Unable to log in after password reset,341.0,2023-12-21 00:05:07,False,,10454.116666666667,False,False,2023-12,False,True
TK61623,2023-12-13 21:45:00,in-app,integrations,low,Error when the API rate limit,124.0,2024-01-20 10:47:49,False,,54062.816666666666,False,False,2023-12,False,True
TK62130,2023-12-13 23:49:00,chat,integrations,low,Unable to a refund for an annual plan,92.0,2023-12-14 03:04:20,False,,195.33333333333334,False,False,2023-12,False,False
TK61378,2023-12-14 03:53:00,phone,billing,normal,Question about webhook deliveries failing,158.0,2023-12-15 05:11:28,True,5.0,1518.4666666666667,False,True,2023-12,False,False
TK62369,2023-12-14 14:12:00,in-app,onboarding,normal,Error when two-factor authentication,139.0,2023-12-14 17:35:47,False,2.0,203.78333333333333,False,True,2023-12,False,False
TK60028,2023-12-14 18:03:00,phone,account,normal,Issue with connecting the Snowflake sync,125.0,2023-12-17 06:03:51,False,,3600.85,False,False,2023-12,False,False
TK62533,2023-12-14 18:53:00,email,account,low,Error when the API rate limit,,2023-12-16 14:22:10,True,,2609.1666666666665,False,False,2023-12,False,False
TK63029,2023-12-15 04:11:00,email,billing,normal,Issue with log in after password reset,,2023-12-21 15:21:47,False,,9310.783333333333,False,False,2023-12,False,True
TK60815,2023-12-15 06:23:00,chat,account,high,Cannot log in after password reset,11.0,2023-12-16 01:54:02,False,,1171.0333333333333,False,False,2023-12,False,False
TK60589,2023-12-15 11:01:00,phone,onboarding,high,Error when the API rate limit,68.0,2023-12-16 17:48:50,False,4.0,1847.8333333333333,False,True,2023-12,False,False
TK61843,2023-12-15 13:37:00,in-app,billing,low,Cannot a refund for an annual plan,264.0,2023-12-17 11:41:40,False,,2764.6666666666665,False,False,2023-12,False,False
TK62182,2023-12-15 14:31:00,in-app,technical,low,Request to the API rate limit,618.0,2023-12-19 11:14:22,False,4.0,5563.366666666667,False,True,2023-12,True,False
TK63540,2023-12-15 17:25:00,chat,billing,high,Request to the invoice for last month,71.0,2023-12-15 19:06:37,False,,101.61666666666666,False,False,2023-12,False,False
TK63758,2023-12-15 20:19:00,phone,technical,urgent,Cannot connecting the Snowflake sync,10.0,2023-12-16 11:00:41,False,4.0,881.6833333333333,False,True,2023-12,False,False
TK62956,2023-12-15 21:59:00,email,technical,normal,Question about webhook deliveries failing,51.0,2023-12-16 06:51:40,False,,532.6666666666666,False,False,2023-12,False,False
TK62698,2023-12-16 02:46:00,in-app,technical,low,Cannot downgrade my plan,22.0,2023-12-21 14:54:34,False,,7928.566666666667,False,False,2023-12,False,False
TK60137,2023-12-16 11:06:00,phone,technical,urgent,Unable to downgrade my plan,83.0,2023-12-16 14:57:41,False,3.0,231.68333333333334,False,True,2023-12,False,False
TK61098,2023-12-16 13:20:00,email,billing,normal,Unable to downgrade my plan,183.0,2023-12-17 04:18:01,False,4.0,898.0166666666667,False,True,2023-12,False,False
TK62971,2023-12-16 14:22:00,chat,onboarding,normal,Issue with add a teammate,69.0,2023-12-18 14:08:15,False,,2866.25,False,False,2023-12,False,False
TK60038,2023-12-16 14:29:00,chat,billing,normal,Error when export my data,106.0,2023-12-16 20:24:04,False,4.0,355.06666666666666,False,True,2023-12,False,False
TK63418,2023-12-16 14:57:00,email,billing,low,Cannot a refund for an annual plan,115.0,2023-12-18 21:29:05,False,5.0,3272.0833333333335,False,True,2023-12,False,False
TK61418,2023-12-16 14:58:00,chat,technical,high,Question about the invoice for last month,20.0,,False,,,True,False,2023-12,False,False
TK63358,2023-12-16 15:02:00,in-app,billing,normal,Cannot downgrade my plan,94.0,2023-12-22 11:35:51,False,5.0,8433.85,False,True,2023-12,False,False
TK62512,2023-12-16 15:07:00,email,billing,low,Request to downgrade my plan,139.0,2023-12-18 07:27:45,False,,2420.75,False,False,2023-12,False,False
TK63027,2023-12-16 17:38:00,chat,billing,normal,Cannot export my data,18.0,2023-12-17 18:56:03,False,4.0,1518.05,False,True,2023-12,False,False
TK61384,2023-12-16 18:40:00,email,technical,high,Question about two-factor authentication,139.0,2023-12-20 04:51:08,False,,4931.133333333333,False,False,2023-12,False,False
TK62862,2023-12-16 19:26:00,email,technical,normal,Question about log in after password reset,193.0,2023-12-18 12:12:28,False,,2446.4666666666667,False,False,2023-12,False,False
TK61529,2023-12-16 19:53:00,chat,billing,low,Issue with two-factor authentication,1123.0,2023-12-17 16:05:11,False,4.0,1212.1833333333334,False,True,2023-12,True,False
TK62715,2023-12-16 20:59:00,chat,billing,low,Unable to webhook deliveries failing,65.0,,False,,,True,False,2023-12,False,False
TK61661,2023-12-17 10:46:00,chat,account,high,Request to two-factor authentication,72.0,2023-12-19 01:09:16,False,,2303.266666666667,False,False,2023-12,False,False
TK63514,2023-12-17 16:34:00,email,technical,low,Error when downgrade my plan,302.0,2023-12-19 01:04:37,True,,1950.6166666666666,False,False,2023-12,False,False
TK63054,2023-12-17 16:56:00,in-app,integrations,urgent,Unable to export my data,10.0,,False,,,True,False,2023-12,False,False
TK61912,2023-12-17 19:56:00,chat,onboarding,normal,Issue with a refund for an annual plan,457.0,2023-12-20 12:11:28,False,4.0,3855.4666666666667,False,True,2023-12,True,False
TK63723,2023-12-17 22:36:00,in-app,billing,normal,Cannot a duplicate charge,124.0,2023-12-18 08:27:11,False,,591.1833333333333,False,False,2023-12,False,False
TK61838,2023-12-18 00:41:00,phone,billing,low,Unable to connecting the Snowflake sync,226.0,2023-12-21 23:59:30,False,5.0,5718.5,False,True,2023-12,False,False
TK61357,2023-12-18 02:44:00,chat,technical,normal,Issue with export my data,125.0,2023-12-20 09:34:31,False,,3290.516666666667,False,False,2023-12,False,False
TK60971,2023-12-18 04:42:00,chat,integrations,high,Issue with two-factor authentication,93.0,2023-12-18 07:41:21,True,,179.35,False,False,2023-12,False,False
TK61893,2023-12-18 12:38:00,phone,onboarding,normal,Error when the API rate limit,90.0,2023-12-18 17:36:00,False,4.0,298.0,False,True,2023-12,False,False
TK61371,2023-12-18 12:44:00,chat,onboarding,normal,Unable to downgrade my plan,97.0,2023-12-21 21:13:43,False,,4829.716666666666,False,False,2023-12,False,False
TK61925,2023-12-18 23:53:00,phone,billing,high,Cannot a duplicate charge,44.0,2023-12-19 00:55:40,False,,62.666666666666664,False,False,2023-12,False,False
TK61894,2023-12-19 02:29:00,in-app,billing,normal,Issue with the invoice for last month,,2023-12-19 10:34:08,False,,485.1333333333333,False,False,2023-12,False,False
TK60606,2023-12-19 03:18:00,email,account,high,Issue with the invoice for last month,15.0,2023-12-19 12:31:05,False,,553.0833333333334,False,False,2023-12,False,False
TK61892,2023-12-19 03:46:00,email,onboarding,normal,How do I the API rate limit,173.0,2023-12-19 12:41:45,False,,535.75,False,False,2023-12,False,False
TK62714,2023-12-19 04:12:00,email,technical,low,How do I export my data,78.0,,False,,,True,False,2023-12,False,False
TK62504,2023-12-19 05:32:00,email,account,high,Issue with two-factor authentication,237.0,2023-12-19 06:50:48,False,,78.8,False,False,2023-12,False,False
TK62945,2023-12-19 05:46:00,chat,integrations,normal,Question about the API rate limit,68.0,2023-12-20 23:08:20,False,,2482.3333333333335,False,False,2023-12,False,False
TK60383,2023-12-19 10:06:00,in-app,technical,low,Unable to export my data,245.0,2023-12-21 09:19:50,False,,2833.8333333333335,False,False,2023-12,False,False
TK63658,2023-12-19 11:50:00,in-app,onboarding,high,Question about the dashboard loading slowly,29.0,2023-12-19 17:10:44,False,,320.73333333333335,False,False,2023-12,False,False
TK62058,2023-12-19 14:03:00,chat,technical,low,How do I the API rate limit,89.0,2023-12-22 18:25:21,False,,4582.35,False,False,2023-12,False,False
TK60309,2023-12-19 18:02:00,email,account,high,Error when a refund for an annual plan,62.0,2023-12-21 08:49:55,False,,2327.9166666666665,False,False,2023-12,False,False
TK62344,2023-12-19 21:16:00,chat,billing,normal,Unable to the API rate limit,84.0,2023-12-20 11:14:30,False,,838.5,False,False,2023-12,False,False
TK61545,2023-12-20 00:36:00,email,integrations,normal,Error when a refund for an annual plan,94.0,2023-12-27 23:23:09,False,,11447.15,False,False,2023-12,False,True
TK62627,2023-12-20 01:42:00,email,integrations,normal,How do I webhook deliveries failing,125.0,2024-01-06 19:25:49,False,,25543.816666666666,False,False,2023-12,False,True
TK61933,2023-12-20 01:56:00,phone,billing,normal,Cannot connecting the Snowflake sync,55.0,,False,,,True,False,2023-12,False,False
TK63841,2023-12-20 03:52:00,email,integrations,normal,Issue with export my data,,,False,,,True,False,2023-12,False,False
TK61655,2023-12-20 12:13:00,in-app,account,high,Cannot downgrade my plan,52.0,2023-12-20 14:59:34,False,,166.56666666666666,False,False,2023-12,False,False
TK63939,2023-12-20 12:56:00,chat,account,low,Question about the invoice for last month,175.0,2023-12-22 07:57:27,False,4.0,2581.45,False,True,2023-12,False,False
TK63530,2023-12-20 17:22:00,email,technical,normal,Issue with a duplicate charge,79.0,2023-12-21 18:45:30,True,5.0,1523.5,False,True,2023-12,False,False
TK62169,2023-12-20 17:34:00,in-app,onboarding,normal,Question about connecting the Snowflake sync,153.0,2023-12-20 21:33:39,False,,239.65,False,False,2023-12,False,False
TK61781,2023-12-20 22:54:00,in-app,onboarding,normal,Error when two-factor authentication,71.0,2023-12-22 03:08:43,False,,1694.7166666666667,False,False,2023-12,False,False
TK61143,2023-12-21 00:43:00,chat,account,low,Request to webhook deliveries failing,107.0,2023-12-27 07:39:10,False,3.0,9056.166666666666,False,True,2023-12,False,True
TK60075,2023-12-21 00:49:00,chat,technical,high,Issue with export my data,16.0,2023-12-22 21:26:48,False,,2677.8,False,False,2023-12,False,False
TK60158,2023-12-21 01:53:00,in-app,billing,high,Issue with connecting the Snowflake sync,33.0,2023-12-21 05:40:04,False,,227.06666666666666,False,False,2023-12,False,False
TK62358,2023-12-21 05:42:00,in-app,account,low,Unable to add a teammate,107.0,2023-12-21 18:43:44,False,,781.7333333333333,False,False,2023-12,False,False
TK61965,2023-12-21 06:36:00,in-app,technical,normal,Cannot export my data,70.0,2023-12-22 14:30:30,False,,1914.5,False,False,2023-12,False,False
TK60130,2023-12-21 07:18:00,in-app,integrations,low,Unable to the API rate limit,61.0,2023-12-23 21:40:36,False,,3742.6,False,False,2023-12,False,False
TK62600,2023-12-21 08:03:00,email,integrations,high,Cannot log in after password reset,95.0,2023-12-21 17:53:38,False,,590.6333333333333,False,False,2023-12,False,False
TK60428,2023-12-21 15:41:00,email,billing,normal,How do I a refund for an annual plan,102.0,2023-12-24 00:03:24,True,,3382.4,False,False,2023-12,False,False
TK63989,2023-12-21 16:00:00,email,technical,normal,Error when a duplicate charge,21.0,2023-12-22 09:42:03,True,3.0,1062.05,False,True,2023-12,False,False
TK63103,2023-12-22 00:09:00,chat,technical,high,Request to export my data,16.0,2023-12-22 03:26:04,False,,197.06666666666666,False,False,2023-12,False,False
TK60922,2023-12-22 02:32:00,chat,technical,high,How do I two-factor authentication,69.0,2023-12-23 11:05:11,False,1.0,1953.1833333333334,False,True,2023-12,False,False
TK61455,2023-12-22 03:20:00,chat,billing,normal,How do I add a teammate,438.0,2023-12-22 08:52:31,False,,332.51666666666665,False,False,2023-12,True,False
TK60588,2023-12-22 03:58:00,email,technical,high,Question about a refund for an annual plan,45.0,2023-12-22 09:38:08,False,,340.1333333333333,False,False,2023-12,False,False
TK61382,2023-12-22 04:49:00,email,account,normal,Unable to connecting the Snowflake sync,171.0,2023-12-25 15:57:05,False,,4988.083333333333,False,False,2023-12,False,False
TK61681,2023-12-22 05:11:00,chat,technical,low,Error when log in after password reset,216.0,2024-01-04 21:00:09,False,,19669.15,False,False,2023-12,False,True
TK61792,2023-12-22 06:03:00,phone,integrations,low,Question about export my data,628.0,2024-01-03 13:40:25,True,,17737.416666666668,False,False,2023-12,True,True
TK62356,2023-12-22 08:10:00,chat,onboarding,normal,Request to webhook deliveries failing,36.0,2023-12-25 19:01:17,False,2.0,4971.283333333334,False,True,2023-12,False,False
TK60373,2023-12-22 11:23:00,in-app,integrations,normal,Cannot downgrade my plan,93.0,2023-12-26 01:48:03,False,,5185.05,False,False,2023-12,False,False
TK62785,2023-12-22 12:33:00,in-app,integrations,normal,Request to the dashboard loading slowly,111.0,,False,,,True,False,2023-12,False,False
TK63148,2023-12-22 14:03:00,email,technical,high,How do I downgrade my plan,138.0,,False,,,True,False,2023-12,False,False
TK63214,2023-12-22 16:16:00,phone,integrations,normal,Question about a duplicate charge,86.0,2023-12-23 10:41:43,False,,1105.7166666666667,False,False,2023-12,False,False
TK61849,2023-12-23 01:33:00,chat,technical,low,Unable to export my data,62.0,2023-12-31 14:21:53,False,,12288.883333333333,False,False,2023-12,False,True
TK62420,2023-12-23 02:30:00,in-app,onboarding,low,Request to two-factor authentication,452.0,2023-12-26 15:26:04,False,,5096.066666666667,False,False,2023-12,True,False
TK60166,2023-12-23 02:52:00,email,account,normal,Issue with the dashboard loading slowly,63.0,2023-12-23 04:54:50,False,,122.83333333333333,False,False,2023-12,False,False
TK60602,2023-12-23 06:53:00,email,billing,low,Unable to a duplicate charge,126.0,2023-12-28 06:39:54,False,5.0,7186.9,False,True,2023-12,False,False
TK60720,2023-12-23 09:42:00,in-app,account,normal,Unable to two-factor authentication,64.0,2023-12-23 19:19:08,False,5.0,577.1333333333333,False,True,2023-12,False,False
TK62539,2023-12-23 14:41:00,email,technical,normal,Question about a refund for an annual plan,138.0,2023-12-26 07:57:56,False,,3916.9333333333334,False,False,2023-12,False,False
TK61046,2023-12-23 18:10:00,in-app,onboarding,high,Unable to the dashboard loading slowly,63.0,2023-12-24 11:38:06,False,4.0,1048.1,False,True,2023-12,False,False
TK61569,2023-12-23 19:54:00,phone,integrations,low,How do I export my data,53.0,2023-12-28 04:35:48,False,,6281.8,False,False,2023-12,False,False
TK60079,2023-12-23 21:33:00,in-app,billing,normal,Error when connecting the Snowflake sync,124.0,2023-12-25 08:08:35,False,,2075.5833333333335,False,False,2023-12,False,False
TK61889,2023-12-23 21:36:00,email,billing,low,How do I a refund for an annual plan,33.0,2023-12-25 23:11:58,False,,2975.9666666666667,False,False,2023-12,False,False
TK63035,2023-12-23 23:36:00,chat,integrations,urgent,Issue with two-factor authentication,49.0,2023-12-24 10:43:17,False,5.0,667.2833333333333,False,True,2023-12,False,False
TK61842,2023-12-24 11:18:00,email,onboarding,high,Issue with webhook deliveries failing,32.0,2023-12-24 23:39:32,False,1.0,741.5333333333333,False,True,2023-12,False,False
TK62343,2023-12-24 12:42:00,email,onboarding,normal,Cannot the API rate limit,117.0,2023-12-25 21:09:13,False,,1947.2166666666667,False,False,2023-12,False,False
TK62779,2023-12-24 13:42:00,in-app,onboarding,normal,Question about the dashboard loading slowly,23.0,2023-12-27 12:48:35,False,,4266.583333333333,False,False,2023-12,False,False
TK61794,2023-12-24 16:52:00,phone,technical,normal,Error when the API rate limit,,2023-12-25 03:58:57,False,,666.95,False,False,2023-12,False,False
TK61761,2023-12-24 18:08:00,chat,technical,normal,Unable to the dashboard loading slowly,18.0,2023-12-26 15:14:10,False,,2706.1666666666665,False,False,2023-12,False,False
TK62983,2023-12-24 21:19:00,phone,onboarding,low,Question about a duplicate charge,824.0,2023-12-25 10:08:18,False,,769.3,False,False,2023-12,True,False
TK63962,2023-12-24 22:32:00,in-app,account,normal,Request to the invoice for last month,112.0,2023-12-25 14:01:00,False,,929.0,False,False,2023-12,False,False
TK63070,2023-12-25 03:20:00,chat,integrations,normal,Error when export my data,13.0,2023-12-25 20:24:52,False,,1024.8666666666666,False,False,2023-12,False,False
TK61777,2023-12-25 08:16:00,email,onboarding,normal,How do I connecting the Snowflake sync,23.0,2023-12-27 14:24:14,False,,3248.233333333333,False,False,2023-12,False,False
TK60153,2023-12-25 08:47:00,email,onboarding,normal,Unable to a refund for an annual plan,10.0,2023-12-25 13:14:48,False,5.0,267.8,False,True,2023-12,False,False
TK63463,2023-12-25 12:23:00,email,technical,normal,Cannot webhook deliveries failing,236.0,2023-12-25 20:49:30,False,,506.5,False,False,2023-12,False,False
TK60348,2023-12-25 13:04:00,email,integrations,low,Unable to a duplicate charge,236.0,2024-01-23 11:17:45,False,5.0,41653.75,False,True,2023-12,False,True
TK63598,2023-12-25 13:57:00,in-app,technical,normal,Cannot connecting the Snowflake sync,64.0,2023-12-27 20:37:15,False,4.0,3280.25,False,True,2023-12,False,False
TK61579,2023-12-25 17:43:00,email,billing,urgent,Issue with two-factor authentication,9.0,2023-12-25 19:42:11,True,,119.18333333333334,False,False,2023-12,False,False
TK63999,2023-12-25 23:37:00,email,onboarding,low,Question about two-factor authentication,50.0,2023-12-26 19:18:02,False,5.0,1181.0333333333333,False,True,2023-12,False,False
TK61340,2023-12-26 01:07:00,chat,technical,urgent,Unable to downgrade my plan,39.0,2023-12-26 01:54:23,False,,47.38333333333333,False,False,2023-12,False,False
TK61898,2023-12-26 05:00:00,email,technical,low,Question about two-factor authentication,172.0,2023-12-28 08:29:51,False,,3089.85,False,False,2023-12,False,False
TK61860,2023-12-26 08:19:00,in-app,account,low,How do I connecting the Snowflake sync,444.0,2023-12-27 09:12:23,False,5.0,1493.3833333333334,False,True,2023-12,True,False
TK62049,2023-12-26 09:59:00,email,technical,normal,Cannot two-factor authentication,136.0,2023-12-28 20:56:31,False,,3537.516666666667,False,False,2023-12,False,False
TK62141,2023-12-26 19:53:00,in-app,onboarding,high,Question about downgrade my plan,54.0,2023-12-27 12:00:44,False,,967.7333333333333,False,False,2023-12,False,False
TK60103,2023-12-26 20:56:00,phone,billing,low,Question about log in after password reset,536.0,2023-12-29 17:35:41,False,2.0,4119.683333333333,False,True,2023-12,True,False
TK61811,2023-12-27 01:13:00,in-app,account,high,Question about the invoice for last month,112.0,2023-12-31 07:24:17,False,,6131.283333333334,False,False,2023-12,False,False
TK62323,2023-12-27 02:30:00,in-app,technical,low,Question about connecting the Snowflake sync,85.0,2023-12-31 18:00:37,True,,6690.616666666667,False,False,2023-12,False,False
TK63909,2023-12-27 06:26:00,email,technical,normal,Question about connecting the Snowflake sync,111.0,2023-12-28 17:58:47,False,,2132.7833333333333,False,False,2023-12,False,False
TK61280,2023-12-27 07:46:00,email,technical,low,Error when downgrade my plan,255.0,2024-01-01 12:01:42,False,,7455.7,False,False,2023-12,False,False
TK62913,2023-12-27 08:49:00,email,integrations,high,Issue with add a teammate,,2023-12-27 16:36:10,False,,467.1666666666667,False,False,2023-12,False,False
TK63323,2023-12-27 09:43:00,in-app,onboarding,low,Unable to export my data,138.0,2023-12-30 00:19:00,False,,3756.0,False,False,2023-12,False,False
TK60341,2023-12-27 15:20:00,in-app,integrations,high,Question about webhook deliveries failing,134.0,2023-12-28 02:52:50,False,,692.8333333333334,False,False,2023-12,False,False
TK63217,2023-12-27 18:18:00,email,technical,high,Issue with the dashboard loading slowly,101.0,2023-12-28 04:52:36,False,2.0,634.6,False,True,2023-12,False,False
TK61036,2023-12-27 18:39:00,chat,account,urgent,Error when a duplicate charge,9.0,2023-12-27 21:27:36,False,,168.6,False,False,2023-12,False,False
TK60412,2023-12-27 20:08:00,chat,technical,normal,Issue with a duplicate charge,69.0,2023-12-29 07:10:45,False,,2102.75,False,False,2023-12,False,False
TK62460,2023-12-27 20:14:00,chat,technical,high,Question about downgrade my plan,9.0,2023-12-29 14:28:12,False,,2534.2,False,False,2023-12,False,False
TK61559,2023-12-28 00:29:00,phone,billing,normal,Question about add a teammate,169.0,2023-12-28 02:39:16,True,,130.26666666666668,False,False,2023-12,False,False
TK60775,2023-12-28 00:58:00,email,account,urgent,Unable to downgrade my plan,5.0,2023-12-28 13:02:35,False,,724.5833333333334,False,False,2023-12,False,False
TK61124,2023-12-28 01:03:00,in-app,integrations,low,Issue with add a teammate,196.0,2023-12-29 11:06:57,False,,2043.95,False,False,2023-12,False,False
TK63639,2023-12-28 01:06:00,in-app,technical,normal,Cannot the API rate limit,136.0,2024-01-04 17:14:18,False,3.0,11048.3,False,True,2023-12,False,True
TK62417,2023-12-28 01:50:00,email,billing,normal,Question about log in after password reset,272.0,2023-12-29 07:38:39,False,5.0,1788.65,False,True,2023-12,False,False
TK61050,2023-12-28 05:39:00,in-app,technical,low,Request to the dashboard loading slowly,,,False,,,True,False,2023-12,False,False
TK63262,2023-12-28 07:08:00,in-app,integrations,urgent,Error when webhook deliveries failing,31.0,2023-12-29 10:21:22,False,,1633.3666666666666,False,False,2023-12,False,False
TK63653,2023-12-28 09:08:00,email,technical,low,Request to two-factor authentication,166.0,2024-01-01 18:58:13,False,,6350.216666666666,False,False,2023-12,False,False
TK62179,2023-12-28 10:03:00,email,account,normal,Unable to log in after password reset,177.0,2023-12-28 17:44:26,False,,461.43333333333334,False,False,2023-12,False,False
TK63857,2023-12-28 11:50:00,in-app,technical,low,How do I export my data,525.0,2024-01-04 00:10:59,False,,9380.983333333334,False,False,2023-12,True,True
TK63512,2023-12-28 11:55:00,chat,account,normal,Error when the API rate limit,103.0,2023-12-30 13:06:44,False,,2951.733333333333,False,False,2023-12,False,False
TK63950,2023-12-28 12:49:00,chat,technical,urgent,Cannot log in after password reset,15.0,2023-12-29 19:32:01,False,5.0,1843.0166666666667,False,True,2023-12,False,False
TK61116,2023-12-28 13:16:00,email,technical,normal,Question about log in after password reset,60.0,2024-01-02 15:07:34,False,3.0,7311.566666666667,False,True,2023-12,False,False
TK61751,2023-12-28 13:57:00,chat,billing,low,Cannot export my data,216.0,2024-01-15 18:27:58,True,,26190.966666666667,False,False,2023-12,False,True
TK60925,2023-12-28 14:29:00,chat,billing,low,Request to a duplicate charge,74.0,2023-12-31 19:27:01,False,5.0,4618.016666666666,False,True,2023-12,False,False
TK61010,2023-12-28 15:49:00,email,technical,normal,Question about a duplicate charge,347.0,2023-12-29 12:34:16,True,,1245.2666666666667,False,False,2023-12,False,False
TK62001,2023-12-28 18:59:00,email,technical,high,Cannot connecting the Snowflake sync,112.0,2023-12-29 13:09:05,False,,1090.0833333333333,False,False,2023-12,False,False
TK60088,2023-12-29 01:21:00,chat,account,normal,Issue with add a teammate,113.0,2023-12-29 10:06:51,False,,525.85,False,False,2023-12,False,False
TK60271,2023-12-29 04:16:00,chat,account,low,Question about add a teammate,110.0,2023-12-29 10:36:40,False,5.0,380.6666666666667,False,True,2023-12,False,False
TK60517,2023-12-29 05:01:00,in-app,technical,high,Request to connecting the Snowflake sync,232.0,2023-12-30 04:15:40,True,,1394.6666666666667,False,False,2023-12,False,False
TK63213,2023-12-29 07:50:00,chat,integrations,low,Question about a refund for an annual plan,199.0,,False,,,True,False,2023-12,False,False
TK62284,2023-12-29 07:57:00,chat,integrations,normal,Issue with a duplicate charge,714.0,2024-01-11 19:17:42,False,4.0,19400.7,False,True,2023-12,True,True
TK60715,2023-12-29 08:01:00,email,technical,normal,Question about downgrade my plan,100.0,2023-12-30 13:39:55,True,4.0,1778.9166666666667,False,True,2023-12,False,False
TK60758,2023-12-29 08:44:00,in-app,technical,normal,Cannot two-factor authentication,440.0,2024-01-02 11:41:21,False,,5937.35,False,False,2023-12,True,False
TK63458,2023-12-29 10:12:00,email,technical,normal,Question about add a teammate,106.0,2023-12-30 21:11:33,False,,2099.55,False,False,2023-12,False,False
TK62612,2023-12-29 10:13:00,email,billing,normal,Cannot export my data,163.0,2023-12-29 23:50:16,False,,817.2666666666667,False,False,2023-12,False,False
TK63205,2023-12-29 16:36:00,email,technical,high,Cannot export my data,41.0,2024-01-03 20:14:00,False,,7418.0,False,False,2023-12,False,False
TK60165,2023-12-29 16:50:00,email,account,normal,Unable to a refund for an annual plan,121.0,2023-12-30 02:11:15,False,4.0,561.25,False,True,2023-12,False,False
TK63238,2023-12-29 16:51:00,in-app,billing,high,Issue with log in after password reset,26.0,2023-12-29 18:12:49,False,,81.81666666666666,False,False,2023-12,False,False
TK60029,2023-12-29 18:25:00,email,account,high,Question about export my data,690.0,2023-12-30 00:01:12,False,,336.2,False,False,2023-12,True,False
TK60211,2023-12-29 21:56:00,email,integrations,normal,Unable to log in after password reset,79.0,2024-01-11 03:20:05,False,,17604.083333333332,False,False,2023-12,False,True
TK62748,2023-12-29 22:34:00,email,technical,normal,Cannot downgrade my plan,111.0,2023-12-30 15:45:01,False,4.0,1031.0166666666667,False,True,2023-12,False,False
TK61164,2023-12-30 06:23:00,chat,integrations,normal,How do I two-factor authentication,95.0,2024-01-04 00:32:50,False,,6849.833333333333,False,False,2023-12,False,False
TK62435,2023-12-30 08:29:00,in-app,technical,high,Request to log in after password reset,11.0,2023-12-30 22:48:23,True,,859.3833333333333,False,False,2023-12,False,False
TK62143,2023-12-30 11:45:00,in-app,onboarding,low,Unable to two-factor authentication,215.0,2024-01-02 14:18:48,False,4.0,4473.8,False,True,2023-12,False,False
TK61178,2023-12-30 14:39:00,email,technical,low,How do I export my data,39.0,2024-01-02 21:41:02,True,,4742.033333333334,False,False,2023-12,False,False
TK60144,2023-12-30 23:59:00,email,technical,low,Request to a refund for an annual plan,,2024-01-08 13:47:24,False,,12348.4,False,False,2023-12,False,True
TK63154,2023-12-31 01:49:00,email,account,normal,How do I downgrade my plan,82.0,2023-12-31 18:52:49,False,5.0,1023.8166666666667,False,True,2023-12,False,False
TK63960,2023-12-31 05:02:00,in-app,billing,low,How do I a duplicate charge,220.0,2024-01-02 14:07:52,False,1.0,3425.866666666667,False,True,2023-12,False,False
TK63736,2023-12-31 05:50:00,chat,technical,urgent,Request to a duplicate charge,28.0,2023-12-31 09:11:10,False,,201.16666666666666,False,False,2023-12,False,False
TK62907,2023-12-31 05:56:00,email,technical,high,Error when connecting the Snowflake sync,11.0,,False,,,True,False,2023-12,False,False
TK60640,2023-12-31 05:58:00,email,account,normal,Request to the dashboard loading slowly,411.0,2023-12-31 09:53:48,False,,235.8,False,False,2023-12,True,False
TK62746,2023-12-31 08:49:00,chat,onboarding,low,Request to connecting the Snowflake sync,154.0,2024-01-04 06:20:09,False,4.0,5611.15,False,True,2023-12,False,False
TK61138,2023-12-31 13:05:00,email,onboarding,low,Unable to the dashboard loading slowly,182.0,2024-01-04 04:31:38,False,,5246.633333333333,False,False,2023-12,False,False
TK62036,2023-12-31 15:20:00,email,billing,normal,Unable to the dashboard loading slowly,120.0,2024-01-02 23:48:10,False,4.0,3388.1666666666665,False,True,2023-12,False,False
TK61557,2023-12-31 19:43:00,email,account,normal,Question about the API rate limit,64.0,2024-01-01 06:40:11,False,,657.1833333333333,False,False,2023-12,False,False
TK63923,2023-12-31 21:30:00,email,billing,normal,Request to export my data,39.0,2024-01-01 06:18:17,False,,528.2833333333333,False,False,2023-12,False,False
TK62881,2023-12-31 22:55:00,chat,billing,low,Cannot log in after password reset,30.0,2024-01-01 13:14:12,False,,859.2,False,False,2023-12,False,False
TK61181,2023-12-31 23:53:00,chat,technical,normal,Request to log in after password reset,209.0,2024-01-03 23:50:44,False,5.0,4317.733333333334,False,True,2023-12,False,False
TK61824,2024-01-01 00:47:00,email,integrations,low,Unable to the invoice for last month,439.0,2024-01-04 15:35:23,False,5.0,5208.383333333333,False,True,2024-01,True,False
TK63680,2024-01-01 03:40:00,phone,account,normal,Error when the dashboard loading slowly,126.0,2024-01-03 00:28:27,False,,2688.45,False,False,2024-01,False,False
TK63069,2024-01-01 05:22:00,chat,technical,high,Issue with connecting the Snowflake sync,7.0,2024-01-01 16:57:02,False,,695.0333333333333,False,False,2024-01,False,False
TK63987,2024-01-01 05:26:00,chat,billing,normal,Cannot add a teammate,70.0,2024-01-01 08:53:12,False,,207.2,False,False,2024-01,False,False
TK60327,2024-01-01 07:53:00,in-app,onboarding,normal,Unable to webhook deliveries failing,80.0,2024-01-05 04:14:02,False,5.0,5541.033333333334,False,True,2024-01,False,False
TK61504,2024-01-01 16:18:00,chat,account,low,Request to add a teammate,188.0,2024-01-03 07:01:46,False,,2323.766666666667,False,False,2024-01,False,False
TK63722,2024-01-01 18:23:00,chat,technical,low,Error when a refund for an annual plan,117.0,2024-01-03 02:22:25,False,,1919.4166666666667,False,False,2024-01,False,False
TK63607,2024-01-01 22:10:00,in-app,onboarding,low,Cannot downgrade my plan,610.0,2024-01-09 14:49:23,False,,11079.383333333333,False,False,2024-01,True,True
TK60031,2024-01-02 00:12:00,in-app,billing,low,Issue with two-factor authentication,180.0,2024-01-04 17:56:21,False,3.0,3944.35,False,True,2024-01,False,False
TK63865,2024-01-02 03:32:00,chat,technical,normal,Unable to two-factor authentication,16.0,,False,,,True,False,2024-01,False,False
TK60622,2024-01-02 12:32:00,chat,account,normal,How do I a refund for an annual plan,157.0,2024-01-02 13:11:32,False,,39.53333333333333,False,False,2024-01,False,False
TK60829,2024-01-02 14:11:00,in-app,billing,low,Unable to the API rate limit,85.0,2024-01-03 21:18:50,False,,1867.8333333333333,False,False,2024-01,False,False
TK60927,2024-01-02 16:04:00,email,technical,low,Error when two-factor authentication,59.0,2024-01-07 19:56:27,False,,7432.45,False,False,2024-01,False,False
TK62294,2024-01-02 17:15:00,phone,billing,high,Issue with the invoice for last month,12.0,2024-01-03 00:17:23,False,,422.3833333333333,False,False,2024-01,False,False
TK63088,2024-01-02 18:19:00,chat,billing,high,Cannot a duplicate charge,,2024-01-05 14:29:29,False,5.0,4090.483333333333,False,True,2024-01,False,False
TK61917,2024-01-02 18:24:00,email,technical,urgent,Cannot the API rate limit,56.0,,False,,,True,False,2024-01,False,False
TK63014,2024-01-03 02:45:00,in-app,billing,normal,Request to add a teammate,105.0,2024-01-06 16:32:15,False,,5147.25,False,False,2024-01,False,False
TK62331,2024-01-03 03:51:00,email,account,low,Unable to a duplicate charge,61.0,2024-01-04 22:38:27,False,,2567.45,False,False,2024-01,False,False
TK61934,2024-01-03 04:01:00,email,account,normal,Cannot connecting the Snowflake sync,12.0,2024-01-06 00:45:04,True,,4124.066666666667,False,False,2024-01,False,False
TK61034,2024-01-03 04:37:00,phone,billing,high,Error when webhook deliveries failing,63.0,2024-01-05 08:54:02,False,5.0,3137.0333333333333,False,True,2024-01,False,False
TK61259,2024-01-03 05:53:00,in-app,technical,low,Issue with the dashboard loading slowly,225.0,2024-01-06 08:57:18,False,2.0,4504.3,False,True,2024-01,False,False
TK61296,2024-01-03 08:20:00,chat,billing,normal,How do I add a teammate,93.0,2024-01-06 02:23:00,False,1.0,3963.0,False,True,2024-01,False,False
TK61489,2024-01-03 08:31:00,chat,account,normal,Issue with a refund for an annual plan,100.0,2024-01-03 16:07:24,False,3.0,456.4,False,True,2024-01,False,False
TK60479,2024-01-03 10:03:00,phone,integrations,urgent,Question about the dashboard loading slowly,8.0,2024-01-03 12:56:58,False,,173.96666666666667,False,False,2024-01,False,False
TK60650,2024-01-03 10:24:00,email,billing,high,How do I log in after password reset,26.0,2024-01-03 16:46:23,False,,382.3833333333333,False,False,2024-01,False,False
TK62474,2024-01-03 13:59:00,phone,integrations,high,How do I export my data,50.0,2024-01-07 12:41:51,False,4.0,5682.85,False,True,2024-01,False,False
TK63940,2024-01-03 14:55:00,chat,billing,normal,Issue with two-factor authentication,267.0,2024-01-03 18:16:29,False,,201.48333333333332,False,False,2024-01,False,False
TK62783,2024-01-03 19:29:00,chat,onboarding,low,How do I two-factor authentication,150.0,2024-01-05 09:34:55,False,,2285.9166666666665,False,False,2024-01,False,False
TK60410,2024-01-04 00:44:00,chat,technical,normal,Question about log in after password reset,131.0,2024-01-05 04:08:38,False,5.0,1644.6333333333334,False,True,2024-01,False,False
TK63921,2024-01-04 02:37:00,in-app,technical,normal,Issue with downgrade my plan,79.0,2024-01-04 13:58:55,False,,681.9166666666666,False,False,2024-01,False,False
TK60541,2024-01-04 03:11:00,chat,onboarding,high,Request to export my data,41.0,2024-01-04 07:23:03,False,,252.05,False,False,2024-01,False,False
TK62150,2024-01-04 06:28:00,email,account,low,Cannot export my data,88.0,2024-01-09 21:01:37,False,5.0,8073.616666666667,False,True,2024-01,False,False
TK61555,2024-01-04 13:24:00,in-app,technical,normal,Request to two-factor authentication,36.0,2024-01-05 23:52:38,True,,2068.633333333333,False,False,2024-01,False,False
TK60376,2024-01-04 18:22:00,email,integrations,normal,Issue with webhook deliveries failing,300.0,2024-01-14 16:10:54,False,,14268.9,False,False,2024-01,False,True
TK62981,2024-01-04 18:28:00,email,technical,high,Error when add a teammate,183.0,2024-01-04 23:40:02,False,1.0,312.03333333333336,False,True,2024-01,False,False
TK60865,2024-01-04 19:49:00,in-app,technical,normal,Question about the API rate limit,24.0,2024-01-09 19:04:34,False,,7155.566666666667,False,False,2024-01,False,False
TK61932,2024-01-04 23:44:00,chat,account,normal,Unable to downgrade my plan,82.0,2024-01-05 08:57:52,False,,553.8666666666667,False,False,2024-01,False,False
TK62159,2024-01-05 00:33:00,email,onboarding,normal,How do I the dashboard loading slowly,149.0,2024-01-05 04:53:47,False,,260.78333333333336,False,False,2024-01,False,False
TK63196,2024-01-05 02:57:00,email,account,low,Unable to add a teammate,,2024-01-12 08:58:36,False,,10441.6,False,False,2024-01,False,True
TK63136,2024-01-05 08:43:00,in-app,technical,normal,Issue with connecting the Snowflake sync,24.0,2024-01-05 21:31:45,False,,768.75,False,False,2024-01,False,False
TK61112,2024-01-05 17:19:00,email,technical,normal,Error when webhook deliveries failing,53.0,2024-01-08 14:16:49,True,,4137.816666666667,False,False,2024-01,False,False
TK60329,2024-01-05 18:39:00,email,integrations,normal,Question about downgrade my plan,105.0,2024-01-11 09:30:43,False,5.0,8091.716666666666,False,True,2024-01,False,False
TK61682,2024-01-05 20:13:00,phone,technical,normal,Question about the API rate limit,240.0,2024-01-06 13:00:03,False,,1007.05,False,False,2024-01,False,False
TK61271,2024-01-06 00:20:00,email,technical,high,Cannot add a teammate,57.0,2024-01-07 18:41:11,False,,2541.1833333333334,False,False,2024-01,False,False
TK61362,2024-01-06 01:43:00,chat,technical,normal,Question about connecting the Snowflake sync,93.0,2024-01-06 21:32:09,False,,1189.15,False,False,2024-01,False,False
TK62760,2024-01-06 04:20:00,email,onboarding,normal,Unable to export my data,191.0,2024-01-06 09:37:04,False,1.0,317.06666666666666,False,True,2024-01,False,False
TK60504,2024-01-06 04:22:00,chat,technical,high,Issue with a duplicate charge,4.0,2024-01-08 14:36:43,False,4.0,3494.7166666666667,False,True,2024-01,False,False
TK61222,2024-01-06 05:02:00,phone,billing,low,Error when a duplicate charge,37.0,2024-01-15 06:22:49,False,,13040.816666666668,False,False,2024-01,False,True
TK62390,2024-01-06 06:57:00,chat,onboarding,low,Unable to a refund for an annual plan,638.0,2024-01-13 14:00:16,False,,10503.266666666666,False,False,2024-01,True,True
TK62263,2024-01-06 07:30:00,email,technical,normal,Cannot log in after password reset,76.0,2024-01-07 15:47:37,False,,1937.6166666666666,False,False,2024-01,False,False
TK60284,2024-01-06 07:57:00,chat,billing,normal,Request to a duplicate charge,11.0,2024-01-07 06:25:23,False,4.0,1348.3833333333334,False,True,2024-01,False,False
TK62788,2024-01-06 09:10:00,in-app,onboarding,normal,Request to add a teammate,379.0,2024-01-07 12:36:09,False,,1646.15,False,False,2024-01,False,False
TK60293,2024-01-06 11:04:00,email,technical,low,How do I webhook deliveries failing,89.0,2024-01-06 21:28:45,False,5.0,624.75,False,True,2024-01,False,False
TK60421,2024-01-06 13:00:00,email,technical,high,Error when log in after password reset,57.0,,False,,,True,False,2024-01,False,False
TK62018,2024-01-06 15:26:00,in-app,billing,urgent,How do I the API rate limit,15.0,2024-01-06 17:57:56,False,,151.93333333333334,False,False,2024-01,False,False
TK61337,2024-01-06 18:30:00,in-app,technical,urgent,How do I the invoice for last month,11.0,2024-01-07 09:14:50,False,,884.8333333333334,False,False,2024-01,False,False
TK62089,2024-01-06 22:08:00,chat,integrations,high,Question about add a teammate,40.0,2024-01-07 20:16:27,False,,1328.45,False,False,2024-01,False,False
TK63067,2024-01-06 22:13:00,chat,billing,low,Error when log in after password reset,94.0,2024-01-11 14:05:21,False,,6712.35,False,False,2024-01,False,False
TK62370,2024-01-07 00:23:00,in-app,integrations,high,Error when export my data,103.0,2024-01-08 10:03:59,False,,2020.9833333333333,False,False,2024-01,False,False
TK62266,2024-01-07 01:26:00,in-app,account,low,How do I downgrade my plan,1412.0,2024-01-07 20:40:03,False,,1154.05,False,False,2024-01,True,False
TK62590,2024-01-07 06:09:00,email,technical,normal,Request to downgrade my plan,77.0,2024-01-10 20:34:32,False,,5185.533333333334,False,False,2024-01,False,False
TK60152,2024-01-07 09:42:00,email,account,normal,Question about log in after password reset,97.0,2024-01-09 06:45:35,False,,2703.5833333333335,False,False,2024-01,False,False
TK63031,2024-01-07 14:08:00,in-app,billing,high,Request to the dashboard loading slowly,65.0,,False,,,True,False,2024-01,False,False
TK61950,2024-01-07 17:12:00,in-app,technical,low,Error when two-factor authentication,293.0,2024-01-08 09:26:38,False,2.0,974.6333333333333,False,True,2024-01,False,False
TK63469,2024-01-07 17:18:00,email,technical,normal,Error when log in after password reset,118.0,2024-01-08 16:04:32,False,,1366.5333333333333,False,False,2024-01,False,False
TK63502,2024-01-07 19:37:00,in-app,technical,high,Unable to downgrade my plan,45.0,2024-01-10 10:49:53,False,3.0,3792.883333333333,False,True,2024-01,False,False
TK60070,2024-01-07 20:17:00,in-app,integrations,normal,Request to webhook deliveries failing,95.0,2024-01-12 04:16:30,False,5.0,6239.5,False,True,2024-01,False,False
TK61897,2024-01-07 20:19:00,chat,account,normal,Issue with webhook deliveries failing,39.0,2024-01-08 00:03:19,True,,224.31666666666666,False,False,2024-01,False,False
TK63382,2024-01-07 20:33:00,in-app,billing,normal,Unable to add a teammate,749.0,2024-01-08 08:05:07,True,,692.1166666666667,False,False,2024-01,True,False
TK63593,2024-01-07 21:01:00,chat,onboarding,high,Unable to the invoice for last month,62.0,2024-01-08 14:52:45,False,,1071.75,False,False,2024-01,False,False
TK62411,2024-01-07 23:24:00,in-app,technical,high,Cannot add a teammate,35.0,2024-01-10 16:41:23,False,,3917.383333333333,False,False,2024-01,False,False
TK63272,2024-01-08 00:34:00,email,billing,high,How do I export my data,41.0,2024-01-08 07:03:05,False,,389.0833333333333,False,False,2024-01,False,False
TK62476,2024-01-08 01:18:00,email,billing,urgent,Error when two-factor authentication,3.0,,False,,,True,False,2024-01,False,False
TK61899,2024-01-08 04:24:00,chat,onboarding,normal,Question about the invoice for last month,39.0,2024-01-08 18:41:19,False,,857.3166666666667,False,False,2024-01,False,False
TK63709,2024-01-08 04:46:00,phone,billing,normal,Unable to add a teammate,88.0,2024-01-08 13:39:47,True,,533.7833333333333,False,False,2024-01,False,False
TK61734,2024-01-08 06:15:00,chat,integrations,normal,Request to a duplicate charge,181.0,2024-01-11 23:02:30,True,5.0,5327.5,False,True,2024-01,False,False
TK60370,2024-01-08 06:41:00,email,billing,low,Error when webhook deliveries failing,323.0,2024-01-10 05:16:52,True,,2795.866666666667,False,False,2024-01,False,False
TK60367,2024-01-08 13:01:00,in-app,account,normal,Issue with the dashboard loading slowly,93.0,2024-01-08 19:03:13,False,3.0,362.21666666666664,False,True,2024-01,False,False
TK62968,2024-01-08 14:01:00,email,onboarding,normal,Request to webhook deliveries failing,252.0,2024-01-09 21:25:21,False,,1884.35,False,False,2024-01,False,False
TK61675,2024-01-08 16:05:00,phone,technical,normal,Request to a duplicate charge,50.0,,False,,,True,False,2024-01,False,False
TK62716,2024-01-08 17:09:00,email,integrations,normal,Issue with log in after password reset,,2024-01-09 05:25:45,False,,736.75,False,False,2024-01,False,False
TK62307,2024-01-08 17:49:00,in-app,account,low,Question about the API rate limit,83.0,2024-01-10 22:56:22,False,4.0,3187.366666666667,False,True,2024-01,False,False
TK62763,2024-01-08 18:10:00,in-app,account,normal,Request to the API rate limit,46.0,,False,,,True,False,2024-01,False,False
TK63550,2024-01-08 18:57:00,email,technical,high,How do I webhook deliveries failing,41.0,2024-01-08 22:06:45,False,,189.75,False,False,2024-01,False,False
TK62693,2024-01-08 23:44:00,email,billing,normal,Request to downgrade my plan,107.0,2024-01-09 06:42:40,False,,418.6666666666667,False,False,2024-01,False,False
TK61289,2024-01-09 00:13:00,phone,account,normal,Unable to the API rate limit,110.0,2024-01-09 17:50:37,False,4.0,1057.6166666666666,False,True,2024-01,False,False
TK60945,2024-01-09 00:55:00,in-app,onboarding,normal,Question about two-factor authentication,133.0,2024-01-09 16:07:57,False,,912.95,False,False,2024-01,False,False
TK63299,2024-01-09 05:06:00,in-app,integrations,normal,Cannot downgrade my plan,79.0,2024-01-09 20:21:58,False,5.0,915.9666666666667,False,True,2024-01,False,False
TK62691,2024-01-09 10:54:00,in-app,integrations,normal,Issue with the API rate limit,169.0,2024-01-21 00:03:25,False,5.0,16629.416666666668,False,True,2024-01,False,True
TK63628,2024-01-09 10:58:00,phone,technical,low,Unable to the invoice for last month,76.0,2024-01-14 19:48:33,False,,7730.55,False,False,2024-01,False,False
TK61218,2024-01-09 16:52:00,chat,billing,normal,Cannot the API rate limit,112.0,,False,,,True,False,2024-01,False,False
TK63207,2024-01-09 21:05:00,email,account,low,How do I a refund for an annual plan,52.0,2024-01-10 16:40:14,False,,1175.2333333333333,False,False,2024-01,False,False
TK63907,2024-01-10 04:38:00,in-app,billing,low,Request to log in after password reset,125.0,,False,,,True,False,2024-01,False,False
TK60819,2024-01-10 05:53:00,in-app,account,high,Unable to connecting the Snowflake sync,101.0,2024-01-10 09:06:20,False,5.0,193.33333333333334,False,True,2024-01,False,False
TK60628,2024-01-10 09:18:00,chat,billing,high,Unable to two-factor authentication,364.0,2024-01-10 12:17:09,True,,179.15,False,False,2024-01,False,False
TK62200,2024-01-10 12:05:00,email,onboarding,normal,Request to downgrade my plan,102.0,2024-01-10 16:28:23,False,,263.3833333333333,False,False,2024-01,False,False
TK63970,2024-01-10 13:41:00,chat,integrations,normal,Question about the invoice for last month,639.0,,False,,,True,False,2024-01,True,False
TK61871,2024-01-10 21:48:00,chat,technical,low,Unable to webhook deliveries failing,,2024-01-13 05:41:06,False,,3353.1,False,False,2024-01,False,False
TK61691,2024-01-10 22:29:00,email,onboarding,high,Request to the dashboard loading slowly,2.0,2024-01-11 04:19:39,True,,350.65,False,False,2024-01,False,False
TK60181,2024-01-10 23:49:00,email,account,normal,How do I downgrade my plan,353.0,2024-01-11 05:29:58,False,,340.96666666666664,False,False,2024-01,False,False
TK63040,2024-01-11 02:30:00,email,billing,high,Error when a duplicate charge,46.0,2024-01-11 13:50:02,False,,680.0333333333333,False,False,2024-01,False,False
TK61628,2024-01-11 02:37:00,in-app,technical,low,Error when export my data,152.0,2024-01-18 07:42:11,False,,10385.183333333332,False,False,2024-01,False,True
TK61928,2024-01-11 03:09:00,email,integrations,normal,Question about log in after password reset,226.0,2024-01-12 17:55:15,True,,2326.25,False,False,2024-01,False,False
TK62011,2024-01-11 04:56:00,email,technical,low,Unable to the dashboard loading slowly,23.0,2024-01-12 07:48:04,True,,1612.0666666666666,False,False,2024-01,False,False
TK62782,2024-01-11 07:36:00,phone,technical,low,Question about the API rate limit,90.0,2024-01-13 21:17:12,False,,3701.2,False,False,2024-01,False,False
TK60908,2024-01-11 09:03:00,chat,onboarding,low,How do I the dashboard loading slowly,547.0,2024-01-12 09:00:55,False,,1437.9166666666667,False,False,2024-01,True,False
TK62289,2024-01-11 09:12:00,email,technical,normal,Unable to export my data,55.0,2024-01-15 14:32:15,False,,6080.25,False,False,2024-01,False,False
TK61749,2024-01-11 13:25:00,in-app,account,low,Issue with the invoice for last month,66.0,2024-01-14 13:56:53,False,,4351.883333333333,False,False,2024-01,False,False
TK60525,2024-01-11 18:37:00,in-app,integrations,low,How do I log in after password reset,123.0,2024-01-12 19:37:13,True,4.0,1500.2166666666667,False,True,2024-01,False,False
TK61385,2024-01-11 19:10:00,email,technical,urgent,Unable to connecting the Snowflake sync,10.0,2024-01-12 20:16:57,True,3.0,1506.95,False,True,2024-01,False,False
TK60751,2024-01-11 20:08:00,in-app,onboarding,normal,Error when log in after password reset,104.0,2024-01-12 10:11:25,False,4.0,843.4166666666666,False,True,2024-01,False,False
TK60401,2024-01-11 21:25:00,email,integrations,low,How do I the invoice for last month,28.0,2024-01-14 10:56:48,False,,3691.8,False,False,2024-01,False,False
TK63847,2024-01-12 04:34:00,email,account,low,Request to add a teammate,762.0,2024-01-12 07:06:16,False,,152.26666666666668,False,False,2024-01,True,False
TK62809,2024-01-12 04:53:00,chat,integrations,normal,Cannot log in after password reset,30.0,2024-01-13 23:33:23,False,,2560.383333333333,False,False,2024-01,False,False
TK61775,2024-01-12 06:48:00,phone,integrations,low,Question about two-factor authentication,138.0,2024-01-15 00:42:13,False,5.0,3954.2166666666667,False,True,2024-01,False,False
TK61576,2024-01-12 21:18:00,phone,onboarding,normal,Request to the invoice for last month,55.0,2024-01-13 13:22:57,False,,964.95,False,False,2024-01,False,False
TK61564,2024-01-12 23:39:00,in-app,technical,normal,How do I log in after password reset,140.0,2024-01-15 03:15:04,False,5.0,3096.0666666666666,False,True,2024-01,False,False
TK61139,2024-01-13 03:37:00,in-app,integrations,normal,Request to downgrade my plan,204.0,2024-01-14 04:59:51,False,5.0,1522.85,False,True,2024-01,False,False
TK61760,2024-01-13 04:53:00,in-app,billing,high,Request to webhook deliveries failing,19.0,2024-01-16 06:53:48,False,5.0,4440.8,False,True,2024-01,False,False
TK60174,2024-01-13 06:45:00,phone,technical,high,Issue with a duplicate charge,150.0,2024-01-13 08:55:56,False,,130.93333333333334,False,False,2024-01,False,False
TK62747,2024-01-13 06:57:00,email,billing,high,How do I export my data,26.0,2024-01-14 04:32:02,False,,1295.0333333333333,False,False,2024-01,False,False
TK62815,2024-01-13 08:31:00,in-app,technical,low,Question about add a teammate,121.0,2024-01-15 15:07:04,False,4.0,3276.0666666666666,False,True,2024-01,False,False
TK63897,2024-01-13 16:05:00,phone,technical,low,Cannot the invoice for last month,203.0,2024-01-14 19:15:30,False,,1630.5,False,False,2024-01,False,False
TK63479,2024-01-13 20:09:00,email,billing,low,Question about the invoice for last month,274.0,2024-01-16 06:09:52,False,,3480.866666666667,False,False,2024-01,False,False
TK63388,2024-01-13 22:43:00,email,technical,normal,Cannot add a teammate,71.0,2024-01-25 08:54:41,False,,16451.683333333334,False,False,2024-01,False,True
TK62685,2024-01-13 23:49:00,email,onboarding,high,Error when the API rate limit,85.0,2024-01-17 23:01:41,False,3.0,5712.683333333333,False,True,2024-01,False,False
TK63932,2024-01-13 23:55:00,email,integrations,low,Issue with connecting the Snowflake sync,217.0,2024-01-21 11:55:50,False,5.0,10800.833333333334,False,True,2024-01,False,True
TK60312,2024-01-14 00:07:00,in-app,technical,normal,Unable to downgrade my plan,288.0,2024-01-20 07:08:55,False,5.0,9061.916666666666,False,True,2024-01,False,True
TK61284,2024-01-14 00:50:00,chat,billing,normal,Cannot the invoice for last month,33.0,2024-01-15 13:00:42,False,5.0,2170.7,False,True,2024-01,False,False
TK63009,2024-01-14 01:12:00,in-app,onboarding,urgent,Question about log in after password reset,15.0,2024-01-14 03:36:55,True,,144.91666666666666,False,False,2024-01,False,False
TK61954,2024-01-14 01:38:00,chat,technical,high,Cannot a refund for an annual plan,13.0,2024-01-16 23:56:12,False,5.0,4218.2,False,True,2024-01,False,False
TK62891,2024-01-14 04:02:00,email,account,normal,Request to the API rate limit,368.0,2024-01-14 20:55:46,False,,1013.7666666666667,False,False,2024-01,False,False
TK61068,2024-01-14 05:38:00,chat,technical,normal,Error when add a teammate,101.0,2024-01-14 18:26:29,False,3.0,768.4833333333333,False,True,2024-01,False,False
TK60304,2024-01-14 11:18:00,email,technical,normal,Unable to the invoice for last month,39.0,2024-01-15 04:14:44,False,,1016.7333333333333,False,False,2024-01,False,False
TK60633,2024-01-14 12:46:00,in-app,account,high,How do I webhook deliveries failing,136.0,2024-01-14 14:13:10,False,4.0,87.16666666666667,False,True,2024-01,False,False
TK61739,2024-01-14 15:02:00,email,billing,normal,Request to the dashboard loading slowly,13.0,2024-01-18 06:03:37,False,,5221.616666666667,False,False,2024-01,False,False
TK60579,2024-01-14 15:13:00,email,onboarding,normal,Error when a duplicate charge,431.0,2024-01-15 14:33:48,False,,1400.8,False,False,2024-01,True,False
TK63977,2024-01-14 17:42:00,phone,account,high,Unable to log in after password reset,139.0,2024-01-16 14:16:27,False,,2674.45,False,False,2024-01,False,False
TK61349,2024-01-14 19:17:00,in-app,technical,high,Issue with downgrade my plan,18.0,2024-01-15 01:27:16,False,,370.26666666666665,False,False,2024-01,False,False
TK61878,2024-01-14 21:52:00,email,billing,low,Question about connecting the Snowflake sync,330.0,2024-01-15 11:56:50,False,,844.8333333333334,False,False,2024-01,False,False
TK63629,2024-01-14 22:48:00,email,technical,urgent,Cannot a duplicate charge,27.0,2024-01-15 01:56:44,False,,188.73333333333332,False,False,2024-01,False,False
TK63979,2024-01-14 23:17:00,email,technical,high,Issue with downgrade my plan,21.0,,False,,,True,False,2024-01,False,False
TK63576,2024-01-15 04:45:00,email,technical,normal,Request to a duplicate charge,77.0,2024-01-18 22:29:39,False,3.0,5384.65,False,True,2024-01,False,False
TK62649,2024-01-15 05:38:00,in-app,onboarding,urgent,Error when two-factor authentication,5.0,2024-01-15 19:50:30,False,,852.5,False,False,2024-01,False,False
TK60015,2024-01-15 08:35:00,email,technical,normal,How do I a refund for an annual plan,124.0,2024-01-15 22:30:23,False,,835.3833333333333,False,False,2024-01,False,False
TK60224,2024-01-15 09:37:00,email,technical,normal,Cannot export my data,239.0,2024-01-15 23:23:22,False,3.0,826.3666666666667,False,True,2024-01,False,False
TK62556,2024-01-15 13:01:00,in-app,account,normal,Request to export my data,133.0,2024-01-16 01:48:16,False,,767.2666666666667,False,False,2024-01,False,False
TK61942,2024-01-15 14:10:00,email,integrations,low,Unable to the dashboard loading slowly,85.0,2024-01-16 17:50:35,False,,1660.5833333333333,False,False,2024-01,False,False
TK61713,2024-01-15 14:24:00,email,onboarding,low,How do I log in after password reset,122.0,2024-01-16 19:27:24,False,,1743.4,False,False,2024-01,False,False
TK62830,2024-01-15 17:42:00,phone,billing,normal,Question about add a teammate,86.0,2024-01-15 21:19:36,False,,217.6,False,False,2024-01,False,False
TK63491,2024-01-15 20:19:00,phone,account,high,Cannot the dashboard loading slowly,189.0,2024-01-16 08:30:08,False,3.0,731.1333333333333,False,True,2024-01,False,False
TK62345,2024-01-15 23:20:00,email,onboarding,high,Unable to connecting the Snowflake sync,68.0,2024-01-16 11:34:55,False,,734.9166666666666,False,False,2024-01,False,False
TK63922,2024-01-16 00:23:00,phone,onboarding,normal,How do I export my data,138.0,2024-01-16 03:13:14,False,,170.23333333333332,False,False,2024-01,False,False
TK61402,2024-01-16 01:17:00,in-app,account,low,Error when add a teammate,396.0,2024-01-16 03:53:52,False,,156.86666666666667,False,False,2024-01,True,False
TK61024,2024-01-16 05:26:00,in-app,billing,normal,How do I a duplicate charge,70.0,2024-01-16 15:29:41,False,,603.6833333333333,False,False,2024-01,False,False
TK61326,2024-01-16 10:24:00,chat,onboarding,high,Unable to the invoice for last month,52.0,2024-01-16 14:51:32,False,,267.53333333333336,False,False,2024-01,False,False
TK60737,2024-01-16 12:55:00,phone,integrations,normal,Issue with add a teammate,65.0,,False,,,True,False,2024-01,False,False
TK60197,2024-01-16 13:35:00,in-app,onboarding,high,Question about the dashboard loading slowly,25.0,2024-01-16 18:07:28,False,,272.46666666666664,False,False,2024-01,False,False
TK62271,2024-01-16 18:34:00,phone,integrations,normal,Question about a duplicate charge,179.0,2024-01-26 01:22:35,False,,13368.583333333334,False,False,2024-01,False,True
TK60440,2024-01-16 23:44:00,chat,billing,urgent,Unable to a refund for an annual plan,25.0,2024-01-17 05:28:29,False,,344.48333333333335,False,False,2024-01,False,False
TK63385,2024-01-17 03:47:00,phone,technical,low,Question about webhook deliveries failing,,2024-01-17 23:25:53,True,,1178.8833333333334,False,False,2024-01,False,False
TK60124,2024-01-17 04:39:00,email,billing,normal,How do I webhook deliveries failing,117.0,2024-01-19 16:39:21,False,,3600.35,False,False,2024-01,False,False
TK60045,2024-01-17 05:47:00,in-app,technical,normal,How do I downgrade my plan,152.0,2024-01-19 14:11:38,False,,3384.633333333333,False,False,2024-01,False,False
TK61089,2024-01-17 06:41:00,phone,technical,normal,Unable to the invoice for last month,96.0,2024-01-19 01:27:05,False,,2566.0833333333335,False,False,2024-01,False,False
TK60572,2024-01-17 07:57:00,chat,technical,low,How do I downgrade my plan,227.0,2024-01-21 05:04:12,False,,5587.2,False,False,2024-01,False,False
TK61403,2024-01-17 08:21:00,in-app,technical,normal,Issue with a refund for an annual plan,41.0,2024-01-18 21:44:16,False,4.0,2243.266666666667,False,True,2024-01,False,False
TK60705,2024-01-17 13:50:00,email,integrations,normal,Error when log in after password reset,320.0,2024-01-20 23:16:21,False,,4886.35,False,False,2024-01,False,False
TK63998,2024-01-17 18:28:00,email,onboarding,normal,Cannot webhook deliveries failing,270.0,2024-01-18 18:45:09,False,4.0,1457.15,False,True,2024-01,False,False
TK62270,2024-01-17 18:30:00,email,technical,high,Request to a duplicate charge,59.0,2024-01-21 01:07:42,False,3.0,4717.7,False,True,2024-01,False,False
TK62827,2024-01-17 20:06:00,phone,integrations,low,Request to two-factor authentication,20.0,2024-01-18 14:44:26,False,4.0,1118.4333333333334,False,True,2024-01,False,False
TK62954,2024-01-17 21:39:00,email,billing,high,Unable to a duplicate charge,99.0,2024-01-17 22:43:12,False,,64.2,False,False,2024-01,False,False
TK60138,2024-01-18 02:19:00,in-app,integrations,normal,Cannot export my data,85.0,2024-01-21 21:55:58,False,5.0,5496.966666666666,False,True,2024-01,False,False
TK62789,2024-01-18 02:56:00,chat,technical,high,Unable to export my data,48.0,2024-01-18 20:32:13,False,,1056.2166666666667,False,False,2024-01,False,False
TK60995,2024-01-18 03:39:00,phone,billing,high,Unable to the invoice for last month,46.0,2024-01-19 03:08:34,False,3.0,1409.5666666666666,False,True,2024-01,False,False
TK62966,2024-01-18 06:18:00,phone,technical,normal,Error when a duplicate charge,206.0,2024-01-23 11:15:10,False,4.0,7497.166666666667,False,True,2024-01,False,False
TK63755,2024-01-18 07:38:00,email,onboarding,normal,Cannot the invoice for last month,115.0,2024-01-18 18:14:15,False,5.0,636.25,False,True,2024-01,False,False
TK63982,2024-01-18 08:49:00,phone,technical,low,Request to the API rate limit,932.0,2024-01-21 21:11:47,False,,5062.783333333334,False,False,2024-01,True,False
TK62449,2024-01-18 12:56:00,in-app,onboarding,normal,Request to add a teammate,281.0,2024-01-21 14:56:54,False,,4440.9,False,False,2024-01,False,False
TK60150,2024-01-18 14:49:00,email,technical,high,Error when export my data,18.0,2024-01-19 18:40:36,False,,1671.6,False,False,2024-01,False,False
TK63356,2024-01-18 22:55:00,email,onboarding,normal,Unable to webhook deliveries failing,66.0,2024-01-28 20:37:18,False,,14262.3,False,False,2024-01,False,True
TK61103,2024-01-18 23:30:00,email,onboarding,normal,Request to a refund for an annual plan,74.0,2024-01-19 21:23:25,False,,1313.4166666666667,False,False,2024-01,False,False
TK63910,2024-01-19 00:19:00,in-app,onboarding,urgent,How do I the dashboard loading slowly,21.0,2024-01-19 02:54:08,False,,155.13333333333333,False,False,2024-01,False,False
TK61550,2024-01-19 01:14:00,in-app,billing,high,Question about a refund for an annual plan,34.0,2024-01-20 00:17:49,False,,1383.8166666666666,False,False,2024-01,False,False
TK63667,2024-01-19 03:20:00,chat,billing,high,How do I the API rate limit,18.0,2024-01-19 08:28:43,False,2.0,308.71666666666664,False,True,2024-01,False,False
TK60037,2024-01-19 03:33:00,phone,integrations,high,Cannot export my data,86.0,2024-01-19 08:26:31,False,,293.51666666666665,False,False,2024-01,False,False
TK60791,2024-01-19 08:37:00,email,integrations,normal,Error when the API rate limit,163.0,2024-01-20 04:47:21,False,,1210.35,False,False,2024-01,False,False
TK63085,2024-01-19 08:57:00,email,account,low,How do I downgrade my plan,379.0,2024-01-21 13:54:33,False,,3177.55,False,False,2024-01,False,False
TK63911,2024-01-19 09:40:00,chat,integrations,low,Cannot webhook deliveries failing,152.0,2024-01-22 18:50:39,False,,4870.65,False,False,2024-01,False,False
TK61787,2024-01-19 13:48:00,chat,integrations,high,Error when two-factor authentication,63.0,2024-01-21 14:46:05,False,,2938.0833333333335,False,False,2024-01,False,False
TK61969,2024-01-19 14:41:00,email,onboarding,low,Unable to a duplicate charge,414.0,2024-01-21 03:26:36,False,3.0,2205.6,False,True,2024-01,True,False
TK63750,2024-01-19 16:58:00,email,onboarding,normal,Cannot export my data,34.0,2024-01-20 06:47:26,False,,829.4333333333333,False,False,2024-01,False,False
TK61935,2024-01-19 18:19:00,in-app,technical,high,How do I a refund for an annual plan,114.0,2024-01-20 08:30:58,False,,851.9666666666667,False,False,2024-01,False,False
TK62865,2024-01-19 18:39:00,email,technical,low,Cannot the dashboard loading slowly,160.0,2024-01-26 19:22:31,False,5.0,10123.516666666666,False,True,2024-01,False,True
TK62151,2024-01-19 20:44:00,phone,technical,low,Question about connecting the Snowflake sync,322.0,2024-01-21 11:32:59,False,,2328.983333333333,False,False,2024-01,False,False
TK63791,2024-01-19 20:53:00,in-app,account,normal,Unable to add a teammate,13.0,2024-01-20 20:08:23,False,,1395.3833333333334,False,False,2024-01,False,False
TK62332,2024-01-19 22:25:00,in-app,billing,low,Cannot a duplicate charge,1732.0,2024-01-21 01:14:24,False,,1609.4,False,False,2024-01,True,False
TK63587,2024-01-20 03:24:00,in-app,technical,low,Cannot downgrade my plan,,2024-01-23 02:31:16,False,,4267.266666666666,False,False,2024-01,False,False
TK63177,2024-01-20 04:42:00,email,technical,normal,How do I the invoice for last month,47.0,2024-01-25 02:16:35,False,,7054.583333333333,False,False,2024-01,False,False
TK61837,2024-01-20 05:29:00,in-app,account,normal,Cannot a refund for an annual plan,67.0,2024-01-22 10:33:44,False,,3184.733333333333,False,False,2024-01,False,False
TK63993,2024-01-20 05:38:00,in-app,onboarding,high,Unable to the invoice for last month,23.0,2024-01-20 08:56:54,False,,198.9,False,False,2024-01,False,False
TK62850,2024-01-20 06:07:00,email,account,urgent,Issue with the API rate limit,19.0,2024-01-20 08:58:38,False,,171.63333333333333,False,False,2024-01,False,False
TK62380,2024-01-20 07:15:00,in-app,technical,normal,How do I export my data,14.0,2024-01-22 09:45:47,False,4.0,3030.7833333333333,False,True,2024-01,False,False
TK60779,2024-01-20 10:23:00,in-app,technical,urgent,Request to the API rate limit,9.0,2024-01-22 20:54:44,False,,3511.733333333333,False,False,2024-01,False,False
TK60951,2024-01-20 13:40:00,email,integrations,normal,Error when webhook deliveries failing,265.0,2024-01-20 21:17:01,False,5.0,457.01666666666665,False,True,2024-01,False,False
TK60532,2024-01-20 14:29:00,in-app,technical,normal,Issue with webhook deliveries failing,90.0,2024-01-22 14:14:02,False,,2865.0333333333333,False,False,2024-01,False,False
TK61845,2024-01-20 14:36:00,email,account,low,Unable to a duplicate charge,46.0,2024-01-20 16:08:38,False,,92.63333333333334,False,False,2024-01,False,False
TK63934,2024-01-20 15:42:00,chat,account,low,Request to export my data,125.0,2024-01-28 03:50:11,False,,10808.183333333332,False,False,2024-01,False,True
TK63039,2024-01-20 16:00:00,email,billing,high,Cannot add a teammate,18.0,2024-01-23 11:50:40,False,5.0,4070.6666666666665,False,True,2024-01,False,False
TK60295,2024-01-20 19:23:00,phone,technical,normal,Error when a refund for an annual plan,119.0,,False,,,True,False,2024-01,False,False
TK60769,2024-01-20 21:57:00,chat,account,normal,Issue with export my data,167.0,2024-01-21 07:55:11,False,,598.1833333333333,False,False,2024-01,False,False
TK63349,2024-01-20 22:12:00,in-app,technical,normal,Error when two-factor authentication,35.0,2024-01-22 05:48:55,False,4.0,1896.9166666666667,False,True,2024-01,False,False
TK60550,2024-01-21 00:13:00,in-app,technical,high,Request to export my data,47.0,2024-01-21 14:50:37,False,1.0,877.6166666666667,False,True,2024-01,False,False
TK60853,2024-01-21 01:26:00,chat,technical,high,Issue with the invoice for last month,102.0,,False,,,True,False,2024-01,False,False
TK63026,2024-01-21 03:28:00,chat,account,low,Error when the API rate limit,580.0,2024-01-21 09:28:12,True,,360.2,False,False,2024-01,True,False
TK61460,2024-01-21 04:58:00,email,onboarding,normal,Unable to add a teammate,62.0,2024-01-21 12:09:32,False,4.0,431.53333333333336,False,True,2024-01,False,False
TK61347,2024-01-21 05:03:00,email,billing,normal,How do I log in after password reset,110.0,2024-01-21 23:42:23,False,,1119.3833333333334,False,False,2024-01,False,False
TK63899,2024-01-21 05:06:00,email,integrations,urgent,Request to downgrade my plan,59.0,2024-01-21 10:42:37,False,5.0,336.6166666666667,False,True,2024-01,False,False
TK62681,2024-01-21 07:57:00,chat,account,normal,Error when the API rate limit,125.0,2024-01-21 16:03:09,False,2.0,486.15,False,True,2024-01,False,False
TK61003,2024-01-21 08:42:00,email,account,normal,Request to the dashboard loading slowly,123.0,2024-01-27 10:12:50,False,5.0,8730.833333333334,False,True,2024-01,False,True
TK62636,2024-01-21 12:13:00,chat,account,high,Error when two-factor authentication,93.0,2024-01-21 23:49:17,False,5.0,696.2833333333333,False,True,2024-01,False,False
TK60852,2024-01-21 14:10:00,email,technical,low,Error when the dashboard loading slowly,1211.0,2024-01-22 08:56:26,False,2.0,1126.4333333333334,False,True,2024-01,True,False
TK60020,2024-01-21 16:30:00,chat,account,normal,Unable to webhook deliveries failing,52.0,2024-01-23 13:10:59,False,,2680.983333333333,False,False,2024-01,False,False
TK61972,2024-01-21 17:32:00,email,integrations,high,Cannot export my data,20.0,2024-01-22 11:33:48,False,,1081.8,False,False,2024-01,False,False
TK61702,2024-01-21 21:31:00,in-app,account,high,Unable to two-factor authentication,34.0,2024-01-22 06:03:07,False,,512.1166666666667,False,False,2024-01,False,False
TK63304,2024-01-21 22:33:00,chat,account,high,Unable to downgrade my plan,173.0,2024-01-22 02:55:46,False,,262.76666666666665,False,False,2024-01,False,False
TK63361,2024-01-22 01:07:00,email,technical,normal,Request to the invoice for last month,55.0,2024-01-24 12:06:27,False,,3539.45,False,False,2024-01,False,False
TK63519,2024-01-22 02:58:00,chat,account,normal,Question about webhook deliveries failing,66.0,2024-01-22 04:08:17,False,,70.28333333333333,False,False,2024-01,False,False
TK60186,2024-01-22 04:12:00,in-app,onboarding,low,Unable to a duplicate charge,1296.0,2024-01-22 19:31:09,False,,919.15,False,False,2024-01,True,False
TK62564,2024-01-22 06:27:00,in-app,technical,low,Request to connecting the Snowflake sync,17.0,2024-01-29 12:04:48,False,,10417.8,False,False,2024-01,False,True
TK63030,2024-01-22 06:39:00,chat,account,high,Cannot a refund for an annual plan,89.0,2024-01-22 10:57:46,False,5.0,258.76666666666665,False,True,2024-01,False,False
TK61474,2024-01-22 08:43:00,email,integrations,high,Question about two-factor authentication,180.0,,False,,,True,False,2024-01,False,False
TK62351,2024-01-22 09:30:00,chat,account,low,Unable to add a teammate,61.0,2024-01-22 18:11:59,False,,521.9833333333333,False,False,2024-01,False,False
TK63362,2024-01-22 09:37:00,chat,onboarding,high,Request to a duplicate charge,114.0,2024-01-22 11:27:01,False,,110.01666666666667,False,False,2024-01,False,False
TK60478,2024-01-22 12:06:00,chat,integrations,high,How do I connecting the Snowflake sync,209.0,,False,,,True,False,2024-01,False,False
TK60941,2024-01-22 13:02:00,in-app,billing,low,Question about add a teammate,43.0,2024-01-27 03:38:32,False,,6636.533333333334,False,False,2024-01,False,False
TK63612,2024-01-22 16:16:00,in-app,integrations,normal,Question about webhook deliveries failing,251.0,2024-01-22 23:08:45,False,4.0,412.75,False,True,2024-01,False,False
TK62520,2024-01-22 17:00:00,chat,technical,low,Error when downgrade my plan,44.0,2024-01-23 16:09:02,False,1.0,1389.0333333333333,False,True,2024-01,False,False
TK62065,2024-01-22 19:40:00,email,technical,normal,Issue with log in after password reset,513.0,2024-01-23 11:19:59,True,4.0,939.9833333333333,False,True,2024-01,True,False
TK61223,2024-01-22 21:02:00,chat,technical,normal,Cannot the dashboard loading slowly,161.0,2024-01-23 05:39:06,False,3.0,517.1,False,True,2024-01,False,False
TK63537,2024-01-22 21:25:00,chat,billing,urgent,Error when the dashboard loading slowly,19.0,2024-01-22 23:12:51,False,,107.85,False,False,2024-01,False,False
TK63459,2024-01-22 21:54:00,chat,onboarding,urgent,Error when the invoice for last month,14.0,2024-01-23 01:47:07,False,,233.11666666666667,False,False,2024-01,False,False
TK60547,2024-01-23 00:32:00,chat,billing,normal,Request to log in after password reset,301.0,2024-01-23 10:42:04,True,,610.0666666666667,False,False,2024-01,False,False
TK63846,2024-01-23 01:04:00,in-app,account,high,How do I connecting the Snowflake sync,21.0,2024-01-24 05:22:46,False,,1698.7666666666667,False,False,2024-01,False,False
TK62497,2024-01-23 03:44:00,chat,billing,high,Cannot a refund for an annual plan,30.0,2024-01-23 14:22:01,False,,638.0166666666667,False,False,2024-01,False,False
TK61604,2024-01-23 04:23:00,in-app,technical,low,Issue with the dashboard loading slowly,791.0,2024-01-24 00:14:12,False,4.0,1191.2,False,True,2024-01,True,False
TK60721,2024-01-23 05:23:00,email,technical,normal,Error when downgrade my plan,425.0,2024-01-31 17:28:39,False,4.0,12245.65,False,True,2024-01,True,True
TK60170,2024-01-23 06:24:00,chat,integrations,low,How do I a duplicate charge,387.0,,False,,,True,False,2024-01,False,False
TK61467,2024-01-23 06:52:00,phone,technical,normal,Unable to webhook deliveries failing,34.0,2024-01-24 11:07:58,False,5.0,1695.9666666666667,False,True,2024-01,False,False
TK63526,2024-01-23 15:37:00,email,onboarding,low,Issue with the API rate limit,148.0,,False,,,True,False,2024-01,False,False
TK62845,2024-01-23 18:27:00,in-app,billing,normal,Cannot export my data,89.0,2024-01-23 23:45:52,False,,318.8666666666667,False,False,2024-01,False,False
TK62218,2024-01-23 20:11:00,in-app,integrations,normal,Issue with the invoice for last month,27.0,2024-01-25 23:40:21,False,,3089.35,False,False,2024-01,False,False
TK62409,2024-01-23 22:49:00,email,billing,normal,How do I the invoice for last month,24.0,2024-01-24 23:23:02,True,,1474.0333333333333,False,False,2024-01,False,False
TK61092,2024-01-23 23:46:00,phone,technical,low,Issue with downgrade my plan,386.0,2024-02-01 06:18:06,False,,11912.1,False,False,2024-01,False,True
TK62350,2024-01-24 02:10:00,chat,account,low,Error when connecting the Snowflake sync,711.0,2024-01-26 01:42:19,False,,2852.3166666666666,False,False,2024-01,True,False
TK62319,2024-01-24 07:01:00,in-app,onboarding,urgent,Error when a refund for an annual plan,20.0,2024-01-24 08:13:01,False,,72.01666666666667,False,False,2024-01,False,False
TK62739,2024-01-24 08:57:00,email,account,normal,Request to connecting the Snowflake sync,213.0,2024-01-27 12:43:49,False,,4546.816666666667,False,False,2024-01,False,False
TK62617,2024-01-24 09:42:00,in-app,technical,low,Unable to downgrade my plan,480.0,2024-01-25 20:12:09,False,2.0,2070.15,False,True,2024-01,True,False
TK60683,2024-01-24 10:06:00,in-app,integrations,high,Issue with the invoice for last month,118.0,2024-01-25 00:22:32,False,5.0,856.5333333333333,False,True,2024-01,False,False
TK60063,2024-01-24 10:17:00,email,onboarding,high,How do I a refund for an annual plan,66.0,2024-01-24 22:46:52,False,,749.8666666666667,False,False,2024-01,False,False
TK61473,2024-01-24 13:43:00,email,technical,high,Question about two-factor authentication,100.0,2024-01-25 15:29:29,False,,1546.4833333333333,False,False,2024-01,False,False
TK63042,2024-01-24 14:49:00,email,billing,normal,Question about downgrade my plan,86.0,2024-01-25 01:39:09,False,5.0,650.15,False,True,2024-01,False,False
TK62998,2024-01-24 15:35:00,email,technical,normal,How do I the API rate limit,51.0,2024-01-26 04:52:55,False,5.0,2237.9166666666665,False,True,2024-01,False,False
TK63830,2024-01-24 16:03:00,email,onboarding,normal,Unable to log in after password reset,25.0,,False,,,True,False,2024-01,False,False
TK62794,2024-01-25 05:10:00,phone,billing,normal,How do I the invoice for last month,209.0,2024-01-26 03:56:19,False,,1366.3166666666666,False,False,2024-01,False,False
TK62804,2024-01-25 05:28:00,in-app,technical,high,Question about the invoice for last month,7.0,2024-01-25 15:26:17,False,5.0,598.2833333333333,False,True,2024-01,False,False
TK60113,2024-01-25 06:19:00,chat,integrations,normal,How do I the invoice for last month,99.0,2024-01-26 19:13:20,False,,2214.3333333333335,False,False,2024-01,False,False
TK61423,2024-01-25 06:24:00,in-app,billing,high,Question about log in after password reset,,2024-01-25 16:37:36,False,,613.6,False,False,2024-01,False,False
TK62611,2024-01-25 12:25:00,phone,billing,low,Cannot downgrade my plan,123.0,2024-01-26 07:43:35,False,3.0,1158.5833333333333,False,True,2024-01,False,False
TK60321,2024-01-25 12:32:00,email,technical,low,Question about add a teammate,42.0,2024-01-30 23:35:30,False,,7863.5,False,False,2024-01,False,False
TK63106,2024-01-25 13:25:00,phone,technical,high,Unable to the invoice for last month,25.0,2024-01-25 16:01:59,False,,156.98333333333332,False,False,2024-01,False,False
TK62772,2024-01-25 15:21:00,email,account,normal,Question about downgrade my plan,110.0,2024-01-25 21:32:40,False,,371.6666666666667,False,False,2024-01,False,False
TK60638,2024-01-25 16:20:00,email,billing,low,Question about a duplicate charge,59.0,2024-01-27 06:44:46,False,1.0,2304.766666666667,False,True,2024-01,False,False
TK61268,2024-01-25 20:05:00,email,technical,low,Request to the invoice for last month,129.0,2024-01-26 13:26:56,False,,1041.9333333333334,False,False,2024-01,False,False
TK60770,2024-01-25 20:38:00,email,onboarding,low,Question about the dashboard loading slowly,308.0,2024-01-26 15:58:29,False,3.0,1160.4833333333333,False,True,2024-01,False,False
TK61040,2024-01-25 21:02:00,email,billing,normal,Request to add a teammate,34.0,2024-01-26 10:32:19,False,,810.3166666666667,False,False,2024-01,False,False
TK63087,2024-01-25 22:47:00,in-app,integrations,normal,How do I a duplicate charge,120.0,,False,,,True,False,2024-01,False,False
TK62679,2024-01-26 01:15:00,email,billing,low,How do I add a teammate,683.0,2024-01-27 04:59:05,False,,1664.0833333333333,False,False,2024-01,True,False
TK62861,2024-01-26 02:38:00,chat,account,normal,Cannot downgrade my plan,155.0,2024-01-26 15:11:33,False,,753.55,False,False,2024-01,False,False
TK61840,2024-01-26 04:21:00,in-app,onboarding,high,How do I the invoice for last month,53.0,2024-01-27 02:26:19,False,5.0,1325.3166666666666,False,True,2024-01,False,False
TK63916,2024-01-26 10:13:00,email,account,normal,Issue with a duplicate charge,113.0,2024-01-26 17:17:15,False,5.0,424.25,False,True,2024-01,False,False
TK61599,2024-01-26 10:56:00,email,onboarding,high,Issue with the dashboard loading slowly,29.0,2024-01-26 12:56:35,False,1.0,120.58333333333333,False,True,2024-01,False,False
TK60891,2024-01-26 19:51:00,email,billing,normal,How do I the invoice for last month,87.0,2024-01-28 11:17:35,False,,2366.5833333333335,False,False,2024-01,False,False
TK63408,2024-01-26 20:53:00,chat,account,normal,Request to add a teammate,287.0,2024-01-28 01:11:55,True,,1698.9166666666667,False,False,2024-01,False,False
TK60448,2024-01-26 21:54:00,email,technical,low,Question about the dashboard loading slowly,393.0,2024-01-29 23:58:17,False,,4444.283333333334,False,False,2024-01,True,False
TK61869,2024-01-27 00:36:00,email,billing,normal,Error when the dashboard loading slowly,53.0,2024-01-29 07:28:55,False,,3292.9166666666665,False,False,2024-01,False,False
TK63189,2024-01-27 06:58:00,email,integrations,high,Error when export my data,217.0,2024-01-28 05:30:19,False,,1352.3166666666666,False,False,2024-01,False,False
TK62154,2024-01-27 11:03:00,chat,billing,high,How do I a duplicate charge,44.0,2024-01-28 02:35:28,False,,932.4666666666667,False,False,2024-01,False,False
TK60095,2024-01-27 11:10:00,email,account,normal,Error when webhook deliveries failing,27.0,,False,,,True,False,2024-01,False,False
TK62178,2024-01-27 17:36:00,in-app,billing,low,Error when webhook deliveries failing,44.0,,False,,,True,False,2024-01,False,False
TK61167,2024-01-27 18:39:00,email,account,low,Issue with downgrade my plan,28.0,2024-01-28 04:44:34,False,5.0,605.5666666666667,False,True,2024-01,False,False
TK61130,2024-01-27 19:28:00,phone,account,low,Request to two-factor authentication,390.0,2024-01-28 01:47:13,False,1.0,379.21666666666664,False,True,2024-01,True,False
TK60653,2024-01-27 21:51:00,chat,technical,normal,Error when the invoice for last month,33.0,2024-01-29 06:59:17,False,,1988.2833333333333,False,False,2024-01,False,False
TK61175,2024-01-28 00:09:00,email,billing,high,Issue with export my data,49.0,2024-01-28 11:18:09,False,5.0,669.15,False,True,2024-01,False,False
TK62585,2024-01-28 02:04:00,phone,account,high,Cannot add a teammate,36.0,2024-01-28 07:42:24,False,,338.4,False,False,2024-01,False,False
TK60313,2024-01-28 04:58:00,chat,integrations,low,Unable to the dashboard loading slowly,111.0,2024-02-01 05:49:36,False,5.0,5811.6,False,True,2024-01,False,False
TK61726,2024-01-28 05:15:00,in-app,integrations,high,Cannot export my data,14.0,2024-02-01 23:03:23,False,,6828.383333333333,False,False,2024-01,False,False
TK61990,2024-01-28 10:59:00,chat,technical,normal,Cannot the invoice for last month,,2024-01-28 14:30:09,False,,211.15,False,False,2024-01,False,False
TK63671,2024-01-28 11:15:00,chat,billing,normal,Request to a refund for an annual plan,41.0,2024-02-01 07:09:32,False,5.0,5514.533333333334,False,True,2024-01,False,False
TK60080,2024-01-28 11:29:00,email,technical,normal,Cannot the dashboard loading slowly,35.0,2024-02-01 06:21:10,False,,5452.166666666667,False,False,2024-01,False,False
TK63452,2024-01-28 13:08:00,email,integrations,normal,How do I the invoice for last month,82.0,2024-02-03 17:38:33,False,,8910.55,False,False,2024-01,False,True
TK63188,2024-01-28 13:20:00,chat,technical,high,Error when the invoice for last month,14.0,2024-01-29 05:00:21,False,5.0,940.35,False,True,2024-01,False,False
TK60077,2024-01-28 13:22:00,chat,onboarding,low,Request to a duplicate charge,254.0,,False,,,True,False,2024-01,False,False
TK60340,2024-01-28 17:57:00,email,account,normal,Unable to a duplicate charge,174.0,2024-02-02 00:39:22,False,,6162.366666666667,False,False,2024-01,False,False
TK63499,2024-01-29 00:54:00,in-app,technical,high,Issue with connecting the Snowflake sync,17.0,2024-01-29 08:56:58,False,,482.96666666666664,False,False,2024-01,False,False
TK62110,2024-01-29 03:20:00,chat,integrations,low,Error when two-factor authentication,88.0,,False,,,True,False,2024-01,False,False
TK60307,2024-01-29 03:49:00,in-app,billing,normal,Issue with the API rate limit,20.0,2024-01-29 17:44:16,False,3.0,835.2666666666667,False,True,2024-01,False,False
TK60117,2024-01-29 04:42:00,chat,account,normal,Error when log in after password reset,99.0,2024-01-29 19:16:14,True,,874.2333333333333,False,False,2024-01,False,False
TK60624,2024-01-29 08:07:00,phone,billing,normal,Unable to export my data,219.0,2024-01-30 01:24:48,False,,1037.8,False,False,2024-01,False,False
TK60196,2024-01-29 11:55:00,email,billing,urgent,Unable to downgrade my plan,6.0,2024-01-29 13:15:47,False,5.0,80.78333333333333,False,True,2024-01,False,False
TK63616,2024-01-29 15:48:00,email,billing,low,Issue with a duplicate charge,844.0,2024-01-30 15:28:57,False,,1420.95,False,False,2024-01,True,False
TK60352,2024-01-29 17:53:00,in-app,billing,normal,Request to a duplicate charge,234.0,2024-01-30 16:58:53,False,,1385.8833333333334,False,False,2024-01,False,False
TK61578,2024-01-29 18:40:00,in-app,technical,normal,Question about export my data,84.0,2024-02-02 06:40:42,False,5.0,5040.7,False,True,2024-01,False,False
TK63952,2024-01-29 21:11:00,email,billing,low,How do I a duplicate charge,63.0,2024-01-30 15:48:01,False,2.0,1117.0166666666667,False,True,2024-01,False,False
TK63898,2024-01-29 21:39:00,in-app,billing,normal,Cannot log in after password reset,148.0,2024-01-30 08:33:31,False,4.0,654.5166666666667,False,True,2024-01,False,False
TK61770,2024-01-30 03:42:00,email,billing,high,Request to downgrade my plan,253.0,2024-01-31 11:26:42,True,5.0,1904.7,False,True,2024-01,False,False
TK63762,2024-01-30 11:48:00,chat,onboarding,high,Unable to a refund for an annual plan,24.0,2024-01-30 17:03:19,False,,315.31666666666666,False,False,2024-01,False,False
TK61081,2024-01-30 11:53:00,chat,integrations,urgent,Question about add a teammate,60.0,2024-01-31 14:15:09,False,1.0,1582.15,False,True,2024-01,False,False
TK61184,2024-01-30 12:34:00,chat,billing,low,Unable to the invoice for last month,404.0,2024-01-30 19:15:14,False,,401.23333333333335,False,False,2024-01,True,False
TK63555,2024-01-30 14:25:00,in-app,technical,high,Request to the dashboard loading slowly,26.0,2024-02-01 10:54:31,False,3.0,2669.516666666667,False,True,2024-01,False,False
TK63833,2024-01-30 14:59:00,chat,technical,normal,Request to webhook deliveries failing,552.0,2024-01-30 17:59:21,False,5.0,180.35,False,True,2024-01,True,False
TK60406,2024-01-30 19:24:00,email,onboarding,normal,Issue with the API rate limit,13.0,2024-02-01 21:00:36,False,,2976.6,False,False,2024-01,False,False
TK63265,2024-01-30 20:28:00,email,technical,normal,Issue with downgrade my plan,195.0,,False,,,True,False,2024-01,False,False
TK62070,2024-01-31 00:04:00,chat,onboarding,urgent,How do I a duplicate charge,5.0,2024-01-31 04:42:39,False,,278.65,False,False,2024-01,False,False
TK63820,2024-01-31 02:01:00,email,technical,urgent,Question about a refund for an annual plan,48.0,2024-01-31 06:12:41,True,,251.68333333333334,False,False,2024-01,False,False
TK60169,2024-01-31 10:01:00,chat,billing,low,Request to two-factor authentication,162.0,2024-02-01 03:21:58,False,,1040.9666666666667,False,False,2024-01,False,False
TK63649,2024-01-31 15:05:00,email,technical,normal,Unable to the API rate limit,428.0,2024-02-03 16:27:37,False,2.0,4402.616666666667,False,True,2024-01,True,False
TK62355,2024-01-31 15:39:00,chat,technical,normal,Cannot log in after password reset,137.0,2024-02-03 22:06:14,False,,4707.233333333334,False,False,2024-01,False,False
TK62309,2024-01-31 17:02:00,in-app,billing,normal,Request to connecting the Snowflake sync,265.0,2024-02-01 04:46:29,True,,704.4833333333333,False,False,2024-01,False,False
TK61841,2024-01-31 18:46:00,phone,billing,normal,Error when the invoice for last month,24.0,2024-02-01 05:04:56,False,,618.9333333333333,False,False,2024-01,False,False
TK61687,2024-01-31 20:27:00,email,onboarding,normal,Request to a refund for an annual plan,102.0,2024-02-01 00:04:40,False,,217.66666666666666,False,False,2024-01,False,False
TK63524,2024-01-31 22:42:00,in-app,billing,normal,Question about export my data,57.0,2024-02-04 19:37:49,True,,5575.816666666667,False,False,2024-01,False,False
TK60998,2024-02-01 00:11:00,chat,billing,normal,How do I the invoice for last month,28.0,,False,,,True,False,2024-02,False,False
TK61678,2024-02-01 01:37:00,email,integrations,normal,Issue with add a teammate,85.0,2024-02-01 14:40:48,False,,783.8,False,False,2024-02,False,False
TK63807,2024-02-01 07:05:00,phone,billing,normal,Error when export my data,27.0,2024-02-01 23:19:22,False,,974.3666666666667,False,False,2024-02,False,False
TK63345,2024-02-01 08:34:00,in-app,account,low,Request to a refund for an annual plan,43.0,2024-02-02 07:14:52,False,,1360.8666666666666,False,False,2024-02,False,False
TK63082,2024-02-01 09:36:00,chat,account,high,How do I the API rate limit,148.0,2024-02-01 11:45:08,False,,129.13333333333333,False,False,2024-02,False,False
TK63053,2024-02-01 16:03:00,chat,integrations,normal,How do I downgrade my plan,303.0,2024-02-04 11:46:32,False,,4063.5333333333333,False,False,2024-02,False,False
TK60578,2024-02-01 20:07:00,chat,billing,normal,Error when a refund for an annual plan,71.0,2024-02-02 11:07:31,False,4.0,900.5166666666667,False,True,2024-02,False,False
TK61975,2024-02-01 22:40:00,in-app,billing,low,How do I log in after password reset,121.0,2024-02-02 19:00:18,False,,1220.3,False,False,2024-02,False,False
TK63117,2024-02-02 02:24:00,in-app,billing,high,Unable to connecting the Snowflake sync,190.0,2024-02-02 05:20:03,False,5.0,176.05,False,True,2024-02,False,False
TK62490,2024-02-02 04:51:00,in-app,integrations,high,How do I downgrade my plan,23.0,2024-02-04 00:57:35,False,,2646.5833333333335,False,False,2024-02,False,False
TK62541,2024-02-02 05:19:00,chat,account,normal,Error when the dashboard loading slowly,59.0,2024-02-02 07:06:19,False,,107.31666666666666,False,False,2024-02,False,False
TK61585,2024-02-02 09:24:00,email,integrations,normal,Request to downgrade my plan,103.0,2024-02-02 19:38:29,False,,614.4833333333333,False,False,2024-02,False,False
TK63973,2024-02-02 12:36:00,chat,integrations,normal,Request to log in after password reset,288.0,,False,,,True,False,2024-02,False,False
TK61533,2024-02-02 13:33:00,in-app,onboarding,high,Request to add a teammate,12.0,2024-02-02 21:53:22,False,,500.3666666666667,False,False,2024-02,False,False
TK60990,2024-02-02 20:05:00,in-app,billing,normal,How do I two-factor authentication,339.0,2024-02-03 01:57:10,False,4.0,352.1666666666667,False,True,2024-02,False,False
TK63655,2024-02-02 23:25:00,chat,billing,high,Question about webhook deliveries failing,29.0,2024-02-03 02:16:07,False,,171.11666666666667,False,False,2024-02,False,False
TK60292,2024-02-02 23:45:00,chat,account,normal,Request to a refund for an annual plan,,2024-02-03 02:09:40,False,5.0,144.66666666666666,False,True,2024-02,False,False
TK60750,2024-02-03 00:52:00,email,integrations,normal,Issue with add a teammate,221.0,2024-02-04 04:21:14,False,,1649.2333333333333,False,False,2024-02,False,False
TK62844,2024-02-03 01:18:00,in-app,billing,normal,Unable to log in after password reset,59.0,2024-02-03 13:55:06,False,5.0,757.1,False,True,2024-02,False,False
TK60930,2024-02-03 02:30:00,in-app,account,normal,Issue with connecting the Snowflake sync,103.0,,False,,,True,False,2024-02,False,False
TK63855,2024-02-03 03:47:00,in-app,onboarding,low,Cannot a refund for an annual plan,14.0,2024-02-03 07:30:32,False,,223.53333333333333,False,False,2024-02,False,False
TK63781,2024-02-03 03:55:00,phone,billing,urgent,Error when export my data,22.0,2024-02-04 03:18:01,False,,1403.0166666666667,False,False,2024-02,False,False
TK61481,2024-02-03 08:50:00,chat,billing,high,How do I export my data,18.0,2024-02-03 18:29:38,False,,579.6333333333333,False,False,2024-02,False,False
TK62709,2024-02-03 13:38:00,chat,billing,normal,Cannot two-factor authentication,880.0,2024-02-03 18:38:32,False,5.0,300.53333333333336,False,True,2024-02,True,False
TK62111,2024-02-03 14:53:00,email,onboarding,normal,Unable to add a teammate,44.0,,False,,,True,False,2024-02,False,False
TK62970,2024-02-03 15:04:00,chat,onboarding,normal,Cannot two-factor authentication,339.0,2024-02-04 05:24:58,False,4.0,860.9666666666667,False,True,2024-02,False,False
TK63937,2024-02-03 16:25:00,in-app,account,high,How do I a duplicate charge,32.0,2024-02-03 20:35:31,False,,250.51666666666668,False,False,2024-02,False,False
TK61978,2024-02-03 18:01:00,in-app,technical,low,Question about export my data,4444.0,,False,,,True,False,2024-02,True,False
TK63278,2024-02-04 00:09:00,email,technical,high,Unable to downgrade my plan,21.0,,False,,,True,False,2024-02,False,False
TK60817,2024-02-04 01:29:00,chat,technical,normal,Cannot the invoice for last month,232.0,,False,,,True,False,2024-02,False,False
TK60571,2024-02-04 02:03:00,in-app,technical,high,Request to connecting the Snowflake sync,17.0,,False,,,True,False,2024-02,False,False
TK60450,2024-02-04 02:12:00,in-app,billing,normal,How do I a duplicate charge,1774.0,2024-02-04 04:17:14,False,,125.23333333333333,False,False,2024-02,True,False
TK60449,2024-02-04 05:14:00,email,billing,urgent,How do I downgrade my plan,15.0,2024-02-04 05:59:27,False,4.0,45.45,False,True,2024-02,False,False
TK63049,2024-02-04 10:02:00,email,onboarding,urgent,Unable to the dashboard loading slowly,17.0,2024-02-04 10:23:04,False,,21.066666666666666,False,False,2024-02,False,False
TK62561,2024-02-04 10:22:00,in-app,onboarding,normal,Request to a refund for an annual plan,410.0,2024-02-04 22:44:31,False,,742.5166666666667,False,False,2024-02,True,False
TK62846,2024-02-04 10:47:00,email,billing,normal,Error when connecting the Snowflake sync,271.0,,False,,,True,False,2024-02,False,False
TK61094,2024-02-04 10:48:00,phone,integrations,normal,Error when downgrade my plan,30.0,,False,,,True,False,2024-02,False,False
TK62126,2024-02-04 12:57:00,in-app,technical,high,Question about a duplicate charge,57.0,,False,,,True,False,2024-02,False,False
TK62764,2024-02-04 13:14:00,email,billing,normal,Cannot the dashboard loading slowly,44.0,,False,,,True,False,2024-02,False,False
TK60803,2024-02-04 15:09:00,email,technical,low,Unable to two-factor authentication,158.0,,False,,,True,False,2024-02,False,False
TK62359,2024-02-04 17:27:00,in-app,billing,normal,Cannot add a teammate,71.0,,False,,,True,False,2024-02,False,False
