ticket_id,opened_at,channel,queue,priority,subject,first_response_min,resolved_at,reopened,csat
TK62871,2023-01-01 02:15:00,in-app,onboarding,high,Error when log in after password reset,63,2023-01-01 07:46:35,true,
TK60343,2023-01-01 05:41:00,email,technical,normal,Question about two-factor authentication,7,2023-01-01 09:07:58,false,
TK62950,2023-01-01 06:05:00,in-app,billing,urgent,Unable to connecting the Snowflake sync,44,2023-01-01 08:14:24,false,
TK61014,2023-01-01 06:32:00,chat,integrations,normal,Cannot connecting the Snowflake sync,98,,false,
TK61679,2023-01-01 08:06:00,chat,onboarding,high,How do I a duplicate charge,14,2023-01-01 09:27:09,false,5
TK62374,2023-01-01 08:28:00,in-app,billing,normal,Issue with connecting the Snowflake sync,416,2023-01-02 02:19:53,false,3
TK60058,2023-01-01 14:32:00,in-app,onboarding,low,Issue with connecting the Snowflake sync,361,2023-01-01 18:42:10,false,
TK63175,2023-01-01 16:20:00,email,billing,high,Request to a refund for an annual plan,52,2023-01-01 20:45:17,false,
TK60862,2023-01-01 20:06:00,chat,technical,urgent,Unable to export my data,28,2023-01-06 00:36:09,false,
TK61273,2023-01-01 21:47:00,in-app,billing,urgent,Unable to log in after password reset,,2023-01-02 02:13:20,false,
TK60338,2023-01-01 22:09:00,in-app,integrations,low,Error when a duplicate charge,243,2023-01-17 13:14:25,false,
TK62094,2023-01-01 22:46:00,phone,integrations,high,Question about downgrade my plan,19,2023-01-02 22:02:42,true,4
TK61700,2023-01-01 23:07:00,chat,onboarding,normal,Error when downgrade my plan,109,2023-01-02 13:42:22,false,
TK60629,2023-01-02 00:30:00,phone,technical,normal,Cannot the invoice for last month,135,2023-01-06 00:18:25,false,4
TK61804,2023-01-02 00:32:00,in-app,technical,low,Request to downgrade my plan,34,2023-01-09 11:38:35,true,3
TK63544,2023-01-02 03:46:00,phone,billing,normal,Question about the dashboard loading slowly,175,2023-01-04 23:02:02,false,
TK60702,2023-01-02 05:26:00,in-app,billing,normal,Request to export my data,41,2023-01-08 07:28:28,false,
TK63194,2023-01-02 07:23:00,chat,integrations,normal,Issue with connecting the Snowflake sync,16,2023-01-02 22:06:06,false,
TK60986,2023-01-02 09:53:00,chat,onboarding,normal,Issue with add a teammate,125,2023-01-05 01:17:54,false,5
TK60718,2023-01-02 20:37:00,email,account,low,Unable to a duplicate charge,127,2023-01-04 09:34:53,false,2
TK62105,2023-01-02 21:07:00,email,account,urgent,Question about webhook deliveries failing,32,2023-01-03 06:51:19,false,3
TK61752,2023-01-02 21:28:00,in-app,billing,urgent,Issue with a duplicate charge,9,2023-01-03 12:56:18,false,4
TK63566,2023-01-02 22:20:00,chat,onboarding,normal,Issue with the dashboard loading slowly,58,2023-01-03 08:18:51,true,
TK63266,2023-01-03 00:38:00,email,technical,normal,Request to the invoice for last month,46,2023-01-03 11:51:25,false,
TK62379,2023-01-03 00:43:00,chat,account,high,Issue with the API rate limit,4,2023-01-03 09:52:49,false,
TK63201,2023-01-03 04:11:00,phone,account,normal,How do I log in after password reset,47,,false,
TK63493,2023-01-03 04:48:00,chat,account,normal,Unable to the invoice for last month,78,2023-01-04 09:59:47,false,
TK61552,2023-01-03 08:56:00,in-app,technical,normal,Request to webhook deliveries failing,285,2023-01-04 12:24:02,true,
TK62963,2023-01-03 10:11:00,chat,account,high,How do I the API rate limit,19,2023-01-03 18:11:36,false,
TK61844,2023-01-03 10:25:00,chat,billing,high,Error when export my data,32,2023-01-03 12:13:27,false,
TK62478,2023-01-03 10:48:00,email,billing,normal,How do I the API rate limit,103,2023-01-04 03:55:25,false,
TK60108,2023-01-03 11:08:00,email,billing,low,Error when export my data,137,2023-01-05 09:02:09,false,5
TK63111,2023-01-03 12:57:00,chat,technical,high,Error when a refund for an annual plan,19,2023-01-04 10:23:01,false,
TK61543,2023-01-03 13:04:00,in-app,technical,normal,Cannot the API rate limit,368,2023-01-03 19:54:48,false,4
TK61064,2023-01-03 13:27:00,phone,technical,normal,Request to a duplicate charge,106,2023-01-04 14:42:21,false,4
TK62588,2023-01-03 13:49:00,email,account,low,Unable to two-factor authentication,98,2023-01-06 19:48:56,false,
TK62293,2023-01-03 17:14:00,email,account,low,Question about a duplicate charge,221,2023-01-04 21:23:43,false,
TK61772,2023-01-03 17:31:00,chat,integrations,normal,Request to connecting the Snowflake sync,30,2023-01-04 19:04:09,false,
TK63162,2023-01-03 17:42:00,email,technical,normal,Issue with downgrade my plan,204,2023-01-12 17:50:55,false,
TK60741,2023-01-03 18:50:00,in-app,account,high,Unable to webhook deliveries failing,31,2023-01-03 22:51:59,false,
TK61715,2023-01-03 18:54:00,chat,billing,normal,Question about a refund for an annual plan,215,2023-01-05 00:47:31,false,
TK63727,2023-01-03 19:19:00,in-app,account,high,Question about the API rate limit,96,2023-01-04 04:44:45,false,
TK63763,2023-01-03 19:19:00,in-app,technical,normal,How do I connecting the Snowflake sync,36,2023-01-11 00:16:24,false,
TK61327,2023-01-03 19:26:00,phone,technical,normal,Question about add a teammate,145,2023-01-06 17:54:59,false,5
TK62473,2023-01-03 19:41:00,email,account,normal,Error when add a teammate,,2023-01-05 01:37:02,false,4
TK63626,2023-01-03 20:31:00,phone,onboarding,normal,Issue with a refund for an annual plan,192,2023-01-04 10:20:21,false,
TK61368,2023-01-03 22:19:00,in-app,billing,low,Issue with two-factor authentication,207,2023-01-06 20:49:04,false,
TK62973,2023-01-03 23:30:00,email,onboarding,urgent,Cannot the dashboard loading slowly,113,2023-01-05 12:27:55,false,4
TK60698,2023-01-03 23:59:00,chat,technical,low,Cannot a duplicate charge,470,2023-01-05 21:38:47,false,3
TK60483,2023-01-04 01:45:00,in-app,technical,low,Error when two-factor authentication,79,2023-01-24 14:44:11,false,4
TK63172,2023-01-04 02:10:00,chat,billing,low,Cannot export my data,151,2023-01-06 02:26:55,false,5
TK61922,2023-01-04 03:12:00,phone,onboarding,normal,Cannot connecting the Snowflake sync,113,2023-01-04 15:32:14,false,
TK61355,2023-01-04 05:18:00,chat,integrations,normal,Question about the API rate limit,21,2023-01-04 22:32:26,false,
TK63785,2023-01-04 09:54:00,email,account,low,Cannot a duplicate charge,81,2023-01-08 02:09:38,false,
TK60846,2023-01-04 10:48:00,email,onboarding,high,Request to the invoice for last month,31,2023-01-04 14:33:30,false,
TK61514,2023-01-04 12:40:00,email,technical,low,Cannot a duplicate charge,44,2023-01-05 21:04:03,false,
TK62935,2023-01-04 13:11:00,email,billing,urgent,Issue with the dashboard loading slowly,6,2023-01-04 14:18:36,false,
TK60223,2023-01-04 15:34:00,email,billing,normal,Error when the dashboard loading slowly,31,2023-01-05 16:58:21,false,
TK61012,2023-01-04 16:44:00,in-app,account,low,Request to the API rate limit,169,2023-01-04 21:01:05,true,
TK61454,2023-01-04 16:44:00,chat,technical,normal,How do I webhook deliveries failing,259,2023-01-10 10:34:55,false,
TK63917,2023-01-04 17:32:00,email,technical,low,Cannot downgrade my plan,934,2023-01-07 00:00:16,false,
TK63216,2023-01-04 20:24:00,phone,billing,normal,Cannot export my data,36,2023-01-05 07:11:45,false,4
TK61668,2023-01-04 23:50:00,chat,account,low,Error when add a teammate,708,2023-01-06 11:06:33,false,5
TK62469,2023-01-05 00:09:00,in-app,technical,high,Cannot downgrade my plan,20,2023-01-09 07:55:20,false,
TK63761,2023-01-05 01:18:00,email,onboarding,urgent,Cannot connecting the Snowflake sync,33,2023-01-05 04:10:13,false,4
TK63779,2023-01-05 08:48:00,phone,billing,low,Issue with downgrade my plan,156,2023-01-09 21:38:28,false,5
TK61447,2023-01-05 09:04:00,in-app,billing,normal,Issue with the API rate limit,104,,false,
TK60026,2023-01-05 10:38:00,email,account,high,Unable to export my data,32,2023-01-06 08:31:55,false,5
TK63164,2023-01-05 12:12:00,email,billing,normal,Unable to two-factor authentication,34,2023-01-06 09:55:04,false,4
TK62482,2023-01-05 13:10:00,chat,billing,normal,Cannot the API rate limit,92,2023-01-11 21:49:48,false,
TK61086,2023-01-05 14:35:00,phone,technical,low,Unable to downgrade my plan,387,2023-01-15 14:20:10,false,
TK63190,2023-01-05 15:15:00,chat,account,urgent,Cannot a duplicate charge,18,2023-01-06 05:01:55,false,
TK62492,2023-01-05 18:56:00,email,technical,high,Cannot add a teammate,58,2023-01-06 18:02:06,false,
TK63863,2023-01-05 21:39:00,in-app,billing,normal,How do I the API rate limit,45,2023-01-06 01:48:13,false,
TK60554,2023-01-05 22:20:00,email,billing,urgent,Request to export my data,38,2023-01-06 01:27:19,false,
TK60414,2023-01-05 23:02:00,in-app,account,normal,Cannot connecting the Snowflake sync,195,2023-01-06 17:58:53,false,
TK62317,2023-01-06 04:23:00,chat,account,normal,Cannot two-factor authentication,85,2023-01-06 15:34:36,false,
TK63954,2023-01-06 07:34:00,email,onboarding,normal,Cannot connecting the Snowflake sync,247,2023-01-08 06:40:50,false,
TK63371,2023-01-06 11:17:00,chat,technical,normal,Unable to two-factor authentication,50,2023-01-12 10:20:03,true,5
TK62454,2023-01-06 15:45:00,phone,billing,normal,How do I the API rate limit,,2023-01-06 18:27:43,false,
TK61288,2023-01-06 21:08:00,email,integrations,low,Question about the dashboard loading slowly,186,2023-01-19 09:31:55,false,
TK63806,2023-01-06 22:19:00,email,account,normal,Issue with webhook deliveries failing,182,2023-01-07 15:37:23,false,
TK63739,2023-01-06 22:22:00,in-app,technical,normal,Request to webhook deliveries failing,106,2023-01-07 13:17:45,false,5
TK60083,2023-01-07 00:10:00,email,onboarding,low,How do I the dashboard loading slowly,166,2023-01-07 15:46:43,false,
TK63163,2023-01-07 06:34:00,email,onboarding,normal,Error when log in after password reset,151,2023-01-08 01:01:42,false,3
TK60587,2023-01-07 07:07:00,chat,account,normal,Cannot the invoice for last month,157,2023-01-07 14:32:09,false,
TK61744,2023-01-07 12:57:00,email,billing,low,Issue with two-factor authentication,269,2023-01-10 14:12:18,true,5
TK60461,2023-01-07 13:10:00,chat,technical,high,How do I downgrade my plan,21,2023-01-07 18:02:34,false,
TK61884,2023-01-07 16:59:00,email,technical,high,Unable to the invoice for last month,15,2023-01-07 23:53:48,false,
TK60789,2023-01-07 19:00:00,chat,technical,high,Unable to log in after password reset,18,2023-01-09 02:00:10,false,4
TK63894,2023-01-07 23:22:00,in-app,integrations,urgent,Cannot add a teammate,4,2023-01-09 08:46:56,false,
TK63429,2023-01-08 00:56:00,chat,account,high,How do I a duplicate charge,37,2023-01-08 07:25:01,false,
TK62322,2023-01-08 04:33:00,chat,onboarding,low,How do I connecting the Snowflake sync,369,2023-01-08 23:31:46,false,5
TK63532,2023-01-08 08:23:00,in-app,billing,urgent,How do I webhook deliveries failing,21,2023-01-08 10:49:22,false,
TK63617,2023-01-08 08:43:00,in-app,onboarding,normal,Question about the invoice for last month,81,2023-01-17 23:41:58,false,
TK61205,2023-01-08 11:28:00,email,billing,low,How do I the dashboard loading slowly,155,2023-01-15 17:26:40,false,
TK60646,2023-01-08 13:56:00,chat,account,high,How do I export my data,188,2023-01-11 02:51:41,false,5
TK61848,2023-01-08 14:37:00,email,account,high,Issue with a refund for an annual plan,170,2023-01-10 05:53:38,false,
TK60669,2023-01-08 16:17:00,in-app,billing,urgent,Question about two-factor authentication,41,2023-01-08 17:05:46,false,
TK60432,2023-01-08 16:44:00,in-app,technical,normal,Issue with the dashboard loading slowly,98,2023-01-09 18:38:33,false,
TK60123,2023-01-08 18:36:00,chat,integrations,normal,Issue with add a teammate,66,2023-01-09 05:15:59,false,3
TK61836,2023-01-08 20:04:00,email,billing,normal,How do I export my data,15,2023-01-09 04:39:40,false,4
TK60719,2023-01-09 01:22:00,chat,billing,normal,Request to a duplicate charge,52,2023-01-09 15:29:10,false,4
TK63694,2023-01-09 15:38:00,phone,billing,high,Cannot a refund for an annual plan,23,2023-01-09 21:21:38,false,4
TK62285,2023-01-09 17:56:00,email,billing,normal,Question about the API rate limit,158,2023-01-10 23:23:34,false,3
TK61045,2023-01-09 19:34:00,email,onboarding,normal,Cannot the API rate limit,216,2023-01-15 03:26:36,false,
TK63883,2023-01-09 21:52:00,in-app,account,urgent,Issue with a duplicate charge,2,2023-01-09 22:15:07,false,5
TK60712,2023-01-09 22:03:00,chat,technical,normal,Request to a refund for an annual plan,231,2023-01-17 14:43:01,false,1
TK61791,2023-01-10 01:18:00,chat,technical,urgent,Question about two-factor authentication,50,2023-01-10 05:34:25,false,
TK60844,2023-01-10 02:04:00,email,account,high,Cannot the invoice for last month,229,2023-01-10 17:01:09,false,
TK63819,2023-01-10 03:15:00,in-app,integrations,normal,How do I the dashboard loading slowly,244,2023-02-02 22:50:09,false,
TK60382,2023-01-10 03:26:00,chat,billing,high,Cannot downgrade my plan,27,2023-01-12 06:07:15,false,
TK61931,2023-01-10 03:40:00,in-app,billing,low,Request to the invoice for last month,952,2023-01-11 04:38:08,false,
TK62181,2023-01-10 03:46:00,phone,technical,normal,Issue with add a teammate,153,2023-01-11 16:13:08,false,
TK62488,2023-01-10 12:05:00,chat,billing,normal,Request to two-factor authentication,18,2023-01-11 04:25:10,false,4
TK62523,2023-01-10 18:45:00,chat,onboarding,urgent,Request to connecting the Snowflake sync,59,2023-01-10 20:05:31,false,
TK62400,2023-01-10 23:50:00,email,technical,normal,Unable to a refund for an annual plan,80,2023-01-12 03:31:31,false,
TK61210,2023-01-11 02:39:00,chat,onboarding,normal,Issue with webhook deliveries failing,20,2023-01-11 18:42:48,false,
TK62682,2023-01-11 03:24:00,email,billing,high,Cannot a refund for an annual plan,176,2023-01-11 09:03:51,false,
TK61277,2023-01-11 03:36:00,email,billing,high,Question about a refund for an annual plan,35,2023-01-13 04:00:15,false,2
TK61534,2023-01-11 08:18:00,chat,billing,high,Error when connecting the Snowflake sync,23,2023-01-11 10:56:06,false,
TK62997,2023-01-11 09:08:00,phone,technical,normal,Issue with two-factor authentication,101,2023-01-16 05:37:10,false,5
TK61374,2023-01-11 14:50:00,chat,onboarding,low,Unable to a refund for an annual plan,179,2023-01-11 19:53:39,false,
TK61057,2023-01-11 14:58:00,email,onboarding,normal,Question about the API rate limit,164,2023-01-12 08:21:47,false,3
TK61123,2023-01-11 15:21:00,email,billing,urgent,Request to the API rate limit,6,2023-01-11 16:41:39,false,
TK61048,2023-01-11 16:07:00,chat,technical,normal,Question about a duplicate charge,26,2023-01-13 12:23:20,false,
TK62453,2023-01-11 20:20:00,phone,onboarding,normal,Error when a refund for an annual plan,53,2023-01-12 09:36:45,false,
TK62316,2023-01-11 20:53:00,email,billing,high,How do I connecting the Snowflake sync,,2023-01-12 03:19:34,false,4
TK63580,2023-01-11 22:22:00,in-app,account,low,Request to add a teammate,282,2023-01-29 01:59:17,false,
TK62220,2023-01-11 22:38:00,email,technical,high,Issue with downgrade my plan,104,2023-01-12 12:41:38,false,
TK62787,2023-01-12 01:01:00,in-app,technical,normal,Cannot a duplicate charge,173,,false,
TK63859,2023-01-12 07:45:00,phone,onboarding,urgent,How do I the dashboard loading slowly,8,2023-01-12 13:24:18,false,3
TK63613,2023-01-12 09:21:00,in-app,account,normal,Question about webhook deliveries failing,77,2023-01-13 08:20:44,false,
TK60280,2023-01-12 13:04:00,email,billing,normal,Issue with two-factor authentication,271,2023-01-13 01:15:59,false,
TK62573,2023-01-12 13:28:00,phone,account,low,Cannot a duplicate charge,269,2023-01-25 18:57:13,false,
TK60687,2023-01-12 17:03:00,in-app,billing,normal,Issue with the API rate limit,75,2023-01-12 22:05:27,false,4
TK62172,2023-01-12 19:13:00,in-app,account,low,Question about log in after password reset,44,2023-01-13 13:46:26,false,
TK62676,2023-01-12 21:26:00,in-app,integrations,normal,Issue with export my data,449,2023-01-16 08:58:26,false,
TK63279,2023-01-13 00:36:00,phone,account,normal,Error when the invoice for last month,60,2023-01-13 03:02:13,false,4
TK63622,2023-01-13 01:14:00,chat,billing,normal,Error when add a teammate,129,2023-01-13 03:29:41,false,
TK63034,2023-01-13 02:08:00,email,onboarding,high,How do I connecting the Snowflake sync,33,2023-01-13 10:59:09,false,
TK63831,2023-01-13 03:00:00,in-app,billing,high,Issue with connecting the Snowflake sync,34,2023-01-13 15:20:56,false,
TK61364,2023-01-13 03:35:00,email,technical,normal,Question about the invoice for last month,166,2023-01-18 18:54:45,false,3
TK62175,2023-01-13 05:40:00,chat,onboarding,normal,Question about connecting the Snowflake sync,83,2023-01-14 03:38:50,false,
TK62707,2023-01-13 10:18:00,chat,technical,low,Question about the API rate limit,101,2023-01-16 00:42:57,false,
TK61722,2023-01-13 11:10:00,chat,account,high,Issue with the invoice for last month,65,2023-01-13 15:54:58,false,5
TK62873,2023-01-13 17:02:00,email,onboarding,normal,How do I the invoice for last month,33,2023-01-15 06:09:45,false,
TK62825,2023-01-13 19:24:00,chat,onboarding,normal,How do I webhook deliveries failing,51,2023-01-16 12:20:11,false,
TK60866,2023-01-13 19:53:00,chat,onboarding,normal,How do I the API rate limit,119,2023-01-16 22:12:45,false,4
TK61439,2023-01-14 01:30:00,chat,integrations,high,Cannot add a teammate,24,2023-01-14 14:10:40,true,
TK60786,2023-01-14 02:31:00,email,account,high,How do I downgrade my plan,62,2023-01-14 03:55:36,false,
TK60409,2023-01-14 05:07:00,email,account,low,Request to the dashboard loading slowly,50,2023-01-17 13:39:37,false,
TK63549,2023-01-14 05:29:00,email,billing,low,Error when a refund for an annual plan,736,2023-01-14 14:13:20,false,2
TK60530,2023-01-14 07:21:00,phone,billing,normal,Issue with add a teammate,7,2023-01-14 15:37:02,false,5
TK61720,2023-01-14 09:59:00,in-app,technical,high,Question about the API rate limit,68,2023-01-14 13:58:35,true,
TK60816,2023-01-14 16:04:00,email,technical,low,How do I downgrade my plan,,2023-01-19 03:29:45,true,5
TK63535,2023-01-14 22:07:00,chat,account,normal,Cannot a refund for an annual plan,59,2023-01-16 08:43:42,false,
TK63602,2023-01-14 22:38:00,email,technical,low,Question about two-factor authentication,261,2023-01-17 19:43:21,true,4
TK60289,2023-01-15 00:08:00,email,billing,low,Cannot a duplicate charge,268,2023-01-21 11:58:45,false,
TK60946,2023-01-15 03:43:00,chat,billing,low,Error when the API rate limit,104,2023-01-15 07:36:13,false,
TK62948,2023-01-15 10:14:00,chat,technical,normal,Cannot log in after password reset,25,2023-01-19 18:49:31,false,
TK60484,2023-01-15 10:22:00,chat,technical,normal,Question about the dashboard loading slowly,7,2023-01-16 13:40:17,false,
TK60688,2023-01-15 11:12:00,in-app,technical,low,How do I a refund for an annual plan,146,2023-02-08 00:14:56,false,
TK60473,2023-01-15 11:33:00,email,billing,urgent,Error when export my data,32,2023-01-15 11:42:33,false,4
TK61694,2023-01-15 11:48:00,chat,integrations,high,Issue with the dashboard loading slowly,12,2023-01-16 07:43:25,false,
TK63159,2023-01-15 11:55:00,in-app,technical,low,Question about the API rate limit,510,2023-01-16 20:56:33,false,3
TK63342,2023-01-15 14:15:00,in-app,billing,high,Error when the dashboard loading slowly,18,2023-01-15 17:46:42,false,4
TK62885,2023-01-15 19:06:00,chat,integrations,normal,Request to a refund for an annual plan,18,2023-01-16 10:35:42,false,
TK63058,2023-01-15 19:29:00,chat,integrations,normal,Error when downgrade my plan,86,2023-01-15 23:56:00,false,
TK63543,2023-01-15 19:45:00,in-app,onboarding,normal,Request to the dashboard loading slowly,247,2023-01-17 04:54:10,false,4
TK62461,2023-01-15 20:36:00,email,account,normal,Question about the dashboard loading slowly,115,2023-01-20 17:31:07,true,4
TK62934,2023-01-15 22:02:00,email,technical,low,Request to the dashboard loading slowly,259,2023-01-24 12:43:29,false,
TK60675,2023-01-16 01:20:00,phone,billing,high,Issue with webhook deliveries failing,60,2023-01-16 03:57:01,false,
TK62570,2023-01-16 05:36:00,chat,technical,low,Issue with a refund for an annual plan,99,2023-01-21 15:01:15,false,1
TK62401,2023-01-16 06:13:00,chat,technical,low,Issue with downgrade my plan,567,2023-02-01 18:00:25,false,5
TK60040,2023-01-16 07:41:00,chat,technical,normal,How do I a refund for an annual plan,107,2023-01-17 21:17:47,false,
TK60397,2023-01-16 07:52:00,chat,technical,high,Issue with log in after password reset,154,2023-01-16 14:31:14,false,
TK63497,2023-01-16 11:41:00,email,account,low,Request to the dashboard loading slowly,208,2023-01-18 09:40:18,false,
TK63670,2023-01-16 12:47:00,email,billing,low,Request to connecting the Snowflake sync,3085,2023-01-17 23:52:14,false,
TK63949,2023-01-16 13:53:00,chat,integrations,low,How do I log in after password reset,117,2023-01-31 23:05:56,false,5
TK61958,2023-01-16 14:05:00,chat,onboarding,urgent,Question about two-factor authentication,53,2023-01-16 20:26:37,false,
TK60489,2023-01-16 16:08:00,phone,account,high,Request to a duplicate charge,37,2023-01-17 15:21:50,false,1
TK63615,2023-01-16 19:27:00,chat,technical,normal,Error when a duplicate charge,127,2023-01-20 17:29:48,false,4
TK60953,2023-01-16 19:39:00,phone,billing,normal,Request to the invoice for last month,32,2023-01-17 09:35:33,false,
TK60794,2023-01-16 23:58:00,email,onboarding,high,Unable to webhook deliveries failing,53,2023-01-20 03:53:27,false,
TK61199,2023-01-17 06:20:00,email,technical,high,Request to webhook deliveries failing,9,2023-01-18 00:25:20,false,
TK60434,2023-01-17 08:34:00,chat,integrations,normal,Error when connecting the Snowflake sync,174,2023-01-17 21:39:28,false,5
TK60870,2023-01-17 13:22:00,in-app,technical,normal,Unable to downgrade my plan,70,2023-01-18 11:50:11,false,
TK61354,2023-01-17 14:22:00,phone,onboarding,high,Question about log in after password reset,3,2023-01-17 17:08:36,false,
TK62418,2023-01-17 18:56:00,chat,onboarding,normal,Question about a refund for an annual plan,,2023-01-22 01:17:20,false,
TK61225,2023-01-17 21:29:00,in-app,integrations,normal,Request to downgrade my plan,373,2023-01-19 00:23:49,false,5
TK61465,2023-01-18 04:11:00,email,account,normal,How do I log in after password reset,47,2023-01-18 15:52:29,false,
TK62776,2023-01-18 04:31:00,in-app,billing,normal,Unable to connecting the Snowflake sync,51,2023-01-18 14:54:12,false,3
TK60344,2023-01-18 06:58:00,chat,account,urgent,Issue with the dashboard loading slowly,5,2023-01-18 08:28:20,false,
TK61469,2023-01-18 09:14:00,email,billing,normal,Question about webhook deliveries failing,386,2023-01-21 08:38:04,false,5
TK62517,2023-01-18 09:19:00,chat,onboarding,normal,Unable to log in after password reset,162,2023-01-18 14:13:00,false,
TK62496,2023-01-18 13:08:00,chat,technical,normal,Unable to a refund for an annual plan,134,2023-01-21 03:14:00,false,
TK61951,2023-01-18 14:59:00,chat,technical,high,Cannot a duplicate charge,26,2023-01-18 23:57:37,false,
TK61759,2023-01-19 01:32:00,chat,technical,high,Request to the dashboard loading slowly,36,2023-01-19 06:35:48,false,4
TK60477,2023-01-19 02:12:00,email,integrations,normal,Issue with a refund for an annual plan,196,2023-01-20 05:08:09,false,
TK62780,2023-01-19 07:03:00,chat,integrations,normal,Request to a duplicate charge,28,2023-01-20 08:03:46,false,5
TK60919,2023-01-19 07:58:00,chat,integrations,high,Request to the API rate limit,24,2023-01-19 11:39:58,false,2
TK60907,2023-01-19 09:28:00,in-app,technical,low,Error when the dashboard loading slowly,551,2023-01-21 17:41:00,false,5
TK61016,2023-01-19 14:20:00,email,billing,low,How do I add a teammate,169,2023-01-20 00:15:00,false,
TK60455,2023-01-19 14:45:00,email,onboarding,normal,Request to a duplicate charge,102,2023-01-19 18:15:01,false,
TK63542,2023-01-19 14:49:00,email,account,urgent,Issue with the dashboard loading slowly,1,2023-01-19 15:46:40,false,
TK63350,2023-01-19 15:17:00,chat,billing,low,Question about add a teammate,246,2023-01-23 03:20:16,false,
TK62227,2023-01-19 16:05:00,in-app,billing,normal,Error when the dashboard loading slowly,122,2023-01-20 11:21:41,false,2
TK61263,2023-01-20 03:51:00,email,technical,normal,Error when a duplicate charge,31,2023-01-21 18:44:39,false,
TK60780,2023-01-20 05:23:00,chat,account,low,Request to the API rate limit,75,2023-01-20 11:39:26,false,3
TK61622,2023-01-20 08:46:00,email,billing,normal,Issue with a duplicate charge,42,2023-01-22 13:55:56,false,2
TK62217,2023-01-20 08:54:00,email,technical,low,Cannot export my data,129,2023-01-23 07:12:44,false,
TK60035,2023-01-20 10:51:00,phone,technical,normal,Request to connecting the Snowflake sync,213,2023-01-21 13:13:17,false,5
TK60686,2023-01-20 13:27:00,in-app,integrations,high,Error when connecting the Snowflake sync,74,2023-01-20 14:23:17,false,3
TK63137,2023-01-20 14:00:00,chat,technical,normal,Error when the dashboard loading slowly,219,2023-01-26 10:34:37,false,1
TK62121,2023-01-20 15:04:00,chat,technical,high,Error when add a teammate,17,2023-01-20 19:51:14,false,
TK60568,2023-01-20 15:29:00,phone,onboarding,normal,Question about the API rate limit,12,2023-01-21 04:18:38,false,
TK60548,2023-01-20 17:32:00,chat,onboarding,normal,Cannot webhook deliveries failing,285,2023-01-21 22:08:10,false,
TK60418,2023-01-20 19:14:00,in-app,billing,urgent,Request to two-factor authentication,30,2023-01-21 01:17:14,true,
TK61391,2023-01-21 00:47:00,email,integrations,normal,Request to the API rate limit,42,2023-01-26 02:27:22,false,4
TK63884,2023-01-21 02:45:00,chat,technical,high,Unable to webhook deliveries failing,32,2023-01-21 19:34:25,false,
TK63212,2023-01-21 07:32:00,chat,technical,low,Cannot add a teammate,785,2023-01-22 02:03:00,false,4
TK62153,2023-01-21 08:40:00,chat,account,normal,How do I add a teammate,28,2023-01-21 10:12:51,false,
TK60492,2023-01-21 09:09:00,email,integrations,high,Request to the dashboard loading slowly,33,2023-01-22 02:04:57,false,3
TK63678,2023-01-21 18:44:00,in-app,technical,normal,Cannot log in after password reset,199,2023-01-22 11:12:04,false,5
TK62212,2023-01-21 22:39:00,chat,account,low,Unable to the dashboard loading slowly,243,2023-01-22 07:02:53,false,5
TK61253,2023-01-21 22:43:00,in-app,integrations,normal,Error when export my data,29,2023-01-25 16:12:41,false,
TK60772,2023-01-22 06:25:00,email,technical,high,Request to a refund for an annual plan,41,2023-01-22 20:57:58,false,
TK61755,2023-01-22 07:10:00,chat,billing,normal,How do I webhook deliveries failing,315,2023-01-22 08:22:35,false,
TK62651,2023-01-22 08:32:00,phone,billing,high,Issue with webhook deliveries failing,121,2023-01-23 14:36:06,false,
TK61359,2023-01-22 10:14:00,in-app,billing,normal,Unable to connecting the Snowflake sync,77,2023-01-23 15:51:14,false,5
TK61865,2023-01-22 14:12:00,chat,account,normal,How do I add a teammate,90,2023-01-23 23:35:38,false,
TK63705,2023-01-22 14:22:00,in-app,account,normal,Request to connecting the Snowflake sync,200,2023-01-24 18:43:10,false,
TK62145,2023-01-22 15:41:00,email,technical,normal,Issue with downgrade my plan,431,2023-01-24 11:04:43,false,
TK62700,2023-01-22 23:00:00,email,billing,normal,How do I the invoice for last month,293,2023-01-23 20:53:34,false,
TK61419,2023-01-22 23:04:00,phone,billing,low,Question about two-factor authentication,210,2023-01-24 14:19:11,false,
TK62719,2023-01-23 00:14:00,phone,technical,urgent,Error when downgrade my plan,,2023-01-24 07:15:50,false,4
TK62341,2023-01-23 05:28:00,email,technical,high,Question about downgrade my plan,187,2023-01-25 11:05:50,false,
TK60499,2023-01-23 13:39:00,email,integrations,normal,Error when connecting the Snowflake sync,214,2023-02-10 15:55:10,false,
TK61366,2023-01-23 16:10:00,email,billing,low,Request to downgrade my plan,181,2023-01-25 00:04:34,false,
TK61302,2023-01-23 16:29:00,chat,technical,low,Question about a duplicate charge,76,2023-02-01 04:17:28,false,4
TK60752,2023-01-23 16:57:00,email,account,normal,Error when downgrade my plan,439,2023-01-24 15:08:33,true,4
TK62631,2023-01-23 18:03:00,in-app,billing,urgent,Unable to two-factor authentication,18,2023-01-23 22:21:53,false,
TK62483,2023-01-24 01:56:00,email,onboarding,high,How do I two-factor authentication,53,2023-01-24 05:58:10,false,
TK63343,2023-01-24 03:22:00,chat,technical,normal,Error when the dashboard loading slowly,44,2023-01-26 18:17:20,true,
TK63711,2023-01-24 08:29:00,email,integrations,high,Question about log in after password reset,80,2023-01-27 04:14:55,true,
TK62424,2023-01-24 10:54:00,email,integrations,normal,Issue with downgrade my plan,169,2023-01-27 01:08:25,false,
TK61672,2023-01-24 11:25:00,email,integrations,normal,How do I the API rate limit,,2023-01-29 10:08:13,false,5
TK61417,2023-01-24 12:52:00,chat,integrations,high,Error when downgrade my plan,24,2023-01-25 18:41:29,false,
TK63317,2023-01-24 15:07:00,chat,billing,normal,Error when the API rate limit,177,2023-01-25 02:44:00,false,
TK60142,2023-01-24 15:49:00,in-app,billing,high,Request to add a teammate,17,2023-01-24 18:30:40,false,
TK62010,2023-01-24 18:59:00,in-app,billing,normal,Error when the invoice for last month,161,2023-01-24 23:49:10,false,
TK63927,2023-01-24 19:27:00,chat,billing,normal,Issue with log in after password reset,36,2023-01-26 10:39:55,false,5
TK63072,2023-01-24 19:44:00,in-app,integrations,low,Question about a refund for an annual plan,65,2023-01-25 20:07:44,false,
TK61287,2023-01-25 01:17:00,chat,account,normal,Unable to a duplicate charge,88,2023-01-25 09:27:16,false,
TK60960,2023-01-25 04:02:00,chat,onboarding,high,Error when two-factor authentication,35,2023-01-25 21:30:12,false,
TK62029,2023-01-25 04:18:00,phone,billing,normal,Unable to connecting the Snowflake sync,,2023-01-27 22:33:54,false,
TK63699,2023-01-25 07:51:00,chat,account,normal,Unable to a duplicate charge,239,2023-01-26 08:12:38,false,
TK63902,2023-01-25 09:24:00,email,billing,normal,Issue with the API rate limit,239,2023-01-25 10:53:01,false,
TK60792,2023-01-25 15:12:00,chat,onboarding,high,Issue with downgrade my plan,82,2023-01-26 00:29:14,true,
TK63583,2023-01-25 17:27:00,phone,integrations,low,How do I downgrade my plan,836,2023-01-27 02:24:28,false,
TK60582,2023-01-25 19:29:00,chat,billing,normal,Request to connecting the Snowflake sync,55,2023-01-27 16:24:39,false,5
TK60545,2023-01-25 19:56:00,in-app,account,high,Request to the API rate limit,133,2023-01-25 22:55:59,false,5
TK61085,2023-01-25 20:05:00,phone,billing,normal,Cannot log in after password reset,60,2023-01-26 21:50:12,false,
TK62050,2023-01-25 20:30:00,email,billing,high,Unable to the API rate limit,78,2023-01-26 01:45:28,false,2
TK61015,2023-01-25 20:40:00,email,integrations,high,Error when two-factor authentication,60,2023-01-26 13:15:54,false,
TK62388,2023-01-25 22:55:00,phone,billing,urgent,Unable to downgrade my plan,19,2023-01-26 10:39:03,false,
TK60276,2023-01-26 00:30:00,email,onboarding,high,Issue with connecting the Snowflake sync,110,,false,
TK63743,2023-01-26 00:36:00,phone,technical,high,Cannot downgrade my plan,155,2023-01-26 18:35:00,false,
TK63980,2023-01-26 01:24:00,in-app,technical,low,Issue with the API rate limit,357,2023-02-02 02:09:49,false,5
TK62090,2023-01-26 05:42:00,chat,integrations,normal,Request to a refund for an annual plan,68,2023-02-02 01:58:34,false,5
TK62798,2023-01-26 13:46:00,email,technical,normal,Issue with the API rate limit,197,,false,
TK62639,2023-01-26 14:10:00,in-app,technical,low,Question about the dashboard loading slowly,60,2023-01-29 05:48:14,false,
TK62754,2023-01-26 14:57:00,chat,integrations,normal,Error when log in after password reset,176,2023-01-28 19:36:04,false,
TK60521,2023-01-26 15:34:00,phone,onboarding,normal,Request to two-factor authentication,26,2023-01-29 11:14:25,false,
TK60824,2023-01-26 16:51:00,in-app,onboarding,high,How do I export my data,66,2023-01-26 23:45:48,false,4
TK60763,2023-01-27 08:32:00,in-app,integrations,normal,Unable to the invoice for last month,341,2023-01-28 05:06:29,false,
TK63824,2023-01-27 11:23:00,chat,onboarding,normal,Request to a refund for an annual plan,422,2023-01-28 19:19:49,true,
TK63099,2023-01-27 22:03:00,email,technical,low,Error when downgrade my plan,441,2023-02-06 15:52:23,false,
TK61097,2023-01-27 22:37:00,in-app,technical,normal,Cannot downgrade my plan,75,2023-01-29 11:51:50,false,1
TK63986,2023-01-28 06:17:00,email,billing,high,Error when log in after password reset,114,2023-01-28 11:03:15,false,
TK62484,2023-01-28 09:11:00,email,account,normal,Error when a duplicate charge,57,2023-01-28 16:08:04,false,1
TK62014,2023-01-28 14:57:00,in-app,technical,normal,Unable to the API rate limit,35,2023-01-31 14:19:49,false,
TK60647,2023-01-28 16:29:00,chat,billing,high,Request to two-factor authentication,80,2023-01-29 14:12:18,false,
TK62761,2023-01-28 17:11:00,email,technical,normal,Cannot a duplicate charge,106,2023-02-01 15:11:09,false,
TK61137,2023-01-28 18:59:00,chat,account,high,Unable to a refund for an annual plan,34,2023-01-29 10:48:31,false,
TK61227,2023-01-28 19:49:00,chat,technical,low,How do I the dashboard loading slowly,177,2023-03-13 20:52:21,false,
TK60072,2023-01-28 22:48:00,email,technical,high,How do I two-factor authentication,72,2023-01-29 17:37:35,false,1
TK61859,2023-01-28 22:56:00,chat,integrations,high,Unable to add a teammate,25,2023-01-31 00:32:35,false,5
TK63860,2023-01-29 03:26:00,email,billing,normal,Request to webhook deliveries failing,10,2023-01-30 03:07:32,false,2
TK63365,2023-01-29 05:15:00,in-app,billing,normal,Request to the invoice for last month,805,2023-01-29 10:48:14,false,
TK61994,2023-01-29 05:48:00,email,technical,normal,How do I the API rate limit,10,2023-02-01 09:51:04,false,
TK62044,2023-01-29 06:34:00,in-app,account,low,Unable to the dashboard loading slowly,,2023-01-29 18:18:21,false,5
TK60976,2023-01-29 09:25:00,email,billing,normal,Unable to the invoice for last month,250,2023-01-29 18:30:57,false,
TK61352,2023-01-29 09:54:00,in-app,account,normal,Error when downgrade my plan,27,2023-02-12 10:08:15,false,4
TK61264,2023-01-29 09:58:00,chat,billing,low,Unable to a refund for an annual plan,53,2023-01-30 13:46:02,false,4
TK60958,2023-01-29 10:27:00,email,technical,normal,Issue with add a teammate,141,2023-01-31 04:29:34,true,5
TK63651,2023-01-29 16:35:00,chat,account,normal,Request to a refund for an annual plan,223,2023-01-29 18:18:56,true,
TK62077,2023-01-29 16:42:00,chat,technical,high,Error when the dashboard loading slowly,144,2023-01-30 00:48:17,false,
TK63631,2023-01-29 17:57:00,chat,onboarding,normal,Issue with connecting the Snowflake sync,99,2023-01-31 01:32:07,false,
TK61400,2023-01-30 04:08:00,email,billing,normal,Unable to webhook deliveries failing,81,2023-01-30 16:03:29,false,
TK60526,2023-01-30 06:57:00,email,onboarding,normal,Error when connecting the Snowflake sync,361,2023-01-31 07:28:07,false,4
TK61091,2023-01-30 07:25:00,in-app,onboarding,urgent,Request to a refund for an annual plan,,2023-01-30 22:10:26,false,
TK61226,2023-01-30 08:40:00,chat,onboarding,normal,Request to connecting the Snowflake sync,82,2023-01-31 08:42:20,false,
TK62835,2023-01-30 15:49:00,in-app,technical,low,Cannot log in after password reset,566,2023-02-01 05:53:40,true,2
TK63573,2023-01-30 17:02:00,chat,account,normal,Request to a duplicate charge,82,2023-01-31 16:02:09,false,
TK62696,2023-01-30 20:36:00,in-app,onboarding,urgent,Request to the invoice for last month,28,2023-01-31 02:52:36,false,4
TK63744,2023-01-30 20:40:00,email,technical,normal,Cannot add a teammate,63,2023-01-31 19:40:00,false,
TK60814,2023-01-30 22:36:00,email,integrations,normal,Unable to downgrade my plan,324,2023-01-31 03:50:56,false,5
TK61443,2023-01-31 01:22:00,phone,integrations,normal,Error when add a teammate,358,2023-02-02 07:54:13,false,
TK60899,2023-01-31 01:53:00,chat,account,normal,Question about export my data,252,2023-02-02 10:38:03,false,
TK60298,2023-01-31 04:27:00,email,technical,normal,Request to downgrade my plan,85,2023-02-09 02:29:45,false,4
TK60533,2023-01-31 05:52:00,chat,technical,normal,Issue with the dashboard loading slowly,65,2023-01-31 11:32:40,false,5
TK63401,2023-01-31 07:18:00,chat,account,normal,Cannot log in after password reset,70,2023-02-01 19:14:18,false,
TK63552,2023-01-31 08:10:00,chat,onboarding,low,Unable to webhook deliveries failing,463,2023-02-02 23:20:13,false,
TK63197,2023-01-31 09:35:00,email,technical,normal,Cannot two-factor authentication,36,2023-02-04 09:49:48,false,
TK62848,2023-01-31 11:21:00,chat,account,normal,Error when add a teammate,30,2023-02-02 05:08:46,false,3
TK62280,2023-01-31 11:55:00,phone,account,normal,Unable to the API rate limit,409,2023-02-01 01:04:51,false,
TK60655,2023-01-31 18:53:00,email,billing,urgent,Issue with the invoice for last month,102,2023-02-01 03:06:34,false,2
TK62134,2023-01-31 20:56:00,email,account,low,Error when the dashboard loading slowly,18,2023-02-03 08:52:01,false,
TK60325,2023-02-01 01:04:00,phone,account,low,How do I the dashboard loading slowly,302,2023-02-08 17:22:12,false,
TK61472,2023-02-01 02:50:00,in-app,integrations,normal,Request to downgrade my plan,9,2023-02-10 00:12:23,false,
TK62187,2023-02-01 03:07:00,email,technical,normal,Cannot two-factor authentication,265,2023-02-01 12:48:33,false,
TK61154,2023-02-01 03:48:00,email,onboarding,low,Issue with a refund for an annual plan,706,2023-02-06 05:23:18,false,5
TK63797,2023-02-01 04:03:00,email,technical,normal,Issue with add a teammate,78,2023-02-01 10:01:57,false,4
TK60935,2023-02-01 09:09:00,email,onboarding,normal,Question about log in after password reset,87,2023-02-03 02:23:33,false,
TK62025,2023-02-01 11:40:00,email,billing,high,Question about log in after password reset,113,2023-02-01 13:00:26,false,5
TK60910,2023-02-01 11:43:00,chat,account,high,Request to export my data,12,2023-02-02 10:06:36,false,
TK60269,2023-02-01 13:49:00,email,technical,normal,Issue with a refund for an annual plan,114,2023-02-06 16:10:38,true,
TK60566,2023-02-02 04:11:00,in-app,technical,low,Unable to connecting the Snowflake sync,138,2023-02-13 23:11:42,false,5
TK61438,2023-02-02 07:10:00,email,integrations,normal,Request to the API rate limit,31,2023-02-03 18:55:52,false,
TK61993,2023-02-02 09:21:00,in-app,billing,high,Cannot two-factor authentication,43,2023-02-03 01:09:43,false,
TK60882,2023-02-02 11:50:00,chat,technical,normal,Issue with a duplicate charge,140,2023-02-11 04:17:56,false,3
TK63920,2023-02-02 11:56:00,in-app,billing,low,Unable to the dashboard loading slowly,176,2023-02-02 20:26:40,true,4
TK61067,2023-02-02 16:43:00,chat,account,normal,Request to the invoice for last month,,2023-02-07 14:37:45,false,
TK62532,2023-02-02 20:39:00,chat,account,high,Error when the API rate limit,62,2023-02-03 20:55:32,false,5
TK60129,2023-02-02 23:39:00,chat,account,urgent,Question about downgrade my plan,9,2023-02-03 02:27:54,false,3
TK63252,2023-02-03 01:14:00,chat,billing,normal,Request to a duplicate charge,93,2023-02-03 15:50:10,false,
TK61852,2023-02-03 01:59:00,email,billing,low,Cannot add a teammate,114,2023-02-03 06:51:42,false,5
TK62109,2023-02-03 04:49:00,phone,account,high,Unable to two-factor authentication,56,2023-02-03 05:56:17,false,4
TK60481,2023-02-03 08:08:00,in-app,billing,normal,Question about export my data,19,2023-02-04 07:37:33,false,4
TK63277,2023-02-03 11:24:00,chat,billing,normal,Error when two-factor authentication,89,2023-02-03 14:42:49,false,1
TK62237,2023-02-03 11:55:00,chat,integrations,low,Unable to the API rate limit,126,2023-02-04 21:02:33,false,4
TK60308,2023-02-03 14:19:00,email,billing,normal,Error when downgrade my plan,210,2023-02-05 11:51:26,false,
TK63060,2023-02-03 22:15:00,in-app,technical,normal,Error when add a teammate,145,2023-02-10 07:17:46,false,
TK60562,2023-02-03 22:52:00,email,technical,normal,How do I the invoice for last month,90,2023-02-09 09:12:00,false,5
TK62740,2023-02-03 23:15:00,email,onboarding,high,Request to add a teammate,13,2023-02-04 08:06:33,false,
TK62251,2023-02-04 11:24:00,phone,technical,normal,Question about webhook deliveries failing,20,,false,
TK60605,2023-02-04 11:54:00,in-app,onboarding,low,Cannot log in after password reset,98,2023-02-05 13:00:51,false,
TK61261,2023-02-04 17:23:00,phone,onboarding,low,Request to a refund for an annual plan,,2023-02-06 04:13:31,false,5
TK63173,2023-02-04 17:29:00,in-app,onboarding,normal,How do I webhook deliveries failing,114,2023-02-04 19:53:16,false,
TK60619,2023-02-04 17:58:00,chat,technical,low,How do I the dashboard loading slowly,455,,false,
TK60134,2023-02-04 18:59:00,chat,technical,high,Cannot export my data,55,2023-02-05 06:37:18,false,
TK63443,2023-02-05 01:32:00,phone,technical,low,Issue with add a teammate,153,2023-02-08 21:47:15,false,5
TK63665,2023-02-05 18:40:00,email,technical,normal,Cannot a duplicate charge,285,2023-02-21 05:42:06,false,
TK61026,2023-02-05 20:15:00,in-app,account,low,Question about a refund for an annual plan,1006,2023-02-07 12:12:20,false,
TK63624,2023-02-06 01:09:00,chat,integrations,high,Unable to downgrade my plan,77,2023-02-07 00:54:26,false,
TK60641,2023-02-06 01:23:00,in-app,billing,normal,How do I webhook deliveries failing,176,2023-02-07 05:24:13,false,
TK62949,2023-02-06 04:26:00,email,billing,high,How do I export my data,184,,false,
TK61674,2023-02-06 07:20:00,email,account,low,Question about the API rate limit,421,2023-02-07 02:48:09,false,5
TK63957,2023-02-06 08:17:00,email,integrations,normal,How do I webhook deliveries failing,579,2023-02-07 09:18:46,true,5
TK61733,2023-02-06 09:13:00,in-app,technical,urgent,Error when a duplicate charge,22,2023-02-06 23:22:11,false,
TK60232,2023-02-06 10:06:00,email,integrations,low,Error when a duplicate charge,72,2023-02-09 00:12:29,false,5
TK60985,2023-02-06 10:38:00,email,billing,high,How do I add a teammate,106,2023-02-07 13:07:24,false,
TK60991,2023-02-06 12:15:00,email,technical,normal,Request to the API rate limit,50,2023-02-12 16:16:53,false,
TK61395,2023-02-06 17:34:00,email,billing,high,Unable to log in after password reset,33,2023-02-06 18:56:03,false,
TK62063,2023-02-06 19:38:00,email,account,high,Cannot the dashboard loading slowly,63,2023-02-07 09:57:29,false,
TK61202,2023-02-06 20:38:00,chat,onboarding,normal,Issue with the invoice for last month,65,2023-02-07 23:26:11,false,
TK62125,2023-02-06 22:31:00,email,account,normal,Cannot export my data,74,2023-02-07 13:48:29,false,
TK61998,2023-02-06 22:37:00,in-app,technical,normal,Request to the invoice for last month,41,2023-02-10 23:29:03,false,
TK60835,2023-02-06 22:41:00,email,billing,normal,Issue with connecting the Snowflake sync,17,2023-02-07 16:55:30,false,
TK63818,2023-02-06 23:07:00,in-app,technical,high,Question about the dashboard loading slowly,24,2023-02-07 09:51:00,false,4
TK63876,2023-02-07 00:38:00,email,onboarding,urgent,Question about add a teammate,82,2023-02-07 17:11:52,false,
TK63856,2023-02-07 01:17:00,chat,technical,normal,Request to the API rate limit,38,2023-02-09 08:34:07,false,
TK61319,2023-02-07 07:18:00,email,account,normal,Issue with the dashboard loading slowly,143,2023-02-07 23:48:23,false,
TK60220,2023-02-07 09:43:00,chat,technical,high,Request to the API rate limit,52,2023-02-12 00:35:36,true,
TK61440,2023-02-07 10:15:00,email,onboarding,normal,Issue with connecting the Snowflake sync,29,2023-02-08 17:48:10,false,5
TK60189,2023-02-07 10:49:00,phone,onboarding,normal,Request to connecting the Snowflake sync,161,2023-02-09 20:13:50,false,
TK61941,2023-02-07 12:50:00,in-app,billing,normal,Error when a refund for an annual plan,171,2023-02-07 15:27:16,false,5
TK62877,2023-02-07 14:21:00,phone,integrations,high,Question about log in after password reset,21,2023-02-10 13:45:29,false,
TK63721,2023-02-07 17:26:00,chat,integrations,low,Error when webhook deliveries failing,384,2023-02-11 16:33:32,false,4
TK63690,2023-02-07 18:00:00,in-app,technical,normal,Error when log in after password reset,80,2023-02-10 05:53:44,false,
TK63335,2023-02-07 19:12:00,chat,billing,normal,Request to a duplicate charge,38,2023-02-08 11:48:34,false,
TK60051,2023-02-07 20:18:00,chat,integrations,normal,Issue with export my data,230,2023-02-13 20:43:30,true,4
TK62204,2023-02-07 20:49:00,chat,technical,normal,Request to two-factor authentication,19,2023-02-12 02:47:21,false,5
TK62683,2023-02-07 20:56:00,chat,account,normal,Cannot export my data,99,2023-02-09 03:50:40,false,
TK60603,2023-02-07 22:06:00,chat,technical,normal,Question about two-factor authentication,27,2023-02-09 13:44:05,false,
TK61699,2023-02-07 22:31:00,email,account,high,Request to connecting the Snowflake sync,12,2023-02-08 00:14:12,false,5
TK60019,2023-02-07 23:17:00,in-app,billing,low,Issue with export my data,139,2023-02-13 10:29:41,false,
TK63854,2023-02-08 00:51:00,chat,integrations,high,How do I add a teammate,113,2023-02-09 07:16:32,false,
TK63123,2023-02-08 02:42:00,email,integrations,low,Question about connecting the Snowflake sync,151,2023-02-11 13:39:13,false,
TK62348,2023-02-08 04:06:00,chat,billing,normal,Unable to a duplicate charge,572,,false,
TK61857,2023-02-08 05:58:00,phone,billing,high,Unable to a duplicate charge,37,2023-02-13 05:36:46,false,
TK61891,2023-02-08 07:01:00,email,technical,high,Cannot webhook deliveries failing,25,2023-02-09 01:26:27,false,
TK60090,2023-02-09 07:40:00,chat,billing,normal,How do I downgrade my plan,409,2023-02-10 20:23:16,false,
TK60767,2023-02-09 09:45:00,chat,technical,normal,Error when webhook deliveries failing,291,2023-02-12 22:02:38,false,
TK63508,2023-02-09 10:01:00,in-app,account,low,Error when log in after password reset,141,2023-02-10 08:59:35,false,
TK60480,2023-02-09 10:30:00,chat,technical,urgent,How do I the dashboard loading slowly,37,,false,
TK63448,2023-02-09 13:01:00,chat,billing,urgent,Error when the API rate limit,15,2023-02-09 18:38:37,false,
TK62140,2023-02-09 18:17:00,chat,billing,high,How do I the API rate limit,56,,false,
TK61230,2023-02-09 18:33:00,chat,billing,normal,Request to webhook deliveries failing,352,2023-02-11 08:32:37,false,
TK63185,2023-02-09 19:50:00,email,technical,normal,Unable to the dashboard loading slowly,,2023-02-10 12:07:19,false,
TK60369,2023-02-09 21:19:00,phone,technical,high,Cannot a refund for an annual plan,20,2023-02-12 05:39:06,true,
TK63498,2023-02-09 21:32:00,email,integrations,normal,How do I the API rate limit,244,2023-03-03 12:22:03,false,
TK62988,2023-02-10 03:02:00,phone,billing,low,How do I a duplicate charge,90,2023-02-11 03:19:39,false,
TK62833,2023-02-10 03:17:00,email,integrations,normal,Unable to log in after password reset,97,2023-02-10 16:29:57,false,
TK62347,2023-02-10 04:26:00,email,billing,high,Cannot connecting the Snowflake sync,51,2023-02-10 16:28:12,false,
TK60208,2023-02-10 04:44:00,in-app,technical,normal,Error when export my data,103,2023-02-13 06:28:45,false,
TK61780,2023-02-10 06:17:00,chat,technical,urgent,Unable to downgrade my plan,3,2023-02-10 22:35:03,false,
TK61208,2023-02-10 06:18:00,phone,technical,normal,Error when add a teammate,69,2023-02-11 12:52:23,false,
TK60347,2023-02-10 06:53:00,email,integrations,low,Cannot downgrade my plan,194,2023-02-10 15:03:21,false,1
TK60549,2023-02-10 09:28:00,phone,integrations,normal,Cannot log in after password reset,54,2023-02-11 00:18:15,false,4
TK61783,2023-02-10 10:34:00,chat,account,urgent,How do I log in after password reset,13,2023-02-10 11:49:34,false,
TK63788,2023-02-10 12:57:00,phone,onboarding,normal,Request to webhook deliveries failing,116,2023-02-10 19:23:17,false,
TK63503,2023-02-10 19:04:00,chat,account,high,Error when a duplicate charge,18,2023-02-12 06:31:31,false,
TK61146,2023-02-10 20:18:00,email,onboarding,normal,Question about a refund for an annual plan,65,2023-02-11 05:43:50,false,5
TK63129,2023-02-10 20:51:00,email,billing,normal,How do I webhook deliveries failing,442,2023-02-11 03:05:41,false,
TK61021,2023-02-10 22:50:00,email,technical,high,Request to webhook deliveries failing,40,2023-02-11 08:48:21,false,2
TK61274,2023-02-11 00:18:00,in-app,integrations,normal,Error when export my data,49,2023-02-17 15:48:15,false,5
TK63303,2023-02-11 00:32:00,chat,onboarding,normal,How do I downgrade my plan,117,2023-02-12 14:12:56,false,
TK60516,2023-02-11 01:48:00,email,account,normal,Request to the dashboard loading slowly,151,2023-02-13 22:03:37,false,
TK63022,2023-02-11 02:59:00,in-app,account,high,Issue with a duplicate charge,132,2023-02-11 16:05:42,false,
TK60056,2023-02-11 03:59:00,chat,onboarding,normal,Unable to the invoice for last month,87,2023-02-11 14:43:39,false,
TK60291,2023-02-11 07:39:00,chat,account,low,Request to downgrade my plan,335,2023-02-13 03:25:23,false,5
TK62903,2023-02-11 08:15:00,in-app,technical,low,Cannot downgrade my plan,236,2023-02-16 07:25:25,false,
TK61568,2023-02-11 12:14:00,email,onboarding,normal,Request to a duplicate charge,73,2023-02-15 23:53:27,false,
TK63057,2023-02-11 13:31:00,in-app,onboarding,normal,Question about the API rate limit,163,,false,
TK63326,2023-02-11 16:51:00,phone,onboarding,low,How do I two-factor authentication,297,2023-02-23 16:03:45,false,
TK63582,2023-02-11 17:35:00,in-app,technical,normal,Cannot the dashboard loading slowly,22,2023-02-12 17:59:27,false,
TK63992,2023-02-11 20:22:00,in-app,account,high,Cannot two-factor authentication,13,2023-02-12 01:21:52,false,
TK63485,2023-02-12 07:33:00,email,billing,high,Error when export my data,79,2023-02-13 06:10:03,false,
TK63793,2023-02-12 08:52:00,chat,billing,normal,Question about log in after password reset,36,2023-02-12 20:05:17,false,
TK60753,2023-02-12 17:11:00,chat,billing,normal,Question about a duplicate charge,90,2023-02-13 07:39:58,false,
TK62311,2023-02-12 20:43:00,chat,integrations,urgent,Question about export my data,9,2023-02-12 20:48:21,true,
TK63794,2023-02-12 21:46:00,in-app,technical,normal,How do I export my data,106,2023-02-13 09:52:44,false,5
TK63025,2023-02-13 00:53:00,in-app,technical,high,Request to two-factor authentication,11,2023-02-13 21:30:20,false,
TK63936,2023-02-13 03:05:00,chat,integrations,normal,Error when the invoice for last month,284,2023-02-15 17:03:37,false,
TK63827,2023-02-13 04:09:00,chat,onboarding,high,Question about a duplicate charge,98,2023-02-13 17:33:49,false,
TK60356,2023-02-13 06:04:00,chat,integrations,normal,Error when a refund for an annual plan,,2023-02-13 20:04:38,false,4
TK60102,2023-02-13 06:36:00,chat,billing,normal,Issue with the dashboard loading slowly,33,,false,
TK63766,2023-02-13 09:01:00,in-app,billing,urgent,How do I two-factor authentication,14,2023-02-13 10:18:48,false,4
TK62015,2023-02-13 09:07:00,email,billing,normal,Issue with webhook deliveries failing,73,2023-02-15 15:36:30,false,
TK63742,2023-02-13 10:19:00,chat,integrations,normal,Error when connecting the Snowflake sync,457,2023-02-22 06:27:51,false,
TK62995,2023-02-13 11:39:00,chat,billing,normal,How do I connecting the Snowflake sync,181,2023-02-14 16:04:05,true,
TK63608,2023-02-13 13:48:00,chat,billing,high,Issue with the API rate limit,58,2023-02-14 06:18:24,false,
TK63599,2023-02-13 14:46:00,in-app,account,low,Error when webhook deliveries failing,128,2023-02-14 11:23:08,false,
TK61160,2023-02-13 18:07:00,email,account,high,Cannot log in after password reset,58,2023-02-16 08:04:46,false,
TK62823,2023-02-13 22:54:00,in-app,account,low,Issue with the dashboard loading slowly,269,2023-02-18 08:03:28,false,
TK62563,2023-02-13 23:12:00,in-app,billing,normal,Question about downgrade my plan,318,2023-02-14 11:38:29,false,5
TK63586,2023-02-14 02:55:00,chat,technical,low,Question about the invoice for last month,52,2023-02-17 11:11:35,false,
TK60261,2023-02-14 02:58:00,email,account,low,Question about log in after password reset,297,2023-02-18 19:05:13,false,5
TK63311,2023-02-14 03:48:00,chat,technical,normal,Request to the invoice for last month,92,2023-02-15 22:24:27,false,
TK63740,2023-02-14 07:51:00,email,technical,normal,Request to webhook deliveries failing,96,2023-02-16 07:23:15,false,
TK61549,2023-02-14 09:06:00,in-app,onboarding,normal,Unable to the invoice for last month,41,2023-02-14 14:10:57,false,
TK60022,2023-02-14 10:06:00,email,billing,high,Issue with downgrade my plan,37,2023-02-14 18:13:08,false,
TK62501,2023-02-14 18:49:00,in-app,billing,normal,Cannot webhook deliveries failing,73,2023-02-15 01:07:32,true,
TK61168,2023-02-14 19:04:00,in-app,billing,normal,Issue with two-factor authentication,13,2023-02-17 04:41:13,false,
TK60054,2023-02-14 20:02:00,email,technical,normal,Cannot a duplicate charge,19,2023-03-02 10:00:10,false,5
TK60053,2023-02-14 20:48:00,in-app,billing,normal,Request to add a teammate,60,2023-02-15 08:36:54,false,
TK61800,2023-02-15 02:20:00,email,billing,low,Issue with the API rate limit,156,2023-02-16 22:50:45,false,2
TK63271,2023-02-15 10:03:00,in-app,integrations,normal,How do I log in after password reset,134,2023-03-30 21:39:47,false,5
TK63023,2023-02-15 10:54:00,phone,billing,normal,Request to webhook deliveries failing,136,2023-02-16 10:04:34,false,4
TK62033,2023-02-15 16:10:00,email,account,normal,Issue with add a teammate,71,2023-02-15 23:11:47,false,
TK63693,2023-02-15 19:00:00,in-app,account,low,Error when export my data,150,2023-02-18 04:01:56,false,5
TK61539,2023-02-16 12:56:00,email,technical,normal,Question about log in after password reset,151,2023-02-16 15:31:08,false,5
TK61172,2023-02-16 13:12:00,email,technical,normal,Error when the invoice for last month,130,2023-02-17 07:13:30,false,
TK60126,2023-02-16 15:23:00,phone,billing,high,Question about downgrade my plan,92,2023-02-17 16:47:38,false,
TK60487,2023-02-16 19:41:00,in-app,account,high,Issue with the invoice for last month,30,2023-02-16 21:22:11,false,
TK62027,2023-02-17 00:04:00,email,billing,normal,Error when a duplicate charge,,2023-02-19 02:36:40,false,5
TK60018,2023-02-17 03:16:00,email,account,low,How do I the dashboard loading slowly,1760,2023-02-18 15:12:05,false,
TK60301,2023-02-17 06:35:00,email,technical,low,Error when a refund for an annual plan,110,2023-02-20 17:13:53,false,4
TK61957,2023-02-17 07:25:00,email,integrations,normal,Cannot a refund for an annual plan,112,2023-02-21 10:29:00,false,
TK60345,2023-02-17 09:11:00,in-app,billing,normal,Unable to webhook deliveries failing,146,2023-02-17 14:19:54,false,3
TK63211,2023-02-17 09:54:00,email,technical,normal,Unable to a refund for an annual plan,125,2023-02-27 01:40:56,false,
TK63302,2023-02-17 12:01:00,in-app,account,low,Request to a refund for an annual plan,154,2023-02-18 08:02:18,false,
TK62705,2023-02-17 16:29:00,email,account,high,Question about downgrade my plan,30,2023-02-17 22:51:01,false,
TK61648,2023-02-17 17:06:00,in-app,integrations,normal,Unable to log in after password reset,120,2023-02-19 15:38:15,false,
TK62614,2023-02-17 18:20:00,in-app,technical,low,Issue with a refund for an annual plan,49,,false,
TK63811,2023-02-17 20:53:00,email,billing,normal,How do I the invoice for last month,107,2023-02-20 03:16:16,false,
TK63547,2023-02-18 00:18:00,email,billing,normal,Issue with export my data,19,2023-02-18 03:29:02,false,
TK62415,2023-02-18 06:43:00,phone,technical,urgent,Error when add a teammate,9,2023-02-18 12:27:48,false,
TK62962,2023-02-18 07:13:00,in-app,technical,normal,Cannot export my data,165,,false,
TK62803,2023-02-18 07:20:00,email,billing,normal,Cannot downgrade my plan,22,2023-02-18 22:54:50,false,
TK61193,2023-02-18 07:35:00,email,billing,low,Question about log in after password reset,361,2023-02-18 21:56:33,false,
TK63015,2023-02-18 08:10:00,chat,onboarding,urgent,Question about two-factor authentication,15,,false,
TK61017,2023-02-18 08:47:00,email,onboarding,normal,How do I export my data,114,2023-02-18 14:28:19,false,
TK63174,2023-02-18 15:34:00,phone,technical,normal,Question about two-factor authentication,24,2023-02-21 02:23:02,false,5
TK61367,2023-02-18 16:51:00,chat,technical,high,How do I the invoice for last month,64,2023-02-22 14:44:11,false,
TK60274,2023-02-18 18:15:00,phone,integrations,low,How do I add a teammate,222,,false,
TK63943,2023-02-18 23:07:00,chat,onboarding,normal,Unable to webhook deliveries failing,231,2023-02-20 19:05:18,false,
TK62475,2023-02-19 03:55:00,email,technical,high,Request to downgrade my plan,25,2023-02-25 03:53:41,false,
TK60379,2023-02-19 06:12:00,email,billing,high,Request to the API rate limit,53,2023-02-19 20:23:32,false,4
TK60873,2023-02-19 08:02:00,chat,billing,normal,Issue with the invoice for last month,106,2023-02-19 14:26:49,false,
TK62022,2023-02-19 08:49:00,in-app,onboarding,normal,Error when a refund for an annual plan,307,2023-02-20 07:30:46,false,5
TK60475,2023-02-19 10:22:00,chat,onboarding,urgent,Unable to log in after password reset,49,2023-02-19 12:16:08,false,
TK63241,2023-02-19 15:44:00,email,technical,high,Cannot webhook deliveries failing,40,2023-02-20 11:25:22,false,
TK62308,2023-02-19 16:15:00,phone,onboarding,normal,Error when the invoice for last month,132,2023-02-19 23:02:46,false,
TK63300,2023-02-19 17:41:00,chat,technical,normal,Unable to a duplicate charge,119,,false,
TK62399,2023-02-19 18:16:00,phone,technical,high,Unable to log in after password reset,55,2023-02-28 06:05:53,false,4
TK63918,2023-02-19 20:01:00,phone,onboarding,high,Request to downgrade my plan,157,2023-02-20 17:10:50,false,
TK60631,2023-02-19 22:16:00,in-app,account,urgent,Unable to the API rate limit,10,2023-02-19 22:27:14,false,
TK61432,2023-02-19 23:04:00,chat,account,low,Error when downgrade my plan,45,2023-02-24 01:51:20,false,5
TK63513,2023-02-20 03:02:00,in-app,technical,normal,Cannot log in after password reset,,2023-03-09 14:53:15,false,
TK62879,2023-02-20 04:50:00,chat,billing,low,Error when the invoice for last month,436,2023-02-24 06:18:31,true,
TK61725,2023-02-20 05:20:00,phone,integrations,low,Cannot two-factor authentication,978,2023-02-20 21:55:03,false,
TK60205,2023-02-20 08:02:00,chat,technical,high,Issue with a duplicate charge,25,2023-02-20 11:57:16,false,
TK61442,2023-02-20 18:36:00,email,onboarding,low,Cannot add a teammate,490,2023-02-25 13:24:37,false,
TK60838,2023-02-20 23:09:00,chat,technical,normal,Error when two-factor authentication,103,2023-02-22 20:05:33,false,
TK62247,2023-02-21 01:10:00,email,billing,normal,Unable to add a teammate,39,2023-02-22 15:41:36,false,5
TK61548,2023-02-21 02:43:00,email,technical,high,Issue with the API rate limit,123,2023-02-21 09:11:58,false,
TK61976,2023-02-21 04:49:00,in-app,technical,high,How do I export my data,62,2023-02-21 16:21:42,false,2
TK62874,2023-02-21 08:18:00,phone,billing,high,Error when the API rate limit,42,2023-02-21 19:03:21,false,
TK61291,2023-02-21 09:26:00,phone,onboarding,normal,How do I log in after password reset,93,2023-02-22 01:28:11,false,
TK61431,2023-02-21 11:17:00,chat,onboarding,low,Question about export my data,,2023-03-09 12:33:53,false,
TK61996,2023-02-21 12:13:00,chat,technical,low,Cannot two-factor authentication,75,2023-02-27 17:42:01,false,
TK63808,2023-02-21 15:39:00,chat,billing,high,Question about two-factor authentication,55,,false,
TK63495,2023-02-21 15:48:00,chat,account,normal,Question about add a teammate,66,2023-02-21 21:48:04,false,
TK62117,2023-02-21 18:16:00,in-app,technical,high,Question about two-factor authentication,43,,false,
TK62093,2023-02-21 22:35:00,in-app,account,normal,Issue with export my data,20,2023-02-22 15:34:42,false,4
TK62361,2023-02-22 01:51:00,email,billing,low,How do I log in after password reset,221,2023-02-25 23:42:55,false,5
TK61309,2023-02-22 04:11:00,in-app,technical,normal,How do I add a teammate,167,2023-03-03 06:46:28,false,4
TK62176,2023-02-22 06:24:00,email,technical,low,How do I a duplicate charge,42,2023-02-23 22:17:57,false,
TK61134,2023-02-22 10:46:00,phone,integrations,normal,Unable to a refund for an annual plan,114,2023-02-23 14:32:14,false,4
TK63951,2023-02-22 11:32:00,email,billing,normal,Unable to add a teammate,86,2023-02-23 01:29:54,false,
TK61256,2023-02-22 11:43:00,chat,billing,normal,Issue with webhook deliveries failing,113,2023-02-23 03:57:18,false,
TK63263,2023-02-22 16:36:00,chat,billing,normal,Question about two-factor authentication,149,2023-02-23 21:37:12,false,
TK60659,2023-02-22 18:26:00,email,technical,normal,Issue with the dashboard loading slowly,50,,false,
TK63849,2023-02-22 20:28:00,phone,account,normal,Error when the invoice for last month,67,2023-02-25 02:46:45,false,
TK62297,2023-02-22 21:45:00,chat,technical,high,Request to the API rate limit,43,2023-02-23 02:00:42,false,
TK61874,2023-02-22 22:04:00,phone,technical,normal,Request to export my data,268,2023-02-24 05:06:14,false,5
TK62505,2023-02-23 00:44:00,email,technical,normal,Cannot a duplicate charge,312,2023-02-25 08:49:17,false,5
TK60552,2023-02-23 03:33:00,email,account,high,Error when the invoice for last month,31,2023-02-23 23:59:30,false,
TK63183,2023-02-23 05:26:00,chat,onboarding,urgent,How do I the invoice for last month,5,2023-02-23 08:21:27,false,5
TK63720,2023-02-23 05:57:00,phone,billing,urgent,Issue with the API rate limit,22,2023-02-23 15:18:18,false,
TK61573,2023-02-23 07:22:00,chat,billing,normal,Unable to connecting the Snowflake sync,190,2023-02-25 01:12:08,false,5
TK63301,2023-02-23 12:06:00,email,onboarding,normal,Error when add a teammate,102,2023-02-24 05:41:26,false,
TK61290,2023-02-23 12:56:00,chat,technical,normal,Error when the API rate limit,71,2023-02-25 03:02:04,false,
TK60042,2023-02-23 15:46:00,email,technical,normal,Unable to connecting the Snowflake sync,143,2023-02-24 19:37:06,false,5
TK62816,2023-02-23 20:16:00,chat,billing,high,Error when export my data,174,2023-02-23 21:24:09,false,
TK61606,2023-02-23 20:27:00,phone,integrations,low,How do I connecting the Snowflake sync,41,2023-03-14 21:34:40,false,
TK61903,2023-02-23 21:19:00,chat,account,normal,Question about the invoice for last month,44,2023-02-24 09:35:30,false,5
TK62576,2023-02-24 04:13:00,email,billing,normal,Issue with the API rate limit,1062,2023-02-24 21:32:08,false,5
TK61730,2023-02-24 04:29:00,email,billing,normal,How do I the API rate limit,24,2023-02-24 17:24:22,false,
TK60855,2023-02-24 05:12:00,in-app,technical,low,Question about export my data,97,2023-03-04 02:21:01,false,
TK63003,2023-02-24 06:34:00,chat,integrations,normal,Question about a refund for an annual plan,122,2023-02-28 00:40:58,false,
TK61940,2023-02-24 06:43:00,email,integrations,normal,Request to connecting the Snowflake sync,66,2023-02-27 21:02:31,false,
TK60690,2023-02-24 16:20:00,email,billing,low,Error when two-factor authentication,,2023-02-25 00:37:19,false,1
TK61814,2023-02-24 16:52:00,email,account,low,How do I the API rate limit,68,2023-03-14 03:05:23,false,
TK63286,2023-02-24 22:26:00,email,technical,normal,Unable to downgrade my plan,16,2023-02-28 11:54:14,true,
TK62673,2023-02-25 01:17:00,chat,technical,normal,How do I downgrade my plan,86,2023-02-26 13:07:05,false,
TK62004,2023-02-25 02:05:00,email,billing,high,Request to connecting the Snowflake sync,34,2023-02-25 03:42:33,false,3
TK60111,2023-02-25 07:29:00,in-app,account,normal,Request to two-factor authentication,128,2023-02-26 02:34:57,false,
TK63066,2023-02-25 07:51:00,chat,account,normal,How do I a refund for an annual plan,186,2023-02-25 18:09:33,false,
TK61415,2023-02-25 08:02:00,email,technical,low,How do I log in after password reset,259,2023-03-08 21:34:04,false,
TK60904,2023-02-25 09:13:00,email,technical,urgent,Request to the API rate limit,11,2023-02-26 02:29:35,false,
TK60486,2023-02-25 09:18:00,email,account,low,Question about connecting the Snowflake sync,816,2023-02-27 14:27:34,false,
TK63091,2023-02-25 12:08:00,email,billing,low,Unable to the dashboard loading slowly,706,2023-02-26 11:58:12,false,
TK61358,2023-02-25 12:21:00,chat,technical,low,Issue with webhook deliveries failing,150,2023-03-02 07:35:38,false,
TK61680,2023-02-25 13:05:00,chat,billing,normal,Request to a refund for an annual plan,,2023-02-26 00:24:33,false,1
TK61200,2023-02-25 18:03:00,email,integrations,low,Cannot export my data,,2023-03-24 13:28:19,true,
TK61798,2023-02-25 21:47:00,in-app,technical,normal,Request to export my data,156,,false,
TK60612,2023-02-26 00:31:00,chat,account,normal,Question about log in after password reset,99,2023-02-27 23:41:57,false,
TK62595,2023-02-26 02:00:00,in-app,onboarding,normal,Question about export my data,298,2023-02-26 09:26:14,false,4
TK61082,2023-02-26 05:44:00,in-app,onboarding,low,Cannot a duplicate charge,36,2023-03-01 00:33:42,false,
TK63468,2023-02-26 05:58:00,email,technical,normal,How do I the API rate limit,85,2023-03-05 15:25:01,true,
TK60283,2023-02-26 07:13:00,email,onboarding,normal,Error when two-factor authentication,161,2023-02-27 01:41:00,false,5
TK61823,2023-02-26 08:23:00,email,technical,low,Cannot downgrade my plan,2632,2023-02-26 17:52:45,false,
TK63477,2023-02-26 09:09:00,email,billing,normal,How do I export my data,9,2023-03-01 01:06:03,false,5
TK60357,2023-02-26 09:45:00,email,technical,normal,Cannot webhook deliveries failing,190,2023-03-02 21:34:48,false,
TK60425,2023-02-26 10:16:00,email,account,normal,Question about a refund for an annual plan,88,2023-03-01 02:51:15,false,
TK61501,2023-02-26 12:05:00,in-app,technical,normal,Request to downgrade my plan,88,2023-02-27 23:27:30,false,4
TK63132,2023-02-26 12:06:00,chat,integrations,low,How do I the dashboard loading slowly,131,2023-03-07 17:38:56,false,
TK60399,2023-02-26 12:51:00,chat,technical,low,Issue with a duplicate charge,52,2023-03-01 13:19:07,true,
TK61004,2023-02-26 14:00:00,chat,technical,normal,How do I a duplicate charge,101,2023-02-27 15:16:33,false,
TK60386,2023-02-26 14:31:00,chat,onboarding,high,Issue with the dashboard loading slowly,36,2023-02-26 17:10:38,true,
TK62386,2023-02-26 18:31:00,phone,technical,normal,How do I export my data,40,2023-03-09 09:24:14,false,
TK62479,2023-02-26 22:08:00,chat,billing,normal,Question about the dashboard loading slowly,80,2023-02-27 15:21:19,false,
TK60531,2023-02-26 22:57:00,email,technical,low,Issue with two-factor authentication,168,,false,
TK60876,2023-02-27 00:37:00,in-app,technical,normal,Error when a duplicate charge,33,2023-04-19 17:20:17,false,
TK61376,2023-02-27 00:51:00,phone,billing,low,Unable to export my data,135,2023-02-28 05:54:26,false,5
TK60591,2023-02-27 00:59:00,chat,account,normal,Issue with the invoice for last month,260,2023-02-28 07:18:03,true,
TK61275,2023-02-27 02:00:00,email,billing,low,Issue with the API rate limit,170,2023-03-03 18:41:48,false,
TK61265,2023-02-27 03:48:00,phone,integrations,normal,Request to the dashboard loading slowly,146,2023-02-28 13:51:02,false,
TK61189,2023-02-27 04:30:00,chat,billing,normal,Unable to webhook deliveries failing,143,2023-02-27 07:47:52,false,4
TK63706,2023-02-27 07:47:00,email,account,normal,How do I the dashboard loading slowly,64,2023-02-27 16:21:39,false,4
TK61042,2023-02-27 10:33:00,chat,technical,normal,Error when a refund for an annual plan,21,2023-02-28 14:53:40,false,
TK62872,2023-02-27 11:57:00,email,billing,low,Issue with downgrade my plan,569,2023-03-03 23:41:37,false,
TK60691,2023-02-27 12:01:00,in-app,billing,high,Error when a duplicate charge,64,2023-02-28 18:14:57,false,
TK61348,2023-02-27 12:30:00,email,billing,high,Request to webhook deliveries failing,71,,false,
TK62163,2023-02-27 13:34:00,chat,account,high,Request to two-factor authentication,135,2023-02-27 15:10:19,false,
TK61197,2023-02-27 18:35:00,email,integrations,normal,Error when the dashboard loading slowly,129,2023-03-01 23:48:26,false,5
TK60615,2023-02-28 00:00:00,email,billing,high,How do I the dashboard loading slowly,57,2023-02-28 04:39:50,false,
TK61905,2023-02-28 00:37:00,phone,billing,low,Error when a refund for an annual plan,378,2023-03-01 06:05:48,false,
TK61799,2023-02-28 01:10:00,chat,integrations,normal,Cannot export my data,50,2023-03-01 00:49:24,true,
TK60218,2023-02-28 01:27:00,in-app,account,normal,Question about a refund for an annual plan,33,2023-02-28 05:23:20,false,
TK63805,2023-02-28 01:39:00,chat,technical,low,How do I connecting the Snowflake sync,195,2023-03-06 14:41:22,false,5
TK60755,2023-02-28 03:28:00,in-app,technical,normal,Cannot export my data,63,2023-03-01 11:26:45,false,1
TK63336,2023-02-28 03:53:00,in-app,technical,high,Question about a duplicate charge,36,2023-02-28 13:00:17,false,
TK61035,2023-02-28 05:18:00,in-app,billing,low,Error when the invoice for last month,228,2023-03-13 22:22:29,false,1
TK62579,2023-02-28 05:34:00,in-app,account,normal,Cannot add a teammate,169,2023-03-05 18:09:58,false,
TK60577,2023-02-28 06:01:00,chat,billing,normal,How do I export my data,42,2023-02-28 14:33:42,false,
TK61595,2023-02-28 06:32:00,email,billing,high,Question about the dashboard loading slowly,6,2023-02-28 10:03:50,false,
TK61786,2023-02-28 06:55:00,chat,onboarding,urgent,Request to log in after password reset,10,2023-02-28 12:22:35,false,
TK63288,2023-02-28 09:39:00,in-app,onboarding,normal,Unable to a duplicate charge,422,2023-03-06 10:40:21,false,
TK61847,2023-02-28 12:26:00,email,billing,low,Question about log in after password reset,65,2023-03-01 10:50:59,false,
TK62665,2023-02-28 13:51:00,email,billing,normal,Error when log in after password reset,102,2023-03-03 03:55:22,false,
TK60790,2023-02-28 14:20:00,chat,billing,low,Request to the API rate limit,654,2023-03-03 20:48:05,false,
TK60093,2023-02-28 15:22:00,email,technical,urgent,Request to two-factor authentication,54,2023-02-28 23:08:24,false,5
TK61696,2023-02-28 18:15:00,email,account,urgent,Cannot a refund for an annual plan,18,2023-02-28 19:44:22,false,5
TK62241,2023-02-28 20:06:00,in-app,integrations,urgent,Cannot a duplicate charge,22,2023-02-28 22:16:04,false,4
TK62464,2023-03-01 00:11:00,email,onboarding,high,Request to connecting the Snowflake sync,249,2023-03-01 13:53:38,false,
TK60889,2023-03-01 03:17:00,chat,billing,urgent,Error when the dashboard loading slowly,14,2023-03-01 06:21:19,false,
TK63685,2023-03-01 05:43:00,in-app,onboarding,high,Unable to the dashboard loading slowly,40,2023-03-01 07:54:45,false,5
TK60206,2023-03-01 08:09:00,chat,account,high,Request to a duplicate charge,106,2023-03-03 18:48:01,false,
TK61345,2023-03-01 09:35:00,chat,technical,high,Request to add a teammate,106,2023-03-02 07:18:29,false,5
TK63853,2023-03-01 09:38:00,in-app,technical,normal,Unable to add a teammate,136,2023-03-09 18:26:20,false,
TK62905,2023-03-01 10:54:00,email,technical,low,Unable to a refund for an annual plan,31,2023-03-03 00:24:37,false,
TK61746,2023-03-01 15:05:00,email,integrations,urgent,Error when a duplicate charge,66,2023-03-03 07:45:42,false,
TK63094,2023-03-01 17:36:00,chat,technical,normal,Unable to the invoice for last month,71,2023-03-04 14:53:32,false,3
TK60182,2023-03-01 18:06:00,email,integrations,high,Error when webhook deliveries failing,47,2023-03-02 03:02:34,true,
TK62443,2023-03-01 21:26:00,phone,billing,low,Question about the dashboard loading slowly,233,2023-03-02 15:21:34,true,
TK62586,2023-03-02 02:31:00,in-app,integrations,urgent,How do I log in after password reset,,,false,
TK62279,2023-03-02 04:44:00,chat,technical,high,Issue with the invoice for last month,82,2023-03-05 05:03:24,false,
TK60940,2023-03-02 08:47:00,chat,technical,low,Cannot connecting the Snowflake sync,3391,2023-03-04 12:37:51,false,3
TK60857,2023-03-02 09:28:00,chat,account,low,Request to downgrade my plan,214,2023-03-14 12:41:40,false,
TK63327,2023-03-02 11:19:00,chat,technical,low,Issue with downgrade my plan,494,2023-03-03 10:05:12,false,1
TK62974,2023-03-02 13:38:00,chat,billing,low,Error when the invoice for last month,107,2023-03-02 23:48:46,false,
TK62584,2023-03-02 14:25:00,in-app,technical,normal,Cannot two-factor authentication,82,2023-03-06 10:21:58,true,
TK60727,2023-03-02 16:54:00,in-app,billing,low,Unable to a duplicate charge,685,2023-03-03 09:12:48,false,
TK60773,2023-03-02 21:43:00,in-app,billing,normal,Question about log in after password reset,70,2023-03-03 00:21:16,false,
TK60942,2023-03-02 22:07:00,chat,onboarding,normal,Error when the API rate limit,404,2023-03-03 08:56:54,false,
TK60436,2023-03-03 03:59:00,phone,onboarding,low,Question about downgrade my plan,403,2023-03-03 12:30:55,false,5
TK63775,2023-03-03 07:11:00,phone,onboarding,normal,How do I the invoice for last month,111,2023-03-03 16:21:47,false,
TK62937,2023-03-03 10:01:00,email,technical,high,Unable to downgrade my plan,63,2023-03-06 06:28:46,false,
TK62389,2023-03-03 10:38:00,chat,technical,normal,Question about add a teammate,155,2023-03-05 05:21:53,false,
TK63548,2023-03-03 10:42:00,chat,onboarding,normal,Error when connecting the Snowflake sync,104,2023-03-03 14:55:48,false,
TK60078,2023-03-03 13:13:00,chat,account,high,Issue with add a teammate,83,2023-03-05 15:46:37,false,5
TK60333,2023-03-03 21:08:00,chat,billing,normal,Question about a refund for an annual plan,50,2023-03-03 22:43:25,false,
TK61300,2023-03-04 00:10:00,phone,billing,normal,Issue with the invoice for last month,98,2023-03-04 04:03:52,false,
TK62222,2023-03-04 09:34:00,chat,integrations,normal,Request to export my data,22,2023-03-08 20:28:00,false,
TK63227,2023-03-04 16:00:00,chat,technical,normal,Error when a refund for an annual plan,48,2023-03-06 05:17:57,false,5
TK62900,2023-03-04 18:24:00,email,billing,low,Cannot two-factor authentication,587,2023-03-05 20:45:04,false,
TK61113,2023-03-04 18:25:00,email,integrations,high,Request to the API rate limit,18,2023-03-07 06:54:38,true,
TK63092,2023-03-04 18:31:00,email,onboarding,low,Request to the invoice for last month,151,,false,
TK60175,2023-03-04 22:27:00,chat,technical,normal,Error when log in after password reset,303,2023-03-14 17:35:44,false,
TK63572,2023-03-04 23:22:00,in-app,technical,normal,Error when downgrade my plan,954,2023-03-05 10:06:32,false,
TK63726,2023-03-05 03:21:00,in-app,billing,normal,How do I the invoice for last month,15,2023-03-05 17:23:15,true,
TK61240,2023-03-05 06:42:00,email,technical,normal,Issue with the dashboard loading slowly,189,2023-03-06 12:17:37,false,
TK61517,2023-03-05 06:47:00,email,technical,normal,Unable to log in after password reset,23,2023-03-07 05:11:20,false,
TK60359,2023-03-05 12:57:00,email,technical,normal,How do I a duplicate charge,118,2023-03-08 17:16:38,false,5
TK62404,2023-03-05 14:50:00,in-app,billing,normal,Cannot add a teammate,46,2023-03-09 08:02:48,false,
TK62582,2023-03-05 16:15:00,email,billing,normal,How do I add a teammate,113,2023-03-06 08:25:11,false,
TK61961,2023-03-05 21:11:00,in-app,technical,high,Issue with add a teammate,16,2023-03-06 21:38:52,false,
TK63559,2023-03-05 21:23:00,chat,technical,low,Cannot downgrade my plan,117,2023-03-06 18:35:21,false,5
TK60544,2023-03-06 01:09:00,email,technical,normal,How do I downgrade my plan,261,2023-03-06 23:01:15,false,5
TK63529,2023-03-06 03:41:00,in-app,billing,high,Cannot connecting the Snowflake sync,179,2023-03-07 05:36:12,false,
TK63107,2023-03-06 04:41:00,in-app,billing,low,How do I connecting the Snowflake sync,425,2023-03-06 21:46:25,false,
TK63312,2023-03-06 09:18:00,phone,integrations,low,Issue with the invoice for last month,264,2023-03-09 09:26:37,true,
TK63357,2023-03-06 11:52:00,chat,onboarding,normal,Unable to a duplicate charge,73,2023-03-07 03:41:36,false,4
TK60258,2023-03-06 13:19:00,email,technical,high,Unable to log in after password reset,42,2023-03-06 22:09:35,false,
TK61148,2023-03-06 21:17:00,email,onboarding,urgent,Question about export my data,45,2023-03-06 21:42:02,false,
TK62727,2023-03-06 22:36:00,chat,technical,normal,Question about export my data,55,2023-03-11 18:30:53,false,
TK61304,2023-03-07 00:18:00,email,onboarding,high,Request to two-factor authentication,19,2023-03-09 16:10:08,false,5
TK63845,2023-03-07 03:39:00,chat,technical,high,Request to log in after password reset,55,2023-03-08 04:01:19,false,
TK61206,2023-03-07 03:43:00,chat,onboarding,low,Request to the invoice for last month,166,2023-03-08 06:52:43,false,
TK63454,2023-03-07 04:13:00,chat,billing,high,Request to webhook deliveries failing,33,2023-03-08 02:50:19,false,
TK60939,2023-03-07 04:35:00,phone,technical,urgent,Request to log in after password reset,13,2023-03-07 14:06:08,false,
TK61383,2023-03-07 05:29:00,in-app,account,normal,Issue with webhook deliveries failing,,2023-03-08 22:30:15,false,
TK61519,2023-03-07 08:03:00,chat,technical,normal,Error when add a teammate,27,2023-03-07 17:22:32,false,
TK60983,2023-03-07 09:22:00,email,onboarding,normal,Error when downgrade my plan,114,2023-03-07 12:39:47,false,
TK63783,2023-03-07 09:47:00,email,onboarding,normal,Unable to two-factor authentication,21,2023-03-11 03:45:26,false,
TK62770,2023-03-07 14:27:00,chat,technical,normal,Error when log in after password reset,,2023-03-10 05:26:49,false,
TK60681,2023-03-07 16:27:00,email,account,normal,Issue with the API rate limit,107,2023-03-18 13:05:57,true,5
TK61335,2023-03-07 21:49:00,in-app,integrations,normal,Unable to two-factor authentication,66,2023-03-21 00:16:49,false,5
TK60897,2023-03-08 02:41:00,email,technical,high,Request to export my data,31,2023-03-09 19:13:22,false,1
TK62340,2023-03-08 07:29:00,email,technical,normal,How do I webhook deliveries failing,42,2023-03-10 12:07:32,false,
TK61754,2023-03-08 13:32:00,in-app,onboarding,high,Error when the dashboard loading slowly,137,2023-03-08 17:55:44,false,
TK60263,2023-03-08 13:47:00,phone,integrations,normal,Unable to export my data,26,2023-03-10 00:52:58,false,
TK61803,2023-03-08 22:36:00,email,billing,normal,Unable to a duplicate charge,31,2023-03-15 15:21:19,false,
TK63870,2023-03-09 03:51:00,in-app,integrations,normal,Cannot log in after password reset,81,2023-03-10 03:07:00,false,2
TK60260,2023-03-09 04:23:00,chat,account,high,Error when downgrade my plan,70,2023-03-09 15:20:16,true,
TK61427,2023-03-09 06:37:00,email,integrations,low,Error when connecting the Snowflake sync,57,2023-03-11 08:41:53,false,3
TK61572,2023-03-09 07:00:00,chat,technical,low,Question about connecting the Snowflake sync,64,,false,
TK62640,2023-03-09 08:15:00,email,onboarding,low,Error when log in after password reset,78,2023-03-21 22:47:37,false,
TK60528,2023-03-09 08:16:00,phone,onboarding,high,How do I the API rate limit,17,2023-03-10 02:23:29,false,
TK60781,2023-03-09 11:14:00,phone,onboarding,urgent,Error when add a teammate,61,2023-03-09 19:14:46,false,5
TK62756,2023-03-09 14:03:00,email,billing,low,Unable to webhook deliveries failing,,2023-03-11 01:06:16,false,
TK63134,2023-03-09 15:55:00,in-app,onboarding,normal,Unable to the dashboard loading slowly,298,2023-03-18 21:28:01,false,4
TK61537,2023-03-09 16:51:00,chat,integrations,normal,Unable to a refund for an annual plan,145,2023-03-11 20:40:19,false,4
TK61088,2023-03-09 17:41:00,chat,billing,normal,How do I two-factor authentication,96,2023-03-10 05:18:51,false,
TK62578,2023-03-09 19:12:00,phone,billing,normal,Issue with the dashboard loading slowly,654,2023-03-10 16:11:18,false,2
TK63636,2023-03-09 22:21:00,in-app,technical,high,Cannot export my data,62,2023-03-11 10:15:01,false,2
TK63657,2023-03-10 00:10:00,email,technical,high,How do I the dashboard loading slowly,63,2023-03-10 04:01:32,false,
TK61270,2023-03-10 04:02:00,in-app,billing,normal,Request to downgrade my plan,267,2023-03-10 09:05:43,false,4
TK61272,2023-03-10 11:46:00,in-app,billing,normal,Error when add a teammate,150,2023-03-10 18:38:28,true,
TK63236,2023-03-10 12:17:00,email,billing,high,Cannot add a teammate,31,2023-03-10 12:58:04,false,
TK62288,2023-03-10 18:45:00,email,account,low,How do I connecting the Snowflake sync,363,2023-03-11 12:15:14,true,
TK63374,2023-03-10 20:10:00,chat,account,low,Question about the dashboard loading slowly,674,2023-03-10 23:44:46,true,
TK63903,2023-03-11 05:08:00,in-app,onboarding,normal,Issue with log in after password reset,200,2023-03-12 15:04:07,false,
TK60052,2023-03-11 05:35:00,email,technical,normal,Question about two-factor authentication,50,,false,
TK63145,2023-03-11 10:44:00,in-app,technical,high,Cannot a duplicate charge,67,2023-03-12 02:36:23,false,
TK60062,2023-03-11 12:32:00,email,billing,low,Error when downgrade my plan,266,2023-03-17 22:30:40,false,5
TK62513,2023-03-11 12:39:00,email,onboarding,low,Cannot export my data,157,2023-03-24 08:59:09,false,3
TK62755,2023-03-11 18:49:00,chat,onboarding,low,Request to the invoice for last month,326,2023-03-12 03:12:01,false,
TK60334,2023-03-12 05:33:00,chat,integrations,high,How do I the dashboard loading slowly,14,2023-03-15 06:09:53,false,
TK62346,2023-03-12 06:54:00,email,technical,high,Issue with two-factor authentication,30,2023-03-12 18:14:23,false,
TK63367,2023-03-12 07:01:00,in-app,onboarding,high,How do I the dashboard loading slowly,,2023-03-14 20:24:28,false,
TK62621,2023-03-12 10:31:00,in-app,billing,normal,Issue with webhook deliveries failing,32,2023-03-12 23:21:25,false,5
TK61043,2023-03-12 15:39:00,in-app,account,high,Cannot the API rate limit,78,2023-03-12 17:07:13,false,
TK62565,2023-03-12 21:22:00,chat,technical,normal,How do I connecting the Snowflake sync,498,2023-03-13 04:17:33,false,
TK62239,2023-03-13 02:45:00,in-app,billing,high,Cannot add a teammate,9,2023-03-13 09:43:32,false,3
TK60768,2023-03-13 04:12:00,email,billing,low,Issue with a refund for an annual plan,38,2023-03-13 12:50:36,false,
TK61639,2023-03-13 05:44:00,email,integrations,normal,Question about a duplicate charge,51,2023-03-14 09:45:26,true,5
TK60303,2023-03-13 07:47:00,chat,technical,normal,Request to webhook deliveries failing,156,2023-03-21 06:45:04,false,4
TK61706,2023-03-13 09:54:00,chat,billing,normal,How do I webhook deliveries failing,14,2023-03-13 21:56:06,false,
TK63925,2023-03-13 14:12:00,chat,integrations,normal,Request to a duplicate charge,172,2023-03-20 01:29:49,false,
TK60147,2023-03-13 17:44:00,phone,billing,normal,Unable to a refund for an annual plan,217,2023-03-16 10:11:16,false,4
TK63245,2023-03-13 19:14:00,chat,account,urgent,Question about add a teammate,23,2023-03-13 21:11:22,true,5
TK62462,2023-03-13 21:31:00,email,billing,normal,Cannot the dashboard loading slowly,214,2023-03-20 21:04:41,false,
TK63203,2023-03-13 22:18:00,email,technical,low,Question about the dashboard loading slowly,75,2023-03-14 19:22:20,false,4
TK61731,2023-03-13 23:17:00,in-app,billing,normal,How do I export my data,660,2023-03-14 06:28:01,false,
TK61118,2023-03-13 23:38:00,in-app,technical,normal,Request to a refund for an annual plan,37,2023-03-18 01:55:01,false,
TK60495,2023-03-14 02:57:00,email,technical,low,Issue with export my data,273,2023-03-16 00:24:19,false,
TK63476,2023-03-14 04:25:00,chat,billing,normal,Request to the invoice for last month,21,2023-03-16 20:24:43,false,
TK60890,2023-03-14 06:57:00,in-app,billing,urgent,Issue with two-factor authentication,5,2023-03-14 08:23:54,false,
TK62660,2023-03-14 13:58:00,chat,technical,normal,Unable to a duplicate charge,8,2023-03-15 21:44:23,false,5
TK62765,2023-03-14 14:04:00,phone,technical,low,Unable to a duplicate charge,55,2023-03-15 06:25:44,true,
TK62786,2023-03-14 16:16:00,phone,technical,normal,Cannot webhook deliveries failing,287,2023-03-23 23:53:47,true,
TK63020,2023-03-14 16:37:00,in-app,technical,high,Request to log in after password reset,7,2023-03-15 23:56:22,false,
TK63223,2023-03-14 17:53:00,in-app,account,urgent,Issue with a refund for an annual plan,9,2023-03-14 19:28:04,false,
TK62662,2023-03-14 18:49:00,email,technical,normal,Question about the dashboard loading slowly,106,2023-03-16 02:16:22,false,1
TK63081,2023-03-15 00:53:00,email,technical,normal,Unable to export my data,184,2023-03-15 18:32:39,false,
TK62530,2023-03-15 08:56:00,email,technical,high,Error when a duplicate charge,59,2023-03-15 20:09:33,false,
TK62104,2023-03-15 09:57:00,email,technical,normal,How do I the API rate limit,155,,false,
TK62202,2023-03-15 13:18:00,email,billing,low,Issue with the dashboard loading slowly,520,2023-03-19 15:58:34,false,
TK63255,2023-03-15 14:46:00,chat,billing,high,Error when export my data,146,2023-03-16 21:08:10,false,
TK62502,2023-03-15 16:29:00,email,billing,high,Error when the API rate limit,17,2023-03-16 19:49:46,true,
TK61066,2023-03-15 18:18:00,phone,billing,normal,How do I downgrade my plan,177,2023-03-17 13:49:09,false,
TK60848,2023-03-15 23:33:00,phone,account,low,Question about log in after password reset,57,2023-03-20 07:55:47,false,
TK63131,2023-03-16 09:26:00,phone,onboarding,high,Question about webhook deliveries failing,80,2023-03-16 19:14:53,false,
TK62808,2023-03-16 09:35:00,chat,technical,normal,Issue with export my data,29,2023-03-17 13:09:05,false,4
TK63571,2023-03-16 11:31:00,email,billing,normal,Request to a refund for an annual plan,188,2023-03-16 16:26:17,false,
TK60163,2023-03-16 14:03:00,email,onboarding,low,Cannot connecting the Snowflake sync,334,2023-03-16 20:59:26,false,
TK61320,2023-03-16 14:08:00,in-app,billing,normal,Cannot the dashboard loading slowly,124,2023-03-17 05:02:45,false,4
TK61587,2023-03-16 23:08:00,email,billing,normal,Error when the invoice for last month,49,2023-03-17 12:52:27,false,
TK63000,2023-03-17 12:23:00,email,technical,low,Cannot the dashboard loading slowly,323,2023-04-08 03:46:39,false,
TK61074,2023-03-17 13:17:00,email,integrations,normal,Error when the dashboard loading slowly,297,2023-03-19 06:19:55,true,
TK63983,2023-03-17 17:39:00,email,technical,normal,Question about the API rate limit,130,2023-03-17 23:03:35,false,
TK61141,2023-03-17 18:47:00,phone,onboarding,low,Error when the dashboard loading slowly,31,2023-03-21 18:55:42,false,
TK60999,2023-03-17 18:56:00,in-app,technical,low,How do I the dashboard loading slowly,91,2023-03-19 14:43:20,true,4
TK62421,2023-03-17 20:22:00,in-app,onboarding,normal,Request to downgrade my plan,83,2023-03-19 23:18:35,true,5
TK62604,2023-03-17 21:01:00,chat,technical,normal,Cannot add a teammate,88,2023-04-05 01:10:01,false,3
TK63915,2023-03-17 23:26:00,in-app,account,normal,Error when a refund for an annual plan,419,2023-03-18 12:53:37,false,
TK62477,2023-03-18 05:01:00,chat,integrations,normal,How do I the dashboard loading slowly,300,2023-03-21 00:53:05,false,5
TK60355,2023-03-18 06:14:00,email,technical,normal,Question about log in after password reset,39,2023-03-18 20:06:16,false,
TK60673,2023-03-18 07:16:00,email,technical,low,Error when log in after password reset,67,2023-03-24 02:28:02,false,3
TK60221,2023-03-18 13:01:00,in-app,technical,urgent,Cannot add a teammate,38,2023-03-19 03:50:50,false,
TK60176,2023-03-18 17:43:00,email,billing,low,Request to the dashboard loading slowly,255,2023-03-20 05:30:44,false,4
TK61186,2023-03-18 18:01:00,email,integrations,normal,Issue with webhook deliveries failing,82,2023-03-21 23:24:58,false,4
TK60350,2023-03-18 18:15:00,in-app,billing,urgent,Issue with log in after password reset,35,2023-03-18 19:05:53,false,
TK61574,2023-03-18 21:02:00,email,billing,low,Issue with webhook deliveries failing,238,2023-03-19 06:16:18,false,
TK60076,2023-03-18 22:15:00,chat,integrations,normal,Issue with a refund for an annual plan,112,2023-03-30 00:49:23,false,
TK63280,2023-03-18 23:25:00,email,billing,low,Question about add a teammate,89,2023-03-22 14:38:16,true,
TK61627,2023-03-19 00:09:00,email,technical,low,Unable to the dashboard loading slowly,49,2023-03-20 01:20:06,false,
TK62558,2023-03-19 02:00:00,email,technical,high,Unable to a refund for an annual plan,58,2023-03-21 13:17:12,false,5
TK62423,2023-03-19 05:43:00,chat,technical,high,Error when two-factor authentication,1492,2023-03-19 18:48:41,false,
TK62324,2023-03-19 06:03:00,email,technical,normal,Question about downgrade my plan,42,2023-03-19 22:09:21,false,5
TK62550,2023-03-19 06:27:00,email,technical,low,Request to export my data,86,2023-03-28 11:21:50,false,
TK62228,2023-03-19 08:02:00,phone,technical,normal,Cannot the API rate limit,96,2023-03-19 17:15:08,false,
TK62498,2023-03-19 09:00:00,email,technical,normal,How do I the invoice for last month,34,2023-03-22 15:49:32,false,4
TK62046,2023-03-19 12:04:00,chat,integrations,normal,Unable to export my data,48,2023-03-21 17:47:57,false,4
TK60988,2023-03-19 14:05:00,phone,technical,low,Issue with log in after password reset,553,2023-03-24 12:38:17,true,5
TK61301,2023-03-19 14:55:00,email,account,normal,How do I two-factor authentication,12,2023-03-20 07:13:37,false,3
TK63494,2023-03-19 14:59:00,in-app,technical,normal,Request to the invoice for last month,205,2023-03-20 14:39:16,false,
TK60575,2023-03-19 17:57:00,phone,onboarding,normal,Unable to two-factor authentication,187,2023-03-20 15:55:42,false,
TK60109,2023-03-19 18:40:00,email,technical,high,Issue with the API rate limit,42,2023-03-20 10:28:34,false,
TK63516,2023-03-19 20:48:00,email,technical,normal,Issue with the invoice for last month,160,2023-03-20 08:10:19,false,
TK61727,2023-03-19 21:23:00,phone,onboarding,normal,Error when the invoice for last month,482,2023-03-19 23:37:40,false,
TK60214,2023-03-20 08:00:00,email,onboarding,normal,Unable to add a teammate,362,2023-03-23 10:27:50,false,
TK60229,2023-03-20 08:52:00,in-app,billing,normal,Unable to a duplicate charge,77,2023-03-20 12:01:48,true,5
TK61398,2023-03-20 12:09:00,email,onboarding,low,Question about the dashboard loading slowly,145,2023-03-21 13:48:38,false,
TK63790,2023-03-20 13:55:00,in-app,billing,normal,Error when log in after password reset,45,2023-03-29 03:26:35,false,
TK63235,2023-03-20 15:48:00,chat,technical,normal,Unable to a duplicate charge,306,2023-03-21 11:03:23,false,
TK60797,2023-03-20 17:04:00,in-app,technical,normal,Issue with the API rate limit,,2023-03-23 03:07:18,false,4
TK60004,2023-03-20 20:11:00,in-app,onboarding,normal,Request to log in after password reset,45,2023-03-21 05:52:37,false,4
TK60826,2023-03-20 21:54:00,in-app,onboarding,high,Error when the dashboard loading slowly,5,2023-03-22 04:28:26,false,
TK61192,2023-03-21 04:20:00,chat,onboarding,normal,Question about downgrade my plan,202,2023-03-21 07:03:59,false,4
TK62847,2023-03-21 05:56:00,phone,technical,high,Issue with export my data,28,2023-03-22 11:55:36,false,
TK61031,2023-03-21 07:36:00,in-app,onboarding,low,Unable to connecting the Snowflake sync,271,2023-03-22 10:47:32,false,4
TK61886,2023-03-21 12:30:00,email,billing,normal,Issue with the API rate limit,188,2023-03-22 00:07:18,false,1
TK60361,2023-03-21 22:53:00,in-app,technical,high,Request to downgrade my plan,56,2023-03-22 09:59:15,false,
TK63407,2023-03-22 00:22:00,chat,technical,normal,Error when two-factor authentication,963,2023-03-22 15:43:07,false,
TK60805,2023-03-22 11:49:00,email,onboarding,high,Error when two-factor authentication,11,2023-03-24 10:42:27,false,4
TK61999,2023-03-22 14:09:00,email,technical,normal,Unable to downgrade my plan,199,2023-03-26 17:01:29,false,
TK60793,2023-03-22 16:41:00,chat,technical,normal,Unable to export my data,244,2023-03-23 13:11:07,false,
TK62069,2023-03-22 17:44:00,chat,billing,high,Error when webhook deliveries failing,51,2023-03-31 21:46:14,false,
TK63601,2023-03-22 20:29:00,email,account,normal,Error when export my data,17,2023-03-23 10:23:22,false,
TK60700,2023-03-22 22:42:00,in-app,technical,low,Issue with downgrade my plan,91,2023-03-26 17:57:51,false,
TK63487,2023-03-23 01:02:00,chat,integrations,normal,Unable to connecting the Snowflake sync,159,2023-03-24 12:28:02,false,5
TK62548,2023-03-23 04:13:00,chat,technical,high,How do I downgrade my plan,26,2023-03-23 18:15:02,false,4
TK60880,2023-03-23 07:07:00,chat,account,normal,Cannot the API rate limit,37,2023-03-26 01:03:46,false,
TK60901,2023-03-23 09:12:00,in-app,technical,low,Error when a refund for an annual plan,1909,2023-04-04 23:35:19,false,
TK62078,2023-03-23 10:21:00,chat,technical,normal,Cannot webhook deliveries failing,398,,false,
TK62491,2023-03-23 10:44:00,email,technical,normal,Issue with downgrade my plan,66,,false,
TK63836,2023-03-23 13:28:00,chat,technical,normal,How do I add a teammate,323,,false,
TK63411,2023-03-23 15:11:00,chat,technical,normal,Issue with log in after password reset,192,2023-03-31 01:36:18,false,
TK62303,2023-03-23 15:47:00,chat,account,high,How do I log in after password reset,12,2023-03-24 20:37:45,false,
TK60748,2023-03-23 19:10:00,phone,integrations,urgent,Unable to add a teammate,21,2023-03-23 19:52:46,false,
TK62249,2023-03-23 21:23:00,phone,onboarding,normal,Cannot the invoice for last month,33,2023-03-24 04:23:55,false,5
TK60818,2023-03-24 00:53:00,chat,account,normal,Request to webhook deliveries failing,67,2023-03-24 09:27:14,false,
TK60471,2023-03-24 02:00:00,chat,technical,low,Error when the invoice for last month,118,2023-03-26 02:33:19,false,
TK63467,2023-03-24 03:52:00,email,billing,high,Error when log in after password reset,26,2023-03-26 15:43:18,false,5
TK62549,2023-03-24 04:51:00,chat,account,normal,Question about a refund for an annual plan,663,,false,
TK62160,2023-03-24 04:55:00,chat,technical,normal,Question about export my data,53,2023-04-09 18:09:21,false,
TK62991,2023-03-24 05:20:00,email,account,high,Error when two-factor authentication,21,2023-03-24 09:47:43,false,5
TK62659,2023-03-24 08:05:00,email,integrations,high,Request to the API rate limit,18,2023-03-24 13:56:29,false,4
TK62269,2023-03-24 12:25:00,phone,technical,normal,Cannot connecting the Snowflake sync,224,2023-03-25 04:40:49,false,
TK60331,2023-03-24 13:21:00,email,billing,low,Request to log in after password reset,150,2023-03-30 22:28:07,false,
TK61389,2023-03-24 15:22:00,email,billing,low,Issue with the dashboard loading slowly,88,2023-03-26 13:20:23,false,3
TK63778,2023-03-24 15:34:00,chat,onboarding,low,Unable to downgrade my plan,182,2023-03-26 06:37:24,true,
TK60561,2023-03-24 16:24:00,chat,billing,normal,Issue with a refund for an annual plan,41,2023-03-26 21:16:24,false,
TK62910,2023-03-24 20:52:00,email,account,normal,Cannot downgrade my plan,42,2023-03-27 06:48:01,false,5
TK62199,2023-03-25 05:28:00,email,billing,high,How do I the invoice for last month,71,2023-03-25 10:16:41,false,
TK62393,2023-03-25 06:40:00,chat,technical,low,Question about a duplicate charge,393,2023-03-26 20:03:16,false,
TK61077,2023-03-25 19:27:00,in-app,technical,normal,Unable to connecting the Snowflake sync,18,2023-03-26 16:26:14,false,
TK60738,2023-03-25 20:34:00,in-app,onboarding,normal,Cannot export my data,93,2023-03-26 09:10:33,false,4
TK61820,2023-03-25 22:48:00,email,technical,normal,Error when log in after password reset,88,2023-03-27 11:12:46,true,
TK60947,2023-03-25 23:39:00,chat,billing,high,Cannot webhook deliveries failing,6,2023-03-26 08:48:54,false,
TK62921,2023-03-26 04:20:00,in-app,billing,low,Question about export my data,369,2023-04-06 12:19:31,false,
TK61375,2023-03-26 04:30:00,phone,technical,low,Issue with two-factor authentication,77,2023-03-30 04:28:52,false,
TK62918,2023-03-26 05:17:00,phone,account,urgent,Error when a duplicate charge,8,2023-03-26 13:30:17,false,
TK62733,2023-03-26 07:42:00,email,billing,normal,Issue with add a teammate,110,2023-03-26 20:14:40,false,
TK61929,2023-03-26 07:45:00,email,integrations,normal,Request to add a teammate,407,2023-03-28 14:51:44,false,
TK63749,2023-03-26 12:07:00,in-app,integrations,normal,How do I add a teammate,43,2023-03-27 09:29:25,false,4
TK63604,2023-03-26 13:00:00,in-app,technical,normal,Request to log in after password reset,124,2023-03-27 15:20:50,false,2
TK61688,2023-03-26 16:23:00,email,technical,normal,Question about downgrade my plan,652,2023-03-28 19:50:14,false,
TK61380,2023-03-26 19:20:00,email,onboarding,normal,Question about the dashboard loading slowly,164,2023-03-27 18:05:39,false,
TK62814,2023-03-27 05:33:00,email,billing,normal,Request to add a teammate,47,2023-03-31 18:38:19,false,
TK61525,2023-03-27 09:29:00,email,technical,high,How do I the dashboard loading slowly,48,2023-03-28 02:35:38,false,5
TK60281,2023-03-27 11:48:00,in-app,technical,high,Issue with two-factor authentication,20,2023-03-29 14:51:42,false,
TK62122,2023-03-27 13:53:00,email,onboarding,high,Cannot a duplicate charge,61,2023-03-28 05:46:06,false,5
TK60233,2023-03-27 16:05:00,email,integrations,low,Error when add a teammate,,2023-03-30 19:08:14,false,
TK60564,2023-03-27 16:58:00,chat,account,normal,Unable to connecting the Snowflake sync,16,2023-03-28 06:35:19,false,1
TK60783,2023-03-27 17:09:00,email,account,normal,Issue with connecting the Snowflake sync,254,2023-03-27 18:16:43,false,
TK63561,2023-03-28 01:28:00,chat,billing,normal,Question about the invoice for last month,194,2023-03-28 11:40:58,false,5
TK62440,2023-03-28 01:40:00,email,account,low,Request to log in after password reset,530,2023-03-30 08:40:52,false,5
TK61428,2023-03-28 02:21:00,phone,technical,low,Error when the invoice for last month,95,2023-04-01 15:00:05,false,
TK63832,2023-03-28 05:26:00,chat,technical,low,Cannot log in after password reset,602,2023-05-17 02:10:49,false,
TK61583,2023-03-28 06:07:00,in-app,technical,low,Request to two-factor authentication,147,2023-03-30 18:18:12,false,
TK61365,2023-03-28 07:53:00,email,integrations,high,Error when export my data,16,2023-03-29 03:28:43,false,
TK61033,2023-03-28 10:07:00,email,onboarding,low,Error when webhook deliveries failing,142,2023-04-02 09:55:47,false,
TK63844,2023-03-28 10:58:00,email,onboarding,low,Error when export my data,561,2023-04-03 22:13:50,false,2
TK61970,2023-03-28 22:44:00,chat,billing,normal,Error when log in after password reset,118,2023-03-30 17:16:07,false,
TK62414,2023-03-29 00:31:00,email,account,urgent,Cannot add a teammate,9,2023-03-29 01:23:07,false,5
TK63398,2023-03-29 02:35:00,email,technical,low,Error when a duplicate charge,483,2023-04-01 18:07:23,false,5
TK62118,2023-03-29 02:38:00,email,integrations,low,Cannot export my data,166,2023-03-30 17:31:53,false,
TK61283,2023-03-29 07:41:00,in-app,onboarding,high,How do I a refund for an annual plan,28,2023-03-29 14:37:40,false,
TK60366,2023-03-29 12:44:00,phone,technical,urgent,Unable to the dashboard loading slowly,,2023-03-29 19:41:49,false,
TK60277,2023-03-29 12:56:00,in-app,account,normal,Request to downgrade my plan,180,2023-03-29 22:43:44,false,
TK61095,2023-03-29 15:03:00,email,integrations,normal,Question about the API rate limit,51,2023-04-11 07:10:24,false,
TK60199,2023-03-29 15:39:00,in-app,technical,normal,Unable to the API rate limit,126,2023-04-01 08:26:16,false,
TK63446,2023-03-29 15:40:00,email,technical,normal,Question about webhook deliveries failing,236,2023-03-31 21:26:12,false,3
TK61522,2023-03-29 15:47:00,email,integrations,normal,Issue with the invoice for last month,691,2023-03-31 00:29:33,false,
TK62555,2023-03-29 16:47:00,in-app,integrations,normal,Unable to log in after password reset,88,2023-03-30 12:57:21,false,
TK62720,2023-03-29 17:35:00,in-app,billing,low,Unable to the dashboard loading slowly,622,2023-04-01 15:58:48,false,
TK63627,2023-03-29 21:22:00,email,integrations,urgent,Cannot webhook deliveries failing,21,2023-03-30 01:12:12,true,
TK60989,2023-03-29 22:00:00,chat,account,normal,Request to log in after password reset,280,2023-03-30 11:44:54,false,
TK62908,2023-03-29 22:02:00,email,billing,normal,Cannot downgrade my plan,34,2023-03-31 15:15:52,false,
TK61973,2023-03-30 04:48:00,email,billing,normal,Issue with a duplicate charge,66,2023-03-30 13:21:17,false,4
TK61341,2023-03-30 06:31:00,phone,technical,normal,Request to the invoice for last month,85,2023-03-31 02:21:38,false,
TK63465,2023-03-30 07:15:00,in-app,onboarding,low,Cannot add a teammate,140,2023-03-31 01:50:53,false,
TK62008,2023-03-30 09:08:00,chat,onboarding,normal,Cannot a refund for an annual plan,24,2023-03-30 15:12:24,false,
TK63990,2023-03-30 10:37:00,in-app,technical,high,Request to connecting the Snowflake sync,27,2023-04-01 18:41:01,false,5
TK61498,2023-03-30 11:42:00,email,account,high,Error when add a teammate,71,2023-03-30 13:39:36,false,
TK63135,2023-03-30 14:22:00,chat,integrations,normal,Cannot add a teammate,205,2023-04-05 08:16:32,false,5
TK60905,2023-03-30 15:17:00,in-app,technical,high,Request to webhook deliveries failing,9,,false,
TK63759,2023-03-30 23:25:00,email,billing,high,Unable to log in after password reset,5,2023-03-31 07:53:36,false,
TK63969,2023-03-30 23:31:00,phone,account,normal,Question about the invoice for last month,256,2023-03-31 08:01:45,false,
TK63261,2023-03-31 01:57:00,chat,billing,normal,Request to log in after password reset,340,2023-03-31 16:34:44,false,
TK60360,2023-03-31 06:07:00,phone,billing,high,Issue with the dashboard loading slowly,13,2023-03-31 12:27:30,false,4
TK62919,2023-03-31 07:39:00,in-app,billing,normal,Question about downgrade my plan,26,2023-03-31 23:38:31,false,
TK63826,2023-03-31 09:01:00,chat,technical,low,Request to add a teammate,454,2023-04-02 10:20:14,false,
TK60039,2023-03-31 10:15:00,chat,billing,normal,Question about the API rate limit,195,2023-04-01 04:05:28,false,
TK60643,2023-03-31 11:11:00,chat,technical,urgent,How do I the invoice for last month,3,2023-03-31 18:04:37,false,
TK63813,2023-03-31 12:40:00,chat,technical,high,Issue with export my data,318,2023-04-01 18:50:36,false,
TK61963,2023-03-31 15:25:00,chat,billing,high,Question about a duplicate charge,35,,false,
TK63994,2023-03-31 17:27:00,in-app,onboarding,high,Error when the dashboard loading slowly,47,2023-04-01 08:05:16,false,5
TK63002,2023-03-31 20:29:00,email,onboarding,normal,Request to connecting the Snowflake sync,187,2023-03-31 22:25:55,false,5
TK60993,2023-03-31 20:30:00,phone,billing,high,Question about webhook deliveries failing,44,2023-04-01 00:25:06,false,5
TK63012,2023-03-31 22:22:00,phone,onboarding,normal,Issue with a duplicate charge,109,2023-04-01 11:05:01,false,
TK60396,2023-03-31 23:12:00,phone,billing,high,Cannot the invoice for last month,67,2023-04-01 13:23:07,false,5
TK62670,2023-03-31 23:31:00,chat,billing,normal,Unable to the dashboard loading slowly,,2023-04-01 08:20:40,false,4
TK61753,2023-04-01 05:26:00,in-app,account,low,Cannot the invoice for last month,167,2023-04-04 17:33:14,false,5
TK61060,2023-04-01 14:30:00,email,integrations,high,Unable to a refund for an annual plan,15,2023-04-02 12:14:11,false,
TK60049,2023-04-01 20:17:00,in-app,technical,normal,Issue with the invoice for last month,75,2023-04-07 02:34:48,false,
TK62722,2023-04-01 23:06:00,chat,integrations,low,Unable to a refund for an annual plan,579,2023-04-03 04:05:24,false,3
TK63715,2023-04-02 06:20:00,in-app,technical,normal,How do I a refund for an annual plan,122,2023-04-08 18:42:23,false,
TK60839,2023-04-02 07:06:00,email,technical,high,Question about webhook deliveries failing,17,2023-04-03 11:48:31,false,
TK61401,2023-04-02 08:12:00,in-app,account,normal,Cannot a refund for an annual plan,13,2023-04-04 03:41:39,false,
TK60586,2023-04-02 08:50:00,chat,technical,normal,Unable to the invoice for last month,155,,false,
TK62067,2023-04-02 11:53:00,chat,integrations,low,Request to the API rate limit,332,2023-04-06 10:09:22,false,
TK63956,2023-04-02 18:41:00,chat,billing,low,Error when the invoice for last month,106,2023-04-05 10:45:23,false,5
TK63028,2023-04-02 20:16:00,chat,account,normal,How do I webhook deliveries failing,256,2023-04-03 14:19:54,false,
TK62108,2023-04-02 21:10:00,email,technical,normal,How do I the invoice for last month,388,2023-04-06 05:48:25,false,
TK62250,2023-04-02 22:27:00,in-app,technical,normal,Question about a duplicate charge,50,2023-04-03 10:10:56,false,4
TK62365,2023-04-03 02:06:00,chat,technical,normal,Issue with a refund for an annual plan,68,2023-04-12 01:24:30,false,5
TK60621,2023-04-03 04:00:00,phone,onboarding,normal,How do I export my data,108,2023-04-03 10:32:35,false,5
TK62774,2023-04-03 04:01:00,chat,technical,normal,Cannot the invoice for last month,103,,false,
TK61334,2023-04-03 05:08:00,in-app,billing,low,Question about downgrade my plan,175,2023-04-06 05:07:21,false,
TK60407,2023-04-03 08:37:00,in-app,technical,low,Unable to a duplicate charge,317,2023-05-02 01:10:19,false,5
TK63347,2023-04-03 11:27:00,chat,technical,urgent,Unable to the API rate limit,21,2023-04-03 20:54:53,false,
TK63809,2023-04-03 14:08:00,email,billing,normal,Issue with log in after password reset,12,2023-04-04 07:34:34,false,
TK63445,2023-04-03 14:17:00,chat,technical,low,Unable to a duplicate charge,480,2023-04-07 10:41:15,false,
TK61643,2023-04-03 14:23:00,in-app,account,high,Request to the API rate limit,16,2023-04-03 18:27:48,false,1
TK60339,2023-04-03 14:35:00,chat,account,normal,How do I export my data,206,2023-04-05 18:33:44,false,
TK61044,2023-04-03 15:31:00,in-app,onboarding,high,How do I connecting the Snowflake sync,17,2023-04-03 18:40:24,false,
TK63461,2023-04-03 15:57:00,phone,integrations,normal,Cannot the API rate limit,75,2023-04-05 00:44:38,false,
TK62024,2023-04-03 16:38:00,email,account,high,How do I connecting the Snowflake sync,8,2023-04-03 18:30:54,false,
TK61701,2023-04-03 16:59:00,phone,integrations,low,Cannot a refund for an annual plan,331,,false,
TK61541,2023-04-03 22:17:00,email,account,normal,Question about downgrade my plan,40,2023-04-04 19:22:12,false,
TK63372,2023-04-03 22:27:00,in-app,technical,normal,How do I two-factor authentication,123,2023-04-04 04:01:30,false,
TK62897,2023-04-04 07:27:00,chat,onboarding,low,Request to downgrade my plan,32,2023-04-08 14:31:25,true,
TK63104,2023-04-04 09:30:00,chat,technical,normal,Cannot the API rate limit,76,2023-04-06 17:02:54,false,
TK60573,2023-04-04 14:11:00,phone,billing,low,How do I add a teammate,857,,false,
TK61373,2023-04-04 14:44:00,email,billing,normal,Error when downgrade my plan,79,2023-04-07 03:42:58,false,
TK63112,2023-04-04 14:46:00,in-app,technical,urgent,Error when webhook deliveries failing,7,2023-04-04 23:19:30,false,
TK61241,2023-04-04 16:53:00,chat,account,low,Cannot the dashboard loading slowly,213,2023-04-04 23:24:13,false,
TK60834,2023-04-04 18:00:00,email,integrations,high,Unable to log in after password reset,7,2023-04-07 19:22:34,false,
TK62402,2023-04-04 19:25:00,email,billing,normal,Request to add a teammate,131,2023-04-27 15:47:46,false,4
TK63438,2023-04-04 19:29:00,in-app,account,normal,Issue with the dashboard loading slowly,150,2023-04-05 08:09:09,false,
TK61855,2023-04-04 19:39:00,in-app,onboarding,urgent,How do I two-factor authentication,24,2023-04-04 21:55:04,false,3
TK60497,2023-04-04 20:37:00,in-app,technical,low,Issue with the invoice for last month,142,2023-04-10 19:33:44,false,
TK60204,2023-04-04 21:07:00,chat,account,high,How do I add a teammate,22,2023-04-04 23:56:29,true,
TK63929,2023-04-04 22:35:00,email,billing,high,How do I the API rate limit,,2023-04-05 12:14:59,false,
TK61673,2023-04-05 00:35:00,chat,technical,normal,Question about downgrade my plan,323,,false,
TK61096,2023-04-05 03:35:00,chat,onboarding,normal,Question about the dashboard loading slowly,33,,false,
TK62215,2023-04-05 08:35:00,email,technical,normal,How do I a refund for an annual plan,151,2023-04-05 16:37:43,false,
TK60084,2023-04-05 09:55:00,chat,integrations,normal,Issue with the API rate limit,16,2023-04-06 13:32:43,false,
TK62708,2023-04-05 10:34:00,phone,billing,normal,Unable to add a teammate,22,2023-04-06 11:38:02,false,4
TK60411,2023-04-05 13:19:00,email,billing,urgent,Cannot downgrade my plan,31,2023-04-05 18:50:40,false,2
TK60178,2023-04-05 19:54:00,chat,account,normal,Cannot webhook deliveries failing,119,2023-04-05 21:14:17,false,
TK63222,2023-04-05 20:04:00,chat,technical,high,Question about export my data,31,2023-04-07 01:06:59,false,
TK61721,2023-04-05 21:34:00,email,technical,low,How do I the dashboard loading slowly,179,2023-04-14 14:58:02,false,4
TK61904,2023-04-05 22:51:00,email,onboarding,low,How do I log in after password reset,248,2023-04-19 01:46:51,false,
TK63364,2023-04-06 00:25:00,email,account,normal,Issue with the dashboard loading slowly,160,2023-04-06 07:47:15,false,
TK62663,2023-04-06 03:14:00,email,billing,normal,Error when export my data,642,2023-04-06 09:16:32,false,
TK61055,2023-04-06 05:24:00,chat,integrations,normal,Unable to webhook deliveries failing,358,2023-04-07 17:28:25,false,3
TK62425,2023-04-06 18:02:00,chat,integrations,high,How do I log in after password reset,13,2023-04-07 17:29:06,false,
TK62439,2023-04-06 19:15:00,phone,billing,normal,Cannot connecting the Snowflake sync,99,2023-04-06 20:49:27,false,2
TK63297,2023-04-06 20:31:00,in-app,integrations,high,Request to the API rate limit,38,2023-04-06 22:12:33,false,
TK61712,2023-04-06 21:40:00,chat,onboarding,high,Issue with connecting the Snowflake sync,13,2023-04-07 12:01:55,false,
TK61281,2023-04-07 03:18:00,in-app,account,normal,How do I the API rate limit,44,2023-04-07 15:02:00,false,5
TK60445,2023-04-07 04:27:00,phone,technical,normal,How do I two-factor authentication,99,2023-04-07 13:09:47,true,4
TK60860,2023-04-07 05:07:00,chat,onboarding,high,Unable to export my data,34,2023-04-07 06:53:09,false,
TK62528,2023-04-07 06:40:00,in-app,technical,normal,Question about connecting the Snowflake sync,217,2023-04-07 22:47:24,false,3
TK63147,2023-04-07 13:00:00,email,technical,high,Unable to a refund for an annual plan,153,2023-04-08 12:43:06,false,
TK63333,2023-04-07 19:04:00,email,billing,high,Issue with the dashboard loading slowly,52,2023-04-07 23:19:36,false,5
TK61757,2023-04-07 23:05:00,in-app,account,low,Unable to add a teammate,589,2023-04-09 03:05:52,false,
TK61132,2023-04-08 04:18:00,chat,onboarding,normal,Question about two-factor authentication,49,2023-04-09 03:07:07,false,
TK63772,2023-04-08 06:06:00,in-app,account,normal,Request to webhook deliveries failing,291,2023-04-11 14:50:53,true,
TK61129,2023-04-08 06:57:00,email,integrations,normal,Error when a duplicate charge,69,2023-04-08 23:37:04,false,5
TK60167,2023-04-08 10:05:00,phone,billing,normal,Unable to connecting the Snowflake sync,110,2023-04-14 23:13:02,false,
TK60810,2023-04-08 10:30:00,phone,technical,high,Question about downgrade my plan,24,2023-04-09 11:46:57,false,3
TK63577,2023-04-08 15:15:00,in-app,account,normal,Question about log in after password reset,42,2023-04-09 02:48:55,false,
TK63393,2023-04-08 20:41:00,chat,onboarding,low,Unable to a duplicate charge,153,2023-04-12 04:21:15,false,
TK61584,2023-04-08 22:26:00,chat,account,low,Issue with downgrade my plan,,2023-04-12 17:35:24,false,5
TK60027,2023-04-08 23:40:00,phone,billing,low,Cannot two-factor authentication,345,2023-04-09 10:56:43,true,3
TK63517,2023-04-09 00:29:00,phone,integrations,normal,Issue with the invoice for last month,28,2023-04-13 18:55:51,false,
TK61939,2023-04-09 03:26:00,email,account,high,Request to webhook deliveries failing,18,2023-04-09 05:13:19,false,
TK63714,2023-04-09 03:54:00,chat,onboarding,low,Request to a refund for an annual plan,264,2023-04-10 08:29:20,false,5
TK63642,2023-04-09 03:55:00,in-app,technical,normal,How do I export my data,156,2023-04-09 14:56:38,false,
TK62057,2023-04-09 08:34:00,phone,technical,high,Error when export my data,24,2023-04-09 18:54:12,true,4
TK60047,2023-04-09 09:50:00,email,onboarding,high,Issue with the API rate limit,74,2023-04-09 14:02:25,false,3
TK60902,2023-04-09 12:02:00,email,onboarding,normal,How do I the invoice for last month,187,2023-04-10 07:18:37,false,1
TK62267,2023-04-09 17:31:00,chat,integrations,low,Issue with two-factor authentication,78,2023-04-20 00:39:44,false,
TK62547,2023-04-09 21:02:00,email,technical,normal,Unable to add a teammate,272,,false,
TK62005,2023-04-09 23:14:00,chat,billing,urgent,Question about a refund for an annual plan,2,2023-04-10 00:10:50,false,
TK62635,2023-04-10 01:13:00,in-app,onboarding,normal,Question about two-factor authentication,5,2023-04-11 05:11:10,false,4
TK62397,2023-04-10 02:23:00,in-app,billing,normal,Question about downgrade my plan,18,2023-04-11 06:35:58,false,
TK62048,2023-04-10 04:12:00,in-app,technical,high,Question about the invoice for last month,66,2023-04-30 06:08:17,false,4
TK62098,2023-04-10 06:01:00,email,account,normal,Error when the dashboard loading slowly,34,2023-04-12 11:31:45,false,5
TK61831,2023-04-10 06:42:00,chat,integrations,normal,How do I webhook deliveries failing,28,2023-04-11 04:09:42,false,5
TK60136,2023-04-10 08:42:00,email,technical,normal,Error when the dashboard loading slowly,152,2023-04-10 16:21:02,false,
TK63006,2023-04-10 09:09:00,in-app,integrations,normal,Cannot webhook deliveries failing,679,2023-04-14 18:52:07,false,
TK60980,2023-04-10 10:45:00,phone,billing,normal,Cannot export my data,60,2023-04-13 16:41:24,false,5
TK61087,2023-04-10 10:55:00,email,billing,normal,Cannot two-factor authentication,526,2023-04-14 21:40:54,false,
TK63199,2023-04-10 15:40:00,chat,technical,low,How do I a duplicate charge,65,,false,
TK62932,2023-04-10 16:20:00,email,account,low,Issue with downgrade my plan,181,2023-04-12 07:12:45,false,
TK60180,2023-04-10 18:07:00,email,technical,low,Error when add a teammate,233,2023-04-15 22:46:31,false,5
TK62219,2023-04-10 21:33:00,chat,billing,normal,Issue with connecting the Snowflake sync,95,2023-04-10 23:34:03,false,
TK62690,2023-04-10 23:46:00,email,integrations,high,Issue with add a teammate,68,,false,
TK63251,2023-04-11 00:45:00,email,technical,normal,Request to webhook deliveries failing,56,2023-04-12 08:33:45,false,4
TK62375,2023-04-11 02:25:00,email,technical,normal,Request to add a teammate,146,2023-05-01 00:45:52,false,
TK61909,2023-04-11 04:15:00,chat,billing,normal,Question about export my data,174,2023-04-11 06:06:27,false,
TK62537,2023-04-11 06:43:00,email,billing,low,Request to the invoice for last month,214,2023-04-12 13:45:31,false,
TK61279,2023-04-11 07:10:00,chat,onboarding,high,Error when two-factor authentication,142,2023-04-11 09:30:10,false,
TK60395,2023-04-11 09:26:00,email,onboarding,normal,Unable to two-factor authentication,179,2023-04-11 12:08:42,false,
TK62041,2023-04-11 12:01:00,chat,technical,high,How do I a duplicate charge,50,,false,
TK61816,2023-04-11 14:14:00,chat,onboarding,normal,Error when a duplicate charge,11,2023-04-12 02:28:49,false,5
TK60485,2023-04-11 15:00:00,in-app,onboarding,low,Error when two-factor authentication,55,2023-04-12 07:11:15,false,5
TK61562,2023-04-11 15:50:00,email,technical,normal,Error when export my data,86,2023-04-13 08:46:02,false,
TK63305,2023-04-11 16:19:00,email,billing,normal,Error when the dashboard loading slowly,69,2023-04-12 13:43:28,false,
TK60832,2023-04-11 18:26:00,chat,account,normal,Question about connecting the Snowflake sync,224,2023-04-12 14:23:25,false,
TK61732,2023-04-11 21:49:00,chat,technical,normal,Unable to export my data,200,2023-04-16 02:03:20,false,
TK62694,2023-04-12 05:55:00,in-app,account,normal,Issue with the dashboard loading slowly,27,2023-04-13 04:44:37,false,2
TK63700,2023-04-12 10:39:00,phone,integrations,normal,Request to the API rate limit,102,2023-04-22 15:13:21,false,
TK61252,2023-04-12 14:54:00,chat,billing,high,Issue with a duplicate charge,99,2023-04-12 18:22:03,true,
TK63050,2023-04-12 15:15:00,email,technical,urgent,Cannot webhook deliveries failing,21,2023-04-12 15:42:50,false,
TK60415,2023-04-12 17:12:00,chat,account,normal,How do I log in after password reset,15,2023-04-13 01:08:25,false,
TK60784,2023-04-13 03:10:00,chat,billing,high,Request to log in after password reset,8,2023-04-19 17:34:17,false,
TK60872,2023-04-13 04:09:00,in-app,technical,high,How do I two-factor authentication,113,2023-04-14 05:05:21,false,
TK63435,2023-04-13 04:36:00,email,technical,normal,Cannot connecting the Snowflake sync,46,2023-04-15 05:57:30,false,2
TK61663,2023-04-13 08:46:00,email,technical,normal,Unable to add a teammate,229,2023-04-18 00:02:49,false,5
TK61808,2023-04-13 11:29:00,chat,onboarding,normal,How do I add a teammate,82,2023-04-16 00:30:04,false,
TK61491,2023-04-13 14:15:00,chat,technical,normal,Issue with a duplicate charge,18,,false,
TK60252,2023-04-13 15:56:00,in-app,billing,normal,Request to a refund for an annual plan,474,2023-04-15 06:29:55,true,4
TK60820,2023-04-13 17:33:00,email,technical,normal,Question about connecting the Snowflake sync,322,2023-04-14 18:54:37,false,2
TK60033,2023-04-13 18:04:00,email,account,normal,Unable to the invoice for last month,139,2023-04-18 15:57:13,false,
TK61736,2023-04-13 21:04:00,email,account,normal,Request to the API rate limit,,2023-04-24 06:21:03,true,
TK61508,2023-04-13 23:27:00,phone,onboarding,high,How do I export my data,85,2023-04-14 03:46:08,false,3
TK61479,2023-04-14 01:43:00,email,technical,normal,Issue with the invoice for last month,266,2023-04-16 15:03:29,true,4
TK63879,2023-04-14 03:35:00,chat,account,normal,Request to two-factor authentication,311,2023-04-14 20:04:02,false,
TK63974,2023-04-14 05:09:00,chat,technical,high,Cannot the invoice for last month,91,2023-04-14 12:17:00,false,3
TK62339,2023-04-14 05:17:00,in-app,onboarding,normal,How do I add a teammate,100,2023-04-17 19:23:18,false,
TK61214,2023-04-14 08:28:00,chat,account,high,Error when two-factor authentication,26,2023-04-14 13:50:16,false,
TK62726,2023-04-14 09:43:00,in-app,integrations,normal,How do I connecting the Snowflake sync,78,2023-04-14 12:52:18,false,
TK61001,2023-04-14 09:56:00,email,billing,normal,Error when the dashboard loading slowly,205,2023-04-15 06:45:33,false,4
TK63486,2023-04-14 13:42:00,in-app,technical,normal,Issue with add a teammate,37,2023-04-15 17:41:25,false,5
TK63210,2023-04-14 17:48:00,phone,billing,low,Cannot the API rate limit,225,2023-04-15 22:33:29,false,
TK63462,2023-04-14 18:43:00,email,account,high,Issue with downgrade my plan,21,2023-04-15 02:08:24,false,4
TK61409,2023-04-14 19:45:00,email,account,low,Cannot the invoice for last month,172,2023-04-15 12:22:16,false,3
TK61257,2023-04-14 19:52:00,email,billing,high,Cannot the dashboard loading slowly,33,2023-04-16 07:56:08,false,
TK62124,2023-04-14 22:24:00,phone,onboarding,normal,Cannot webhook deliveries failing,101,2023-04-15 02:30:53,false,4
TK61523,2023-04-14 22:49:00,in-app,account,normal,Cannot connecting the Snowflake sync,303,2023-04-15 12:53:01,false,
TK62965,2023-04-15 00:40:00,email,integrations,high,Question about add a teammate,17,,false,
TK61470,2023-04-15 05:25:00,chat,account,normal,Unable to add a teammate,76,2023-04-16 10:36:09,true,5
TK60827,2023-04-15 06:00:00,chat,technical,normal,Error when export my data,129,2023-04-15 11:50:53,false,4
TK62577,2023-04-15 07:00:00,in-app,technical,high,Question about add a teammate,39,2023-04-15 22:41:49,false,5
TK60742,2023-04-15 07:37:00,chat,billing,urgent,Error when add a teammate,34,2023-04-15 11:21:38,false,
TK61610,2023-04-15 07:47:00,email,technical,normal,Issue with connecting the Snowflake sync,40,2023-04-17 16:36:41,false,
TK62799,2023-04-15 08:18:00,email,onboarding,urgent,Issue with a duplicate charge,18,2023-04-15 15:36:48,false,1
TK62820,2023-04-15 09:25:00,phone,technical,urgent,Issue with add a teammate,37,2023-04-15 19:36:52,false,
TK61152,2023-04-15 09:33:00,in-app,onboarding,normal,Error when add a teammate,248,2023-04-17 07:19:03,false,
TK61853,2023-04-15 11:06:00,phone,onboarding,normal,Question about the dashboard loading slowly,97,2023-04-16 00:55:48,false,
TK63200,2023-04-15 12:21:00,phone,technical,low,How do I connecting the Snowflake sync,,2023-05-01 20:19:09,false,5
TK60864,2023-04-15 12:50:00,in-app,billing,high,Issue with add a teammate,101,2023-04-15 13:42:45,false,
TK62818,2023-04-15 13:04:00,chat,onboarding,normal,Issue with two-factor authentication,136,2023-04-16 09:00:09,false,
TK62229,2023-04-15 13:46:00,in-app,billing,normal,Error when downgrade my plan,83,2023-04-21 09:54:40,true,5
TK61895,2023-04-15 14:56:00,email,integrations,normal,Request to a refund for an annual plan,70,2023-04-16 20:12:06,false,2
TK61434,2023-04-15 15:13:00,chat,technical,high,Issue with the dashboard loading slowly,50,2023-04-17 01:40:05,false,
TK60845,2023-04-15 15:39:00,email,onboarding,normal,Cannot downgrade my plan,55,2023-04-16 21:14:39,false,4
TK63596,2023-04-15 18:32:00,phone,billing,low,Question about the API rate limit,185,2023-04-17 10:27:28,false,
TK60146,2023-04-15 18:41:00,email,onboarding,normal,Unable to webhook deliveries failing,31,2023-04-16 04:01:41,false,1
TK63673,2023-04-15 23:36:00,chat,billing,high,Issue with log in after password reset,83,2023-04-16 03:17:52,true,
TK62562,2023-04-16 00:32:00,email,account,high,Request to add a teammate,14,2023-04-17 14:47:21,false,
TK62544,2023-04-16 06:29:00,in-app,billing,high,How do I downgrade my plan,18,2023-04-20 14:57:25,false,
TK60498,2023-04-16 07:06:00,email,technical,high,How do I log in after password reset,38,2023-04-16 21:33:26,false,
TK62901,2023-04-16 07:51:00,in-app,account,high,Error when two-factor authentication,106,2023-04-16 19:08:14,false,
TK60087,2023-04-16 08:28:00,email,billing,normal,Request to connecting the Snowflake sync,92,2023-04-21 12:47:49,false,
TK60162,2023-04-16 08:53:00,chat,integrations,normal,Issue with export my data,131,2023-04-16 22:15:47,false,
TK61080,2023-04-16 11:15:00,in-app,billing,normal,Unable to export my data,135,2023-04-17 21:30:58,false,
TK63676,2023-04-16 14:07:00,in-app,billing,normal,Cannot the API rate limit,129,2023-04-16 20:33:23,true,4
TK60010,2023-04-16 16:30:00,email,billing,normal,Unable to downgrade my plan,148,2023-04-18 17:52:59,false,
TK62337,2023-04-16 20:30:00,in-app,onboarding,high,Unable to export my data,220,2023-04-17 11:45:47,false,
TK62171,2023-04-16 21:27:00,email,integrations,low,Request to downgrade my plan,47,2023-04-18 03:14:49,false,
TK63182,2023-04-16 23:25:00,email,billing,normal,Issue with two-factor authentication,385,,false,
TK60932,2023-04-17 03:40:00,email,technical,low,Cannot export my data,155,2023-04-18 14:17:43,false,
TK62493,2023-04-17 08:22:00,chat,account,normal,Request to downgrade my plan,262,2023-04-17 13:55:58,false,
TK61361,2023-04-17 09:41:00,phone,account,urgent,How do I webhook deliveries failing,13,2023-04-17 13:21:18,false,
TK61728,2023-04-17 12:11:00,in-app,integrations,normal,How do I downgrade my plan,188,2023-04-19 16:40:39,false,
TK62557,2023-04-17 15:19:00,in-app,billing,normal,How do I the dashboard loading slowly,82,2023-04-18 05:56:40,false,2
TK62836,2023-04-17 18:19:00,email,technical,normal,How do I log in after password reset,162,2023-04-22 12:05:33,false,4
TK61007,2023-04-17 20:03:00,chat,technical,normal,Unable to the invoice for last month,105,2023-04-18 14:59:08,false,
TK62139,2023-04-17 21:04:00,chat,integrations,normal,How do I the invoice for last month,92,2023-04-18 19:25:06,false,
TK62268,2023-04-17 21:23:00,in-app,integrations,high,Request to the dashboard loading slowly,58,2023-04-18 10:56:25,false,
TK63947,2023-04-17 21:23:00,chat,billing,low,Question about a duplicate charge,250,2023-05-04 18:00:43,false,4
TK63545,2023-04-17 22:32:00,in-app,technical,low,Unable to connecting the Snowflake sync,125,2023-05-22 12:12:19,false,
TK60317,2023-04-18 00:22:00,email,onboarding,normal,Unable to the dashboard loading slowly,63,2023-04-18 22:39:59,false,
TK62629,2023-04-18 02:26:00,in-app,billing,high,Request to a duplicate charge,43,2023-04-21 15:14:31,false,
TK62743,2023-04-18 03:41:00,chat,technical,normal,Issue with log in after password reset,46,2023-04-18 12:49:22,false,
TK62608,2023-04-18 06:07:00,chat,technical,normal,Question about the API rate limit,121,2023-04-18 17:13:01,false,
TK60282,2023-04-18 08:04:00,chat,billing,high,Issue with a duplicate charge,32,2023-04-18 15:38:12,true,4
TK63387,2023-04-18 16:23:00,chat,onboarding,normal,Request to export my data,9,2023-04-19 06:07:28,false,5
TK63575,2023-04-18 16:32:00,in-app,billing,normal,Error when the invoice for last month,94,2023-04-18 19:54:27,false,
TK60707,2023-04-18 16:52:00,in-app,billing,high,Issue with connecting the Snowflake sync,87,2023-04-19 06:28:10,false,4
TK61458,2023-04-18 20:08:00,email,technical,normal,Issue with a refund for an annual plan,75,2023-04-19 17:44:33,false,
TK63008,2023-04-18 20:21:00,in-app,account,low,Error when the invoice for last month,41,2023-04-24 16:42:36,false,
TK60202,2023-04-18 21:50:00,email,onboarding,normal,Issue with a refund for an annual plan,110,2023-04-19 02:09:49,false,
TK61536,2023-04-18 22:43:00,email,integrations,high,Issue with a refund for an annual plan,58,2023-04-19 04:08:35,false,
TK63244,2023-04-19 00:19:00,phone,technical,high,Issue with two-factor authentication,77,2023-04-19 04:47:16,false,
TK61885,2023-04-19 08:20:00,chat,technical,normal,Request to connecting the Snowflake sync,84,2023-04-19 18:37:44,true,
TK63691,2023-04-19 11:28:00,chat,technical,normal,Unable to a refund for an annual plan,40,2023-04-24 03:42:58,false,2
TK61530,2023-04-19 17:23:00,phone,billing,low,Error when webhook deliveries failing,67,2023-04-20 16:38:49,false,
TK62551,2023-04-19 21:05:00,email,technical,normal,Unable to add a teammate,92,2023-04-28 02:02:07,false,
TK61581,2023-04-19 21:23:00,phone,technical,normal,Error when export my data,154,2023-04-21 00:23:57,false,
TK61690,2023-04-19 22:25:00,in-app,billing,high,Cannot add a teammate,46,2023-04-20 06:51:38,false,5
TK60328,2023-04-19 22:55:00,email,billing,low,Issue with the dashboard loading slowly,292,2023-04-20 23:54:18,false,3
TK63133,2023-04-20 01:58:00,chat,onboarding,high,Request to a duplicate charge,27,2023-04-20 16:53:25,false,
TK62751,2023-04-20 10:12:00,chat,account,normal,Unable to the dashboard loading slowly,49,2023-04-21 02:26:27,false,
TK60451,2023-04-20 12:36:00,chat,technical,normal,Issue with the API rate limit,,2023-05-14 18:51:29,false,
TK62602,2023-04-20 16:13:00,in-app,technical,normal,How do I log in after password reset,124,2023-04-21 23:09:53,false,
TK60972,2023-04-20 16:46:00,chat,billing,normal,Cannot connecting the Snowflake sync,7,2023-04-21 13:19:49,false,
TK60509,2023-04-20 17:42:00,chat,integrations,low,Request to webhook deliveries failing,811,2023-04-29 12:37:10,false,
TK62426,2023-04-20 19:14:00,in-app,onboarding,urgent,Unable to a refund for an annual plan,22,2023-04-20 21:42:46,false,
TK62467,2023-04-20 21:27:00,email,technical,high,Issue with a refund for an annual plan,12,2023-04-22 07:44:13,false,2
TK61321,2023-04-21 04:10:00,phone,account,normal,Cannot add a teammate,21,2023-05-14 22:06:59,false,
TK60354,2023-04-21 04:41:00,email,technical,normal,Request to the invoice for last month,14,2023-04-22 07:51:06,false,
TK61657,2023-04-21 07:57:00,chat,technical,high,Unable to log in after password reset,20,2023-04-22 17:03:00,false,
TK62856,2023-04-21 11:07:00,in-app,technical,normal,Issue with a refund for an annual plan,189,2023-04-25 07:31:17,false,5
TK60173,2023-04-21 14:27:00,chat,account,low,Issue with a duplicate charge,48,2023-04-22 09:07:31,false,
TK61121,2023-04-21 15:54:00,email,onboarding,low,How do I log in after password reset,253,2023-04-24 03:27:38,false,
TK63623,2023-04-21 16:45:00,email,integrations,low,Request to a duplicate charge,659,2023-04-23 13:31:56,false,
TK60192,2023-04-21 17:52:00,email,billing,normal,Question about the dashboard loading slowly,117,2023-04-22 11:44:28,true,4
TK62843,2023-04-22 01:39:00,in-app,integrations,normal,Error when add a teammate,63,2023-04-22 14:04:24,false,4
TK61490,2023-04-22 02:03:00,chat,account,normal,Cannot two-factor authentication,107,,false,
TK60230,2023-04-22 03:25:00,chat,integrations,high,Cannot two-factor authentication,4,2023-04-24 05:23:49,false,4
TK63478,2023-04-22 03:37:00,chat,onboarding,normal,Request to the invoice for last month,196,2023-04-22 08:57:59,false,5
TK62839,2023-04-22 04:59:00,email,technical,normal,Issue with a refund for an annual plan,,2023-04-23 15:48:36,false,5
TK61313,2023-04-22 06:18:00,email,integrations,urgent,How do I a refund for an annual plan,47,2023-04-22 11:59:00,false,
TK61232,2023-04-22 07:21:00,chat,technical,normal,Issue with downgrade my plan,74,2023-04-24 09:35:03,false,
TK63258,2023-04-22 10:58:00,in-app,technical,low,Unable to a refund for an annual plan,77,2023-05-19 17:23:32,false,
TK60400,2023-04-22 14:09:00,phone,onboarding,normal,Request to two-factor authentication,75,2023-04-23 04:34:44,false,
TK63574,2023-04-22 16:27:00,email,billing,low,Request to a refund for an annual plan,262,2023-04-24 08:07:55,false,5
TK63489,2023-04-22 16:28:00,email,technical,low,Unable to webhook deliveries failing,640,2023-04-24 09:59:43,false,5
TK60684,2023-04-22 17:27:00,chat,billing,high,Request to downgrade my plan,81,2023-04-25 02:25:21,true,
TK60776,2023-04-22 18:06:00,chat,account,high,How do I export my data,312,2023-04-23 04:26:10,false,
TK63056,2023-04-22 18:38:00,email,onboarding,normal,Question about the API rate limit,89,2023-04-25 03:12:38,false,2
TK60895,2023-04-22 18:41:00,in-app,account,high,How do I the dashboard loading slowly,117,2023-04-23 01:05:14,false,1
TK61947,2023-04-23 00:03:00,chat,billing,normal,How do I two-factor authentication,764,2023-04-25 17:30:34,false,
TK60014,2023-04-23 05:52:00,chat,onboarding,low,Cannot the dashboard loading slowly,186,2023-04-26 12:13:26,false,
TK60515,2023-04-23 09:12:00,chat,billing,normal,Issue with a duplicate charge,27,2023-04-23 18:25:52,false,
TK63274,2023-04-23 17:14:00,in-app,onboarding,low,Unable to the API rate limit,182,2023-04-24 15:57:22,false,5
TK63381,2023-04-23 17:30:00,email,billing,low,Request to the dashboard loading slowly,333,2023-05-03 13:07:30,false,
TK61316,2023-04-23 20:10:00,email,technical,low,Question about a duplicate charge,,2023-04-25 15:11:10,false,
TK62898,2023-04-24 02:19:00,email,onboarding,normal,Issue with a duplicate charge,346,2023-04-24 12:26:40,false,5
TK61607,2023-04-24 02:38:00,email,billing,high,Cannot downgrade my plan,17,2023-04-24 16:12:08,false,
TK61503,2023-04-24 03:11:00,chat,technical,normal,Unable to log in after password reset,121,2023-04-30 11:12:56,false,
TK63248,2023-04-24 05:02:00,email,billing,high,Question about downgrade my plan,19,2023-04-24 06:28:20,false,
TK63395,2023-04-24 05:06:00,in-app,billing,normal,Unable to log in after password reset,37,2023-04-24 11:17:20,false,
TK60795,2023-04-24 06:36:00,email,integrations,low,Unable to a duplicate charge,94,2023-04-25 19:02:13,true,4
TK63848,2023-04-24 08:04:00,chat,technical,normal,How do I log in after password reset,159,2023-04-26 07:24:53,false,5
TK61019,2023-04-24 09:02:00,in-app,technical,low,Cannot add a teammate,,2023-04-26 22:08:25,false,
TK63390,2023-04-24 09:41:00,chat,integrations,high,Cannot the invoice for last month,105,2023-04-25 15:22:55,false,4
TK63804,2023-04-24 14:15:00,email,integrations,normal,Request to the API rate limit,135,2023-04-24 18:05:36,false,5
TK61090,2023-04-24 19:41:00,chat,billing,urgent,Cannot two-factor authentication,28,2023-04-24 22:00:41,false,
TK60868,2023-04-24 20:52:00,chat,technical,low,How do I add a teammate,406,,false,
TK60806,2023-04-25 01:35:00,email,account,normal,Cannot the API rate limit,23,2023-04-25 23:03:33,false,
TK60265,2023-04-25 03:37:00,email,billing,normal,Unable to the API rate limit,184,2023-04-26 05:35:23,false,
TK62831,2023-04-25 04:37:00,chat,technical,normal,Issue with a refund for an annual plan,187,2023-04-26 12:23:12,false,
TK60447,2023-04-25 06:07:00,in-app,account,normal,Error when connecting the Snowflake sync,187,2023-04-25 22:32:14,false,
TK61414,2023-04-25 07:31:00,email,integrations,normal,Request to add a teammate,195,2023-04-26 00:20:21,false,
TK60837,2023-04-25 13:37:00,chat,billing,normal,Request to export my data,135,2023-04-25 22:32:05,false,4
TK63441,2023-04-25 13:58:00,in-app,account,low,Issue with a duplicate charge,463,2023-04-26 03:33:01,false,5
TK60110,2023-04-25 14:48:00,email,technical,low,Request to log in after password reset,615,2023-05-06 03:44:25,false,5
TK62192,2023-04-25 15:24:00,phone,integrations,normal,Error when add a teammate,383,2023-04-27 03:47:42,true,
TK61022,2023-04-25 17:41:00,email,technical,normal,Unable to a refund for an annual plan,441,2023-04-27 10:08:33,false,
TK60066,2023-04-26 09:45:00,in-app,billing,low,How do I connecting the Snowflake sync,260,2023-04-30 21:29:43,false,
TK62959,2023-04-26 14:29:00,phone,technical,normal,Unable to the invoice for last month,52,2023-04-29 01:13:49,false,
TK61984,2023-04-26 17:48:00,chat,billing,low,How do I connecting the Snowflake sync,25,2023-04-27 06:37:24,true,
TK61612,2023-04-26 18:19:00,in-app,onboarding,urgent,How do I add a teammate,9,2023-04-26 19:54:53,false,
TK61453,2023-04-26 19:29:00,email,technical,normal,Question about a refund for an annual plan,66,2023-04-28 15:10:47,false,1
TK60914,2023-04-27 00:00:00,in-app,technical,normal,Request to connecting the Snowflake sync,33,2023-05-01 07:36:59,false,
TK60419,2023-04-27 00:17:00,in-app,account,normal,Issue with log in after password reset,140,2023-04-27 15:00:48,false,4
TK60362,2023-04-27 05:46:00,phone,technical,normal,Question about a duplicate charge,45,2023-04-30 01:49:20,false,3
TK60237,2023-04-27 08:16:00,chat,technical,urgent,Error when downgrade my plan,2,2023-04-27 20:59:06,false,
TK63384,2023-04-27 12:32:00,email,integrations,normal,How do I a duplicate charge,61,2023-04-28 12:02:07,false,5
TK62302,2023-04-27 21:45:00,email,account,high,Issue with the invoice for last month,68,2023-04-28 15:49:54,false,1
TK63422,2023-04-28 01:04:00,email,onboarding,normal,Unable to the invoice for last month,,2023-04-28 09:54:10,false,
TK61187,2023-04-28 03:58:00,chat,billing,urgent,Request to a refund for an annual plan,20,2023-04-28 10:14:28,false,5
TK60871,2023-04-28 05:23:00,email,technical,urgent,How do I add a teammate,22,2023-04-28 07:17:29,false,
TK60623,2023-04-28 16:14:00,email,technical,urgent,Question about webhook deliveries failing,12,2023-04-28 18:01:12,false,
TK60787,2023-04-28 18:50:00,chat,billing,high,Error when export my data,17,2023-05-01 10:05:56,false,5
TK61883,2023-04-28 20:09:00,in-app,billing,normal,Unable to two-factor authentication,198,2023-05-04 16:25:13,false,
TK61216,2023-04-28 20:35:00,email,technical,urgent,Question about log in after password reset,52,2023-04-29 02:19:35,false,
TK63264,2023-04-28 22:57:00,email,billing,normal,Question about log in after password reset,71,2023-04-29 00:44:54,false,5
TK61126,2023-04-29 10:58:00,email,onboarding,low,Request to log in after password reset,147,2023-05-02 23:13:41,false,4
TK63420,2023-04-29 11:21:00,email,integrations,normal,Cannot the invoice for last month,29,2023-04-29 17:34:53,false,
TK60337,2023-04-29 12:06:00,email,integrations,normal,Request to a duplicate charge,34,2023-05-01 19:28:13,false,5
TK63294,2023-04-29 13:06:00,phone,integrations,normal,Request to two-factor authentication,,2023-05-01 00:40:49,false,
TK60151,2023-04-29 13:45:00,email,technical,high,Request to two-factor authentication,17,2023-04-30 02:28:41,false,
TK61163,2023-04-29 17:50:00,phone,technical,urgent,Question about a duplicate charge,83,2023-05-01 21:43:10,false,
TK61920,2023-04-29 17:57:00,chat,integrations,low,Request to webhook deliveries failing,366,,false,
TK62246,2023-04-29 18:15:00,email,integrations,normal,Issue with a refund for an annual plan,83,2023-05-01 22:33:38,false,
TK61526,2023-04-29 20:41:00,email,account,normal,Unable to downgrade my plan,,2023-04-30 10:42:01,false,
TK60743,2023-04-29 20:56:00,email,account,low,Unable to the API rate limit,105,,false,
TK62378,2023-04-29 22:13:00,email,integrations,normal,Unable to the invoice for last month,354,2023-04-30 01:28:32,false,4
TK61636,2023-04-29 23:02:00,phone,onboarding,normal,Error when connecting the Snowflake sync,467,2023-05-01 23:11:16,false,
TK60736,2023-04-30 10:21:00,in-app,technical,high,Error when a duplicate charge,28,2023-04-30 16:30:35,false,
TK63563,2023-04-30 11:46:00,email,technical,high,Request to the API rate limit,38,2023-05-09 01:23:19,false,
TK63914,2023-04-30 12:11:00,chat,onboarding,low,Request to the dashboard loading slowly,118,2023-05-06 20:30:19,false,4
TK63246,2023-04-30 13:46:00,chat,technical,high,Unable to downgrade my plan,34,,false,
TK60542,2023-04-30 13:53:00,chat,account,normal,How do I connecting the Snowflake sync,25,2023-05-02 09:49:56,false,
TK62894,2023-04-30 15:09:00,in-app,technical,low,Error when a duplicate charge,217,2023-05-06 18:40:06,false,
TK60430,2023-04-30 15:10:00,in-app,billing,urgent,Cannot the API rate limit,2,2023-04-30 17:33:12,false,
TK61135,2023-04-30 23:57:00,email,billing,low,Issue with add a teammate,133,2023-05-04 22:07:34,true,
TK61100,2023-05-01 00:02:00,phone,billing,urgent,Cannot connecting the Snowflake sync,15,2023-05-01 08:44:55,false,
TK62002,2023-05-01 00:19:00,chat,technical,normal,Issue with the dashboard loading slowly,28,2023-05-01 22:20:33,false,5
TK61784,2023-05-01 01:02:00,in-app,onboarding,high,How do I a duplicate charge,39,2023-05-01 08:24:41,false,5
TK62165,2023-05-01 01:17:00,email,onboarding,normal,How do I log in after password reset,61,2023-05-01 04:51:55,false,5
TK61285,2023-05-01 07:02:00,email,billing,normal,Cannot export my data,178,2023-05-01 11:03:34,false,
TK61388,2023-05-01 07:26:00,email,onboarding,low,Unable to connecting the Snowflake sync,136,2023-05-11 14:27:42,true,5
TK63118,2023-05-01 12:11:00,email,integrations,low,Error when export my data,30,2023-05-21 23:36:02,false,3
TK63013,2023-05-01 12:59:00,chat,integrations,normal,How do I two-factor authentication,88,2023-05-05 08:40:49,false,1
TK61379,2023-05-01 13:02:00,chat,technical,normal,Issue with webhook deliveries failing,33,2023-05-02 04:48:00,false,
TK60984,2023-05-01 18:52:00,chat,integrations,low,Cannot log in after password reset,533,2023-05-01 20:23:38,false,
TK62034,2023-05-01 21:10:00,email,technical,normal,Error when the dashboard loading slowly,190,2023-05-03 03:41:18,false,
TK62725,2023-05-02 03:33:00,chat,integrations,normal,Unable to the invoice for last month,29,2023-05-19 13:04:39,false,
TK62944,2023-05-02 05:57:00,email,onboarding,high,Error when the dashboard loading slowly,26,2023-05-02 08:00:36,false,
TK60380,2023-05-02 05:58:00,chat,account,high,Request to downgrade my plan,55,,false,
TK61717,2023-05-02 06:31:00,chat,technical,normal,Issue with downgrade my plan,121,2023-05-02 11:59:25,false,
TK60689,2023-05-02 07:37:00,email,integrations,normal,Unable to log in after password reset,,2023-05-10 11:58:11,false,
TK60297,2023-05-02 08:10:00,chat,integrations,high,Unable to two-factor authentication,64,2023-05-06 01:51:41,false,5
TK60614,2023-05-02 10:48:00,email,account,high,How do I two-factor authentication,40,2023-05-02 14:29:24,false,4
TK61650,2023-05-02 11:16:00,phone,billing,urgent,How do I export my data,16,2023-05-02 19:55:04,false,
TK61707,2023-05-02 11:53:00,phone,technical,normal,Request to the invoice for last month,137,2023-05-10 01:15:52,false,
TK63176,2023-05-02 11:54:00,email,technical,low,Issue with the dashboard loading slowly,773,2023-05-02 19:41:40,false,
TK63146,2023-05-02 15:30:00,in-app,integrations,normal,Error when a refund for an annual plan,53,2023-05-04 16:49:22,false,
TK63504,2023-05-02 17:11:00,phone,integrations,high,Issue with two-factor authentication,241,2023-05-07 02:15:02,false,4
TK60596,2023-05-03 02:57:00,email,integrations,normal,Error when add a teammate,157,2023-05-04 04:47:13,false,
TK61339,2023-05-03 05:29:00,chat,account,normal,Cannot the dashboard loading slowly,20,2023-05-03 14:56:55,false,
TK63315,2023-05-03 06:25:00,phone,technical,normal,Request to a refund for an annual plan,101,2023-05-05 10:01:17,false,5
TK62164,2023-05-03 06:35:00,chat,technical,normal,Error when export my data,142,2023-05-06 17:24:34,false,1
TK62256,2023-05-03 07:25:00,chat,integrations,low,Unable to two-factor authentication,423,2023-05-03 15:18:33,false,
TK60316,2023-05-03 07:50:00,phone,account,normal,Error when export my data,192,2023-05-04 13:33:09,false,
TK61819,2023-05-03 08:10:00,email,technical,normal,Request to webhook deliveries failing,122,2023-05-04 08:58:12,false,
TK61867,2023-05-03 11:43:00,in-app,technical,high,Question about a duplicate charge,51,2023-05-03 21:20:59,false,5
TK63449,2023-05-03 18:49:00,email,integrations,high,Error when two-factor authentication,19,2023-05-05 00:47:19,false,
TK63221,2023-05-03 20:15:00,in-app,technical,low,Request to log in after password reset,723,2023-07-31 14:43:50,false,3
TK60454,2023-05-03 22:03:00,email,account,normal,How do I two-factor authentication,266,2023-05-04 16:39:06,false,5
TK61356,2023-05-03 23:34:00,phone,technical,normal,How do I the invoice for last month,141,2023-05-04 11:12:21,false,
TK62321,2023-05-04 04:33:00,email,onboarding,high,How do I a refund for an annual plan,48,2023-05-04 08:07:14,false,
TK63065,2023-05-04 04:36:00,email,account,low,Question about the API rate limit,154,2023-05-07 22:59:41,false,
TK63972,2023-05-04 05:41:00,email,onboarding,normal,Unable to log in after password reset,141,2023-05-05 12:13:58,true,1
TK63812,2023-05-04 05:59:00,phone,technical,low,Question about the dashboard loading slowly,233,2023-05-06 14:56:52,false,
TK63589,2023-05-04 09:33:00,email,billing,high,How do I export my data,39,2023-05-06 05:18:46,false,1
TK60268,2023-05-04 09:37:00,in-app,billing,normal,Issue with export my data,,2023-05-05 21:03:00,false,5
TK61861,2023-05-04 11:16:00,email,account,normal,Unable to two-factor authentication,43,,false,
TK61063,2023-05-04 14:01:00,chat,account,normal,Error when export my data,62,2023-05-06 07:19:39,false,
TK60184,2023-05-04 16:02:00,email,integrations,normal,Issue with downgrade my plan,476,2023-05-08 00:56:52,false,4
TK62622,2023-05-04 20:32:00,phone,account,normal,Cannot connecting the Snowflake sync,26,2023-05-05 03:47:09,false,4
TK62906,2023-05-04 22:45:00,phone,technical,normal,Request to add a teammate,300,2023-05-14 03:12:36,false,
TK61179,2023-05-04 23:27:00,in-app,account,normal,How do I add a teammate,129,2023-05-06 01:54:03,false,4
TK62466,2023-05-05 05:24:00,email,account,high,Request to log in after password reset,100,2023-05-05 09:44:37,false,
TK61638,2023-05-05 09:57:00,chat,technical,normal,Cannot the dashboard loading slowly,61,2023-05-07 12:36:11,false,
TK63234,2023-05-05 10:42:00,email,technical,normal,Unable to the API rate limit,63,2023-05-06 03:19:46,false,5
TK60353,2023-05-05 12:28:00,email,account,low,Issue with add a teammate,469,2023-05-07 00:28:18,true,
TK63507,2023-05-05 19:52:00,email,integrations,high,Cannot the invoice for last month,50,2023-05-12 02:31:22,false,
TK60311,2023-05-05 20:21:00,email,account,normal,Issue with a duplicate charge,152,2023-05-06 18:49:06,true,
TK63359,2023-05-05 21:14:00,chat,billing,normal,Cannot log in after password reset,282,2023-05-09 01:55:50,false,
TK60708,2023-05-06 02:31:00,email,integrations,normal,Cannot log in after password reset,31,2023-05-16 01:31:43,false,
TK60330,2023-05-06 08:16:00,chat,billing,high,Request to webhook deliveries failing,146,2023-05-07 00:59:06,false,
TK62538,2023-05-06 08:43:00,email,onboarding,low,Error when export my data,347,2023-05-07 00:58:31,false,
TK60267,2023-05-06 08:55:00,phone,technical,low,Issue with a refund for an annual plan,70,2023-05-12 05:16:41,false,
TK60187,2023-05-06 12:26:00,email,integrations,high,Request to the invoice for last month,39,2023-05-06 14:40:37,false,
TK63787,2023-05-06 12:40:00,email,billing,normal,Issue with two-factor authentication,35,2023-05-09 04:41:28,false,
TK62392,2023-05-06 15:38:00,chat,billing,normal,Unable to connecting the Snowflake sync,86,2023-05-07 02:54:07,false,
TK60710,2023-05-06 17:33:00,in-app,technical,normal,Request to the dashboard loading slowly,30,2023-05-08 19:07:23,false,
TK60472,2023-05-06 18:50:00,in-app,billing,high,Error when log in after password reset,30,2023-05-07 03:41:51,false,
TK60470,2023-05-06 19:28:00,chat,technical,normal,Cannot webhook deliveries failing,542,2023-05-07 22:25:12,false,
TK60861,2023-05-06 20:21:00,phone,onboarding,low,Issue with log in after password reset,1313,2023-05-07 19:51:22,true,
TK61964,2023-05-06 23:02:00,in-app,technical,normal,Issue with a refund for an annual plan,41,2023-05-10 20:14:46,false,4
TK60666,2023-05-07 06:42:00,email,technical,normal,Issue with export my data,146,2023-05-08 07:00:02,false,5
TK63719,2023-05-07 09:39:00,in-app,technical,normal,Request to export my data,84,2023-05-18 07:57:20,false,
TK63084,2023-05-07 11:25:00,in-app,technical,normal,Error when connecting the Snowflake sync,92,2023-05-07 23:48:22,false,
TK62852,2023-05-07 14:52:00,chat,billing,low,How do I the API rate limit,1693,2023-05-08 23:30:03,false,
TK61858,2023-05-07 15:44:00,chat,billing,high,Error when a refund for an annual plan,4,2023-05-08 12:02:16,false,3
TK60511,2023-05-07 16:45:00,phone,technical,high,Error when log in after password reset,24,2023-05-07 23:13:55,false,4
TK63125,2023-05-07 18:37:00,email,account,normal,Question about downgrade my plan,81,2023-05-09 00:53:13,false,
TK63375,2023-05-07 18:50:00,email,technical,normal,Unable to connecting the Snowflake sync,186,2023-05-07 22:54:52,false,
TK61997,2023-05-07 20:07:00,email,billing,normal,Error when add a teammate,,2023-05-08 03:20:40,false,
TK61069,2023-05-07 20:13:00,chat,integrations,high,Error when a refund for an annual plan,456,2023-05-08 09:49:10,true,
TK61748,2023-05-07 21:19:00,email,billing,low,Issue with add a teammate,225,2023-05-09 23:47:17,false,
TK63931,2023-05-08 01:06:00,in-app,billing,normal,Question about the API rate limit,139,2023-05-08 07:36:12,false,
TK61535,2023-05-08 01:14:00,in-app,technical,normal,Unable to webhook deliveries failing,211,,false,
TK60212,2023-05-08 01:53:00,email,technical,urgent,Error when two-factor authentication,13,2023-05-12 08:31:14,false,
TK61538,2023-05-08 04:19:00,chat,billing,high,Cannot the API rate limit,110,2023-05-08 09:57:36,false,4
TK62594,2023-05-08 09:48:00,in-app,technical,urgent,How do I add a teammate,64,,false,
TK62245,2023-05-08 12:46:00,chat,billing,urgent,Request to export my data,19,2023-05-08 19:05:20,false,5
TK63712,2023-05-08 12:48:00,email,technical,urgent,Issue with downgrade my plan,6,2023-05-08 18:54:35,false,
TK61333,2023-05-08 13:03:00,chat,onboarding,normal,Request to a duplicate charge,39,2023-05-09 00:00:04,false,
TK60008,2023-05-08 19:18:00,in-app,technical,low,Issue with the dashboard loading slowly,194,2023-05-24 04:08:07,false,5
TK63101,2023-05-08 19:19:00,in-app,technical,low,Unable to a refund for an annual plan,143,2023-05-10 18:10:27,false,
TK60065,2023-05-08 20:39:00,email,billing,normal,Error when the API rate limit,290,2023-05-10 16:51:10,true,
TK63774,2023-05-08 21:47:00,email,technical,high,Issue with webhook deliveries failing,37,,false,
TK61887,2023-05-09 07:27:00,email,billing,high,Question about the invoice for last month,27,2023-05-09 17:39:28,false,
TK60463,2023-05-09 08:42:00,phone,account,normal,Unable to the API rate limit,548,2023-05-11 19:49:31,false,
TK63492,2023-05-09 08:51:00,phone,onboarding,high,Cannot add a teammate,,2023-05-09 18:51:40,false,
TK63829,2023-05-09 11:08:00,email,billing,normal,Question about downgrade my plan,70,2023-05-10 10:25:45,false,
TK62581,2023-05-09 12:25:00,phone,account,low,Cannot the API rate limit,176,2023-05-10 08:07:17,false,
TK62534,2023-05-09 14:40:00,email,technical,normal,Cannot export my data,,2023-05-15 22:50:52,false,
TK63579,2023-05-09 16:11:00,in-app,billing,low,Cannot downgrade my plan,36,,false,
TK62773,2023-05-09 16:48:00,email,technical,normal,Error when webhook deliveries failing,89,2023-05-12 06:29:39,false,
TK60959,2023-05-09 18:10:00,email,integrations,normal,Request to export my data,96,2023-05-11 00:16:54,false,
TK61817,2023-05-09 21:01:00,in-app,account,high,Error when log in after password reset,56,2023-05-10 12:39:10,false,5
TK61153,2023-05-09 23:31:00,chat,integrations,low,Request to the dashboard loading slowly,54,2023-05-31 21:27:51,false,
TK61667,2023-05-10 02:50:00,phone,account,low,Question about the API rate limit,534,2023-05-11 12:54:21,false,
TK60808,2023-05-10 02:59:00,chat,onboarding,high,How do I connecting the Snowflake sync,37,2023-05-10 09:40:44,false,
TK63346,2023-05-10 03:41:00,phone,technical,normal,Request to webhook deliveries failing,131,2023-05-10 22:23:03,false,5
TK62710,2023-05-10 04:37:00,phone,account,low,Error when log in after password reset,24,2023-05-10 23:37:42,false,5
TK61774,2023-05-10 09:16:00,chat,integrations,high,Unable to the invoice for last month,138,2023-05-11 04:19:16,false,4
TK63858,2023-05-10 09:34:00,chat,billing,normal,How do I the API rate limit,80,2023-05-10 16:00:44,true,
TK61161,2023-05-10 10:32:00,email,billing,normal,Request to a duplicate charge,36,2023-05-11 11:21:01,false,
TK63389,2023-05-10 12:07:00,email,billing,urgent,Issue with two-factor authentication,4,2023-05-10 13:14:36,false,
TK61071,2023-05-10 14:40:00,email,technical,urgent,Question about webhook deliveries failing,1,,false,
TK63839,2023-05-10 14:40:00,chat,account,high,How do I a duplicate charge,22,2023-05-10 16:16:59,false,4
TK63095,2023-05-10 22:09:00,chat,technical,high,Error when the API rate limit,21,2023-05-13 03:35:34,false,
TK61592,2023-05-11 01:09:00,phone,integrations,normal,Request to export my data,150,,false,
TK63597,2023-05-11 02:29:00,email,technical,low,Request to a duplicate charge,305,2023-05-11 21:58:38,false,
TK63046,2023-05-11 03:59:00,phone,onboarding,urgent,Issue with connecting the Snowflake sync,4,2023-05-11 10:33:22,false,1
TK61488,2023-05-11 08:33:00,email,billing,low,Request to the API rate limit,,2023-05-15 17:33:34,true,4
TK62481,2023-05-11 08:48:00,email,integrations,normal,Error when the dashboard loading slowly,171,2023-05-13 00:57:56,false,4
TK60351,2023-05-11 12:47:00,chat,onboarding,high,Request to the dashboard loading slowly,58,2023-05-12 13:26:48,false,4
TK61617,2023-05-11 13:36:00,chat,technical,urgent,Request to downgrade my plan,8,2023-05-12 12:32:16,false,
TK60429,2023-05-11 15:00:00,chat,account,urgent,Request to webhook deliveries failing,27,2023-05-11 23:53:14,false,
TK61170,2023-05-11 17:07:00,phone,technical,normal,Issue with the API rate limit,357,2023-05-18 07:46:10,false,
TK60259,2023-05-11 17:29:00,in-app,account,urgent,Question about two-factor authentication,,2023-05-12 02:15:30,false,
TK61546,2023-05-12 00:07:00,email,billing,high,Error when the dashboard loading slowly,81,2023-05-13 09:34:40,true,4
TK60896,2023-05-12 00:56:00,in-app,technical,normal,Question about the invoice for last month,190,,false,
TK63457,2023-05-12 01:03:00,chat,technical,normal,Issue with export my data,27,2023-05-15 01:24:53,false,
TK60706,2023-05-12 01:30:00,email,technical,high,Unable to add a teammate,405,2023-05-12 16:23:48,false,
TK60219,2023-05-12 01:43:00,chat,account,normal,Error when webhook deliveries failing,13,2023-05-14 16:33:48,false,
TK62112,2023-05-12 02:10:00,chat,billing,normal,Unable to the API rate limit,66,2023-05-17 15:26:01,false,
TK61802,2023-05-12 02:28:00,phone,billing,urgent,Question about two-factor authentication,7,2023-05-12 09:04:31,true,1
TK62540,2023-05-12 06:52:00,email,account,normal,Error when log in after password reset,89,2023-05-13 23:35:04,false,1
TK62619,2023-05-12 08:58:00,email,technical,normal,Error when downgrade my plan,23,2023-05-25 13:18:03,false,
TK61084,2023-05-12 10:56:00,phone,technical,low,Cannot downgrade my plan,152,2023-05-18 21:55:59,false,
TK63126,2023-05-12 11:24:00,in-app,technical,high,Question about connecting the Snowflake sync,77,2023-05-12 21:45:39,false,5
TK62413,2023-05-12 17:46:00,phone,technical,urgent,Question about a duplicate charge,46,2023-05-13 07:19:01,false,
TK62468,2023-05-12 18:01:00,chat,account,low,How do I a refund for an annual plan,171,2023-05-17 19:33:33,false,
TK61344,2023-05-12 18:20:00,in-app,billing,low,How do I export my data,91,2023-05-13 17:42:08,false,
TK62738,2023-05-12 19:25:00,email,account,normal,Question about two-factor authentication,13,2023-05-13 17:09:36,false,
TK63730,2023-05-12 20:31:00,email,account,high,How do I add a teammate,6,2023-05-13 01:34:19,false,
TK60909,2023-05-12 21:40:00,email,technical,low,Unable to a duplicate charge,180,2023-05-13 10:00:43,false,
TK63564,2023-05-12 22:22:00,in-app,billing,normal,Issue with export my data,,2023-05-13 05:56:41,true,3
TK63926,2023-05-12 23:12:00,chat,account,low,Question about the API rate limit,144,2023-05-14 18:48:23,false,
TK62336,2023-05-13 00:01:00,email,billing,high,Error when a duplicate charge,18,2023-05-13 13:19:40,true,
TK62096,2023-05-13 06:03:00,in-app,billing,normal,Issue with log in after password reset,862,2023-05-14 07:39:13,false,
TK62463,2023-05-13 06:15:00,in-app,billing,normal,Error when a refund for an annual plan,121,2023-05-13 13:02:57,false,
TK62896,2023-05-13 08:50:00,chat,technical,normal,Issue with a refund for an annual plan,86,2023-05-13 22:37:14,false,
TK63645,2023-05-13 13:21:00,in-app,onboarding,normal,Error when two-factor authentication,30,2023-05-13 21:34:41,false,
TK63745,2023-05-13 20:38:00,email,integrations,normal,Cannot connecting the Snowflake sync,251,2023-05-22 15:39:58,false,
TK61988,2023-05-13 20:57:00,chat,technical,normal,Question about two-factor authentication,531,2023-05-15 19:03:32,false,
TK63232,2023-05-13 20:58:00,in-app,onboarding,normal,Unable to connecting the Snowflake sync,57,2023-05-14 13:30:14,false,
TK62792,2023-05-13 21:55:00,email,billing,low,Unable to webhook deliveries failing,301,2023-05-14 13:43:08,false,5
TK63747,2023-05-14 04:54:00,email,billing,urgent,Question about downgrade my plan,29,2023-05-14 05:09:43,false,
TK60089,2023-05-14 06:42:00,phone,integrations,normal,Question about webhook deliveries failing,227,2023-05-16 21:20:41,true,4
TK61915,2023-05-14 07:31:00,chat,integrations,normal,Unable to two-factor authentication,484,2023-05-15 15:25:27,false,
TK62291,2023-05-14 08:57:00,email,technical,normal,Issue with a refund for an annual plan,195,2023-05-16 01:31:10,false,
TK63765,2023-05-14 11:30:00,chat,account,normal,Error when export my data,275,2023-05-19 18:43:10,false,
TK62506,2023-05-14 13:01:00,chat,billing,low,Cannot add a teammate,101,2023-05-19 11:53:17,false,
TK62697,2023-05-14 13:19:00,chat,billing,normal,Cannot a duplicate charge,7,2023-05-16 15:46:09,false,
TK60195,2023-05-14 17:38:00,phone,billing,normal,Cannot add a teammate,261,2023-05-15 22:59:04,false,
TK62888,2023-05-14 19:55:00,in-app,integrations,normal,Request to downgrade my plan,221,2023-05-18 06:15:20,false,
TK63470,2023-05-14 20:44:00,in-app,onboarding,high,Question about connecting the Snowflake sync,,2023-05-16 01:28:57,false,
TK62068,2023-05-14 23:26:00,in-app,onboarding,low,Issue with add a teammate,83,2023-05-16 08:43:49,false,
TK61237,2023-05-14 23:35:00,phone,billing,normal,Request to two-factor authentication,115,2023-05-15 23:18:01,false,
TK63997,2023-05-15 00:32:00,chat,technical,low,Cannot the invoice for last month,419,2023-05-15 19:21:40,false,2
TK61250,2023-05-15 02:48:00,in-app,billing,high,Question about a refund for an annual plan,89,2023-05-15 22:21:09,false,
TK60762,2023-05-15 02:57:00,in-app,account,normal,Error when the invoice for last month,38,2023-05-16 16:47:40,false,5
TK62021,2023-05-15 03:49:00,email,integrations,normal,Request to a refund for an annual plan,474,2023-05-15 04:52:21,false,
TK61436,2023-05-15 05:39:00,email,technical,low,Error when the invoice for last month,751,2023-05-21 14:15:07,true,
TK62161,2023-05-15 17:53:00,in-app,onboarding,urgent,Request to the invoice for last month,19,2023-05-15 19:30:19,false,
TK62470,2023-05-15 20:34:00,phone,billing,low,Request to two-factor authentication,34,2023-05-17 04:32:59,false,
TK63885,2023-05-16 03:37:00,chat,onboarding,high,Error when downgrade my plan,162,2023-05-16 07:30:57,true,
TK63273,2023-05-16 04:59:00,in-app,technical,normal,Error when two-factor authentication,74,2023-05-17 04:15:30,false,
TK62003,2023-05-16 06:44:00,in-app,account,normal,Unable to the API rate limit,141,,false,
TK62745,2023-05-16 12:06:00,email,technical,high,Error when add a teammate,127,2023-05-18 16:31:13,false,
TK60821,2023-05-16 13:17:00,in-app,account,normal,Question about webhook deliveries failing,184,2023-05-20 22:21:35,false,5
TK63687,2023-05-16 16:15:00,chat,integrations,normal,Request to webhook deliveries failing,278,2023-05-19 22:43:21,false,
TK63405,2023-05-16 18:16:00,chat,billing,normal,Request to downgrade my plan,106,2023-05-19 18:11:45,false,
TK63075,2023-05-16 21:58:00,chat,billing,normal,How do I two-factor authentication,38,2023-05-17 02:10:29,false,
TK63603,2023-05-17 04:39:00,in-app,technical,low,Cannot log in after password reset,989,2023-05-28 12:56:02,false,
TK61188,2023-05-17 05:19:00,chat,account,high,Question about connecting the Snowflake sync,15,2023-05-17 08:54:11,false,
TK61314,2023-05-17 06:39:00,email,technical,high,Cannot the dashboard loading slowly,79,,false,
TK62777,2023-05-17 08:19:00,in-app,billing,urgent,Cannot export my data,12,2023-05-17 17:12:37,false,
TK61008,2023-05-17 11:06:00,email,technical,normal,Cannot a duplicate charge,39,2023-05-18 06:54:01,false,
TK63019,2023-05-17 15:00:00,email,account,high,Error when log in after password reset,150,2023-05-18 02:17:38,false,
TK60630,2023-05-17 15:31:00,email,account,high,Unable to the dashboard loading slowly,105,2023-05-17 15:54:22,false,
TK60474,2023-05-17 15:36:00,chat,billing,normal,Issue with a refund for an annual plan,36,2023-05-17 20:57:15,false,4
TK62060,2023-05-17 16:10:00,in-app,onboarding,urgent,Issue with export my data,4,2023-05-17 17:08:43,true,3
TK60969,2023-05-17 16:41:00,email,onboarding,low,Request to the dashboard loading slowly,397,2023-05-18 21:53:27,false,3
TK60777,2023-05-17 16:42:00,chat,billing,normal,Error when the dashboard loading slowly,129,2023-05-17 21:47:07,false,
TK63560,2023-05-17 17:35:00,email,integrations,low,Cannot export my data,222,2023-05-31 05:53:34,false,3
TK63191,2023-05-17 18:46:00,in-app,billing,normal,Cannot downgrade my plan,15,2023-05-18 16:28:07,false,
TK61949,2023-05-17 21:11:00,email,integrations,urgent,Cannot webhook deliveries failing,9,2023-05-18 10:29:31,false,
TK60968,2023-05-17 22:07:00,in-app,integrations,high,Error when export my data,16,2023-05-18 23:33:03,false,
TK61580,2023-05-17 23:44:00,chat,billing,low,Cannot the invoice for last month,54,2023-05-19 18:09:11,true,5
TK63231,2023-05-18 00:50:00,chat,integrations,normal,Question about a duplicate charge,196,2023-05-19 03:18:38,false,
TK62037,2023-05-18 04:53:00,chat,integrations,normal,Unable to log in after password reset,287,2023-05-28 12:49:09,false,
TK61198,2023-05-18 07:22:00,in-app,onboarding,normal,Request to downgrade my plan,13,2023-05-22 16:38:18,false,
TK63352,2023-05-18 10:28:00,email,technical,low,How do I two-factor authentication,368,2023-05-20 22:02:34,false,
TK62824,2023-05-18 13:41:00,email,technical,normal,How do I export my data,35,2023-05-22 06:24:13,false,
TK61173,2023-05-18 14:22:00,email,billing,urgent,Issue with the API rate limit,7,2023-05-18 15:56:52,true,
TK63716,2023-05-18 17:44:00,email,technical,normal,Issue with connecting the Snowflake sync,133,2023-05-21 07:19:21,false,5
TK60900,2023-05-19 00:30:00,email,technical,normal,Issue with connecting the Snowflake sync,14,2023-05-20 22:22:41,false,
TK61039,2023-05-19 01:22:00,chat,technical,normal,Issue with the API rate limit,14,2023-05-26 03:37:41,false,5
TK63501,2023-05-19 02:15:00,email,technical,normal,Cannot webhook deliveries failing,29,2023-05-22 13:15:45,false,
TK63500,2023-05-19 02:58:00,email,billing,normal,Question about a duplicate charge,204,2023-05-19 18:21:57,false,3
TK61797,2023-05-19 03:42:00,chat,account,normal,Question about the API rate limit,18,2023-05-19 12:17:37,false,
TK61177,2023-05-19 05:44:00,chat,integrations,high,Cannot two-factor authentication,52,2023-05-21 06:00:44,false,
TK61421,2023-05-19 07:35:00,email,billing,normal,Issue with the dashboard loading slowly,30,2023-05-20 19:16:36,false,
TK61881,2023-05-19 07:47:00,phone,billing,low,Question about the dashboard loading slowly,89,2023-05-19 23:02:53,false,
TK62451,2023-05-19 10:05:00,chat,onboarding,high,Unable to the invoice for last month,25,2023-05-20 03:25:36,false,5
TK62132,2023-05-19 10:34:00,email,technical,high,Question about connecting the Snowflake sync,79,2023-05-20 01:31:22,false,
TK61119,2023-05-19 12:37:00,email,billing,normal,How do I two-factor authentication,227,2023-05-20 21:54:10,false,
TK60668,2023-05-19 20:25:00,email,account,normal,How do I a duplicate charge,64,2023-05-20 23:59:24,false,2
TK60381,2023-05-19 20:36:00,phone,onboarding,normal,Cannot connecting the Snowflake sync,251,2023-05-23 02:28:20,false,
TK63770,2023-05-19 22:47:00,email,integrations,urgent,How do I log in after password reset,41,2023-05-19 23:50:38,true,
TK61658,2023-05-19 23:35:00,email,technical,normal,Error when the dashboard loading slowly,78,2023-05-20 18:09:52,true,
TK63948,2023-05-20 00:03:00,email,billing,normal,Unable to connecting the Snowflake sync,11,2023-05-22 12:17:21,false,5
TK62135,2023-05-20 14:54:00,in-app,billing,low,Unable to two-factor authentication,705,2023-05-21 17:05:15,false,2
TK61625,2023-05-20 17:18:00,in-app,integrations,normal,Unable to downgrade my plan,146,2023-05-22 05:35:12,false,
TK60538,2023-05-20 18:19:00,chat,technical,urgent,Question about the invoice for last month,41,2023-05-21 02:37:02,false,4
TK60594,2023-05-21 06:13:00,chat,technical,low,Question about the API rate limit,114,2023-05-24 17:09:49,false,
TK60887,2023-05-21 10:52:00,email,account,low,Issue with connecting the Snowflake sync,157,2023-05-22 06:48:56,false,
TK60500,2023-05-21 13:04:00,in-app,integrations,normal,Question about connecting the Snowflake sync,355,2023-05-23 03:01:27,false,
TK60518,2023-05-21 14:42:00,email,account,high,How do I two-factor authentication,130,2023-05-22 00:03:25,false,
TK62059,2023-05-21 18:30:00,email,technical,normal,Issue with log in after password reset,,2023-05-23 12:25:14,false,5
TK63800,2023-05-22 02:31:00,chat,integrations,normal,Cannot downgrade my plan,657,2023-05-22 08:48:20,false,
TK62964,2023-05-22 03:22:00,email,account,normal,How do I log in after password reset,127,2023-05-22 07:00:21,false,4
TK60300,2023-05-22 06:15:00,in-app,billing,normal,Cannot add a teammate,49,2023-05-23 04:17:53,false,
TK62980,2023-05-22 09:50:00,chat,billing,normal,Question about the invoice for last month,18,2023-05-25 04:02:53,false,
TK60236,2023-05-22 11:27:00,email,integrations,high,Issue with export my data,309,2023-05-28 17:49:04,false,
TK63432,2023-05-22 15:13:00,in-app,billing,normal,Cannot add a teammate,270,2023-05-22 21:34:58,false,
TK61983,2023-05-22 15:40:00,phone,account,normal,Issue with export my data,571,2023-05-23 16:24:44,false,
TK63287,2023-05-22 21:07:00,chat,onboarding,low,Question about add a teammate,33,2023-05-24 16:17:18,false,
TK63370,2023-05-22 21:44:00,phone,technical,normal,How do I webhook deliveries failing,20,2023-05-30 06:24:39,false,5
TK62552,2023-05-22 21:59:00,chat,account,normal,Issue with the invoice for last month,556,2023-05-23 06:52:29,false,4
TK63079,2023-05-22 22:29:00,email,account,low,Request to export my data,158,2023-05-24 01:57:13,false,
TK63195,2023-05-23 02:59:00,email,technical,high,How do I webhook deliveries failing,7,2023-05-31 02:22:37,false,
TK62083,2023-05-23 06:35:00,email,billing,high,Request to a refund for an annual plan,11,2023-05-24 05:16:02,false,
TK62687,2023-05-23 09:26:00,chat,billing,normal,Error when the invoice for last month,112,2023-05-31 16:01:12,false,4
TK60833,2023-05-23 10:28:00,phone,technical,urgent,Question about webhook deliveries failing,20,2023-05-23 13:08:38,false,3
TK61235,2023-05-23 17:22:00,email,onboarding,high,Question about the invoice for last month,126,2023-05-23 19:19:21,false,
TK61987,2023-05-23 17:48:00,email,onboarding,low,Request to connecting the Snowflake sync,113,2023-05-23 20:15:43,false,
TK63430,2023-05-23 18:00:00,email,integrations,high,How do I add a teammate,31,2023-05-28 12:57:02,false,
TK63515,2023-05-23 20:51:00,email,integrations,normal,Question about webhook deliveries failing,382,2023-05-26 09:57:39,false,5
TK63776,2023-05-24 01:08:00,in-app,technical,normal,How do I the API rate limit,30,2023-05-24 22:04:23,false,5
TK61992,2023-05-24 01:58:00,in-app,technical,low,Unable to the invoice for last month,183,2023-05-26 03:09:16,false,3
TK63179,2023-05-24 03:13:00,email,technical,high,Unable to the invoice for last month,215,2023-05-24 07:06:49,false,2
TK63475,2023-05-24 07:07:00,in-app,technical,normal,Question about the dashboard loading slowly,124,2023-05-31 10:03:24,false,
TK62144,2023-05-24 07:09:00,email,billing,normal,Unable to a refund for an annual plan,,,false,
TK63718,2023-05-25 09:23:00,email,technical,high,Error when the dashboard loading slowly,474,2023-05-27 11:24:49,false,
TK62238,2023-05-25 10:15:00,in-app,technical,low,Error when two-factor authentication,65,2023-06-09 17:28:17,false,5
TK62235,2023-05-25 14:50:00,in-app,onboarding,urgent,Error when the dashboard loading slowly,136,2023-05-25 17:11:40,false,4
TK62017,2023-05-25 15:55:00,chat,integrations,low,Question about downgrade my plan,76,2023-06-02 01:15:31,false,
TK63044,2023-05-25 16:30:00,in-app,integrations,high,Question about the invoice for last month,129,2023-06-04 12:39:43,false,
TK63298,2023-05-26 01:29:00,phone,technical,normal,Question about the dashboard loading slowly,124,2023-05-29 16:29:49,false,
TK60973,2023-05-26 02:58:00,in-app,billing,low,Cannot a duplicate charge,432,2023-05-26 09:04:38,false,3
TK61888,2023-05-26 04:16:00,email,onboarding,normal,Error when downgrade my plan,83,2023-05-26 21:07:57,false,
TK62156,2023-05-26 10:04:00,chat,onboarding,normal,Error when webhook deliveries failing,261,2023-05-27 15:00:46,false,
TK62489,2023-05-26 14:13:00,phone,account,low,Question about the API rate limit,407,2023-05-28 14:30:48,true,4
TK61234,2023-05-26 17:03:00,in-app,integrations,high,Question about the API rate limit,35,2023-05-26 23:16:57,false,4
TK63024,2023-05-26 19:17:00,chat,integrations,low,Request to the dashboard loading slowly,102,2023-05-31 13:31:16,false,5
TK62403,2023-05-26 20:27:00,email,account,normal,Issue with log in after password reset,197,2023-05-27 23:32:16,true,5
TK60513,2023-05-26 22:33:00,chat,billing,normal,Unable to two-factor authentication,457,2023-05-27 02:12:48,false,
TK60642,2023-05-26 22:55:00,email,integrations,urgent,Question about connecting the Snowflake sync,48,2023-05-27 03:13:13,false,
TK60264,2023-05-27 00:13:00,in-app,account,normal,Issue with a duplicate charge,50,2023-05-30 13:25:52,false,2
TK61756,2023-05-27 03:44:00,email,onboarding,high,Unable to a refund for an annual plan,13,2023-05-28 22:09:55,false,
TK62800,2023-05-27 04:14:00,email,onboarding,urgent,Issue with webhook deliveries failing,13,2023-05-27 06:02:30,false,
TK63822,2023-05-27 05:59:00,chat,technical,normal,Cannot connecting the Snowflake sync,21,2023-05-27 13:02:03,false,
TK61825,2023-05-27 07:37:00,chat,technical,high,Issue with two-factor authentication,27,2023-05-29 00:06:56,false,2
TK60778,2023-05-27 13:23:00,phone,onboarding,normal,How do I the invoice for last month,110,2023-05-28 08:15:29,false,5
TK63965,2023-05-27 18:14:00,chat,technical,normal,Cannot two-factor authentication,93,2023-05-28 05:50:54,false,
TK63594,2023-05-27 21:24:00,in-app,integrations,high,How do I the dashboard loading slowly,54,2023-05-28 02:51:48,false,
TK61540,2023-05-28 01:28:00,chat,integrations,normal,Error when connecting the Snowflake sync,59,2023-06-16 12:02:11,false,
TK63184,2023-05-28 01:42:00,chat,technical,normal,Unable to a duplicate charge,28,,false,
TK63536,2023-05-28 02:08:00,email,onboarding,normal,Request to downgrade my plan,25,2023-05-28 10:01:45,false,2
TK63100,2023-05-28 06:29:00,in-app,onboarding,urgent,How do I downgrade my plan,67,2023-05-28 07:30:05,false,
TK60877,2023-05-28 10:53:00,in-app,technical,low,Question about the dashboard loading slowly,244,2023-05-29 13:03:30,false,
TK60649,2023-05-28 12:22:00,in-app,onboarding,low,Error when export my data,337,2023-05-29 12:58:11,false,
TK63149,2023-05-28 14:08:00,email,integrations,high,Issue with log in after password reset,11,2023-05-28 16:02:41,false,4
TK63218,2023-05-28 17:05:00,email,billing,normal,Error when downgrade my plan,34,2023-05-29 10:41:53,false,
TK60191,2023-05-28 22:16:00,chat,integrations,low,Issue with downgrade my plan,19,2023-05-30 17:51:48,false,
TK63534,2023-05-28 23:47:00,email,account,high,Error when the dashboard loading slowly,7,2023-05-29 03:15:23,false,
TK61597,2023-05-29 00:41:00,phone,technical,normal,Issue with the invoice for last month,529,2023-05-30 00:17:13,false,
TK60634,2023-05-29 04:15:00,chat,billing,high,Issue with log in after password reset,51,2023-05-29 14:55:40,false,
TK63396,2023-05-29 08:05:00,phone,account,low,Error when the API rate limit,446,2023-05-30 05:46:43,false,
TK62264,2023-05-29 10:45:00,phone,technical,high,How do I the dashboard loading slowly,23,2023-05-30 15:58:35,false,
TK61332,2023-05-29 11:09:00,chat,account,normal,Request to the API rate limit,25,2023-06-03 03:12:55,false,
TK61120,2023-05-29 11:42:00,chat,integrations,low,Error when the dashboard loading slowly,567,,false,
TK62205,2023-05-29 15:58:00,email,technical,normal,Unable to the API rate limit,18,2023-05-30 21:09:18,false,
TK61424,2023-05-29 18:58:00,chat,onboarding,low,Issue with log in after password reset,225,2023-06-05 08:39:15,false,
TK60068,2023-05-29 19:06:00,in-app,integrations,high,Issue with a duplicate charge,18,2023-05-29 21:34:04,false,4
TK62262,2023-05-29 19:13:00,email,onboarding,normal,How do I the API rate limit,27,2023-05-30 09:33:51,false,4
TK62278,2023-05-29 19:14:00,email,billing,high,Error when log in after password reset,58,2023-05-29 20:52:39,false,5
TK63924,2023-05-29 21:37:00,email,integrations,normal,Issue with connecting the Snowflake sync,132,2023-06-01 12:58:40,false,1
TK62667,2023-05-30 05:01:00,in-app,onboarding,urgent,Request to add a teammate,11,2023-05-30 07:23:43,false,5
TK62047,2023-05-30 07:25:00,email,technical,normal,Question about the dashboard loading slowly,39,2023-06-02 17:15:12,true,
TK61430,2023-05-30 07:57:00,phone,technical,low,Cannot connecting the Snowflake sync,159,2023-06-02 09:53:33,false,
TK60543,2023-05-30 08:32:00,phone,technical,normal,Issue with a refund for an annual plan,310,2023-06-02 14:14:19,false,
TK60285,2023-05-30 08:56:00,chat,onboarding,normal,How do I the invoice for last month,74,2023-06-01 22:09:58,false,
TK62664,2023-05-30 13:13:00,email,onboarding,normal,How do I a duplicate charge,16,2023-05-30 20:02:26,false,
TK60699,2023-05-30 14:43:00,chat,integrations,normal,Unable to two-factor authentication,,2023-05-31 23:05:04,false,
TK62969,2023-05-30 15:37:00,in-app,onboarding,normal,Unable to log in after password reset,50,2023-05-31 03:46:42,false,
TK61685,2023-05-30 19:17:00,email,integrations,low,Request to a refund for an annual plan,82,2023-05-31 04:27:51,false,
TK62958,2023-05-31 04:10:00,in-app,billing,low,Error when downgrade my plan,189,2023-06-06 23:10:49,false,1
TK60674,2023-05-31 04:33:00,phone,billing,normal,Request to a refund for an annual plan,368,2023-06-01 01:18:29,false,3
TK60570,2023-05-31 05:12:00,email,billing,normal,Question about two-factor authentication,27,2023-06-01 13:12:22,false,
TK60957,2023-05-31 07:26:00,in-app,technical,high,How do I export my data,81,2023-05-31 11:57:31,false,
TK62086,2023-05-31 08:26:00,in-app,technical,high,Issue with the API rate limit,32,2023-06-03 01:00:16,false,
TK62114,2023-05-31 11:36:00,in-app,account,normal,Request to export my data,194,2023-06-02 01:09:06,false,
TK63410,2023-05-31 19:18:00,chat,account,urgent,Unable to two-factor authentication,35,2023-06-01 03:10:35,false,
TK61598,2023-05-31 19:28:00,email,account,normal,Question about the dashboard loading slowly,31,2023-05-31 22:51:39,false,
TK62875,2023-05-31 21:17:00,in-app,billing,high,Issue with a duplicate charge,35,2023-06-02 00:17:44,false,
TK60607,2023-06-01 01:06:00,chat,technical,high,Unable to the dashboard loading slowly,3,2023-06-02 15:51:05,false,5
TK60604,2023-06-01 02:15:00,in-app,onboarding,normal,Issue with a duplicate charge,113,2023-06-02 17:12:47,false,5
TK62087,2023-06-01 02:35:00,chat,technical,normal,Error when the invoice for last month,112,2023-06-02 17:18:24,false,3
TK63801,2023-06-01 02:55:00,email,technical,normal,Error when two-factor authentication,16,2023-06-08 11:42:38,false,
TK61493,2023-06-01 02:59:00,email,account,normal,Unable to webhook deliveries failing,265,2023-06-01 18:19:05,false,4
TK61056,2023-06-01 03:22:00,phone,integrations,high,How do I a refund for an annual plan,5,,false,
TK61985,2023-06-01 06:22:00,phone,account,high,Issue with add a teammate,26,2023-06-01 10:06:40,false,
TK60278,2023-06-01 10:16:00,email,account,high,Question about a duplicate charge,64,2023-06-03 09:34:31,false,
TK61615,2023-06-01 10:51:00,in-app,integrations,normal,How do I export my data,,2023-06-03 12:31:22,false,
TK63400,2023-06-01 11:05:00,in-app,onboarding,normal,Error when the invoice for last month,189,2023-06-13 12:19:13,false,
TK63757,2023-06-01 13:36:00,email,billing,low,Issue with the dashboard loading slowly,276,2023-06-04 01:48:32,false,
TK63230,2023-06-01 16:49:00,phone,technical,normal,Issue with the dashboard loading slowly,81,2023-06-01 21:12:48,false,
TK62095,2023-06-02 02:47:00,email,onboarding,normal,Cannot add a teammate,166,2023-06-07 19:57:38,false,
TK60442,2023-06-02 08:32:00,in-app,billing,high,Issue with webhook deliveries failing,11,2023-06-02 09:05:59,false,
TK63696,2023-06-02 08:44:00,phone,integrations,normal,Error when a refund for an annual plan,202,2023-06-06 00:44:56,false,
TK62646,2023-06-02 11:10:00,chat,account,normal,Cannot a refund for an annual plan,48,,false,
TK62242,2023-06-02 16:13:00,email,technical,normal,Error when a duplicate charge,70,2023-06-05 03:33:07,false,1
TK63646,2023-06-02 16:14:00,phone,technical,normal,Request to the dashboard loading slowly,69,2023-06-04 20:18:41,false,
TK63682,2023-06-02 16:31:00,email,integrations,normal,How do I a refund for an annual plan,211,2023-06-06 19:11:22,false,
TK61251,2023-06-02 16:36:00,phone,account,low,Cannot downgrade my plan,249,2023-06-05 04:16:30,false,
TK63198,2023-06-02 17:18:00,chat,onboarding,high,Cannot log in after password reset,24,2023-06-02 19:53:45,false,
TK62377,2023-06-02 18:17:00,in-app,technical,urgent,Question about webhook deliveries failing,12,2023-06-03 18:23:45,false,
TK63869,2023-06-02 18:18:00,chat,technical,normal,Request to webhook deliveries failing,71,2023-06-03 21:32:10,false,5
TK60678,2023-06-03 02:50:00,email,integrations,low,Request to the dashboard loading slowly,688,2023-06-18 08:17:46,false,
TK63363,2023-06-03 03:07:00,in-app,account,high,Unable to downgrade my plan,77,2023-06-03 04:22:43,false,
TK60086,2023-06-03 10:39:00,phone,onboarding,normal,Question about a duplicate charge,73,2023-06-05 17:57:36,false,
TK62387,2023-06-03 15:19:00,in-app,account,normal,Cannot the API rate limit,355,2023-06-04 02:20:29,false,1
TK62866,2023-06-03 15:28:00,email,account,low,Question about add a teammate,210,2023-06-04 04:25:04,true,
TK62448,2023-06-03 16:54:00,email,billing,low,Question about the API rate limit,179,2023-06-04 08:51:26,false,
TK62312,2023-06-03 17:34:00,chat,account,normal,Request to the API rate limit,113,2023-06-06 02:57:11,false,
TK60003,2023-06-03 19:13:00,in-app,billing,low,Cannot the invoice for last month,188,2023-06-04 03:14:43,false,3
TK61815,2023-06-03 22:16:00,in-app,billing,high,How do I two-factor authentication,37,2023-06-04 06:17:41,false,
TK62458,2023-06-03 22:31:00,email,billing,high,Request to a duplicate charge,229,2023-06-04 06:04:14,false,
TK60888,2023-06-03 23:36:00,email,technical,high,Request to the invoice for last month,68,2023-06-04 21:50:54,false,
TK63444,2023-06-04 01:53:00,email,technical,low,Unable to the invoice for last month,593,2023-06-05 20:31:15,false,5
TK63674,2023-06-04 08:03:00,email,billing,normal,Issue with the dashboard loading slowly,189,2023-06-05 20:10:05,false,4
TK62674,2023-06-04 11:32:00,in-app,billing,normal,Issue with downgrade my plan,324,2023-06-05 23:19:57,false,
TK60140,2023-06-04 13:04:00,phone,technical,normal,Cannot add a teammate,59,2023-06-09 18:29:55,false,
TK61404,2023-06-04 14:48:00,in-app,technical,normal,How do I downgrade my plan,166,2023-06-08 19:56:27,false,
TK62522,2023-06-04 19:01:00,phone,billing,high,Issue with two-factor authentication,86,2023-06-04 21:46:06,false,
TK63078,2023-06-04 20:11:00,chat,technical,normal,Issue with webhook deliveries failing,46,2023-06-04 20:54:28,true,
TK62052,2023-06-04 22:35:00,in-app,integrations,normal,Request to the API rate limit,493,2023-06-06 21:44:46,true,
TK63767,2023-06-05 03:11:00,chat,technical,high,Issue with two-factor authentication,597,2023-06-05 11:29:22,false,4
TK63283,2023-06-05 04:40:00,email,billing,normal,How do I webhook deliveries failing,177,2023-06-10 06:36:30,true,
TK62653,2023-06-05 17:00:00,chat,account,low,Unable to add a teammate,115,2023-06-06 04:04:14,false,
TK61766,2023-06-05 22:05:00,email,billing,normal,How do I log in after password reset,80,2023-06-09 20:41:45,false,
TK63942,2023-06-06 00:45:00,email,technical,urgent,How do I a refund for an annual plan,54,2023-06-06 14:07:16,false,
TK63339,2023-06-06 02:51:00,in-app,technical,high,How do I export my data,47,2023-06-08 06:08:17,false,2
TK63887,2023-06-06 05:29:00,chat,technical,low,Request to webhook deliveries failing,314,2023-06-18 13:52:40,false,
TK61642,2023-06-06 06:23:00,in-app,technical,low,Error when connecting the Snowflake sync,1326,2023-06-06 21:42:51,true,
TK61910,2023-06-06 07:59:00,chat,integrations,normal,Error when the dashboard loading slowly,132,2023-06-07 00:22:34,true,1
TK60001,2023-06-06 08:42:00,email,billing,normal,Question about connecting the Snowflake sync,76,2023-06-08 18:23:25,false,
TK61207,2023-06-06 12:20:00,email,onboarding,normal,Question about the dashboard loading slowly,90,2023-06-06 22:03:28,true,5
TK63490,2023-06-07 01:41:00,in-app,account,low,Request to add a teammate,91,2023-06-08 06:29:17,false,
TK61485,2023-06-07 03:37:00,chat,billing,high,How do I webhook deliveries failing,38,2023-06-07 09:41:51,true,
TK62703,2023-06-07 05:31:00,in-app,technical,low,Cannot connecting the Snowflake sync,,2023-06-15 00:41:03,true,
TK61677,2023-06-07 05:53:00,email,onboarding,normal,How do I connecting the Snowflake sync,92,2023-06-07 12:26:50,false,
TK60734,2023-06-07 08:05:00,phone,technical,normal,Error when connecting the Snowflake sync,219,2023-06-11 21:06:43,false,
TK61614,2023-06-07 13:27:00,chat,billing,low,Question about the API rate limit,127,2023-06-08 01:35:33,false,
TK63539,2023-06-07 13:58:00,email,account,urgent,Error when two-factor authentication,3,,false,
TK61618,2023-06-07 15:35:00,chat,technical,normal,Cannot connecting the Snowflake sync,59,2023-06-14 07:33:35,false,5
TK63055,2023-06-07 18:51:00,email,integrations,normal,Issue with connecting the Snowflake sync,198,2023-06-07 21:29:02,false,
TK60536,2023-06-07 19:33:00,in-app,onboarding,normal,Error when export my data,59,2023-06-08 03:48:57,false,
TK63650,2023-06-07 19:34:00,email,account,high,Issue with a duplicate charge,23,2023-06-07 22:21:48,false,
TK60555,2023-06-07 21:42:00,in-app,billing,normal,Request to connecting the Snowflake sync,24,2023-06-08 12:32:24,false,
TK60305,2023-06-08 00:25:00,chat,integrations,low,Unable to log in after password reset,55,2023-06-18 01:00:28,false,
TK61435,2023-06-08 01:54:00,email,technical,normal,Cannot two-factor authentication,54,2023-06-13 15:29:40,false,4
TK61444,2023-06-08 05:00:00,chat,billing,urgent,Cannot a duplicate charge,4,2023-06-08 08:04:09,false,
TK63161,2023-06-08 06:32:00,email,integrations,low,Issue with the API rate limit,69,2023-06-09 09:14:24,false,
TK63240,2023-06-08 08:04:00,chat,billing,low,Unable to two-factor authentication,628,2023-06-15 17:38:55,false,
TK61506,2023-06-08 09:10:00,chat,account,normal,Cannot a refund for an annual plan,124,2023-06-11 00:04:25,false,
TK62632,2023-06-08 09:44:00,chat,integrations,high,Cannot a refund for an annual plan,62,2023-06-09 22:10:53,false,
TK63816,2023-06-08 11:30:00,phone,integrations,normal,How do I downgrade my plan,18,2023-06-09 01:59:49,false,
TK60100,2023-06-08 12:44:00,in-app,technical,normal,How do I the invoice for last month,10,2023-06-11 00:23:38,false,
TK62325,2023-06-08 14:08:00,chat,integrations,high,Unable to webhook deliveries failing,118,2023-06-09 09:11:45,false,
TK63068,2023-06-08 15:13:00,email,account,high,Issue with the API rate limit,108,2023-06-08 16:30:50,false,
TK60439,2023-06-08 16:44:00,phone,billing,high,Question about the API rate limit,23,2023-06-12 05:40:33,false,5
TK63018,2023-06-08 17:33:00,email,billing,normal,Unable to two-factor authentication,86,2023-06-10 08:12:29,false,5
TK63889,2023-06-08 18:45:00,email,billing,high,How do I export my data,63,2023-06-08 21:26:03,false,
TK61350,2023-06-08 20:43:00,email,technical,normal,Request to the dashboard loading slowly,454,2023-06-09 21:04:21,true,4
TK62724,2023-06-08 22:21:00,email,account,high,Error when downgrade my plan,22,,false,
TK60652,2023-06-09 00:21:00,chat,technical,normal,Cannot the dashboard loading slowly,,2023-06-11 22:32:58,false,1
TK60207,2023-06-09 00:40:00,chat,technical,high,Request to a refund for an annual plan,11,2023-06-09 16:17:01,false,
TK62283,2023-06-09 02:09:00,chat,technical,high,Unable to the dashboard loading slowly,135,2023-06-10 16:35:21,false,
TK61524,2023-06-09 02:10:00,email,billing,high,Error when export my data,,2023-06-09 04:44:07,false,
TK60413,2023-06-09 03:06:00,phone,account,normal,Unable to export my data,170,2023-06-10 10:45:58,false,
TK63988,2023-06-09 04:08:00,email,technical,normal,Question about connecting the Snowflake sync,135,2023-06-10 01:10:11,false,
TK63641,2023-06-09 12:18:00,email,billing,high,Request to the dashboard loading slowly,,2023-06-11 21:51:14,false,
TK62410,2023-06-09 13:54:00,phone,technical,urgent,Question about the dashboard loading slowly,125,,false,
TK62494,2023-06-09 15:40:00,email,billing,urgent,Error when the invoice for last month,41,,false,
TK61664,2023-06-09 21:00:00,email,account,high,Cannot a refund for an annual plan,41,2023-06-10 12:20:32,false,5
TK62840,2023-06-09 22:15:00,phone,billing,high,How do I connecting the Snowflake sync,472,,false,
TK63843,2023-06-09 23:05:00,chat,account,normal,Unable to add a teammate,139,2023-06-15 15:25:34,false,5
TK60388,2023-06-10 02:05:00,chat,account,normal,Cannot webhook deliveries failing,16,2023-06-12 15:54:57,false,
TK61360,2023-06-10 03:57:00,phone,technical,low,Unable to downgrade my plan,220,2023-06-20 22:38:31,false,5
TK60943,2023-06-10 04:00:00,phone,technical,normal,Question about a duplicate charge,91,2023-06-12 03:12:33,false,
TK61500,2023-06-10 05:50:00,in-app,technical,normal,Unable to add a teammate,182,2023-06-13 02:31:10,false,
TK61406,2023-06-10 06:25:00,in-app,account,high,Cannot the dashboard loading slowly,46,2023-06-10 13:38:58,false,
TK62598,2023-06-10 09:13:00,chat,billing,normal,Error when add a teammate,57,2023-06-10 14:07:34,false,
TK63243,2023-06-10 10:38:00,chat,billing,high,Unable to export my data,426,2023-06-11 18:51:26,false,
TK62301,2023-06-10 14:43:00,email,billing,high,How do I two-factor authentication,62,2023-06-11 04:57:59,false,
TK60599,2023-06-10 15:31:00,chat,onboarding,normal,Cannot log in after password reset,55,2023-06-11 08:22:47,false,5
TK61563,2023-06-10 18:13:00,in-app,billing,high,Cannot export my data,28,,false,
TK60884,2023-06-10 19:33:00,email,account,low,Cannot the API rate limit,326,2023-06-13 22:02:56,false,
TK62438,2023-06-10 19:46:00,chat,account,low,Error when connecting the Snowflake sync,40,2023-06-18 10:04:29,false,
TK61390,2023-06-10 22:09:00,in-app,integrations,urgent,Unable to the API rate limit,11,2023-06-11 01:57:49,false,5
TK61516,2023-06-11 00:53:00,email,account,low,Error when the API rate limit,79,2023-06-11 15:19:24,false,2
TK61325,2023-06-11 01:06:00,phone,technical,normal,Error when the invoice for last month,40,,false,
TK61788,2023-06-11 02:04:00,phone,technical,high,Request to downgrade my plan,50,2023-06-11 12:16:10,false,
TK61654,2023-06-11 06:06:00,chat,onboarding,normal,Cannot a duplicate charge,413,2023-06-13 02:48:27,false,
TK61158,2023-06-11 09:31:00,in-app,integrations,normal,Question about a refund for an annual plan,47,,false,
TK60048,2023-06-11 09:51:00,email,billing,high,Cannot the API rate limit,35,2023-06-11 17:32:54,false,
TK62784,2023-06-11 14:31:00,chat,billing,normal,How do I export my data,112,2023-06-14 05:05:16,false,
TK62543,2023-06-11 16:32:00,email,technical,normal,Cannot log in after password reset,64,2023-06-13 08:43:20,false,5
TK61125,2023-06-11 16:42:00,chat,technical,high,Issue with webhook deliveries failing,15,2023-06-12 08:18:33,false,
TK63321,2023-06-12 01:41:00,chat,technical,urgent,Issue with connecting the Snowflake sync,15,2023-06-12 03:51:37,false,
TK61002,2023-06-12 01:55:00,email,onboarding,high,Request to the API rate limit,135,2023-06-12 13:34:41,false,
TK62019,2023-06-12 02:02:00,chat,onboarding,high,Unable to a refund for an annual plan,57,2023-06-12 04:27:26,false,5
TK62766,2023-06-12 04:55:00,phone,technical,normal,Error when webhook deliveries failing,238,2023-06-13 02:32:32,false,
TK61448,2023-06-12 06:00:00,chat,onboarding,high,Unable to downgrade my plan,142,,false,
TK63086,2023-06-12 06:02:00,email,billing,high,Question about the dashboard loading slowly,91,2023-06-12 10:36:30,false,
TK62678,2023-06-12 08:47:00,chat,technical,normal,Error when a duplicate charge,,2023-06-22 04:37:49,false,
TK61854,2023-06-12 17:09:00,email,account,low,Error when two-factor authentication,143,,false,
TK61911,2023-06-12 18:29:00,email,billing,normal,How do I add a teammate,39,2023-06-13 02:52:42,false,5
TK61408,2023-06-12 19:45:00,phone,technical,low,Request to webhook deliveries failing,200,2023-06-13 06:16:13,false,
TK61652,2023-06-12 21:14:00,phone,onboarding,urgent,Request to a refund for an annual plan,23,2023-06-13 02:51:30,false,
TK62318,2023-06-12 23:51:00,in-app,technical,normal,How do I add a teammate,73,2023-06-14 23:38:29,false,
TK61927,2023-06-13 02:04:00,chat,billing,low,Request to webhook deliveries failing,169,2023-06-17 04:08:48,false,
TK62412,2023-06-13 02:04:00,in-app,integrations,normal,Request to the API rate limit,186,2023-07-01 07:35:07,false,5
TK63392,2023-06-13 07:12:00,in-app,integrations,high,Error when the API rate limit,20,,false,
TK62434,2023-06-13 08:52:00,chat,technical,low,Issue with a duplicate charge,287,2023-06-16 17:16:00,false,
TK62717,2023-06-13 12:09:00,chat,onboarding,high,Request to log in after password reset,38,2023-06-13 13:25:47,false,1
TK62749,2023-06-13 17:52:00,chat,onboarding,normal,Unable to a duplicate charge,35,2023-06-16 02:43:22,false,
TK62407,2023-06-14 01:27:00,phone,account,normal,Question about a refund for an annual plan,302,2023-06-14 22:59:33,false,4
TK60156,2023-06-14 13:16:00,chat,technical,low,Unable to the dashboard loading slowly,42,2023-06-18 14:54:55,false,4
TK61426,2023-06-14 13:56:00,phone,billing,normal,Request to downgrade my plan,,2023-06-14 17:11:59,false,5
TK62193,2023-06-14 14:15:00,email,account,high,Error when a refund for an annual plan,29,2023-06-14 18:57:00,false,
TK62695,2023-06-14 17:06:00,chat,technical,normal,Request to the API rate limit,,2023-06-17 23:33:35,false,
TK61450,2023-06-14 19:20:00,in-app,billing,urgent,Question about a refund for an annual plan,18,2023-06-14 21:30:34,false,
TK63872,2023-06-14 22:52:00,email,onboarding,urgent,Unable to the dashboard loading slowly,22,2023-06-16 07:37:14,false,
TK60023,2023-06-14 22:55:00,chat,billing,urgent,Question about export my data,38,2023-06-15 06:36:00,false,
TK61083,2023-06-14 23:51:00,email,integrations,normal,Error when a duplicate charge,1185,2023-06-15 05:55:09,false,
TK62672,2023-06-15 01:33:00,email,technical,high,Cannot the API rate limit,31,2023-06-15 07:12:50,false,5
TK63799,2023-06-15 04:15:00,email,technical,normal,Unable to two-factor authentication,200,,false,
TK62737,2023-06-15 04:38:00,chat,technical,urgent,Question about log in after password reset,51,2023-06-15 12:33:48,false,2
TK61122,2023-06-15 05:05:00,phone,billing,normal,How do I log in after password reset,49,2023-06-17 08:08:11,false,
TK62177,2023-06-15 07:50:00,email,billing,low,Issue with export my data,180,2023-06-16 07:41:25,false,
TK62197,2023-06-15 08:20:00,chat,billing,normal,Cannot add a teammate,158,2023-06-17 05:38:43,false,5
TK62428,2023-06-15 08:40:00,chat,onboarding,high,Cannot connecting the Snowflake sync,28,2023-06-15 10:28:59,false,5
TK61386,2023-06-15 10:10:00,email,billing,high,Error when the dashboard loading slowly,172,2023-06-15 17:07:28,false,4
TK60703,2023-06-15 11:12:00,phone,technical,normal,Request to log in after password reset,98,2023-06-19 12:12:06,false,
TK63229,2023-06-15 14:10:00,email,billing,normal,Error when log in after password reset,238,2023-06-16 10:26:12,false,
TK60796,2023-06-15 16:59:00,email,onboarding,urgent,How do I the API rate limit,34,2023-06-16 05:04:21,false,
TK63976,2023-06-15 18:10:00,in-app,account,high,Unable to webhook deliveries failing,60,2023-06-16 00:06:07,false,5
TK61956,2023-06-15 18:52:00,email,technical,high,Error when log in after password reset,,2023-06-16 02:11:54,false,
TK61231,2023-06-15 19:04:00,email,technical,normal,Request to the API rate limit,184,2023-06-20 09:53:49,false,
TK61305,2023-06-15 19:40:00,email,technical,high,Unable to a duplicate charge,10,2023-06-17 12:08:53,false,
TK62882,2023-06-15 21:22:00,chat,integrations,normal,Unable to a refund for an annual plan,192,2023-06-30 13:26:41,false,1
TK62188,2023-06-15 22:45:00,in-app,integrations,low,Cannot two-factor authentication,52,2023-06-24 14:20:12,false,3
TK60164,2023-06-15 23:14:00,phone,account,low,Cannot log in after password reset,1092,2023-06-16 14:51:08,false,
TK62258,2023-06-16 00:03:00,phone,integrations,normal,Cannot the API rate limit,37,2023-06-16 17:24:07,false,
TK63434,2023-06-16 00:46:00,email,technical,normal,Request to the API rate limit,50,2023-06-17 07:53:27,false,
TK60745,2023-06-16 06:19:00,phone,technical,normal,Issue with the invoice for last month,161,2023-06-21 09:43:39,false,
TK62790,2023-06-16 08:41:00,chat,billing,high,Error when two-factor authentication,16,,false,
TK62450,2023-06-16 12:52:00,email,billing,urgent,Cannot two-factor authentication,26,2023-06-17 02:08:50,false,
TK62718,2023-06-16 16:24:00,in-app,billing,normal,Error when webhook deliveries failing,,2023-06-16 17:11:43,false,4
TK60398,2023-06-16 16:48:00,email,technical,normal,Cannot connecting the Snowflake sync,98,2023-06-18 05:22:26,false,
TK60255,2023-06-16 18:42:00,in-app,account,normal,Error when the invoice for last month,927,2023-06-17 02:54:04,false,
TK63436,2023-06-17 00:42:00,chat,integrations,high,Unable to downgrade my plan,27,2023-06-18 01:13:46,false,
TK63208,2023-06-17 02:10:00,chat,onboarding,high,Issue with add a teammate,49,2023-06-17 07:16:07,false,5
TK62753,2023-06-17 03:59:00,phone,billing,low,How do I a duplicate charge,1082,2023-06-19 21:44:43,false,
TK62860,2023-06-17 05:00:00,in-app,billing,normal,Issue with webhook deliveries failing,14,2023-06-18 05:58:24,false,
TK62661,2023-06-17 11:15:00,email,billing,normal,Cannot connecting the Snowflake sync,750,2023-06-20 03:42:59,false,
TK61645,2023-06-17 12:34:00,email,onboarding,urgent,How do I two-factor authentication,26,2023-06-18 04:41:08,false,
TK61330,2023-06-17 12:39:00,email,integrations,normal,Unable to the dashboard loading slowly,56,,false,
TK61531,2023-06-17 17:38:00,chat,billing,normal,Cannot two-factor authentication,240,2023-06-18 02:19:24,true,
TK62274,2023-06-17 23:26:00,in-app,technical,normal,Request to export my data,298,2023-06-20 01:05:50,false,
TK60132,2023-06-18 00:18:00,in-app,technical,normal,Unable to the dashboard loading slowly,50,2023-06-18 05:00:18,true,
TK60636,2023-06-18 02:51:00,phone,account,normal,Unable to export my data,367,2023-06-18 12:41:42,false,4
TK60898,2023-06-18 05:07:00,in-app,integrations,normal,Question about downgrade my plan,508,2023-06-23 02:29:42,true,
TK60391,2023-06-18 08:33:00,chat,onboarding,high,Error when a duplicate charge,32,2023-06-19 19:17:12,false,4
TK62102,2023-06-18 13:08:00,email,billing,normal,How do I the dashboard loading slowly,34,2023-06-19 01:35:10,false,4
TK63901,2023-06-18 14:03:00,in-app,technical,low,Issue with add a teammate,363,2023-06-21 14:13:19,true,
TK61323,2023-06-18 18:42:00,in-app,account,high,Cannot a refund for an annual plan,4,,false,
TK63717,2023-06-18 23:49:00,chat,account,normal,Request to connecting the Snowflake sync,78,2023-06-22 00:38:40,true,
TK62184,2023-06-19 02:14:00,chat,billing,normal,Unable to log in after password reset,90,2023-06-20 10:48:13,false,
TK61142,2023-06-19 04:40:00,in-app,onboarding,normal,Error when log in after password reset,236,2023-06-20 14:31:38,false,
TK62296,2023-06-19 05:56:00,phone,billing,high,Unable to a refund for an annual plan,,2023-06-19 06:28:16,false,1
TK63254,2023-06-19 06:04:00,in-app,billing,low,Cannot add a teammate,150,2023-06-24 01:39:10,true,2
TK60002,2023-06-19 07:33:00,in-app,technical,normal,Error when the dashboard loading slowly,93,2023-06-20 11:32:21,false,
TK60648,2023-06-19 07:55:00,email,technical,high,How do I the dashboard loading slowly,89,2023-06-20 11:05:55,false,3
TK61900,2023-06-19 08:28:00,email,onboarding,high,Error when add a teammate,22,2023-06-25 09:36:48,false,
TK62236,2023-06-19 14:45:00,chat,onboarding,low,Unable to add a teammate,307,2023-06-19 20:30:28,false,4
TK63096,2023-06-19 14:51:00,in-app,billing,normal,Issue with a refund for an annual plan,262,2023-06-22 03:30:19,true,
TK60335,2023-06-19 16:17:00,chat,onboarding,normal,Cannot connecting the Snowflake sync,23,2023-06-20 22:04:52,false,1
TK60098,2023-06-19 20:38:00,in-app,account,high,How do I export my data,36,2023-06-21 08:05:09,false,
TK62867,2023-06-19 22:46:00,chat,billing,normal,Unable to the invoice for last month,54,2023-06-21 23:52:43,false,
TK60764,2023-06-20 08:28:00,email,account,normal,Error when downgrade my plan,46,2023-06-20 15:21:59,false,3
TK63328,2023-06-20 09:10:00,email,technical,high,Unable to connecting the Snowflake sync,52,2023-06-27 19:55:01,false,
TK62422,2023-06-20 10:46:00,chat,technical,normal,Unable to add a teammate,160,2023-06-21 01:03:48,false,
TK62976,2023-06-20 12:12:00,email,billing,low,Error when connecting the Snowflake sync,1179,2023-06-21 18:35:08,false,5
TK61518,2023-06-20 14:26:00,in-app,billing,urgent,Cannot export my data,20,2023-06-20 14:28:32,false,
TK62768,2023-06-20 18:22:00,in-app,billing,normal,Unable to a duplicate charge,104,2023-06-22 10:17:51,false,
TK60593,2023-06-20 19:33:00,in-app,technical,high,Unable to the dashboard loading slowly,31,2023-06-22 04:32:27,false,
TK62035,2023-06-20 23:31:00,in-app,onboarding,normal,Question about the API rate limit,224,2023-06-21 17:32:07,false,1
TK63157,2023-06-20 23:31:00,email,onboarding,normal,Cannot two-factor authentication,174,2023-06-21 15:06:55,false,
TK62822,2023-06-21 05:17:00,email,onboarding,high,Issue with connecting the Snowflake sync,226,2023-06-21 16:41:46,false,
TK60279,2023-06-21 08:36:00,email,billing,urgent,Error when downgrade my plan,23,2023-06-21 09:30:16,false,
TK60141,2023-06-21 08:37:00,email,technical,low,Issue with two-factor authentication,109,,false,
TK62006,2023-06-21 10:50:00,phone,onboarding,low,Question about the invoice for last month,310,2023-06-25 06:46:03,false,
TK62992,2023-06-21 15:16:00,chat,integrations,normal,Question about a refund for an annual plan,144,2023-06-29 23:16:00,false,4
TK62353,2023-06-21 17:33:00,chat,account,low,Question about log in after password reset,71,2023-06-22 15:00:33,false,
TK62082,2023-06-21 18:26:00,email,integrations,low,How do I downgrade my plan,148,2023-06-27 23:49:37,false,
TK61156,2023-06-22 00:55:00,in-app,integrations,normal,Unable to a duplicate charge,101,2023-06-24 02:33:52,false,
TK61629,2023-06-22 07:34:00,phone,technical,normal,Question about the dashboard loading slowly,32,2023-06-22 23:40:54,true,3
TK60377,2023-06-22 14:18:00,chat,technical,low,Unable to log in after password reset,909,2023-06-27 15:38:21,false,
TK61462,2023-06-22 14:40:00,email,technical,low,Error when export my data,187,,false,
TK63155,2023-06-22 14:48:00,email,integrations,normal,Request to the dashboard loading slowly,157,2023-06-25 05:16:08,false,
TK61446,2023-06-22 14:53:00,in-app,billing,low,Request to downgrade my plan,133,2023-07-04 03:49:00,false,4
TK61571,2023-06-22 15:19:00,chat,billing,normal,Cannot export my data,230,2023-06-22 23:26:58,false,2
TK60997,2023-06-22 17:18:00,email,account,normal,Issue with log in after password reset,24,2023-06-23 00:38:29,false,
TK63416,2023-06-22 21:21:00,chat,integrations,normal,Error when a refund for an annual plan,322,,false,
TK60194,2023-06-23 03:12:00,phone,technical,normal,How do I the invoice for last month,33,2023-06-23 19:19:57,false,
TK63141,2023-06-23 03:51:00,in-app,billing,normal,Error when downgrade my plan,123,2023-06-23 12:03:44,true,
TK61093,2023-06-23 04:40:00,chat,onboarding,normal,Unable to add a teammate,161,2023-06-23 08:28:02,false,
TK61377,2023-06-23 09:51:00,phone,billing,normal,Error when the dashboard loading slowly,1191,2023-06-23 15:24:24,false,
TK60645,2023-06-23 10:21:00,chat,integrations,low,Question about a refund for an annual plan,126,2023-06-26 00:50:30,false,
TK62408,2023-06-23 12:13:00,chat,billing,normal,Question about export my data,44,2023-06-29 11:59:10,false,
TK63518,2023-06-23 13:24:00,chat,account,high,How do I the invoice for last month,40,2023-06-23 18:03:47,false,
TK63427,2023-06-23 16:11:00,chat,account,normal,Cannot the API rate limit,211,2023-06-23 18:53:53,false,
TK63178,2023-06-23 16:33:00,in-app,integrations,high,Request to a duplicate charge,64,2023-06-27 12:46:37,false,
TK62837,2023-06-23 23:25:00,phone,technical,normal,Question about the dashboard loading slowly,6,2023-06-24 14:55:56,false,5
TK62930,2023-06-24 00:31:00,in-app,billing,normal,Unable to connecting the Snowflake sync,29,2023-06-26 11:58:33,true,
TK62040,2023-06-24 07:23:00,email,integrations,urgent,Unable to the invoice for last month,16,2023-06-25 03:05:04,false,
TK62253,2023-06-24 08:16:00,email,billing,low,Cannot add a teammate,55,2023-06-25 08:32:48,false,
TK63310,2023-06-24 09:18:00,chat,account,normal,Question about a duplicate charge,174,2023-06-24 13:30:46,false,
TK62633,2023-06-24 14:01:00,chat,onboarding,low,Cannot a refund for an annual plan,113,2023-06-24 23:13:42,false,5
TK63306,2023-06-24 14:40:00,in-app,technical,high,Issue with two-factor authentication,27,2023-06-24 23:35:50,false,
TK60055,2023-06-25 02:23:00,in-app,account,low,Request to the API rate limit,1577,2023-06-26 03:01:54,false,
TK63570,2023-06-25 03:16:00,chat,account,normal,Question about a refund for an annual plan,135,2023-06-25 11:22:19,true,
TK63810,2023-06-25 06:24:00,email,onboarding,normal,Request to downgrade my plan,126,2023-06-27 06:54:53,false,5
TK60320,2023-06-25 06:57:00,chat,onboarding,normal,Unable to webhook deliveries failing,41,2023-06-25 21:10:45,false,
TK60661,2023-06-25 18:48:00,phone,account,low,How do I the dashboard loading slowly,57,2023-06-25 21:57:00,false,
TK61953,2023-06-25 21:52:00,chat,technical,normal,Unable to the API rate limit,68,2023-06-26 16:45:56,false,
TK62394,2023-06-26 00:20:00,email,account,urgent,Cannot connecting the Snowflake sync,15,2023-06-26 02:23:40,false,
TK60714,2023-06-26 02:38:00,email,account,normal,Unable to export my data,9,2023-06-29 05:33:19,false,5
TK63771,2023-06-26 07:54:00,email,account,low,How do I two-factor authentication,203,,false,
TK62911,2023-06-26 08:38:00,chat,integrations,normal,Unable to the invoice for last month,101,2023-06-27 23:39:20,false,
TK60724,2023-06-26 09:33:00,email,onboarding,high,Issue with the invoice for last month,57,2023-06-26 19:43:40,false,
TK60116,2023-06-26 09:41:00,chat,onboarding,low,Question about a duplicate charge,499,2023-06-26 12:51:28,false,
TK63215,2023-06-26 12:36:00,phone,technical,normal,Unable to downgrade my plan,81,2023-06-26 22:15:52,false,3
TK63127,2023-06-26 12:53:00,chat,account,low,Error when a duplicate charge,820,2023-06-27 07:04:13,false,
TK62020,2023-06-26 14:29:00,in-app,billing,low,Error when the API rate limit,195,2023-07-12 03:17:39,false,
TK60592,2023-06-26 18:11:00,chat,billing,high,How do I two-factor authentication,58,2023-06-27 06:45:38,false,
TK61109,2023-06-26 19:21:00,phone,technical,low,Issue with add a teammate,178,2023-07-01 13:37:06,false,5
TK63707,2023-06-26 21:30:00,in-app,technical,normal,Cannot two-factor authentication,34,2023-07-12 05:19:24,false,3
TK62313,2023-06-27 01:02:00,email,technical,normal,Unable to the invoice for last month,81,2023-08-03 07:24:20,false,
TK61856,2023-06-27 03:02:00,chat,integrations,normal,Question about two-factor authentication,150,2023-07-05 15:17:25,false,5
TK62514,2023-06-27 04:08:00,email,billing,low,How do I the API rate limit,289,2023-06-28 22:42:15,false,
TK61346,2023-06-27 04:15:00,in-app,technical,normal,Issue with webhook deliveries failing,201,2023-06-28 22:37:03,false,
TK61310,2023-06-27 07:49:00,chat,technical,high,Cannot export my data,121,2023-06-27 09:05:34,false,
TK62529,2023-06-27 11:45:00,chat,billing,high,Cannot a refund for an annual plan,88,2023-06-27 20:51:46,false,
TK60034,2023-06-27 12:58:00,in-app,billing,low,Error when export my data,237,2023-07-01 20:44:35,false,
TK61411,2023-06-27 15:00:00,email,account,normal,Request to connecting the Snowflake sync,290,2023-06-29 16:10:18,false,3
TK61058,2023-06-27 16:09:00,chat,technical,low,Cannot webhook deliveries failing,187,2023-07-02 05:09:33,false,
TK61475,2023-06-27 21:51:00,in-app,account,normal,Request to connecting the Snowflake sync,23,2023-06-28 17:31:02,false,3
TK63618,2023-06-27 23:49:00,email,billing,normal,Unable to connecting the Snowflake sync,46,2023-06-28 13:49:53,false,
TK62668,2023-06-28 00:36:00,in-app,onboarding,high,Request to export my data,34,2023-06-28 23:26:44,false,5
TK63828,2023-06-28 01:06:00,email,technical,normal,Request to webhook deliveries failing,110,2023-07-02 11:34:38,false,
TK62607,2023-06-28 05:52:00,in-app,integrations,low,Issue with add a teammate,89,2023-06-28 20:03:07,false,4
TK61162,2023-06-28 06:32:00,phone,onboarding,normal,How do I webhook deliveries failing,30,2023-06-29 06:43:16,true,
TK61913,2023-06-28 11:09:00,chat,billing,low,Question about webhook deliveries failing,1024,2023-06-30 18:58:19,true,5
TK63632,2023-06-28 15:54:00,in-app,integrations,normal,Cannot two-factor authentication,70,2023-06-30 16:59:05,false,
TK63881,2023-06-28 19:19:00,chat,billing,normal,Issue with add a teammate,152,2023-07-03 20:39:03,false,
TK61509,2023-06-28 19:27:00,email,onboarding,high,Request to connecting the Snowflake sync,34,2023-06-29 00:53:16,false,
TK62704,2023-06-28 20:20:00,chat,technical,high,How do I a refund for an annual plan,76,2023-06-29 18:59:03,true,
TK63334,2023-06-28 21:40:00,email,billing,urgent,Issue with downgrade my plan,21,2023-06-29 00:19:11,false,
TK63409,2023-06-28 21:40:00,chat,account,normal,Cannot the API rate limit,169,2023-06-30 04:47:15,false,
TK62480,2023-06-28 22:06:00,email,account,low,Issue with webhook deliveries failing,343,2023-07-01 06:14:55,false,
TK61174,2023-06-29 05:14:00,email,account,normal,Cannot a refund for an annual plan,128,2023-07-20 04:23:22,false,
TK60746,2023-06-29 06:56:00,phone,billing,urgent,Unable to export my data,52,2023-06-29 08:00:17,false,
TK63325,2023-06-29 08:18:00,email,technical,normal,Cannot export my data,77,2023-06-29 21:24:53,false,2
TK62444,2023-06-29 15:00:00,chat,technical,normal,Issue with connecting the Snowflake sync,,2023-06-30 00:38:11,true,5
TK60247,2023-06-29 21:59:00,in-app,technical,normal,Unable to downgrade my plan,13,2023-06-30 15:27:22,false,
TK62675,2023-06-29 22:56:00,in-app,billing,normal,Question about the invoice for last month,253,2023-06-30 20:23:27,false,
TK62107,2023-06-29 23:50:00,email,integrations,high,Request to a duplicate charge,,2023-07-08 07:07:32,false,
TK62863,2023-06-30 01:09:00,email,technical,normal,How do I the API rate limit,37,2023-06-30 12:57:52,true,
TK62686,2023-06-30 02:49:00,email,technical,high,Issue with the API rate limit,31,2023-07-05 18:58:17,false,
TK60608,2023-06-30 03:24:00,chat,technical,high,Error when the invoice for last month,53,2023-07-01 04:57:12,false,
TK61782,2023-06-30 03:49:00,chat,integrations,high,Question about connecting the Snowflake sync,119,,false,
TK61449,2023-06-30 05:48:00,email,billing,low,Cannot the invoice for last month,164,2023-07-07 06:08:55,false,
TK61463,2023-06-30 09:37:00,chat,integrations,high,Question about the API rate limit,184,2023-07-01 04:47:34,false,
TK62304,2023-06-30 13:41:00,chat,onboarding,normal,Error when export my data,117,2023-06-30 17:18:04,false,
TK61901,2023-06-30 15:04:00,chat,integrations,normal,Request to a duplicate charge,23,2023-07-02 10:12:54,false,5
TK62781,2023-06-30 16:56:00,in-app,billing,normal,Issue with log in after password reset,115,2023-06-30 22:27:17,false,2
TK61459,2023-06-30 18:44:00,in-app,onboarding,low,How do I downgrade my plan,94,2023-06-30 23:25:53,false,
TK61741,2023-06-30 20:40:00,chat,technical,normal,Unable to the API rate limit,65,2023-07-04 19:36:59,false,
TK60527,2023-07-01 03:40:00,phone,onboarding,normal,Request to two-factor authentication,141,2023-07-02 05:51:35,false,
TK60620,2023-07-01 06:34:00,in-app,account,low,Request to export my data,,2023-07-02 09:10:19,false,
TK62832,2023-07-01 09:07:00,email,technical,low,Error when add a teammate,162,2023-07-12 04:57:40,false,5
TK61863,2023-07-01 09:35:00,in-app,technical,low,Issue with a duplicate charge,644,2023-07-23 16:28:21,false,5
TK61466,2023-07-01 11:49:00,email,billing,high,Request to export my data,14,2023-07-02 06:02:20,false,3
TK62936,2023-07-01 12:37:00,chat,billing,low,Request to the invoice for last month,105,2023-07-02 20:25:14,false,5
TK63052,2023-07-01 13:32:00,email,billing,low,Issue with connecting the Snowflake sync,1244,2023-07-02 03:08:00,true,
TK60522,2023-07-01 19:10:00,email,technical,normal,Cannot downgrade my plan,109,2023-07-03 05:01:09,false,
TK61194,2023-07-01 19:55:00,chat,account,low,How do I webhook deliveries failing,76,2023-07-02 07:39:01,false,
TK60944,2023-07-01 21:05:00,email,billing,high,Question about downgrade my plan,,2023-07-03 02:29:09,false,
TK61393,2023-07-01 21:20:00,in-app,technical,high,Question about add a teammate,38,2023-07-02 01:13:51,false,
TK63083,2023-07-01 22:06:00,email,onboarding,normal,Question about export my data,191,2023-07-02 05:16:41,false,5
TK61608,2023-07-01 22:15:00,chat,billing,high,Request to the API rate limit,134,2023-07-02 00:14:39,false,
TK61228,2023-07-01 23:50:00,email,onboarding,normal,How do I two-factor authentication,6,2023-07-03 15:33:30,false,4
TK63648,2023-07-02 09:31:00,email,onboarding,high,Unable to the dashboard loading slowly,22,2023-07-02 13:30:43,false,
TK60613,2023-07-02 10:27:00,in-app,technical,normal,Error when connecting the Snowflake sync,44,2023-07-11 08:57:15,false,
TK61882,2023-07-02 11:39:00,in-app,billing,normal,Cannot webhook deliveries failing,90,2023-07-02 16:05:25,false,
TK60270,2023-07-02 13:16:00,email,account,normal,How do I a duplicate charge,95,2023-07-09 18:31:30,false,1
TK62812,2023-07-02 15:47:00,phone,technical,low,Issue with add a teammate,640,2023-07-11 17:44:24,false,
TK61020,2023-07-02 18:20:00,email,billing,urgent,Request to downgrade my plan,20,2023-07-02 18:41:03,false,5
TK61049,2023-07-03 00:13:00,in-app,account,low,Request to a duplicate charge,204,2023-07-03 17:57:01,false,
TK62744,2023-07-03 00:39:00,in-app,integrations,normal,Unable to a refund for an annual plan,54,2023-07-06 20:00:22,false,1
TK62801,2023-07-03 05:51:00,email,technical,normal,Question about log in after password reset,105,2023-07-05 10:26:58,false,
TK60160,2023-07-03 06:03:00,chat,integrations,normal,Cannot log in after password reset,416,2023-07-07 11:38:17,false,
TK63383,2023-07-03 09:49:00,chat,technical,normal,Request to two-factor authentication,36,2023-07-03 13:33:18,true,5
TK63692,2023-07-03 10:05:00,phone,technical,low,Error when downgrade my plan,165,2023-07-07 00:31:54,false,
TK60512,2023-07-03 10:24:00,in-app,technical,normal,Cannot the API rate limit,35,2023-07-04 12:16:28,false,
TK62855,2023-07-03 12:55:00,in-app,technical,normal,Request to a duplicate charge,180,2023-07-04 12:05:58,false,
TK63679,2023-07-03 13:13:00,chat,billing,normal,Question about a refund for an annual plan,64,2023-07-03 16:26:30,false,4
TK60296,2023-07-03 18:42:00,chat,technical,low,Unable to downgrade my plan,110,2023-07-14 13:05:42,false,
TK63964,2023-07-03 19:40:00,chat,billing,urgent,Request to webhook deliveries failing,3,2023-07-03 22:11:16,false,
TK61480,2023-07-03 22:28:00,in-app,onboarding,high,Issue with two-factor authentication,184,2023-07-04 01:24:22,false,3
TK62728,2023-07-03 22:40:00,chat,billing,normal,Error when two-factor authentication,155,2023-07-07 15:04:52,false,
TK61076,2023-07-03 23:00:00,chat,account,normal,Error when connecting the Snowflake sync,237,2023-07-04 17:40:14,true,
TK62338,2023-07-04 07:30:00,chat,onboarding,low,How do I the dashboard loading slowly,252,2023-07-05 22:10:03,false,5
TK62334,2023-07-04 10:41:00,email,technical,urgent,Issue with two-factor authentication,13,2023-07-04 17:04:41,true,5
TK60954,2023-07-04 19:20:00,email,integrations,normal,Unable to connecting the Snowflake sync,,2023-07-14 10:35:44,false,
TK61267,2023-07-04 19:48:00,email,account,normal,Request to a refund for an annual plan,416,2023-07-12 15:47:38,false,
TK60913,2023-07-05 01:47:00,in-app,billing,normal,Unable to log in after password reset,88,2023-07-06 08:51:35,false,
TK63076,2023-07-05 02:24:00,email,technical,low,Issue with add a teammate,562,2023-08-10 18:43:36,false,
TK61644,2023-07-05 05:30:00,in-app,technical,high,How do I downgrade my plan,29,2023-07-05 11:50:33,false,
TK62061,2023-07-05 05:51:00,email,account,normal,Request to log in after password reset,107,2023-07-11 07:05:11,false,5
TK61328,2023-07-05 06:32:00,phone,technical,low,Request to two-factor authentication,119,2023-07-11 08:11:18,false,4
TK60505,2023-07-05 07:22:00,chat,technical,high,Question about a refund for an annual plan,19,2023-07-07 08:29:17,false,
TK62123,2023-07-05 08:58:00,in-app,technical,high,Question about two-factor authentication,17,2023-07-09 16:00:55,false,
TK63330,2023-07-05 11:14:00,chat,technical,low,Request to log in after password reset,355,2023-07-08 00:28:16,false,
TK62657,2023-07-05 15:54:00,email,integrations,normal,Question about add a teammate,353,,false,
TK62895,2023-07-05 16:16:00,email,onboarding,low,Issue with a duplicate charge,122,2023-07-12 02:28:14,false,
TK63708,2023-07-05 16:29:00,email,technical,high,Request to add a teammate,19,2023-07-10 10:36:48,false,
TK62842,2023-07-05 22:43:00,phone,billing,normal,Issue with connecting the Snowflake sync,59,2023-07-06 02:15:17,false,
TK61065,2023-07-06 03:15:00,email,technical,urgent,Question about a refund for an annual plan,49,,false,
TK62771,2023-07-06 05:20:00,phone,technical,high,How do I webhook deliveries failing,15,,false,
TK62225,2023-07-06 05:57:00,chat,integrations,high,Error when downgrade my plan,178,2023-07-08 07:49:02,false,
TK60693,2023-07-06 08:28:00,email,technical,normal,Error when log in after password reset,177,2023-07-09 05:00:50,false,
TK62290,2023-07-06 10:25:00,in-app,account,normal,Cannot webhook deliveries failing,32,2023-07-07 02:29:52,false,
TK62912,2023-07-06 16:13:00,email,billing,low,Cannot connecting the Snowflake sync,,2023-07-09 05:22:59,true,5
TK63380,2023-07-06 17:57:00,phone,technical,low,Question about the invoice for last month,136,2023-07-10 22:25:23,false,
TK62486,2023-07-06 21:18:00,phone,technical,high,Error when the invoice for last month,28,2023-07-07 10:52:57,false,
TK63611,2023-07-06 21:46:00,phone,technical,low,Issue with log in after password reset,1615,,false,
TK63043,2023-07-06 22:36:00,email,onboarding,high,Request to export my data,98,2023-07-08 04:43:09,false,4
TK62838,2023-07-06 22:50:00,in-app,onboarding,normal,Unable to the invoice for last month,771,2023-07-06 23:11:18,false,5
TK63151,2023-07-07 00:53:00,chat,technical,normal,Question about the API rate limit,66,2023-07-25 16:44:57,false,4
TK63880,2023-07-07 03:54:00,chat,integrations,normal,Unable to a duplicate charge,63,2023-07-28 08:48:05,true,5
TK60843,2023-07-07 03:58:00,email,integrations,urgent,Issue with the API rate limit,5,2023-07-07 05:12:04,false,
TK60697,2023-07-07 07:50:00,in-app,billing,high,Unable to downgrade my plan,8,2023-07-07 14:04:08,false,
TK61566,2023-07-07 08:01:00,in-app,account,low,Question about add a teammate,350,,false,
TK61671,2023-07-07 09:38:00,email,billing,normal,Error when webhook deliveries failing,22,2023-07-07 11:07:26,false,
TK62157,2023-07-07 10:18:00,chat,technical,normal,How do I downgrade my plan,96,2023-07-20 15:50:45,false,
TK61862,2023-07-07 11:40:00,email,onboarding,high,Issue with connecting the Snowflake sync,12,2023-07-07 16:44:10,false,4
TK62071,2023-07-07 13:26:00,chat,integrations,normal,Cannot add a teammate,394,2023-07-10 17:56:40,false,5
TK61768,2023-07-07 18:53:00,chat,account,low,Question about export my data,394,2023-07-08 22:56:13,false,5
TK60662,2023-07-07 19:05:00,phone,technical,low,How do I the dashboard loading slowly,529,2023-07-13 11:32:28,false,
TK60420,2023-07-08 02:08:00,email,account,normal,Error when a refund for an annual plan,175,2023-07-08 04:51:08,false,5
TK63472,2023-07-08 03:06:00,email,integrations,normal,How do I webhook deliveries failing,138,,false,
TK60215,2023-07-08 04:29:00,email,integrations,normal,Question about export my data,28,2023-07-10 07:36:51,false,
TK60349,2023-07-08 05:55:00,email,account,high,Unable to log in after password reset,133,2023-07-08 06:32:32,false,
TK63399,2023-07-08 07:48:00,email,account,high,Unable to a duplicate charge,245,2023-07-10 02:47:36,false,
TK63355,2023-07-08 13:54:00,phone,account,normal,Question about a refund for an annual plan,242,2023-07-10 11:06:41,false,
TK63180,2023-07-08 14:30:00,chat,onboarding,normal,Unable to the API rate limit,114,2023-07-09 05:41:59,false,
TK62778,2023-07-08 15:09:00,in-app,account,urgent,Issue with downgrade my plan,74,2023-07-09 14:17:43,false,
TK61468,2023-07-08 17:19:00,phone,account,low,How do I webhook deliveries failing,106,2023-07-13 15:49:56,false,1
TK60424,2023-07-08 19:56:00,phone,technical,high,Request to the API rate limit,72,2023-07-11 04:11:02,false,5
TK62152,2023-07-08 21:38:00,chat,billing,high,Cannot webhook deliveries failing,,2023-07-09 21:45:43,false,4
TK62982,2023-07-08 22:46:00,email,technical,normal,Request to webhook deliveries failing,35,2023-07-09 19:18:15,false,5
TK61299,2023-07-09 00:13:00,chat,onboarding,urgent,Unable to log in after password reset,9,2023-07-09 01:59:35,false,
TK61960,2023-07-09 00:21:00,email,onboarding,low,Request to log in after password reset,217,2023-07-09 04:15:59,false,
TK62853,2023-07-09 01:11:00,in-app,onboarding,low,Cannot a duplicate charge,126,2023-07-11 06:39:57,false,5
TK62589,2023-07-09 06:44:00,email,billing,normal,Question about downgrade my plan,79,2023-07-11 16:41:25,false,
TK60443,2023-07-09 08:14:00,chat,billing,normal,Error when the invoice for last month,117,2023-07-11 05:20:00,true,5
TK60092,2023-07-09 12:50:00,chat,onboarding,normal,How do I export my data,126,2023-07-10 17:02:50,false,
TK60574,2023-07-09 12:56:00,chat,account,high,Cannot the invoice for last month,55,2023-07-09 14:38:06,false,
TK63169,2023-07-09 14:20:00,chat,technical,normal,Cannot log in after password reset,102,2023-07-10 00:06:55,false,
TK60254,2023-07-09 15:11:00,chat,technical,high,Request to connecting the Snowflake sync,56,2023-07-10 12:30:59,false,
TK61396,2023-07-10 00:09:00,email,account,normal,Error when log in after password reset,76,2023-07-13 07:55:08,false,
TK61740,2023-07-10 06:41:00,phone,technical,high,Error when a duplicate charge,32,2023-07-10 16:54:42,false,
TK62244,2023-07-10 14:56:00,chat,account,low,How do I downgrade my plan,114,2023-07-12 13:48:30,false,
TK62248,2023-07-10 15:23:00,email,account,normal,Question about a duplicate charge,119,2023-07-11 00:40:12,false,5
TK61111,2023-07-10 15:26:00,email,onboarding,high,Cannot downgrade my plan,18,2023-07-10 17:28:13,true,
TK60921,2023-07-10 17:51:00,in-app,technical,low,Unable to connecting the Snowflake sync,106,2023-07-14 21:56:43,false,4
TK63511,2023-07-10 20:47:00,email,technical,high,Issue with a refund for an annual plan,109,2023-07-15 02:29:52,false,5
TK63565,2023-07-11 09:29:00,in-app,technical,normal,Request to the dashboard loading slowly,64,2023-07-12 09:48:11,false,
TK63447,2023-07-11 10:23:00,phone,technical,high,Request to log in after password reset,12,2023-07-13 00:04:56,false,
TK62519,2023-07-11 12:28:00,in-app,billing,normal,Request to the API rate limit,39,2023-07-11 15:55:46,false,
TK63332,2023-07-11 18:01:00,chat,account,normal,Issue with a duplicate charge,80,2023-07-12 01:17:54,false,
TK63868,2023-07-11 21:37:00,in-app,technical,low,Request to log in after password reset,84,2023-07-15 15:50:39,false,4
TK61420,2023-07-12 04:13:00,chat,account,high,Question about a duplicate charge,14,2023-07-12 14:10:45,false,
TK62427,2023-07-12 04:54:00,email,technical,normal,Issue with export my data,7,2023-07-17 07:11:46,false,
TK62669,2023-07-12 05:44:00,chat,technical,normal,Unable to export my data,213,,false,
TK60371,2023-07-12 06:49:00,chat,account,normal,Cannot the dashboard loading slowly,45,2023-07-15 04:50:13,false,
TK62155,2023-07-12 06:55:00,in-app,technical,normal,How do I the API rate limit,34,2023-07-12 21:57:29,false,
TK60036,2023-07-12 07:24:00,in-app,billing,low,How do I downgrade my plan,,2023-07-14 16:58:27,false,
TK63666,2023-07-12 10:20:00,chat,account,high,Issue with the invoice for last month,290,2023-07-12 19:38:44,false,5
TK61764,2023-07-12 11:16:00,phone,account,normal,Question about log in after password reset,49,2023-07-15 19:39:13,false,
TK60216,2023-07-12 12:16:00,email,onboarding,high,Cannot the invoice for last month,46,2023-07-12 13:12:14,true,
TK63089,2023-07-12 12:24:00,phone,technical,low,Request to webhook deliveries failing,179,2023-07-24 03:22:47,false,
TK60188,2023-07-12 16:27:00,chat,onboarding,normal,Unable to log in after password reset,125,2023-07-17 20:25:59,true,
TK63520,2023-07-12 19:56:00,email,technical,low,Error when a duplicate charge,,2023-07-13 20:48:19,false,
TK63760,2023-07-12 20:03:00,chat,onboarding,normal,Cannot log in after password reset,117,2023-07-13 11:51:42,false,5
TK63309,2023-07-12 22:59:00,phone,onboarding,normal,Question about export my data,42,2023-07-14 18:58:51,false,
TK62864,2023-07-13 00:07:00,chat,technical,high,Question about the dashboard loading slowly,79,2023-07-13 13:23:29,false,
TK62396,2023-07-13 03:37:00,chat,onboarding,low,How do I downgrade my plan,161,2023-07-15 09:03:10,false,
TK62620,2023-07-13 05:14:00,email,technical,normal,Cannot the API rate limit,40,2023-07-14 09:40:37,false,
TK63789,2023-07-13 05:52:00,phone,technical,high,Error when export my data,4,2023-07-13 11:57:52,false,5
TK63823,2023-07-13 06:26:00,in-app,account,normal,How do I connecting the Snowflake sync,293,2023-07-19 23:55:49,false,
TK61353,2023-07-13 08:06:00,chat,onboarding,normal,Issue with a duplicate charge,89,2023-07-13 19:38:26,false,2
TK63792,2023-07-13 15:53:00,email,integrations,low,How do I a duplicate charge,246,2023-07-14 10:18:37,false,5
TK62568,2023-07-13 16:50:00,email,technical,normal,Issue with the dashboard loading slowly,205,2023-07-17 02:44:48,true,
TK61262,2023-07-13 18:48:00,email,technical,normal,Question about log in after password reset,273,2023-07-16 21:10:07,false,
TK62876,2023-07-13 18:55:00,phone,account,high,Error when the invoice for last month,212,2023-07-14 07:53:08,false,4
TK60567,2023-07-13 19:58:00,in-app,technical,low,How do I a duplicate charge,126,2023-07-16 23:06:48,false,
TK63893,2023-07-13 22:16:00,chat,technical,normal,Error when two-factor authentication,209,2023-07-18 00:48:33,false,
TK60460,2023-07-14 02:52:00,email,onboarding,low,Cannot downgrade my plan,727,2023-07-14 13:19:44,true,
TK63051,2023-07-14 05:11:00,phone,billing,low,Question about webhook deliveries failing,306,2023-07-15 19:19:34,false,
TK60759,2023-07-14 11:00:00,in-app,onboarding,low,Issue with connecting the Snowflake sync,400,2023-07-24 12:10:39,false,3
TK63275,2023-07-14 17:01:00,chat,onboarding,low,How do I two-factor authentication,66,2023-07-15 05:50:55,false,
TK62223,2023-07-14 17:59:00,in-app,technical,high,Error when a refund for an annual plan,,2023-07-15 23:54:37,false,
TK63663,2023-07-14 19:50:00,in-app,integrations,low,Cannot a refund for an annual plan,175,2023-07-17 04:46:00,false,
TK60250,2023-07-14 21:38:00,in-app,billing,low,Issue with the API rate limit,117,2023-07-16 04:40:04,false,
TK63702,2023-07-14 22:37:00,email,billing,normal,Question about a refund for an annual plan,83,2023-07-15 02:05:58,false,1
TK62546,2023-07-15 00:21:00,in-app,billing,low,Unable to a duplicate charge,63,2023-07-15 20:59:11,false,
TK63637,2023-07-15 03:03:00,in-app,technical,urgent,Error when a duplicate charge,18,2023-07-16 03:57:36,false,5
TK61229,2023-07-15 04:12:00,in-app,account,high,How do I add a teammate,237,2023-07-16 16:57:48,false,
TK60859,2023-07-15 05:07:00,chat,onboarding,low,Error when the dashboard loading slowly,45,2023-07-15 12:13:33,false,
TK60744,2023-07-15 05:15:00,email,integrations,high,Unable to export my data,13,2023-07-16 04:02:45,false,3
TK60731,2023-07-15 08:05:00,email,account,normal,Question about a refund for an annual plan,1054,2023-07-15 15:01:50,false,
TK62445,2023-07-15 10:19:00,chat,billing,low,Issue with webhook deliveries failing,707,2023-07-17 02:36:35,false,
TK63090,2023-07-15 13:13:00,in-app,billing,low,Issue with add a teammate,256,2023-07-20 10:33:09,false,
TK62516,2023-07-15 13:36:00,in-app,account,high,Issue with export my data,304,2023-07-16 14:34:09,false,
TK63192,2023-07-15 18:34:00,email,technical,normal,Error when two-factor authentication,603,2023-07-17 19:33:38,false,
TK60595,2023-07-15 22:45:00,chat,technical,normal,Error when the invoice for last month,48,2023-07-19 20:00:40,false,
TK63852,2023-07-16 00:19:00,phone,technical,urgent,Request to two-factor authentication,23,2023-07-16 10:34:43,false,
TK60326,2023-07-16 01:39:00,email,onboarding,normal,Question about log in after password reset,67,2023-07-16 21:06:03,false,
TK62207,2023-07-16 05:21:00,chat,technical,normal,How do I the invoice for last month,155,2023-07-16 08:22:03,false,5
TK63276,2023-07-16 07:57:00,phone,billing,urgent,Cannot export my data,17,2023-07-16 09:01:30,false,
TK60928,2023-07-16 12:27:00,email,technical,high,Unable to add a teammate,76,2023-07-17 08:49:29,false,
TK61705,2023-07-16 13:11:00,in-app,billing,high,Request to export my data,57,2023-07-16 14:05:17,false,
TK62194,2023-07-16 15:14:00,chat,technical,normal,Question about the API rate limit,10,2023-07-18 13:32:15,false,2
TK60060,2023-07-16 16:56:00,in-app,technical,low,Unable to a duplicate charge,868,2023-07-18 18:48:55,false,5
TK61596,2023-07-16 21:26:00,chat,technical,high,Error when two-factor authentication,32,2023-07-17 17:54:30,false,
TK60287,2023-07-16 22:12:00,email,integrations,low,How do I a duplicate charge,104,2023-08-07 13:39:28,false,
TK60856,2023-07-17 00:43:00,email,account,normal,Error when export my data,53,2023-07-17 09:50:14,false,
TK63122,2023-07-17 01:09:00,email,billing,normal,Unable to add a teammate,73,2023-07-17 06:17:48,false,
TK63473,2023-07-17 01:16:00,email,integrations,urgent,Request to export my data,17,2023-07-17 04:54:35,false,
TK60933,2023-07-17 07:16:00,chat,integrations,high,Unable to connecting the Snowflake sync,29,2023-07-17 08:23:02,false,
TK61873,2023-07-17 08:17:00,chat,integrations,low,Unable to export my data,1074,2023-07-19 01:08:18,false,
TK63267,2023-07-17 18:45:00,email,onboarding,high,Unable to the API rate limit,33,2023-07-26 13:02:00,false,5
TK61165,2023-07-17 21:55:00,phone,billing,normal,Unable to the API rate limit,65,2023-07-18 09:34:59,false,
TK62230,2023-07-17 22:45:00,in-app,integrations,low,Question about a duplicate charge,306,2023-07-20 21:34:35,false,
TK62634,2023-07-18 00:13:00,in-app,billing,normal,Unable to log in after password reset,133,2023-07-18 07:10:18,false,
TK61693,2023-07-18 02:18:00,email,integrations,normal,Request to connecting the Snowflake sync,148,2023-07-20 18:40:28,false,
TK62926,2023-07-18 03:08:00,email,billing,normal,Error when webhook deliveries failing,,2023-07-18 19:39:58,false,
TK62688,2023-07-18 11:18:00,chat,onboarding,normal,Issue with connecting the Snowflake sync,137,2023-07-22 02:08:35,false,
TK63442,2023-07-18 11:55:00,in-app,integrations,normal,How do I a refund for an annual plan,133,2023-07-21 00:07:23,false,
TK60677,2023-07-18 14:52:00,in-app,integrations,normal,Issue with two-factor authentication,88,2023-07-18 20:55:39,false,4
TK60874,2023-07-18 14:54:00,email,onboarding,normal,Request to a duplicate charge,21,2023-07-19 08:53:20,false,
TK62405,2023-07-18 15:54:00,chat,account,low,Cannot export my data,59,2023-07-23 08:44:20,false,
TK60248,2023-07-18 18:35:00,email,technical,low,Unable to a refund for an annual plan,,2023-07-25 16:36:44,false,
TK60405,2023-07-18 20:54:00,phone,onboarding,high,Error when log in after password reset,59,2023-07-19 08:01:33,true,
TK61632,2023-07-18 22:13:00,chat,technical,low,Request to downgrade my plan,21,2023-07-24 05:39:41,false,
TK62643,2023-07-19 04:08:00,email,technical,high,Error when webhook deliveries failing,69,2023-07-20 21:14:55,true,
TK60501,2023-07-19 10:52:00,email,technical,high,Question about connecting the Snowflake sync,481,2023-07-19 16:36:40,false,5
TK61729,2023-07-19 14:29:00,phone,billing,normal,How do I two-factor authentication,135,2023-07-19 23:35:12,false,1
TK60453,2023-07-19 15:48:00,email,technical,high,Issue with the API rate limit,50,2023-07-20 03:47:37,false,
TK60139,2023-07-19 15:59:00,in-app,technical,low,How do I two-factor authentication,483,2023-07-25 14:14:52,true,2
TK61324,2023-07-19 16:09:00,in-app,technical,high,Request to log in after password reset,10,2023-07-21 17:42:15,false,
TK62214,2023-07-19 18:16:00,email,technical,low,Unable to add a teammate,473,2023-07-22 13:19:09,false,
TK63905,2023-07-19 20:42:00,in-app,account,normal,Error when add a teammate,63,2023-07-20 10:33:21,false,
TK61640,2023-07-19 20:50:00,in-app,technical,normal,Unable to export my data,82,2023-07-20 01:54:18,false,
TK63533,2023-07-19 21:47:00,in-app,billing,normal,How do I webhook deliveries failing,20,2023-07-23 18:13:42,false,
TK63522,2023-07-19 22:13:00,chat,technical,high,Question about the API rate limit,57,2023-07-23 10:41:01,false,
TK60798,2023-07-20 05:36:00,chat,integrations,normal,Error when the dashboard loading slowly,84,,false,
TK61967,2023-07-20 06:56:00,email,technical,normal,How do I downgrade my plan,366,2023-07-21 02:14:46,false,
TK62880,2023-07-20 07:06:00,phone,account,normal,Question about two-factor authentication,34,2023-07-20 21:34:12,false,2
TK62023,2023-07-20 07:47:00,phone,technical,normal,Request to connecting the Snowflake sync,78,2023-07-20 13:29:22,false,4
TK62508,2023-07-20 12:04:00,email,account,urgent,Question about two-factor authentication,9,2023-07-20 14:25:47,false,
TK60488,2023-07-20 12:10:00,chat,onboarding,normal,Cannot log in after password reset,270,2023-07-20 14:01:45,false,
TK62292,2023-07-20 12:17:00,in-app,technical,normal,Issue with a duplicate charge,102,2023-07-21 07:17:30,false,
TK61445,2023-07-20 15:22:00,email,billing,urgent,Issue with add a teammate,4,2023-07-20 20:58:31,false,
TK61254,2023-07-20 18:10:00,email,technical,normal,Error when the dashboard loading slowly,41,2023-07-22 16:43:18,false,5
TK61338,2023-07-20 19:35:00,chat,billing,high,Question about the API rate limit,81,,false,
TK63250,2023-07-20 23:08:00,phone,onboarding,normal,Error when two-factor authentication,59,2023-07-21 04:35:59,false,
TK61558,2023-07-20 23:17:00,phone,onboarding,high,Cannot a duplicate charge,37,2023-07-21 08:59:04,false,
TK60171,2023-07-20 23:38:00,email,account,high,Unable to connecting the Snowflake sync,16,2023-07-21 18:07:26,false,
TK61070,2023-07-21 05:01:00,email,technical,normal,Issue with a duplicate charge,39,2023-07-21 13:11:53,false,5
TK62684,2023-07-21 08:06:00,chat,technical,normal,Error when the dashboard loading slowly,9,2023-07-29 19:45:20,false,
TK62601,2023-07-21 16:10:00,phone,onboarding,urgent,Unable to a refund for an annual plan,24,2023-07-21 17:43:08,false,3
TK61872,2023-07-21 16:17:00,chat,billing,high,How do I a duplicate charge,83,2023-07-21 22:57:31,true,
TK62261,2023-07-21 19:23:00,chat,technical,low,Question about two-factor authentication,506,2023-07-28 00:14:34,false,
TK62977,2023-07-21 19:50:00,email,billing,normal,Issue with a refund for an annual plan,321,2023-07-22 00:45:21,false,5
TK62689,2023-07-21 20:15:00,in-app,technical,high,How do I downgrade my plan,78,2023-07-22 21:39:09,false,
TK62553,2023-07-22 01:47:00,email,account,normal,Request to a refund for an annual plan,93,2023-07-22 16:01:01,false,5
TK61619,2023-07-22 02:54:00,email,integrations,high,Error when webhook deliveries failing,107,2023-07-24 11:32:52,false,
TK63906,2023-07-22 09:40:00,email,technical,low,Error when add a teammate,131,2023-07-24 02:53:41,false,
TK61495,2023-07-22 12:36:00,phone,billing,normal,Request to webhook deliveries failing,132,2023-07-23 01:59:15,false,
TK63695,2023-07-22 14:42:00,in-app,account,normal,Cannot the API rate limit,,2023-07-23 13:54:50,true,
TK61750,2023-07-22 15:02:00,in-app,technical,high,Error when a duplicate charge,70,,false,
TK63170,2023-07-22 19:40:00,email,billing,normal,How do I log in after password reset,361,2023-08-10 14:19:10,false,
TK61425,2023-07-23 00:46:00,chat,onboarding,normal,How do I connecting the Snowflake sync,45,2023-07-24 14:28:56,false,
TK62446,2023-07-23 03:57:00,email,onboarding,urgent,Question about webhook deliveries failing,160,2023-07-23 19:07:49,false,5
TK61072,2023-07-23 05:13:00,in-app,onboarding,high,Error when connecting the Snowflake sync,51,2023-07-23 09:30:49,false,5
TK62834,2023-07-23 10:23:00,chat,technical,high,How do I a refund for an annual plan,40,2023-07-25 03:58:02,false,
TK61807,2023-07-23 10:54:00,in-app,onboarding,normal,Question about webhook deliveries failing,34,,false,
TK63728,2023-07-23 15:34:00,chat,account,normal,Question about the invoice for last month,142,2023-07-24 00:20:04,false,
TK60179,2023-07-23 16:26:00,email,technical,normal,Error when connecting the Snowflake sync,76,2023-07-23 22:37:47,false,
TK63621,2023-07-23 16:46:00,email,technical,normal,Question about two-factor authentication,24,2023-07-25 21:55:58,false,4
TK61312,2023-07-23 18:40:00,in-app,onboarding,normal,Error when two-factor authentication,27,2023-07-29 10:36:10,false,
TK60114,2023-07-23 22:57:00,chat,technical,normal,Request to a refund for an annual plan,53,2023-07-28 01:59:31,false,
TK62116,2023-07-24 00:00:00,chat,account,normal,How do I a refund for an annual plan,77,2023-07-24 02:31:07,false,
TK60458,2023-07-24 03:37:00,in-app,integrations,urgent,Error when add a teammate,21,2023-07-24 16:40:13,false,
TK63995,2023-07-24 05:25:00,phone,billing,normal,Unable to connecting the Snowflake sync,129,2023-08-01 13:38:53,true,5
TK61499,2023-07-24 07:54:00,email,integrations,urgent,Error when the dashboard loading slowly,41,2023-07-24 19:22:52,false,
TK60747,2023-07-24 08:54:00,chat,technical,urgent,Error when the dashboard loading slowly,58,2023-07-24 12:26:31,false,5
TK61806,2023-07-24 14:39:00,in-app,onboarding,normal,How do I the dashboard loading slowly,94,2023-07-28 07:59:06,false,
TK60468,2023-07-24 16:46:00,chat,billing,normal,Question about add a teammate,356,2023-07-26 00:47:18,false,
TK62180,2023-07-24 20:35:00,email,account,normal,How do I export my data,18,2023-07-25 21:38:09,false,
TK60994,2023-07-24 20:38:00,chat,technical,normal,Unable to connecting the Snowflake sync,217,2023-07-25 19:38:12,false,
TK62638,2023-07-24 21:04:00,email,billing,normal,Issue with a duplicate charge,25,2023-07-25 07:55:58,false,
TK60128,2023-07-24 23:11:00,chat,billing,urgent,Request to export my data,44,2023-07-24 23:56:32,false,
TK62457,2023-07-25 07:01:00,chat,onboarding,high,Question about add a teammate,14,,false,
TK61890,2023-07-25 10:27:00,in-app,account,normal,Unable to downgrade my plan,582,2023-07-26 19:48:32,false,
TK63796,2023-07-25 11:41:00,chat,account,high,Request to the invoice for last month,101,2023-07-25 15:06:04,false,4
TK63004,2023-07-25 15:12:00,phone,billing,normal,Question about connecting the Snowflake sync,62,2023-07-27 16:19:05,false,5
TK60695,2023-07-25 15:30:00,in-app,account,normal,How do I the invoice for last month,123,2023-07-27 19:54:30,false,5
TK63329,2023-07-25 17:45:00,chat,technical,normal,Error when downgrade my plan,338,2023-07-26 19:22:59,false,5
TK63319,2023-07-25 18:18:00,in-app,onboarding,normal,Question about the API rate limit,26,2023-07-27 22:12:50,false,
TK63144,2023-07-25 19:17:00,chat,account,normal,Unable to the dashboard loading slowly,167,2023-07-26 10:50:18,false,
TK61293,2023-07-25 20:48:00,chat,technical,low,How do I the dashboard loading slowly,61,2023-07-28 20:16:50,false,
TK62240,2023-07-25 21:56:00,email,technical,low,Question about log in after password reset,,2023-08-03 21:20:44,false,
TK61532,2023-07-25 23:26:00,chat,onboarding,high,Request to the invoice for last month,34,2023-07-26 04:29:56,false,
TK63741,2023-07-25 23:40:00,in-app,onboarding,high,Error when log in after password reset,22,2023-07-26 23:39:24,false,4
TK61711,2023-07-26 00:26:00,chat,account,normal,Request to the invoice for last month,74,2023-07-26 06:41:19,false,
TK63614,2023-07-26 00:48:00,email,integrations,urgent,Cannot the dashboard loading slowly,21,2023-07-26 12:33:23,false,5
TK63654,2023-07-26 04:08:00,email,account,normal,Request to a duplicate charge,89,2023-07-26 07:41:03,false,
TK63634,2023-07-26 08:32:00,phone,account,low,How do I export my data,70,2023-07-26 18:29:12,false,4
TK60469,2023-07-26 09:09:00,phone,account,low,Question about the invoice for last month,186,2023-07-27 03:07:25,false,
TK62625,2023-07-26 12:27:00,in-app,technical,normal,How do I log in after password reset,23,2023-07-28 16:34:25,false,
TK61575,2023-07-26 13:48:00,phone,technical,high,How do I the invoice for last month,25,2023-07-26 17:34:40,false,
TK62656,2023-07-26 19:33:00,phone,account,normal,Request to export my data,47,2023-07-29 02:27:22,false,
TK61624,2023-07-26 20:18:00,chat,technical,normal,Error when add a teammate,69,2023-07-29 08:26:16,false,
TK63610,2023-07-26 20:40:00,email,technical,high,Request to the invoice for last month,76,2023-07-27 02:49:21,false,
TK63017,2023-07-27 01:28:00,chat,technical,low,Unable to the dashboard loading slowly,470,2023-07-28 06:30:16,false,5
TK60936,2023-07-27 03:21:00,email,account,normal,Issue with add a teammate,65,2023-07-30 11:52:46,false,
TK60831,2023-07-27 10:13:00,in-app,technical,high,Question about downgrade my plan,66,2023-07-27 20:27:20,false,
TK63620,2023-07-27 15:29:00,chat,account,high,Issue with a duplicate charge,29,2023-07-28 03:11:27,true,
TK63142,2023-07-27 15:56:00,phone,account,normal,Request to export my data,296,2023-07-30 06:51:35,false,
TK60457,2023-07-27 18:53:00,chat,billing,normal,Issue with add a teammate,69,2023-07-28 15:41:09,false,
TK62960,2023-07-27 19:57:00,chat,account,low,Cannot export my data,670,2023-07-30 16:20:21,false,
TK63557,2023-07-27 22:55:00,email,billing,normal,How do I the API rate limit,223,,false,
TK60685,2023-07-28 05:53:00,email,onboarding,high,Unable to connecting the Snowflake sync,37,2023-08-02 21:19:06,false,3
TK63966,2023-07-28 07:09:00,in-app,technical,high,Error when the invoice for last month,61,2023-07-30 00:49:49,false,
TK61582,2023-07-28 08:24:00,email,technical,normal,Request to webhook deliveries failing,626,2023-08-05 06:16:28,false,
TK63837,2023-07-28 10:38:00,in-app,technical,normal,Cannot a duplicate charge,90,2023-07-29 13:35:40,false,
TK63456,2023-07-28 11:40:00,in-app,onboarding,high,Error when export my data,61,2023-07-28 13:47:34,false,
TK63733,2023-07-28 18:14:00,phone,billing,normal,Error when two-factor authentication,77,2023-08-12 02:39:56,false,
TK62196,2023-07-28 18:22:00,in-app,technical,low,Error when webhook deliveries failing,131,2023-07-31 20:59:42,false,1
TK62566,2023-07-28 22:39:00,phone,account,high,Error when a duplicate charge,93,2023-07-30 05:00:01,true,
TK63981,2023-07-29 01:12:00,in-app,integrations,normal,Issue with the invoice for last month,72,2023-08-04 18:28:52,false,
TK60465,2023-07-29 04:15:00,chat,account,low,Question about add a teammate,146,2023-08-02 10:22:59,false,5
TK63584,2023-07-29 04:18:00,email,billing,high,Cannot the dashboard loading slowly,234,2023-07-30 05:03:30,false,5
TK62858,2023-07-29 06:56:00,email,technical,high,Cannot a duplicate charge,27,2023-07-29 20:22:33,false,
TK60368,2023-07-29 12:49:00,chat,onboarding,normal,Request to the dashboard loading slowly,20,2023-07-29 16:23:26,false,
TK62805,2023-07-29 14:29:00,email,technical,normal,Question about a duplicate charge,132,2023-08-02 08:21:26,false,
TK60761,2023-07-29 16:26:00,chat,technical,normal,Question about connecting the Snowflake sync,24,2023-07-30 17:03:40,false,5
TK60903,2023-07-29 20:15:00,phone,technical,normal,Cannot connecting the Snowflake sync,141,2023-08-04 00:04:19,false,
TK61544,2023-07-29 20:28:00,phone,billing,normal,Error when export my data,158,2023-08-03 22:06:32,false,3
TK60964,2023-07-30 01:46:00,chat,technical,high,Issue with log in after password reset,35,2023-07-30 12:53:33,true,
TK62972,2023-07-30 01:54:00,email,onboarding,high,How do I downgrade my plan,28,2023-07-30 23:42:43,false,
TK60159,2023-07-30 11:47:00,phone,technical,high,How do I the API rate limit,54,2023-08-07 17:46:06,false,5
TK60408,2023-07-30 12:01:00,email,technical,low,Unable to connecting the Snowflake sync,130,2023-08-01 12:20:04,false,
TK60105,2023-07-30 14:16:00,email,onboarding,normal,Cannot the API rate limit,232,2023-07-31 22:01:04,false,
TK61528,2023-07-30 15:46:00,email,billing,normal,Error when the invoice for last month,45,2023-07-30 18:45:35,false,4
TK63417,2023-07-30 15:51:00,phone,onboarding,normal,How do I the invoice for last month,91,2023-07-31 10:28:59,false,
TK62655,2023-07-30 16:09:00,chat,billing,high,Unable to the API rate limit,103,2023-07-30 23:17:21,true,
TK61053,2023-07-30 20:56:00,phone,onboarding,normal,Request to a refund for an annual plan,39,2023-07-31 07:10:00,false,
TK61793,2023-07-30 23:01:00,phone,technical,low,Unable to add a teammate,75,2023-08-08 05:52:34,false,2
TK63619,2023-07-30 23:52:00,in-app,integrations,normal,Issue with two-factor authentication,56,2023-10-01 11:16:11,false,
TK63496,2023-07-31 01:05:00,email,billing,high,Issue with downgrade my plan,385,2023-07-31 03:52:01,true,
TK60822,2023-07-31 04:42:00,chat,technical,low,Question about a refund for an annual plan,21,,false,
TK60030,2023-07-31 07:21:00,in-app,billing,urgent,Cannot connecting the Snowflake sync,48,2023-08-01 01:56:51,false,
TK60788,2023-07-31 10:13:00,chat,onboarding,high,Issue with a refund for an annual plan,39,2023-07-31 13:47:07,false,2
TK63554,2023-07-31 13:39:00,email,billing,normal,How do I add a teammate,112,2023-07-31 14:50:36,false,
TK60540,2023-07-31 14:59:00,email,integrations,high,Unable to the invoice for last month,52,2023-07-31 17:28:57,false,5
TK63640,2023-07-31 23:21:00,in-app,billing,high,Unable to log in after password reset,67,2023-08-01 02:32:52,false,
TK62610,2023-08-01 01:36:00,email,technical,normal,How do I connecting the Snowflake sync,453,2023-08-03 08:00:06,true,2
TK62081,2023-08-01 03:53:00,email,integrations,low,Question about log in after password reset,75,2023-08-12 23:28:52,false,
TK61742,2023-08-01 05:53:00,chat,billing,high,Cannot a refund for an annual plan,54,2023-08-06 23:01:14,false,5
TK62933,2023-08-01 07:20:00,in-app,technical,low,Error when webhook deliveries failing,226,2023-08-26 21:25:47,false,
TK61767,2023-08-01 08:28:00,chat,billing,normal,Question about log in after password reset,64,2023-08-02 02:37:09,false,
TK61372,2023-08-01 09:10:00,in-app,billing,low,Issue with the API rate limit,620,2023-08-02 09:28:54,false,
TK63257,2023-08-01 12:07:00,email,billing,high,Error when connecting the Snowflake sync,21,2023-08-01 14:25:25,false,
TK62510,2023-08-01 12:41:00,phone,technical,low,Request to two-factor authentication,63,2023-08-11 07:53:06,false,
TK61962,2023-08-01 13:58:00,in-app,technical,low,Issue with export my data,81,,false,
TK61613,2023-08-01 16:08:00,in-app,technical,normal,Question about webhook deliveries failing,85,2023-08-03 10:25:48,false,4
TK60664,2023-08-01 18:50:00,chat,billing,urgent,Error when a refund for an annual plan,8,2023-08-01 19:08:35,false,5
TK60299,2023-08-01 20:42:00,chat,integrations,high,Request to the API rate limit,204,2023-08-03 07:03:49,false,
TK60558,2023-08-02 08:09:00,email,onboarding,normal,Error when downgrade my plan,142,2023-08-03 03:39:57,false,
TK60600,2023-08-02 10:38:00,phone,onboarding,normal,Issue with export my data,58,2023-08-03 09:23:49,false,
TK60735,2023-08-02 10:41:00,chat,technical,low,Request to a duplicate charge,,2023-08-07 22:09:42,false,4
TK60091,2023-08-02 12:29:00,chat,billing,high,Request to export my data,49,2023-08-04 17:03:10,false,
TK63206,2023-08-02 12:44:00,in-app,integrations,low,Unable to the invoice for last month,186,2023-08-05 08:22:37,false,
TK60663,2023-08-02 13:02:00,email,billing,normal,Issue with two-factor authentication,44,2023-08-03 20:26:25,false,1
TK61616,2023-08-02 13:08:00,phone,technical,normal,How do I webhook deliveries failing,113,2023-08-02 16:27:15,false,
TK62841,2023-08-03 01:03:00,chat,billing,urgent,Error when a duplicate charge,23,2023-08-03 02:32:03,false,
TK63032,2023-08-03 03:58:00,email,technical,high,Error when the API rate limit,26,2023-08-03 12:34:53,false,
TK60107,2023-08-03 04:39:00,in-app,account,normal,Unable to the API rate limit,94,2023-08-08 02:47:28,false,
TK63423,2023-08-03 06:02:00,in-app,account,high,Question about two-factor authentication,139,2023-08-04 19:50:20,false,
TK63314,2023-08-03 07:55:00,chat,billing,high,Issue with connecting the Snowflake sync,89,2023-08-03 15:54:36,false,
TK61151,2023-08-03 09:38:00,in-app,onboarding,high,Request to the API rate limit,37,2023-08-03 12:28:24,false,5
TK62741,2023-08-03 11:33:00,email,technical,urgent,Unable to the dashboard loading slowly,51,2023-08-04 20:34:18,false,
TK60952,2023-08-03 12:39:00,phone,technical,low,Request to webhook deliveries failing,69,2023-08-08 01:37:22,false,
TK61918,2023-08-03 14:55:00,in-app,technical,low,Question about a refund for an annual plan,455,2023-08-05 16:38:28,false,
TK61009,2023-08-03 21:04:00,email,technical,normal,How do I a refund for an annual plan,229,2023-08-06 06:35:55,false,
TK61620,2023-08-03 23:09:00,phone,technical,low,Issue with a refund for an annual plan,396,2023-08-18 17:16:05,false,
TK61594,2023-08-04 01:41:00,email,technical,high,Unable to webhook deliveries failing,50,2023-08-04 15:05:14,false,
TK63656,2023-08-04 02:32:00,email,technical,urgent,How do I a refund for an annual plan,19,2023-08-05 05:37:38,false,1
TK60403,2023-08-04 03:20:00,phone,technical,normal,Cannot add a teammate,196,2023-08-04 21:12:32,false,
TK61131,2023-08-04 06:40:00,email,technical,normal,Request to a duplicate charge,,2023-08-07 13:32:42,false,
TK60067,2023-08-04 07:26:00,email,account,normal,Request to connecting the Snowflake sync,416,2023-08-08 09:20:51,false,
TK62712,2023-08-04 08:09:00,chat,technical,normal,Question about a duplicate charge,72,2023-08-07 21:22:41,false,
TK63737,2023-08-04 09:24:00,email,account,high,How do I connecting the Snowflake sync,33,2023-08-04 15:46:42,false,
TK60017,2023-08-04 11:45:00,email,technical,high,Error when add a teammate,23,2023-08-04 20:06:57,false,
TK61659,2023-08-04 15:48:00,email,technical,high,Cannot add a teammate,47,2023-08-05 02:36:14,true,
TK61866,2023-08-04 16:26:00,in-app,technical,normal,Unable to add a teammate,23,2023-08-06 23:11:22,false,
TK62857,2023-08-04 17:29:00,in-app,billing,low,Unable to the invoice for last month,316,2023-08-05 16:35:04,false,4
TK62360,2023-08-04 19:26:00,email,billing,normal,Error when a duplicate charge,64,2023-08-04 23:06:14,false,
TK63955,2023-08-04 22:38:00,chat,technical,low,Unable to webhook deliveries failing,103,2023-08-05 10:31:08,false,4
TK63466,2023-08-04 23:12:00,chat,technical,low,Issue with the API rate limit,247,2023-08-07 02:04:43,false,
TK60955,2023-08-05 02:20:00,in-app,billing,urgent,Question about webhook deliveries failing,10,2023-08-05 07:04:22,false,4
TK62364,2023-08-05 03:03:00,chat,technical,low,Question about log in after password reset,731,2023-08-07 04:22:03,false,
TK63567,2023-08-05 06:17:00,in-app,technical,normal,How do I webhook deliveries failing,74,2023-08-10 02:18:05,false,
TK63521,2023-08-05 07:42:00,chat,integrations,low,Issue with a refund for an annual plan,65,2023-08-08 06:42:02,false,
TK60392,2023-08-05 09:52:00,in-app,billing,low,Question about log in after password reset,90,2023-08-06 04:08:55,false,
TK61204,2023-08-05 17:59:00,email,technical,low,Cannot webhook deliveries failing,33,2023-08-07 13:28:33,false,4
TK61061,2023-08-05 18:19:00,phone,billing,normal,Issue with the invoice for last month,234,2023-08-07 06:53:51,false,3
TK60074,2023-08-05 19:04:00,in-app,technical,normal,Request to export my data,32,2023-08-06 08:31:33,false,5
TK61317,2023-08-05 19:05:00,email,technical,normal,Cannot a duplicate charge,79,,false,
TK61924,2023-08-05 23:23:00,email,billing,high,Cannot two-factor authentication,17,2023-08-06 09:29:26,false,2
TK61115,2023-08-06 02:23:00,chat,account,high,Unable to add a teammate,15,2023-08-06 08:20:21,false,
TK60011,2023-08-06 08:20:00,chat,billing,low,Question about connecting the Snowflake sync,,2023-08-07 09:22:25,false,
TK63861,2023-08-06 09:08:00,in-app,onboarding,low,Cannot add a teammate,305,2023-08-12 20:32:38,false,1
TK60979,2023-08-06 10:27:00,phone,account,normal,Question about webhook deliveries failing,113,2023-08-06 16:40:12,false,
TK60950,2023-08-06 13:03:00,email,technical,normal,Error when webhook deliveries failing,325,2023-08-08 17:43:53,false,5
TK62630,2023-08-06 13:17:00,chat,onboarding,high,Cannot webhook deliveries failing,22,2023-08-06 20:32:50,false,
TK63668,2023-08-06 14:40:00,phone,integrations,high,Issue with a refund for an annual plan,22,2023-08-07 16:02:13,false,
TK60651,2023-08-06 18:50:00,email,technical,normal,Question about webhook deliveries failing,198,2023-08-10 03:51:05,false,
TK62191,2023-08-07 01:35:00,email,billing,urgent,Question about a refund for an annual plan,53,2023-08-07 05:50:49,false,
TK63124,2023-08-07 01:37:00,chat,integrations,normal,Request to webhook deliveries failing,21,2023-08-08 22:56:13,false,
TK62996,2023-08-07 05:25:00,chat,integrations,low,Issue with the dashboard loading slowly,420,2023-08-17 12:54:10,false,1
TK61244,2023-08-07 05:50:00,in-app,technical,normal,Error when a refund for an annual plan,114,,false,
TK63975,2023-08-07 08:19:00,chat,billing,normal,Request to connecting the Snowflake sync,192,2023-08-08 12:49:26,false,
TK62373,2023-08-07 10:14:00,email,account,high,Error when webhook deliveries failing,43,2023-08-08 20:31:10,false,
TK62592,2023-08-07 17:10:00,chat,account,high,Error when two-factor authentication,42,2023-08-08 02:09:06,false,
TK60948,2023-08-07 17:11:00,chat,integrations,normal,How do I two-factor authentication,394,2023-08-09 12:37:20,false,
TK63453,2023-08-07 17:36:00,chat,billing,high,Question about add a teammate,103,2023-08-08 09:15:47,false,
TK61601,2023-08-07 22:11:00,chat,account,high,Unable to a refund for an annual plan,29,2023-08-08 01:53:16,false,
TK62072,2023-08-08 04:25:00,phone,technical,normal,Question about the API rate limit,149,2023-08-09 10:17:33,false,5
TK60970,2023-08-08 08:47:00,email,onboarding,normal,Question about downgrade my plan,37,2023-08-10 07:32:40,false,5
TK63996,2023-08-08 09:28:00,in-app,billing,normal,Question about the dashboard loading slowly,174,2023-08-08 16:59:50,true,
TK63877,2023-08-08 11:37:00,email,billing,normal,Question about a duplicate charge,26,2023-08-09 06:30:22,true,
TK60387,2023-08-08 12:11:00,in-app,technical,high,Issue with the invoice for last month,38,2023-08-08 17:15:13,false,
TK60467,2023-08-08 12:13:00,chat,integrations,low,Question about the API rate limit,74,2023-08-14 04:06:26,false,
TK60869,2023-08-08 14:38:00,chat,account,low,How do I a refund for an annual plan,985,2023-08-11 00:53:33,false,
TK60692,2023-08-08 16:37:00,email,integrations,normal,Error when a duplicate charge,86,2023-08-09 04:36:36,false,
TK61651,2023-08-08 18:25:00,in-app,account,low,Cannot a duplicate charge,1611,2023-08-09 19:01:41,false,
TK61322,2023-08-08 19:13:00,chat,account,low,Cannot the API rate limit,106,2023-08-11 04:07:40,false,
TK61203,2023-08-08 20:06:00,chat,billing,high,How do I webhook deliveries failing,32,2023-08-08 22:03:51,false,
TK61410,2023-08-09 00:16:00,email,technical,normal,Request to two-factor authentication,558,2023-08-13 08:37:45,false,
TK61926,2023-08-09 03:03:00,in-app,billing,normal,Unable to the dashboard loading slowly,37,2023-08-11 15:22:43,false,
TK60438,2023-08-09 06:48:00,email,account,normal,Cannot two-factor authentication,17,2023-08-09 17:01:07,false,
TK61236,2023-08-09 08:12:00,in-app,integrations,low,Error when log in after password reset,505,2023-08-24 16:18:43,false,
TK61245,2023-08-09 09:38:00,email,billing,normal,Question about connecting the Snowflake sync,25,2023-08-10 23:09:12,false,
TK62828,2023-08-09 14:42:00,chat,technical,normal,Cannot add a teammate,79,2023-08-10 18:47:58,false,
TK63130,2023-08-09 14:51:00,email,account,urgent,Issue with the dashboard loading slowly,10,2023-08-09 16:48:39,false,5
TK62542,2023-08-09 14:53:00,chat,account,normal,Unable to a refund for an annual plan,413,2023-08-16 07:11:45,false,3
TK61311,2023-08-09 16:49:00,email,integrations,high,Request to the API rate limit,138,2023-08-10 05:13:55,false,5
TK63686,2023-08-09 17:55:00,email,technical,normal,Cannot connecting the Snowflake sync,156,,false,
TK61921,2023-08-09 17:57:00,phone,technical,normal,Issue with a duplicate charge,71,2023-08-12 14:15:54,false,5
TK60227,2023-08-09 22:40:00,email,integrations,low,Issue with connecting the Snowflake sync,120,2023-08-14 18:41:59,false,
TK62599,2023-08-09 23:06:00,phone,integrations,normal,Cannot webhook deliveries failing,73,2023-08-11 00:41:25,false,4
TK62305,2023-08-10 01:37:00,email,technical,high,Cannot the invoice for last month,58,2023-08-10 15:42:30,true,
TK60310,2023-08-10 02:16:00,phone,technical,high,How do I a duplicate charge,12,2023-08-11 01:13:38,false,
TK62819,2023-08-10 05:12:00,chat,technical,normal,Error when a refund for an annual plan,851,2023-08-15 15:36:43,true,5
TK62183,2023-08-10 05:28:00,in-app,technical,normal,Error when the API rate limit,272,2023-08-10 23:16:57,false,
TK61724,2023-08-10 07:03:00,phone,billing,low,Unable to downgrade my plan,872,2023-08-10 14:08:15,false,
TK60127,2023-08-10 18:58:00,chat,integrations,normal,Request to downgrade my plan,250,2023-08-21 02:55:19,false,
TK63732,2023-08-10 19:00:00,in-app,billing,low,Cannot the invoice for last month,83,2023-08-11 01:27:40,false,4
TK62618,2023-08-10 20:18:00,phone,billing,normal,Error when downgrade my plan,107,2023-08-18 08:13:34,false,5
TK63282,2023-08-11 01:40:00,chat,technical,normal,Question about connecting the Snowflake sync,338,2023-08-13 05:49:51,false,2
TK62994,2023-08-11 01:50:00,in-app,technical,normal,Error when log in after password reset,,2023-08-14 07:04:18,false,
TK60239,2023-08-11 05:40:00,email,billing,normal,Request to export my data,10,2023-08-11 16:03:45,false,
TK62383,2023-08-11 07:00:00,phone,technical,urgent,Cannot webhook deliveries failing,10,2023-08-11 11:19:41,true,
TK62456,2023-08-11 12:51:00,in-app,technical,normal,Request to a duplicate charge,85,2023-08-13 01:39:17,false,
TK62075,2023-08-11 13:16:00,email,onboarding,normal,How do I a refund for an annual plan,83,2023-08-12 06:22:41,false,
TK62485,2023-08-11 13:51:00,chat,technical,low,Question about log in after password reset,221,2023-08-14 09:30:03,false,
TK61433,2023-08-11 14:11:00,email,onboarding,low,Unable to two-factor authentication,67,2023-08-13 14:39:50,false,
TK60502,2023-08-11 18:15:00,in-app,integrations,urgent,Issue with the invoice for last month,25,2023-08-12 01:09:04,false,
TK63659,2023-08-11 18:29:00,chat,billing,low,Request to webhook deliveries failing,346,2023-09-23 17:09:55,false,
TK60466,2023-08-12 06:00:00,chat,onboarding,low,Cannot log in after password reset,42,2023-08-12 23:39:58,false,
TK61512,2023-08-12 11:43:00,phone,billing,low,Issue with log in after password reset,169,2023-08-14 21:35:18,false,
TK60446,2023-08-12 18:55:00,email,billing,low,Cannot a refund for an annual plan,305,2023-08-14 08:44:04,false,5
TK63064,2023-08-12 20:12:00,in-app,technical,normal,Cannot a duplicate charge,49,,false,
TK61037,2023-08-12 21:41:00,chat,technical,urgent,Cannot a refund for an annual plan,7,2023-08-13 15:27:28,false,5
TK61494,2023-08-12 22:24:00,chat,billing,normal,Request to the dashboard loading slowly,53,2023-08-13 01:30:38,false,
TK62869,2023-08-13 00:39:00,chat,integrations,high,Error when downgrade my plan,48,2023-08-13 18:54:15,false,
TK61422,2023-08-13 05:31:00,in-app,onboarding,normal,Unable to log in after password reset,11,2023-08-13 19:53:27,false,4
TK63097,2023-08-13 05:58:00,chat,onboarding,normal,Unable to the invoice for last month,206,2023-08-13 23:04:00,false,
TK61966,2023-08-13 07:03:00,chat,account,normal,Cannot export my data,91,2023-08-15 04:26:35,false,4
TK63471,2023-08-13 08:38:00,in-app,integrations,normal,Issue with export my data,321,2023-08-14 09:59:38,false,
TK63291,2023-08-13 13:06:00,email,onboarding,low,Error when add a teammate,404,,false,
TK63689,2023-08-13 17:02:00,in-app,technical,normal,Question about the invoice for last month,53,2023-08-14 15:18:55,false,
TK61155,2023-08-13 21:20:00,chat,technical,normal,Issue with the invoice for last month,843,2023-08-16 05:18:11,true,
TK63541,2023-08-13 22:40:00,email,technical,high,Request to downgrade my plan,,2023-08-15 11:40:35,false,
TK63738,2023-08-14 01:39:00,in-app,technical,high,Question about a refund for an annual plan,53,2023-08-14 14:32:52,false,
TK60929,2023-08-14 08:06:00,in-app,integrations,normal,Issue with downgrade my plan,109,2023-08-17 09:37:08,false,
TK62535,2023-08-14 08:48:00,in-app,onboarding,normal,Cannot downgrade my plan,140,2023-08-18 05:13:24,false,
TK62500,2023-08-14 10:57:00,chat,technical,urgent,Cannot the invoice for last month,12,2023-08-14 15:04:56,false,
TK61669,2023-08-14 11:52:00,chat,account,normal,Question about add a teammate,57,2023-08-14 16:04:09,false,5
TK62575,2023-08-14 12:04:00,email,account,urgent,Cannot the dashboard loading slowly,40,2023-08-14 12:49:42,false,
TK61765,2023-08-14 12:25:00,email,technical,high,Question about log in after password reset,135,,false,
TK62064,2023-08-14 13:02:00,chat,technical,normal,Issue with the dashboard loading slowly,268,2023-08-16 23:13:11,true,
TK60094,2023-08-14 14:52:00,chat,onboarding,high,Cannot log in after password reset,69,2023-08-15 00:30:39,false,
TK61145,2023-08-14 18:54:00,in-app,integrations,high,Question about a refund for an annual plan,100,2023-08-14 21:20:15,true,4
TK61743,2023-08-14 19:23:00,phone,billing,low,Request to export my data,127,2023-08-20 09:18:54,false,4
TK60085,2023-08-14 20:23:00,chat,billing,high,Error when connecting the Snowflake sync,24,2023-08-15 10:48:54,false,
TK63113,2023-08-14 23:39:00,chat,technical,low,Cannot downgrade my plan,71,,false,
TK62628,2023-08-15 00:05:00,email,integrations,normal,Issue with export my data,93,2023-08-23 18:48:14,false,
TK62310,2023-08-15 01:16:00,email,technical,low,Request to connecting the Snowflake sync,176,2023-08-28 17:07:24,false,
TK63968,2023-08-15 02:24:00,chat,billing,low,Error when two-factor authentication,110,2023-08-15 10:20:36,false,
TK60535,2023-08-15 03:57:00,in-app,billing,high,Error when the API rate limit,40,2023-08-15 22:11:20,false,5
TK62099,2023-08-15 04:42:00,email,technical,high,Question about connecting the Snowflake sync,73,2023-08-16 06:56:08,false,
TK62298,2023-08-15 04:52:00,chat,billing,normal,How do I a refund for an annual plan,286,2023-08-16 23:32:47,false,
TK63285,2023-08-15 06:44:00,phone,technical,urgent,How do I export my data,7,2023-08-15 12:25:16,false,
TK63437,2023-08-15 08:43:00,email,onboarding,high,Question about add a teammate,63,2023-08-15 17:58:41,false,
TK60799,2023-08-15 09:01:00,chat,account,normal,Issue with the dashboard loading slowly,44,2023-08-21 15:32:33,false,5
TK61553,2023-08-15 10:33:00,in-app,account,normal,Error when downgrade my plan,1095,2023-08-15 16:40:52,false,
TK60760,2023-08-15 11:43:00,email,billing,urgent,Unable to export my data,50,2023-08-15 13:31:42,false,
TK60306,2023-08-15 17:11:00,chat,technical,normal,Request to the API rate limit,52,2023-08-16 04:50:11,false,5
TK61660,2023-08-15 17:32:00,chat,account,normal,Unable to connecting the Snowflake sync,38,2023-08-16 01:46:26,false,
TK63193,2023-08-15 17:48:00,chat,technical,high,Cannot a refund for an annual plan,21,2023-08-16 01:45:36,false,4
TK63782,2023-08-15 18:33:00,email,technical,normal,Question about a refund for an annual plan,108,2023-08-16 09:59:23,false,
TK60879,2023-08-15 20:28:00,phone,integrations,low,Cannot connecting the Snowflake sync,136,2023-08-20 07:37:27,false,4
TK62149,2023-08-15 21:40:00,email,billing,urgent,Cannot the invoice for last month,17,2023-08-16 08:48:08,false,
TK62198,2023-08-15 23:01:00,email,billing,urgent,Error when a refund for an annual plan,19,2023-08-16 04:57:07,false,
TK60032,2023-08-16 08:18:00,chat,billing,urgent,Cannot log in after password reset,35,2023-08-16 09:16:24,false,5
TK61412,2023-08-16 08:29:00,email,account,low,Unable to downgrade my plan,84,2023-08-19 08:21:14,false,
TK61944,2023-08-16 11:07:00,in-app,billing,low,Request to webhook deliveries failing,2271,2023-08-24 05:21:48,false,
TK61916,2023-08-16 11:57:00,email,account,normal,Error when a duplicate charge,284,2023-08-17 10:16:29,false,5
TK62142,2023-08-16 12:25:00,in-app,onboarding,normal,Issue with the dashboard loading slowly,40,2023-08-16 19:42:13,false,5
TK60245,2023-08-16 13:27:00,chat,billing,normal,Question about two-factor authentication,35,2023-08-22 04:26:32,false,5
TK63681,2023-08-16 14:22:00,chat,billing,low,Error when log in after password reset,58,2023-08-20 18:04:16,false,
TK60918,2023-08-16 16:16:00,chat,technical,urgent,Request to a duplicate charge,3,2023-08-17 00:22:15,false,
TK60148,2023-08-16 16:32:00,email,integrations,normal,Cannot a duplicate charge,184,2023-08-20 08:52:08,false,
TK62092,2023-08-16 22:25:00,email,technical,normal,Unable to a refund for an annual plan,44,,false,
TK60883,2023-08-16 23:18:00,in-app,billing,high,Issue with log in after password reset,142,2023-08-17 02:37:43,false,3
TK62203,2023-08-17 00:21:00,email,billing,urgent,Question about two-factor authentication,11,2023-08-17 02:29:44,false,
TK61260,2023-08-17 01:24:00,chat,technical,high,How do I a refund for an annual plan,34,2023-08-17 04:01:11,false,
TK62511,2023-08-17 02:29:00,email,account,urgent,Error when downgrade my plan,31,2023-08-17 03:28:37,false,
TK62085,2023-08-17 05:58:00,email,billing,high,Issue with log in after password reset,28,2023-08-17 07:54:25,false,
TK61692,2023-08-17 06:29:00,in-app,account,low,Issue with two-factor authentication,61,2023-08-17 13:00:41,false,4
TK61850,2023-08-17 09:40:00,email,onboarding,normal,Question about a duplicate charge,120,2023-08-17 16:33:01,false,
TK60323,2023-08-17 11:06:00,chat,technical,high,Cannot downgrade my plan,28,2023-08-22 23:13:22,false,
TK61521,2023-08-17 14:30:00,email,integrations,high,Cannot the dashboard loading slowly,25,,false,
TK62286,2023-08-17 14:55:00,email,billing,low,How do I the dashboard loading slowly,212,2023-08-26 00:14:14,false,
TK62647,2023-08-17 19:16:00,in-app,account,low,Request to webhook deliveries failing,157,2023-08-22 06:19:02,false,
TK60493,2023-08-17 22:55:00,chat,technical,normal,Cannot the dashboard loading slowly,52,2023-08-21 15:03:14,false,5
TK63128,2023-08-17 23:35:00,chat,account,normal,Error when a refund for an annual plan,52,2023-08-18 07:15:45,false,
TK63041,2023-08-18 00:03:00,phone,technical,urgent,Error when add a teammate,21,2023-08-18 07:27:55,false,
TK63795,2023-08-18 00:58:00,email,billing,normal,Question about connecting the Snowflake sync,124,2023-08-18 05:26:00,false,
TK62654,2023-08-18 02:27:00,email,technical,low,Error when webhook deliveries failing,118,2023-09-29 00:13:46,false,
TK62922,2023-08-18 03:12:00,chat,technical,normal,How do I webhook deliveries failing,27,2023-08-19 07:39:25,false,
TK62357,2023-08-18 05:36:00,in-app,account,normal,Error when the invoice for last month,25,2023-08-19 22:25:55,true,
TK61833,2023-08-18 08:00:00,chat,technical,low,Cannot a refund for an annual plan,101,,false,
TK60318,2023-08-18 09:26:00,chat,technical,normal,Issue with two-factor authentication,138,2023-08-20 13:08:20,false,4
TK62507,2023-08-18 12:54:00,chat,onboarding,normal,Request to connecting the Snowflake sync,205,2023-08-22 02:41:26,false,5
TK63698,2023-08-18 15:01:00,email,billing,normal,Issue with a duplicate charge,268,2023-08-20 08:03:02,false,
TK63664,2023-08-18 15:04:00,phone,technical,high,Issue with log in after password reset,37,,false,
TK61394,2023-08-18 15:38:00,in-app,technical,normal,Question about a duplicate charge,167,2023-08-19 22:18:59,false,
TK60962,2023-08-18 17:03:00,email,billing,high,Issue with the dashboard loading slowly,62,2023-08-18 18:45:23,false,
TK62606,2023-08-18 21:04:00,email,technical,high,Question about connecting the Snowflake sync,33,2023-08-20 19:19:57,false,1
TK63697,2023-08-18 21:22:00,chat,billing,high,Request to a refund for an annual plan,36,2023-08-19 00:01:28,false,
TK61078,2023-08-18 22:31:00,chat,billing,normal,Issue with export my data,161,2023-08-19 06:22:14,false,
TK63754,2023-08-18 23:09:00,chat,onboarding,normal,Unable to webhook deliveries failing,194,2023-08-19 23:17:55,false,3
TK63038,2023-08-19 07:18:00,email,billing,urgent,Request to the API rate limit,11,2023-08-20 06:59:39,false,
TK60315,2023-08-19 09:10:00,email,integrations,normal,Error when webhook deliveries failing,248,2023-08-21 02:35:01,false,5
TK61140,2023-08-19 14:24:00,chat,technical,low,How do I a duplicate charge,133,2023-08-20 12:51:14,false,
TK62088,2023-08-19 15:37:00,in-app,onboarding,normal,Question about a refund for an annual plan,132,2023-08-22 14:23:18,true,
TK60491,2023-08-19 16:39:00,in-app,onboarding,high,Cannot webhook deliveries failing,34,2023-08-20 09:39:31,true,4
TK60569,2023-08-19 17:44:00,in-app,technical,high,Issue with webhook deliveries failing,50,2023-08-19 21:18:59,false,
TK63675,2023-08-19 18:11:00,in-app,integrations,high,Error when the API rate limit,24,2023-08-20 01:10:08,false,
TK61209,2023-08-20 01:28:00,chat,onboarding,normal,Question about webhook deliveries failing,109,2023-08-22 11:16:21,false,4
TK62043,2023-08-20 02:52:00,chat,integrations,normal,Cannot a refund for an annual plan,25,2023-08-21 15:45:35,false,3
TK61556,2023-08-20 04:06:00,in-app,technical,normal,Unable to log in after password reset,50,2023-08-21 17:25:50,false,
TK60809,2023-08-20 05:08:00,chat,technical,normal,Question about two-factor authentication,209,2023-08-21 09:16:01,false,
TK62851,2023-08-20 08:32:00,email,billing,normal,Cannot the invoice for last month,140,2023-08-20 17:35:44,false,5
TK62210,2023-08-20 09:54:00,in-app,billing,low,Cannot a duplicate charge,157,2023-08-21 20:09:33,false,
TK60723,2023-08-20 11:07:00,in-app,billing,normal,Cannot two-factor authentication,151,2023-08-20 22:26:04,false,
TK61452,2023-08-20 11:38:00,in-app,account,normal,Request to log in after password reset,43,2023-08-22 13:29:30,false,
TK61456,2023-08-20 13:28:00,email,billing,urgent,Cannot the dashboard loading slowly,71,2023-08-20 16:28:24,false,
TK60390,2023-08-20 14:50:00,email,technical,low,How do I the dashboard loading slowly,270,2023-09-07 20:17:48,false,
TK62073,2023-08-20 16:54:00,email,integrations,urgent,How do I log in after password reset,10,2023-08-21 13:55:58,false,
TK63074,2023-08-20 21:54:00,phone,billing,low,Unable to the invoice for last month,436,2023-08-23 23:44:06,false,
TK60013,2023-08-21 02:28:00,chat,billing,normal,How do I webhook deliveries failing,269,2023-08-22 00:24:28,false,
TK60906,2023-08-21 02:41:00,email,integrations,normal,Question about add a teammate,44,2023-08-21 09:32:37,false,
TK63684,2023-08-21 10:10:00,in-app,technical,urgent,Request to add a teammate,11,2023-08-21 18:30:34,true,5
TK63228,2023-08-21 11:52:00,in-app,integrations,normal,Error when the API rate limit,124,,false,
TK62007,2023-08-21 15:27:00,chat,technical,normal,Error when log in after password reset,243,2023-08-22 07:25:17,false,4
TK62185,2023-08-21 21:47:00,chat,technical,normal,Question about connecting the Snowflake sync,69,2023-08-22 23:49:31,false,
TK62742,2023-08-22 04:12:00,chat,onboarding,low,Question about log in after password reset,422,2023-08-23 14:21:40,false,
TK60858,2023-08-22 08:42:00,in-app,billing,normal,Cannot webhook deliveries failing,132,2023-08-23 15:27:04,false,5
TK60977,2023-08-22 09:19:00,in-app,billing,normal,Issue with log in after password reset,398,2023-08-24 11:54:52,false,4
TK63308,2023-08-22 12:56:00,chat,onboarding,high,How do I webhook deliveries failing,47,2023-08-23 03:22:32,true,
TK62942,2023-08-22 15:33:00,chat,billing,high,Cannot webhook deliveries failing,20,2023-08-22 16:42:10,false,
TK60332,2023-08-22 15:52:00,phone,technical,urgent,How do I add a teammate,51,2023-08-22 20:49:12,false,
TK62211,2023-08-22 17:39:00,in-app,account,high,Issue with webhook deliveries failing,,2023-08-23 04:20:10,false,
TK62354,2023-08-22 17:53:00,phone,technical,normal,Request to a duplicate charge,61,2023-08-24 05:53:21,false,3
TK61507,2023-08-22 22:25:00,email,technical,low,Unable to export my data,291,2023-08-26 00:42:26,false,
TK61980,2023-08-22 23:04:00,email,account,urgent,Error when the invoice for last month,10,2023-08-23 04:04:15,false,
TK62904,2023-08-22 23:11:00,chat,technical,normal,Cannot the dashboard loading slowly,38,2023-08-25 22:27:54,false,
TK60242,2023-08-23 05:12:00,email,technical,low,Question about a duplicate charge,144,2023-08-24 18:33:16,false,
TK62946,2023-08-23 08:35:00,email,billing,normal,Request to the API rate limit,111,2023-08-24 01:03:22,false,5
TK60559,2023-08-23 10:39:00,phone,technical,low,Request to the dashboard loading slowly,174,2023-08-23 22:11:43,false,
TK60722,2023-08-23 10:51:00,in-app,technical,low,Question about add a teammate,,2023-08-24 19:39:40,false,
TK60729,2023-08-23 13:38:00,chat,billing,high,Cannot log in after password reset,166,2023-08-25 01:25:08,false,3
TK61266,2023-08-23 17:20:00,chat,integrations,low,How do I webhook deliveries failing,1079,2023-08-25 18:12:06,false,
TK60656,2023-08-23 17:52:00,chat,technical,normal,Unable to connecting the Snowflake sync,32,,false,
TK61936,2023-08-23 18:00:00,email,integrations,low,Error when the API rate limit,2045,2023-08-28 02:19:11,false,
TK61626,2023-08-23 18:48:00,email,integrations,normal,Cannot the API rate limit,50,2023-08-24 07:34:45,false,5
TK63814,2023-08-23 18:56:00,in-app,technical,normal,Request to connecting the Snowflake sync,140,2023-08-25 07:16:00,true,5
TK63677,2023-08-23 19:31:00,in-app,technical,normal,Question about two-factor authentication,74,2023-09-08 16:37:46,false,
TK62174,2023-08-23 19:52:00,email,technical,normal,Issue with a duplicate charge,38,2023-08-25 14:46:07,false,5
TK61171,2023-08-23 20:31:00,email,onboarding,low,Request to a duplicate charge,1125,2023-08-24 00:31:18,false,
TK61946,2023-08-23 22:27:00,in-app,billing,low,Error when the API rate limit,104,2023-08-27 01:22:57,false,
TK61821,2023-08-24 04:42:00,in-app,technical,low,Unable to connecting the Snowflake sync,175,2023-09-16 18:53:59,false,1
TK60682,2023-08-24 04:54:00,email,billing,low,Error when webhook deliveries failing,392,2023-08-29 10:04:28,false,
TK62136,2023-08-24 06:49:00,in-app,integrations,normal,How do I downgrade my plan,199,2023-08-24 12:38:21,false,
TK60154,2023-08-24 07:01:00,phone,integrations,normal,Cannot the invoice for last month,448,2023-08-25 03:50:01,false,
TK62652,2023-08-24 09:56:00,in-app,technical,normal,How do I connecting the Snowflake sync,128,2023-08-25 12:41:15,false,5
TK63867,2023-08-24 10:20:00,chat,integrations,normal,Question about two-factor authentication,55,2023-08-25 09:13:23,false,
TK63376,2023-08-24 11:58:00,chat,technical,high,How do I export my data,35,2023-08-25 12:02:21,false,5
TK61630,2023-08-24 12:25:00,phone,technical,high,Question about export my data,264,2023-08-25 12:17:35,false,
TK63510,2023-08-24 12:28:00,phone,billing,normal,Request to the API rate limit,132,2023-08-28 04:19:21,false,
TK62587,2023-08-24 15:23:00,email,billing,high,Cannot the dashboard loading slowly,121,2023-08-24 17:48:08,false,
TK61718,2023-08-24 15:55:00,chat,billing,high,Request to add a teammate,34,2023-08-24 20:09:37,false,
TK61351,2023-08-24 20:08:00,in-app,technical,low,How do I log in after password reset,231,2023-08-31 21:04:59,false,5
TK61955,2023-08-24 20:53:00,chat,onboarding,normal,Cannot export my data,75,2023-08-25 14:30:24,false,
TK61771,2023-08-24 22:53:00,email,onboarding,normal,Request to export my data,36,2023-08-25 13:05:12,false,5
TK63672,2023-08-24 23:09:00,email,onboarding,high,Error when webhook deliveries failing,19,2023-08-25 12:23:57,false,
TK61297,2023-08-25 01:22:00,phone,account,normal,Issue with log in after password reset,142,2023-08-25 07:23:03,false,3
TK61196,2023-08-25 03:45:00,chat,integrations,normal,Unable to connecting the Snowflake sync,,2023-09-06 09:55:20,false,
TK62442,2023-08-25 05:29:00,in-app,onboarding,low,How do I downgrade my plan,110,2023-08-25 11:07:30,false,2
TK63450,2023-08-25 07:31:00,phone,integrations,normal,Issue with the dashboard loading slowly,27,2023-08-30 14:20:02,false,4
TK60322,2023-08-25 07:52:00,in-app,billing,high,Unable to two-factor authentication,80,2023-08-25 11:06:02,false,
TK60885,2023-08-25 08:48:00,in-app,billing,normal,Request to export my data,22,2023-08-25 14:18:28,false,
TK60503,2023-08-25 10:00:00,in-app,integrations,low,How do I the API rate limit,461,2023-08-28 15:58:35,false,
TK63071,2023-08-25 10:14:00,in-app,onboarding,high,Request to the dashboard loading slowly,18,2023-08-25 14:04:49,false,
TK62559,2023-08-25 12:04:00,email,billing,normal,Question about the dashboard loading slowly,119,2023-08-26 20:02:50,false,
TK60811,2023-08-25 19:16:00,chat,onboarding,low,Request to the API rate limit,146,2023-08-27 06:21:23,false,
TK62884,2023-08-25 20:17:00,email,technical,normal,How do I a refund for an annual plan,38,2023-08-25 23:56:37,false,2
TK61641,2023-08-26 05:09:00,chat,integrations,high,Issue with the dashboard loading slowly,26,2023-08-28 13:55:08,false,5
TK62276,2023-08-26 05:46:00,email,technical,high,Error when export my data,38,2023-08-27 07:24:29,false,4
TK63605,2023-08-26 11:21:00,chat,account,urgent,How do I connecting the Snowflake sync,9,2023-08-26 14:22:14,false,
TK60709,2023-08-26 12:02:00,in-app,billing,high,Issue with downgrade my plan,238,2023-08-27 10:41:56,true,4
TK63063,2023-08-26 13:29:00,chat,billing,normal,Request to the API rate limit,231,2023-08-26 16:56:15,false,5
TK60119,2023-08-26 16:14:00,phone,billing,normal,Request to the invoice for last month,638,2023-08-29 12:09:13,false,
TK62916,2023-08-26 17:53:00,email,billing,high,Cannot a refund for an annual plan,16,2023-08-26 18:06:26,false,
TK63506,2023-08-26 18:46:00,phone,account,normal,Issue with the API rate limit,176,2023-08-28 19:01:10,false,
TK62984,2023-08-26 20:38:00,email,account,normal,Unable to export my data,186,2023-08-27 08:22:52,false,
TK60926,2023-08-26 21:14:00,in-app,technical,high,Unable to a refund for an annual plan,93,2023-08-26 22:40:55,false,
TK61073,2023-08-26 22:54:00,phone,technical,normal,Issue with export my data,,2023-08-28 14:22:37,false,
TK60878,2023-08-27 00:11:00,email,technical,low,Request to a duplicate charge,1359,2023-09-13 19:56:59,false,5
TK63953,2023-08-27 01:15:00,in-app,onboarding,normal,Unable to webhook deliveries failing,67,2023-08-27 04:45:42,false,
TK60894,2023-08-27 02:42:00,in-app,technical,normal,Request to the invoice for last month,128,2023-08-27 23:45:34,false,
TK62701,2023-08-27 05:11:00,chat,billing,normal,Question about two-factor authentication,225,2023-08-28 04:00:42,false,
TK63991,2023-08-27 06:09:00,chat,technical,normal,Unable to the dashboard loading slowly,113,2023-09-15 20:48:51,false,2
TK62887,2023-08-27 07:52:00,email,billing,normal,How do I the API rate limit,29,2023-08-27 15:45:07,false,
TK62759,2023-08-27 14:26:00,email,account,low,Request to export my data,1419,2023-08-30 08:41:58,false,
TK62583,2023-08-27 14:42:00,phone,billing,normal,Request to downgrade my plan,59,,false,
TK60842,2023-08-27 15:36:00,email,account,normal,Question about a duplicate charge,202,2023-08-28 16:53:17,false,
TK60771,2023-08-27 15:52:00,email,billing,low,Unable to a duplicate charge,58,2023-08-27 23:13:19,false,5
TK63331,2023-08-27 17:26:00,chat,integrations,normal,Request to the API rate limit,38,2023-08-29 07:00:28,false,4
TK60854,2023-08-27 19:31:00,email,account,normal,Cannot the dashboard loading slowly,84,2023-08-29 05:28:23,false,3
TK60625,2023-08-28 01:12:00,chat,technical,urgent,Cannot connecting the Snowflake sync,61,2023-08-28 11:31:39,false,5
TK60241,2023-08-28 01:20:00,email,technical,low,Request to add a teammate,833,2023-08-28 15:29:15,false,
TK61166,2023-08-28 06:59:00,in-app,onboarding,high,Request to two-factor authentication,9,2023-08-28 09:07:54,false,4
TK61653,2023-08-28 08:58:00,in-app,account,high,Unable to the API rate limit,6,2023-08-28 14:32:14,false,
TK60044,2023-08-28 09:46:00,email,account,high,Request to two-factor authentication,23,2023-08-28 19:05:52,false,
TK60982,2023-08-28 10:51:00,chat,integrations,normal,Request to a refund for an annual plan,145,2023-09-03 16:11:28,false,4
TK62923,2023-08-28 14:10:00,chat,technical,high,Request to two-factor authentication,35,2023-08-28 17:46:14,false,
TK61710,2023-08-28 21:05:00,email,technical,normal,Issue with add a teammate,174,2023-08-29 21:59:46,false,
TK60949,2023-08-28 23:11:00,email,account,normal,Unable to the invoice for last month,60,2023-08-30 12:20:21,false,5
TK62569,2023-08-29 03:47:00,chat,technical,low,Cannot downgrade my plan,71,2023-08-31 04:02:29,false,
TK61829,2023-08-29 04:05:00,email,technical,high,Issue with the invoice for last month,30,2023-08-30 21:20:00,false,
TK62084,2023-08-29 08:02:00,chat,technical,normal,Issue with a duplicate charge,90,2023-09-01 04:08:00,false,
TK61149,2023-08-29 08:05:00,email,technical,low,Error when two-factor authentication,269,2023-09-06 21:34:23,false,
TK63825,2023-08-29 12:11:00,email,technical,low,Issue with downgrade my plan,116,2023-09-02 08:11:05,false,
TK63912,2023-08-29 12:48:00,chat,account,high,How do I two-factor authentication,105,2023-08-29 20:20:09,false,4
TK60585,2023-08-29 17:05:00,email,integrations,normal,Error when webhook deliveries failing,105,2023-08-30 01:39:13,false,
TK63569,2023-08-29 19:07:00,email,onboarding,high,Question about connecting the Snowflake sync,43,2023-08-30 03:14:59,false,
TK62173,2023-08-29 22:48:00,in-app,account,high,Question about downgrade my plan,73,2023-08-30 02:19:27,false,
TK60082,2023-08-30 02:01:00,in-app,account,high,Error when the dashboard loading slowly,24,2023-08-30 23:19:21,false,4
TK62066,2023-08-30 03:23:00,chat,billing,normal,Issue with the invoice for last month,50,2023-08-31 14:01:31,true,5
TK60966,2023-08-30 03:51:00,email,technical,low,How do I webhook deliveries failing,19,2023-09-06 21:35:33,false,
TK62886,2023-08-30 07:42:00,email,billing,high,Error when log in after password reset,38,2023-08-30 14:23:49,false,
TK63581,2023-08-30 09:04:00,email,billing,urgent,Question about webhook deliveries failing,2,2023-08-31 01:12:44,false,4
TK61441,2023-08-30 11:40:00,email,onboarding,low,Error when the invoice for last month,195,2023-08-31 06:06:15,false,5
TK62333,2023-08-30 16:02:00,chat,integrations,high,Issue with a refund for an annual plan,37,2023-09-01 05:03:14,false,
TK61567,2023-08-30 16:45:00,chat,account,high,Request to webhook deliveries failing,14,2023-09-01 18:37:47,false,
TK61991,2023-08-30 23:37:00,chat,account,normal,Error when downgrade my plan,64,2023-08-31 04:06:09,false,5
TK62133,2023-08-31 01:07:00,in-app,account,low,How do I the dashboard loading slowly,105,2023-08-31 17:42:16,false,
TK61570,2023-08-31 01:29:00,email,billing,normal,Question about a duplicate charge,397,2023-08-31 06:24:03,false,
TK62554,2023-08-31 03:31:00,email,onboarding,normal,Request to downgrade my plan,87,2023-08-31 09:06:58,false,
TK63662,2023-08-31 05:41:00,email,technical,normal,How do I add a teammate,194,2023-09-02 17:54:25,false,
TK61839,2023-08-31 17:03:00,email,onboarding,urgent,Issue with webhook deliveries failing,13,2023-08-31 19:30:51,false,
TK61457,2023-08-31 18:23:00,phone,onboarding,normal,Cannot downgrade my plan,56,2023-08-31 21:13:04,false,
TK61716,2023-08-31 20:21:00,in-app,onboarding,normal,Request to two-factor authentication,168,2023-08-31 23:38:18,false,
TK60886,2023-08-31 21:23:00,email,billing,high,Cannot two-factor authentication,150,2023-09-01 12:37:23,false,
TK62038,2023-09-01 04:23:00,in-app,integrations,low,Cannot connecting the Snowflake sync,352,2023-09-02 07:39:44,false,5
TK61102,2023-09-01 06:10:00,in-app,technical,high,How do I downgrade my plan,20,2023-09-02 09:02:26,false,3
TK60363,2023-09-01 06:31:00,email,account,high,Unable to the dashboard loading slowly,6,2023-09-01 17:58:43,false,
TK61215,2023-09-01 07:32:00,chat,integrations,low,How do I downgrade my plan,1176,2023-09-07 15:20:32,false,4
TK61684,2023-09-01 09:47:00,chat,technical,high,How do I export my data,17,2023-09-01 15:14:06,false,
TK63340,2023-09-01 11:49:00,email,onboarding,normal,Cannot a duplicate charge,223,2023-09-04 20:03:17,false,
TK63338,2023-09-01 17:26:00,phone,billing,normal,Error when the dashboard loading slowly,,2023-09-02 21:27:49,true,
TK62382,2023-09-01 19:55:00,in-app,billing,low,Request to connecting the Snowflake sync,70,2023-09-02 23:29:27,false,
TK63237,2023-09-01 20:04:00,chat,account,high,Issue with add a teammate,15,2023-09-02 18:32:35,false,
TK62190,2023-09-01 21:47:00,email,billing,urgent,Unable to the invoice for last month,10,2023-09-02 00:44:01,false,
TK63834,2023-09-01 23:20:00,in-app,account,normal,Request to two-factor authentication,183,2023-09-05 07:19:58,false,4
TK62955,2023-09-01 23:37:00,chat,integrations,normal,Error when log in after password reset,,2023-09-04 13:15:13,false,5
TK60785,2023-09-01 23:45:00,chat,account,urgent,Unable to a duplicate charge,15,2023-09-02 01:58:45,false,5
TK61609,2023-09-02 05:53:00,email,technical,normal,Request to two-factor authentication,66,2023-09-03 02:52:07,false,
TK62527,2023-09-02 06:08:00,phone,onboarding,normal,How do I two-factor authentication,318,2023-09-05 20:36:54,false,
TK61502,2023-09-02 06:35:00,email,billing,normal,Error when two-factor authentication,274,2023-09-02 09:28:55,false,
TK62232,2023-09-02 11:10:00,chat,technical,normal,Request to the invoice for last month,26,2023-09-03 09:44:02,false,
TK62567,2023-09-02 12:30:00,chat,billing,normal,Unable to add a teammate,37,2023-09-03 18:26:55,false,
TK62030,2023-09-02 13:49:00,phone,account,normal,Cannot a duplicate charge,176,2023-09-04 12:42:40,false,5
TK60975,2023-09-02 16:43:00,in-app,account,normal,Issue with webhook deliveries failing,292,2023-09-04 07:44:33,false,
TK61714,2023-09-02 20:58:00,chat,technical,high,How do I two-factor authentication,27,2023-09-03 04:12:42,false,
TK62806,2023-09-02 21:44:00,email,billing,low,Request to a refund for an annual plan,13,2023-09-03 17:56:51,false,5
TK63773,2023-09-03 01:16:00,phone,technical,normal,Request to a refund for an annual plan,34,2023-09-04 10:59:14,false,4
TK61762,2023-09-03 02:06:00,email,account,low,Issue with downgrade my plan,965,2023-09-10 08:11:21,false,5
TK60275,2023-09-03 02:44:00,chat,account,high,Request to connecting the Snowflake sync,12,2023-09-04 18:45:17,false,5
TK61029,2023-09-03 03:22:00,email,integrations,normal,Question about the API rate limit,27,2023-09-08 06:43:48,false,
TK63842,2023-09-03 08:06:00,phone,integrations,low,Cannot connecting the Snowflake sync,95,2023-09-04 11:04:28,false,4
TK63590,2023-09-03 12:06:00,email,onboarding,normal,Error when log in after password reset,367,2023-09-03 17:55:51,false,4
TK60046,2023-09-03 12:34:00,in-app,technical,normal,Cannot the invoice for last month,75,2023-09-04 02:04:04,false,1
TK63652,2023-09-03 15:41:00,in-app,billing,normal,How do I the invoice for last month,71,2023-09-05 03:41:51,false,
TK61392,2023-09-03 17:42:00,chat,onboarding,high,How do I webhook deliveries failing,16,2023-09-03 19:10:08,false,4
TK63386,2023-09-03 18:06:00,in-app,integrations,normal,Error when a refund for an annual plan,69,2023-09-05 22:05:28,false,5
TK62967,2023-09-03 22:32:00,chat,technical,high,Error when the dashboard loading slowly,98,2023-09-04 02:17:37,false,
TK63527,2023-09-04 03:47:00,in-app,integrations,normal,Request to the invoice for last month,40,2023-09-04 23:48:33,false,
TK63153,2023-09-04 19:10:00,email,account,high,Unable to export my data,25,2023-09-05 19:06:56,false,5
TK62471,2023-09-04 19:19:00,chat,integrations,normal,Unable to add a teammate,47,2023-09-08 10:16:00,false,
TK62234,2023-09-04 20:19:00,email,billing,high,Request to webhook deliveries failing,40,2023-09-04 21:14:14,false,
TK61220,2023-09-04 21:27:00,email,integrations,normal,Question about the API rate limit,202,2023-09-06 01:03:57,false,
TK60849,2023-09-04 23:38:00,in-app,account,normal,Issue with the API rate limit,81,2023-09-06 17:52:31,true,
TK63967,2023-09-05 01:07:00,in-app,billing,high,Unable to add a teammate,19,2023-09-05 06:58:04,false,5
TK60660,2023-09-05 01:34:00,chat,integrations,urgent,Request to downgrade my plan,58,2023-09-07 05:59:15,false,5
TK60537,2023-09-05 02:19:00,chat,technical,high,How do I connecting the Snowflake sync,10,2023-09-06 01:03:24,false,
TK62644,2023-09-05 08:38:00,phone,billing,low,Cannot a duplicate charge,856,2023-09-08 10:31:19,false,4
TK60375,2023-09-05 09:53:00,email,integrations,low,How do I two-factor authentication,138,2023-09-09 07:11:01,false,
TK63753,2023-09-05 10:05:00,phone,technical,high,Cannot the invoice for last month,80,2023-09-05 12:38:14,false,
TK61059,2023-09-05 12:12:00,in-app,integrations,low,Cannot the invoice for last month,544,2023-09-09 07:21:06,false,4
TK63525,2023-09-05 13:46:00,email,onboarding,low,Question about a refund for an annual plan,390,2023-09-13 04:58:47,false,
TK61413,2023-09-05 15:12:00,chat,integrations,normal,Request to export my data,48,2023-09-06 01:51:55,false,
TK63710,2023-09-05 17:34:00,chat,technical,normal,Unable to the invoice for last month,48,2023-09-06 03:51:59,false,2
TK63061,2023-09-05 19:27:00,chat,onboarding,low,Error when the invoice for last month,156,2023-09-14 09:37:38,false,5
TK62941,2023-09-05 23:30:00,phone,billing,normal,Issue with downgrade my plan,305,2023-09-07 03:16:40,false,5
TK60185,2023-09-05 23:38:00,email,onboarding,low,Cannot add a teammate,115,2023-09-06 06:23:31,false,
TK61047,2023-09-06 01:05:00,in-app,onboarding,high,Question about add a teammate,45,2023-09-06 18:45:24,false,4
TK60800,2023-09-06 09:09:00,chat,account,normal,Question about a refund for an annual plan,85,2023-09-06 10:18:58,false,5
TK61591,2023-09-06 09:59:00,chat,onboarding,urgent,Cannot the API rate limit,77,2023-09-06 21:12:35,false,
TK62452,2023-09-06 20:24:00,email,technical,normal,Question about the dashboard loading slowly,25,2023-09-07 11:54:13,false,3
TK60435,2023-09-06 21:47:00,chat,technical,high,Error when add a teammate,17,,false,
TK62186,2023-09-07 03:38:00,chat,technical,high,Cannot the dashboard loading slowly,49,2023-09-08 12:10:12,false,1
TK61295,2023-09-07 10:29:00,in-app,billing,normal,Unable to a refund for an annual plan,22,2023-09-08 09:22:37,false,
TK61482,2023-09-07 16:58:00,email,account,normal,Issue with a refund for an annual plan,56,2023-09-10 22:33:40,false,4
TK63595,2023-09-07 17:49:00,email,billing,low,Issue with connecting the Snowflake sync,218,2023-09-15 17:02:22,false,5
TK60841,2023-09-07 19:57:00,in-app,technical,urgent,Unable to a duplicate charge,12,2023-09-08 02:02:22,false,
TK61908,2023-09-07 21:31:00,in-app,onboarding,low,How do I downgrade my plan,433,2023-09-09 07:55:57,false,
TK62447,2023-09-08 05:17:00,in-app,account,normal,Unable to log in after password reset,37,2023-09-08 22:48:22,false,
TK63904,2023-09-08 06:42:00,email,onboarding,normal,Unable to export my data,240,2023-09-09 00:16:38,false,
TK61649,2023-09-08 11:27:00,chat,account,normal,Cannot a refund for an annual plan,223,2023-09-09 01:29:01,false,
TK60243,2023-09-09 00:41:00,email,onboarding,normal,Unable to the invoice for last month,40,2023-09-10 00:37:54,false,
TK62206,2023-09-09 01:03:00,email,onboarding,low,Issue with export my data,418,2023-09-09 03:42:45,false,
TK62721,2023-09-09 10:44:00,in-app,account,low,Question about connecting the Snowflake sync,423,2023-09-11 02:37:09,false,4
TK61486,2023-09-09 11:17:00,email,technical,high,Request to the API rate limit,89,2023-09-09 20:05:59,false,
TK62195,2023-09-09 17:52:00,chat,technical,normal,Question about log in after password reset,57,2023-09-18 17:09:17,false,5
TK61665,2023-09-09 19:44:00,email,technical,high,How do I a refund for an annual plan,28,2023-09-12 08:39:02,false,
TK60725,2023-09-09 22:14:00,chat,technical,normal,Question about the invoice for last month,102,2023-09-13 15:05:45,false,2
TK61818,2023-09-09 22:56:00,email,billing,low,Request to a refund for an annual plan,151,2023-09-20 10:25:45,false,4
TK60157,2023-09-09 23:25:00,chat,onboarding,normal,Unable to the invoice for last month,7,2023-09-12 16:02:12,true,
TK63647,2023-09-10 08:39:00,chat,account,high,Request to the dashboard loading slowly,51,2023-09-11 00:52:00,false,
TK61030,2023-09-10 09:25:00,in-app,billing,low,Question about add a teammate,69,2023-09-10 23:23:16,false,2
TK61150,2023-09-10 20:32:00,phone,technical,normal,Question about a refund for an annual plan,196,2023-09-11 01:10:19,false,
TK60563,2023-09-10 21:13:00,email,technical,low,Unable to the dashboard loading slowly,231,2023-09-30 07:20:15,false,
TK62723,2023-09-11 01:37:00,chat,billing,urgent,Error when the dashboard loading slowly,9,2023-09-11 03:41:18,true,
TK61809,2023-09-11 05:13:00,in-app,onboarding,low,Issue with a duplicate charge,102,2023-10-15 02:24:09,true,5
TK60025,2023-09-11 07:47:00,email,billing,normal,Issue with downgrade my plan,283,2023-09-12 09:28:51,false,
TK60314,2023-09-11 09:02:00,phone,integrations,normal,Unable to downgrade my plan,190,2023-09-15 11:40:35,false,
TK62605,2023-09-11 12:21:00,chat,billing,normal,Cannot log in after password reset,59,2023-09-13 10:37:17,false,5
TK61795,2023-09-11 13:07:00,chat,account,high,Question about the invoice for last month,40,2023-09-12 09:37:28,false,2
TK61054,2023-09-11 16:18:00,chat,technical,high,Error when connecting the Snowflake sync,46,2023-09-12 03:52:22,false,
TK61276,2023-09-12 01:42:00,in-app,technical,low,Unable to the API rate limit,104,2023-09-14 21:18:45,false,
TK60257,2023-09-12 01:57:00,in-app,technical,normal,Cannot log in after password reset,489,2023-09-18 08:09:15,false,
TK63360,2023-09-12 07:46:00,chat,integrations,normal,Error when log in after password reset,,2023-09-13 05:03:51,false,
TK60916,2023-09-12 12:39:00,in-app,integrations,high,Request to export my data,36,2023-09-13 00:48:11,false,5
TK61461,2023-09-12 19:31:00,email,technical,low,Unable to the dashboard loading slowly,69,2023-09-15 09:07:56,false,5
TK61600,2023-09-12 21:04:00,phone,billing,normal,Issue with connecting the Snowflake sync,641,2023-09-13 05:48:17,true,
TK62821,2023-09-12 23:18:00,email,account,low,Request to connecting the Snowflake sync,333,2023-09-14 04:22:03,false,
TK61633,2023-09-13 00:05:00,email,technical,normal,Unable to the dashboard loading slowly,38,2023-09-13 03:38:45,false,
TK61686,2023-09-13 01:33:00,email,account,low,Cannot a refund for an annual plan,50,2023-09-13 03:57:53,false,4
TK60754,2023-09-13 10:39:00,chat,onboarding,urgent,How do I the API rate limit,5,2023-09-13 20:49:02,false,
TK63351,2023-09-13 12:42:00,chat,billing,urgent,Unable to two-factor authentication,57,,false,
TK62939,2023-09-13 14:09:00,chat,technical,urgent,Request to export my data,11,2023-09-13 21:20:21,false,
TK62208,2023-09-13 14:29:00,chat,billing,low,How do I the invoice for last month,291,2023-09-13 17:25:50,false,
TK61989,2023-09-13 16:09:00,chat,technical,low,Cannot webhook deliveries failing,56,2023-09-14 10:42:58,false,
TK60112,2023-09-13 18:17:00,chat,billing,low,Request to the dashboard loading slowly,254,2023-09-16 18:37:50,false,
TK63150,2023-09-13 21:05:00,chat,technical,normal,How do I two-factor authentication,569,2023-09-14 09:57:39,false,
TK63701,2023-09-13 23:20:00,chat,account,normal,Question about log in after password reset,27,2023-09-14 05:01:51,false,4
TK63047,2023-09-13 23:42:00,phone,technical,urgent,How do I the invoice for last month,11,2023-09-14 00:13:50,false,5
TK60426,2023-09-14 04:46:00,email,account,normal,Issue with the invoice for last month,114,2023-09-14 11:03:00,false,
TK61698,2023-09-14 04:46:00,email,technical,normal,Request to connecting the Snowflake sync,223,,false,
TK63553,2023-09-14 05:24:00,in-app,onboarding,normal,How do I the dashboard loading slowly,53,2023-09-15 14:47:47,false,
TK61243,2023-09-14 09:07:00,email,technical,low,Question about the API rate limit,191,2023-09-16 05:31:12,false,
TK63866,2023-09-14 09:59:00,email,account,high,Question about connecting the Snowflake sync,31,2023-09-14 12:37:05,false,
TK61136,2023-09-15 08:01:00,chat,onboarding,urgent,Cannot the API rate limit,7,2023-09-15 09:39:05,true,5
TK60021,2023-09-15 11:59:00,phone,technical,normal,Request to the API rate limit,47,2023-09-18 12:29:10,false,
TK63377,2023-09-15 12:33:00,chat,technical,high,Cannot log in after password reset,6,2023-09-16 09:14:44,false,
TK61315,2023-09-15 12:46:00,phone,account,normal,Request to two-factor authentication,406,2023-09-21 20:47:17,false,3
TK60934,2023-09-15 15:35:00,in-app,account,normal,Unable to log in after password reset,436,2023-09-16 03:50:59,false,4
TK60519,2023-09-15 17:17:00,in-app,technical,high,Unable to two-factor authentication,46,2023-09-16 23:55:04,false,
TK63482,2023-09-16 05:51:00,in-app,integrations,normal,Request to add a teammate,2076,,false,
TK63062,2023-09-16 07:20:00,email,technical,low,Cannot downgrade my plan,150,2023-09-25 00:37:24,false,
TK60611,2023-09-16 08:31:00,phone,onboarding,low,How do I the dashboard loading slowly,187,2023-09-20 08:45:51,false,
TK63209,2023-09-16 11:02:00,email,technical,high,Cannot the invoice for last month,24,2023-09-17 03:55:49,false,
TK62999,2023-09-16 12:29:00,email,billing,normal,Error when the dashboard loading slowly,56,2023-09-18 02:40:42,false,4
TK60217,2023-09-16 18:10:00,email,account,low,Request to a duplicate charge,92,2023-09-19 19:15:02,false,4
TK63752,2023-09-16 18:35:00,phone,billing,normal,Cannot add a teammate,341,2023-09-17 07:05:41,false,5
TK60231,2023-09-16 20:56:00,chat,technical,high,Issue with the invoice for last month,171,,false,
TK62080,2023-09-16 22:30:00,chat,billing,high,Error when webhook deliveries failing,306,2023-09-20 08:00:53,false,
TK60665,2023-09-16 22:46:00,email,billing,normal,How do I the invoice for last month,271,2023-09-22 00:15:54,true,
TK60431,2023-09-16 23:25:00,chat,integrations,normal,Cannot a duplicate charge,162,,false,
TK60756,2023-09-17 03:33:00,in-app,technical,normal,Unable to two-factor authentication,424,2023-09-17 20:43:09,false,
TK61180,2023-09-17 05:12:00,email,technical,normal,Unable to the dashboard loading slowly,271,2023-09-18 13:51:57,false,
TK62993,2023-09-17 06:35:00,chat,onboarding,normal,Issue with a refund for an annual plan,92,2023-09-18 10:23:54,false,5
TK63464,2023-09-17 09:23:00,email,technical,normal,Question about two-factor authentication,25,2023-09-19 14:13:06,false,3
TK60774,2023-09-17 17:21:00,in-app,onboarding,normal,Error when the invoice for last month,215,2023-09-19 12:00:41,false,4
TK61676,2023-09-17 18:58:00,chat,account,normal,How do I a duplicate charge,50,2023-09-18 02:51:08,false,5
TK61343,2023-09-17 23:24:00,chat,billing,high,Error when downgrade my plan,37,2023-09-18 05:32:47,false,
TK60456,2023-09-18 02:17:00,chat,billing,high,Issue with log in after password reset,141,2023-09-18 12:44:27,false,
TK61790,2023-09-18 17:16:00,email,technical,high,Request to webhook deliveries failing,96,2023-09-19 09:59:58,false,5
TK62315,2023-09-18 18:31:00,in-app,billing,normal,Cannot add a teammate,55,2023-09-19 05:37:30,false,4
TK61974,2023-09-18 18:34:00,email,billing,normal,Issue with a duplicate charge,70,2023-09-18 21:12:24,true,
TK60168,2023-09-19 01:44:00,chat,technical,low,Issue with a duplicate charge,450,2023-10-06 12:50:27,false,
TK62487,2023-09-19 06:21:00,email,technical,normal,Issue with the dashboard loading slowly,66,2023-09-28 11:08:38,false,
TK62366,2023-09-19 07:20:00,email,integrations,normal,Error when log in after password reset,23,2023-09-30 03:33:15,false,
TK63098,2023-09-19 11:12:00,in-app,onboarding,urgent,Unable to the dashboard loading slowly,21,2023-09-19 12:56:23,false,
TK62226,2023-09-19 12:29:00,email,billing,urgent,Cannot a refund for an annual plan,32,2023-09-19 15:35:25,false,
TK63341,2023-09-19 16:02:00,email,billing,normal,Issue with the API rate limit,89,2023-09-21 04:13:57,false,
TK63821,2023-09-19 18:29:00,in-app,technical,low,Request to the invoice for last month,,2023-09-25 13:28:52,true,
TK63838,2023-09-19 20:26:00,email,billing,urgent,Unable to add a teammate,25,2023-09-20 00:18:13,false,
TK63253,2023-09-19 21:14:00,chat,billing,normal,Error when downgrade my plan,70,2023-09-20 09:47:58,false,4
TK60209,2023-09-19 21:26:00,email,integrations,normal,Question about the dashboard loading slowly,756,2023-09-20 18:40:05,false,
TK63016,2023-09-20 01:24:00,email,technical,normal,Issue with export my data,303,2023-09-21 11:28:58,false,
TK60106,2023-09-20 05:51:00,email,onboarding,normal,Question about downgrade my plan,67,2023-09-21 04:15:33,false,2
TK60183,2023-09-20 06:14:00,chat,integrations,normal,How do I the invoice for last month,79,,false,
TK62031,2023-09-20 08:13:00,in-app,billing,normal,Error when a refund for an annual plan,154,2023-09-26 22:09:28,false,3
TK63946,2023-09-20 08:26:00,chat,billing,low,Cannot two-factor authentication,300,2023-09-24 02:30:42,false,
TK61805,2023-09-20 08:27:00,chat,billing,normal,Unable to export my data,162,2023-09-20 18:37:41,false,
TK60711,2023-09-20 08:46:00,email,technical,normal,How do I a duplicate charge,41,2023-09-21 04:08:01,false,
TK60626,2023-09-20 12:18:00,chat,onboarding,normal,Request to log in after password reset,85,2023-09-21 09:35:47,false,4
TK62870,2023-09-20 14:36:00,email,onboarding,normal,Error when the dashboard loading slowly,78,2023-09-21 07:54:04,false,
TK63284,2023-09-20 17:27:00,email,account,low,Cannot export my data,458,2023-09-22 03:46:55,false,
TK61776,2023-09-20 20:15:00,chat,onboarding,high,Request to the dashboard loading slowly,30,2023-09-21 01:36:52,false,4
TK61369,2023-09-20 22:54:00,phone,billing,normal,How do I export my data,51,2023-09-21 04:26:12,false,5
TK62899,2023-09-21 00:45:00,chat,account,low,Issue with add a teammate,547,2023-09-22 07:29:14,false,
TK61589,2023-09-21 00:49:00,email,technical,normal,Cannot log in after password reset,27,2023-09-22 05:00:34,false,
TK60556,2023-09-21 01:39:00,chat,technical,urgent,Unable to connecting the Snowflake sync,17,2023-09-21 06:43:47,false,5
TK60251,2023-09-21 03:43:00,email,account,high,Unable to webhook deliveries failing,32,2023-09-24 07:54:12,false,
TK61292,2023-09-21 04:11:00,email,technical,low,Request to downgrade my plan,465,2023-09-23 07:26:28,false,
TK63941,2023-09-21 08:50:00,email,billing,low,Issue with two-factor authentication,1031,2023-09-24 13:39:12,false,
TK63704,2023-09-21 12:11:00,chat,technical,normal,Request to the invoice for last month,214,2023-09-22 18:15:21,false,
TK60733,2023-09-21 15:12:00,chat,integrations,normal,How do I a duplicate charge,103,2023-10-03 18:42:07,false,3
TK62699,2023-09-21 18:06:00,email,onboarding,normal,How do I a refund for an annual plan,,2023-09-22 23:12:16,false,5
TK62252,2023-09-22 01:50:00,chat,integrations,low,Cannot downgrade my plan,122,2023-09-23 00:29:45,false,5
TK60931,2023-09-22 02:43:00,phone,billing,high,Unable to export my data,29,2023-09-22 05:32:58,false,
TK60840,2023-09-22 07:51:00,email,billing,low,Unable to the dashboard loading slowly,55,2023-09-22 19:33:34,false,4
TK61621,2023-09-22 09:28:00,chat,technical,low,Cannot a refund for an annual plan,386,2023-09-24 14:40:47,false,
TK63109,2023-09-22 11:14:00,phone,technical,high,Error when downgrade my plan,21,2023-09-22 17:18:30,false,5
TK63606,2023-09-22 12:25:00,chat,account,low,Unable to the invoice for last month,115,,false,
TK62243,2023-09-22 13:48:00,email,technical,low,Cannot the API rate limit,526,2023-09-25 18:59:46,false,
TK62119,2023-09-22 14:13:00,in-app,technical,low,Error when downgrade my plan,73,2023-09-28 22:21:51,false,5
TK61471,2023-09-22 15:21:00,email,onboarding,low,Issue with connecting the Snowflake sync,138,2023-09-22 20:18:14,false,
TK63186,2023-09-22 21:22:00,phone,onboarding,low,Issue with export my data,26,2023-09-24 09:56:57,false,
TK60006,2023-09-22 23:37:00,email,billing,normal,Question about a refund for an annual plan,104,2023-09-23 11:29:14,false,
TK60081,2023-09-23 04:29:00,email,billing,normal,Unable to the invoice for last month,233,2023-09-24 10:36:43,false,
TK62762,2023-09-23 15:42:00,in-app,billing,high,Request to add a teammate,50,2023-09-23 21:11:19,false,2
TK62254,2023-09-23 15:47:00,phone,account,low,How do I the API rate limit,209,2023-09-23 19:41:33,true,5
TK61128,2023-09-23 16:14:00,in-app,technical,normal,Unable to connecting the Snowflake sync,359,2023-09-24 21:20:58,false,5
TK62349,2023-09-23 19:38:00,chat,onboarding,normal,Error when downgrade my plan,153,2023-09-26 05:10:27,false,4
TK61995,2023-09-24 00:29:00,phone,integrations,low,Error when a refund for an annual plan,248,,false,
TK63546,2023-09-24 06:27:00,in-app,onboarding,normal,Question about the dashboard loading slowly,46,2023-09-28 03:24:10,false,
TK62752,2023-09-24 07:22:00,chat,technical,urgent,Cannot two-factor authentication,51,2023-09-24 16:14:47,false,
TK63683,2023-09-24 07:53:00,in-app,technical,normal,Issue with log in after password reset,84,2023-10-01 15:27:50,false,4
TK61812,2023-09-24 08:52:00,chat,billing,normal,Request to webhook deliveries failing,436,2023-09-25 14:55:33,false,
TK61981,2023-09-24 11:15:00,in-app,technical,normal,Cannot a duplicate charge,88,2023-09-26 22:18:17,false,
TK62952,2023-09-24 13:27:00,email,technical,urgent,Question about the invoice for last month,25,2023-09-26 02:00:09,false,
TK62961,2023-09-24 14:44:00,email,billing,high,Error when downgrade my plan,54,2023-09-25 18:34:18,true,3
TK62795,2023-09-24 15:03:00,email,billing,normal,How do I a refund for an annual plan,,2023-09-24 17:11:18,false,
TK60422,2023-09-24 15:05:00,email,account,normal,Error when the API rate limit,60,2023-09-25 15:04:10,false,
TK61586,2023-09-24 15:12:00,chat,billing,normal,Question about the dashboard loading slowly,82,2023-09-24 21:54:54,false,5
TK61201,2023-09-24 17:05:00,chat,account,urgent,Request to downgrade my plan,55,2023-09-25 06:09:29,true,
TK61876,2023-09-24 17:27:00,in-app,technical,high,Request to downgrade my plan,150,2023-09-24 18:57:12,false,4
TK63048,2023-09-24 20:29:00,email,onboarding,normal,Unable to export my data,161,2023-09-25 00:39:57,false,1
TK63259,2023-09-24 20:50:00,chat,technical,normal,Issue with the invoice for last month,133,2023-09-25 03:57:47,false,4
TK62713,2023-09-24 23:54:00,phone,billing,normal,Request to downgrade my plan,207,2023-09-25 22:33:00,false,
TK63978,2023-09-25 00:36:00,in-app,billing,normal,Issue with the dashboard loading slowly,35,2023-09-27 15:44:19,false,
TK62931,2023-09-25 02:08:00,in-app,technical,high,Unable to the invoice for last month,112,,false,
TK63059,2023-09-25 05:16:00,email,technical,high,Error when the invoice for last month,131,2023-09-26 05:59:48,false,1
TK62233,2023-09-25 08:38:00,chat,integrations,urgent,Issue with export my data,12,2023-09-25 11:46:50,false,
TK62097,2023-09-25 11:33:00,phone,onboarding,normal,Unable to export my data,62,2023-09-25 19:57:44,false,
TK60632,2023-09-25 13:12:00,in-app,billing,normal,Error when the API rate limit,194,2023-09-25 19:14:49,true,
TK61986,2023-09-25 13:56:00,in-app,billing,high,Issue with log in after password reset,54,2023-09-25 21:11:35,false,
TK62609,2023-09-25 14:14:00,chat,onboarding,normal,Error when connecting the Snowflake sync,29,2023-09-25 18:28:47,false,5
TK62162,2023-09-25 16:16:00,chat,technical,high,Error when the invoice for last month,144,2023-09-26 18:45:34,false,
TK62381,2023-09-25 16:21:00,email,onboarding,normal,Request to downgrade my plan,117,2023-09-26 08:51:15,true,
TK63850,2023-09-25 21:36:00,in-app,billing,low,Cannot add a teammate,383,2023-09-26 20:00:08,false,
TK63764,2023-09-26 00:57:00,chat,account,normal,Cannot connecting the Snowflake sync,28,2023-09-27 00:41:41,false,4
TK60696,2023-09-26 08:18:00,phone,account,normal,Request to webhook deliveries failing,14,2023-09-26 17:58:41,false,2
TK61105,2023-09-26 09:20:00,email,technical,normal,Unable to two-factor authentication,105,2023-09-26 12:06:58,false,5
TK60235,2023-09-26 10:06:00,chat,billing,normal,How do I log in after password reset,122,2023-09-27 22:29:44,false,5
TK63121,2023-09-26 11:20:00,chat,onboarding,normal,Request to webhook deliveries failing,109,2023-09-27 22:16:49,false,5
TK63373,2023-09-26 11:29:00,chat,integrations,high,Error when webhook deliveries failing,90,2023-09-26 15:35:00,false,3
TK63413,2023-09-26 12:16:00,in-app,billing,normal,Cannot the invoice for last month,1432,2023-09-26 20:34:42,false,
TK60016,2023-09-26 12:34:00,email,technical,normal,Question about the invoice for last month,209,2023-09-28 08:14:41,false,
TK60444,2023-09-26 17:01:00,chat,onboarding,high,Cannot export my data,41,2023-09-26 20:29:00,false,
TK62115,2023-09-26 17:19:00,email,onboarding,normal,Error when connecting the Snowflake sync,33,2023-09-26 23:36:56,false,
TK61588,2023-09-26 18:21:00,chat,technical,high,Question about log in after password reset,71,2023-09-27 05:03:59,true,5
TK62416,2023-09-26 20:18:00,in-app,account,low,How do I a refund for an annual plan,48,2023-09-29 17:39:07,false,
TK60581,2023-09-27 02:16:00,email,billing,high,Cannot the API rate limit,115,2023-09-27 08:29:31,false,2
TK61763,2023-09-27 03:42:00,in-app,integrations,normal,Unable to the dashboard loading slowly,180,2023-10-16 08:57:13,false,5
TK60482,2023-09-27 04:08:00,chat,account,normal,Question about webhook deliveries failing,29,2023-09-27 23:46:42,false,
TK62131,2023-09-27 07:28:00,email,onboarding,low,Request to a duplicate charge,40,2023-09-28 11:25:14,true,
TK61877,2023-09-27 08:46:00,email,technical,normal,Issue with a refund for an annual plan,14,2023-11-07 13:03:34,false,
TK63688,2023-09-27 14:52:00,chat,onboarding,low,Question about the API rate limit,350,2023-09-30 16:37:19,false,
TK61637,2023-09-27 19:18:00,in-app,technical,normal,Unable to the invoice for last month,163,2023-10-08 10:28:10,false,3
TK62515,2023-09-27 21:06:00,chat,technical,low,Error when log in after password reset,197,2023-09-29 21:50:38,false,
TK63488,2023-09-27 22:15:00,chat,account,normal,Request to export my data,64,2023-09-28 02:43:37,false,
TK60121,2023-09-27 22:16:00,chat,onboarding,low,Issue with webhook deliveries failing,420,2023-09-28 16:35:37,false,
TK62431,2023-09-27 23:06:00,chat,billing,normal,Issue with the invoice for last month,118,2023-09-28 10:09:27,false,4
TK60404,2023-09-28 02:46:00,chat,integrations,normal,Question about a duplicate charge,32,2023-10-10 15:37:27,false,5
TK62545,2023-09-28 08:07:00,email,billing,low,How do I log in after password reset,346,2023-10-01 07:39:54,false,
TK61796,2023-09-28 11:33:00,chat,billing,normal,Error when add a teammate,92,2023-09-28 19:38:33,false,
TK63644,2023-09-28 11:42:00,in-app,integrations,normal,Error when export my data,90,2023-10-03 20:40:04,false,
TK63102,2023-09-28 14:51:00,chat,technical,low,Issue with a duplicate charge,352,2023-10-12 12:41:48,false,4
TK61399,2023-09-28 20:41:00,chat,technical,high,Unable to export my data,145,2023-10-17 08:40:44,false,
TK60210,2023-09-28 21:08:00,email,billing,high,Unable to connecting the Snowflake sync,21,2023-09-28 22:46:00,false,
TK62702,2023-09-28 21:19:00,email,account,low,Request to a refund for an annual plan,219,2023-10-01 18:42:07,false,
TK63080,2023-09-29 01:30:00,email,technical,normal,Cannot webhook deliveries failing,,,false,
TK62924,2023-09-29 04:53:00,in-app,technical,low,Error when the API rate limit,129,2023-09-30 12:59:12,false,
TK63875,2023-09-29 07:13:00,chat,technical,normal,Question about connecting the Snowflake sync,104,,false,
TK61157,2023-09-29 08:54:00,in-app,technical,normal,Unable to connecting the Snowflake sync,,2023-10-03 20:02:36,false,
TK63945,2023-09-30 06:08:00,in-app,technical,normal,Question about add a teammate,94,2023-10-02 15:57:23,false,
TK63424,2023-09-30 09:27:00,phone,billing,normal,Error when log in after password reset,23,2023-10-06 13:21:14,false,
TK63249,2023-09-30 14:49:00,chat,account,normal,Question about add a teammate,39,2023-10-02 14:20:24,false,
TK60005,2023-09-30 16:04:00,in-app,billing,normal,Unable to add a teammate,1613,2023-09-30 22:16:15,false,5
TK61051,2023-09-30 16:45:00,email,account,normal,Question about a duplicate charge,65,2023-10-01 05:37:57,false,
TK62802,2023-09-30 16:53:00,email,integrations,low,Request to add a teammate,115,2023-10-05 04:52:57,true,
TK63433,2023-09-30 18:53:00,in-app,account,normal,Cannot a duplicate charge,210,2023-10-01 11:38:01,false,3
TK60238,2023-09-30 22:24:00,phone,account,normal,Question about a duplicate charge,135,2023-10-01 03:28:56,false,
TK61342,2023-09-30 23:33:00,chat,onboarding,normal,Unable to connecting the Snowflake sync,147,2023-10-01 00:56:12,false,4
TK61896,2023-10-01 00:17:00,email,technical,normal,Request to webhook deliveries failing,28,2023-10-01 09:32:37,false,5
TK61813,2023-10-01 03:16:00,chat,billing,high,Cannot a refund for an annual plan,9,2023-10-03 05:15:16,false,
TK60506,2023-10-01 11:10:00,chat,technical,normal,How do I two-factor authentication,374,2023-10-01 22:46:39,false,
TK62680,2023-10-01 14:48:00,in-app,integrations,low,Request to the invoice for last month,83,2023-10-22 18:47:24,false,
TK62138,2023-10-01 15:00:00,phone,technical,normal,Cannot downgrade my plan,118,2023-10-03 07:06:14,false,
TK61013,2023-10-01 15:26:00,email,technical,high,Unable to the invoice for last month,38,2023-10-03 20:25:32,false,4
TK62079,2023-10-01 16:17:00,in-app,integrations,low,Question about connecting the Snowflake sync,74,2023-10-06 00:51:04,false,5
TK63005,2023-10-01 16:26:00,in-app,integrations,normal,How do I two-factor authentication,52,,false,
TK60553,2023-10-01 19:28:00,in-app,billing,urgent,How do I webhook deliveries failing,3,2023-10-01 22:39:35,false,
TK60272,2023-10-01 23:28:00,chat,technical,normal,Cannot a duplicate charge,234,2023-10-07 22:24:23,false,
TK61735,2023-10-02 01:49:00,email,account,normal,Question about a refund for an annual plan,156,2023-10-03 18:30:26,false,
TK60981,2023-10-02 03:25:00,chat,technical,low,Question about the invoice for last month,160,2023-10-06 09:34:57,false,
TK63369,2023-10-02 06:20:00,chat,onboarding,low,Cannot a refund for an annual plan,158,,false,
TK62692,2023-10-02 12:22:00,phone,integrations,normal,Request to downgrade my plan,39,2023-10-08 00:29:41,false,4
TK61476,2023-10-02 14:55:00,phone,billing,low,Error when connecting the Snowflake sync,743,2023-10-08 17:08:10,false,
TK60336,2023-10-02 15:54:00,phone,technical,low,Issue with add a teammate,358,2023-10-27 20:56:10,false,
TK63724,2023-10-02 17:54:00,in-app,technical,normal,Cannot two-factor authentication,8,2023-10-09 15:34:32,false,
TK63815,2023-10-02 17:56:00,email,technical,normal,Issue with two-factor authentication,78,,false,
TK60266,2023-10-02 23:49:00,chat,account,high,Cannot downgrade my plan,49,2023-10-03 00:51:04,false,
TK63886,2023-10-03 02:07:00,in-app,technical,high,Question about downgrade my plan,60,2023-10-03 18:17:29,false,3
TK62455,2023-10-03 02:13:00,email,technical,high,How do I log in after password reset,64,2023-10-11 10:44:13,false,
TK61038,2023-10-03 03:43:00,chat,onboarding,normal,Unable to downgrade my plan,,2023-10-04 04:40:58,false,
TK61938,2023-10-03 05:17:00,chat,technical,normal,Error when downgrade my plan,46,2023-10-04 18:43:21,false,
TK60730,2023-10-03 10:10:00,chat,technical,normal,Request to connecting the Snowflake sync,53,,false,
TK62750,2023-10-03 10:54:00,chat,technical,low,Cannot a duplicate charge,373,2023-10-21 03:34:21,false,
TK63556,2023-10-03 19:47:00,chat,account,normal,Request to the invoice for last month,,2023-10-04 03:06:29,false,
TK62277,2023-10-03 21:40:00,in-app,account,high,Unable to the API rate limit,78,2023-10-04 01:58:01,false,
TK61952,2023-10-03 22:24:00,in-app,onboarding,low,Request to a duplicate charge,103,2023-10-06 06:37:33,false,
TK61695,2023-10-04 00:48:00,chat,technical,high,Issue with log in after password reset,30,2023-10-04 15:05:58,false,
TK61670,2023-10-04 01:40:00,chat,onboarding,normal,How do I export my data,132,2023-10-05 16:29:18,false,
TK62526,2023-10-04 01:58:00,email,account,low,Unable to two-factor authentication,285,2023-10-04 11:42:33,false,
TK62074,2023-10-04 04:03:00,chat,account,normal,Request to webhook deliveries failing,181,2023-10-08 05:41:11,false,5
TK62362,2023-10-04 04:29:00,phone,technical,normal,How do I log in after password reset,52,2023-10-17 09:04:08,false,
TK60228,2023-10-04 07:06:00,chat,integrations,normal,Request to two-factor authentication,1597,2023-10-12 14:35:16,false,
TK60601,2023-10-04 09:28:00,chat,account,normal,Issue with a duplicate charge,580,2023-10-04 22:02:41,false,
TK61308,2023-10-04 12:24:00,in-app,technical,high,Cannot a duplicate charge,121,2023-10-07 08:29:25,false,4
TK60765,2023-10-04 14:05:00,chat,billing,normal,Unable to a duplicate charge,90,2023-10-07 16:23:51,false,5
TK61704,2023-10-04 16:51:00,phone,onboarding,normal,Issue with downgrade my plan,22,2023-10-11 01:05:47,false,
TK63320,2023-10-04 18:02:00,email,integrations,normal,Issue with the API rate limit,60,2023-10-04 23:27:15,false,
TK63260,2023-10-04 21:03:00,email,technical,normal,Cannot add a teammate,94,2023-10-07 13:30:27,false,5
TK63001,2023-10-05 00:23:00,in-app,technical,urgent,Cannot webhook deliveries failing,16,2023-10-05 15:21:54,true,
TK61496,2023-10-05 01:15:00,email,technical,normal,Cannot add a teammate,44,2023-10-09 02:19:30,true,
TK61176,2023-10-05 03:55:00,in-app,onboarding,high,Request to a refund for an annual plan,13,2023-10-05 14:23:38,false,
TK61505,2023-10-05 05:23:00,email,billing,normal,Unable to a duplicate charge,106,2023-10-05 19:55:08,false,
TK62045,2023-10-05 08:21:00,email,account,normal,Request to the API rate limit,314,2023-10-06 09:47:14,false,
TK61233,2023-10-05 13:09:00,email,technical,high,Issue with the invoice for last month,8,2023-10-06 18:57:12,false,
TK63269,2023-10-05 14:30:00,in-app,technical,normal,Cannot two-factor authentication,69,2023-10-06 07:01:59,false,
TK62642,2023-10-05 19:52:00,chat,billing,high,Error when export my data,162,2023-10-06 04:26:51,false,4
TK61778,2023-10-06 00:38:00,in-app,integrations,normal,Issue with add a teammate,20,2023-10-08 08:38:01,false,4
TK62148,2023-10-06 01:35:00,chat,technical,urgent,Cannot two-factor authentication,6,2023-10-06 08:51:00,false,
TK60099,2023-10-06 02:00:00,in-app,technical,high,How do I downgrade my plan,73,2023-10-06 06:49:43,false,
TK62076,2023-10-06 04:22:00,in-app,technical,low,Question about add a teammate,177,2023-10-09 11:17:46,false,
TK62826,2023-10-06 05:44:00,email,onboarding,normal,Issue with the API rate limit,31,2023-10-06 16:15:45,false,
TK63168,2023-10-06 05:48:00,chat,technical,normal,Request to the invoice for last month,177,2023-10-07 03:41:39,false,
TK61107,2023-10-06 06:56:00,in-app,integrations,low,Issue with a refund for an annual plan,361,2023-10-07 21:53:52,false,
TK61000,2023-10-06 08:38:00,email,integrations,urgent,Question about log in after password reset,31,,false,
TK62055,2023-10-06 14:08:00,phone,technical,normal,Error when export my data,40,2023-10-07 06:56:05,false,
TK63403,2023-10-06 14:30:00,phone,billing,normal,Issue with add a teammate,44,2023-10-07 19:28:24,false,4
TK63895,2023-10-06 14:33:00,chat,integrations,high,Request to a duplicate charge,22,2023-10-10 04:01:19,false,
TK62282,2023-10-06 16:14:00,email,billing,normal,Error when connecting the Snowflake sync,,,false,
TK61331,2023-10-06 16:16:00,chat,billing,normal,Unable to connecting the Snowflake sync,252,2023-10-06 20:46:56,false,5
TK61249,2023-10-06 17:40:00,in-app,billing,high,Issue with two-factor authentication,34,2023-10-06 21:59:17,false,
TK60253,2023-10-06 17:43:00,in-app,onboarding,high,Issue with connecting the Snowflake sync,35,2023-10-07 16:13:49,false,5
TK63353,2023-10-06 18:32:00,phone,technical,high,Issue with a duplicate charge,77,2023-10-09 22:31:59,false,
TK61846,2023-10-07 02:07:00,in-app,billing,normal,Request to a duplicate charge,241,2023-10-07 03:47:51,false,
TK63165,2023-10-07 03:45:00,chat,technical,normal,Request to two-factor authentication,287,2023-10-08 04:27:38,false,
TK61830,2023-10-07 05:03:00,phone,integrations,low,Cannot the dashboard loading slowly,290,2023-11-05 23:20:19,false,5
TK63451,2023-10-07 08:42:00,chat,integrations,low,Cannot a duplicate charge,225,2023-11-02 08:15:36,false,
TK62146,2023-10-07 09:35:00,email,integrations,normal,How do I downgrade my plan,157,2023-10-14 08:12:41,false,
TK60825,2023-10-07 09:49:00,email,onboarding,normal,How do I the invoice for last month,227,2023-10-08 12:57:35,false,
TK60302,2023-10-07 12:35:00,chat,technical,high,Issue with the invoice for last month,61,2023-10-07 17:46:56,false,
TK60193,2023-10-07 13:40:00,email,billing,low,Question about export my data,721,2023-10-09 06:35:21,false,
TK62437,2023-10-07 14:36:00,in-app,billing,normal,Cannot two-factor authentication,238,2023-10-08 01:47:12,false,5
TK60892,2023-10-07 17:09:00,email,integrations,normal,Question about the invoice for last month,120,2023-10-10 08:48:46,false,
TK61336,2023-10-07 17:54:00,email,billing,urgent,How do I the API rate limit,8,2023-10-07 18:42:09,false,
TK62797,2023-10-07 17:54:00,in-app,technical,normal,Question about add a teammate,61,2023-10-09 00:28:11,false,
TK62367,2023-10-07 19:19:00,chat,account,high,Unable to log in after password reset,31,2023-10-08 12:28:39,false,5
TK60875,2023-10-07 19:27:00,chat,billing,normal,Cannot the API rate limit,58,2023-10-09 05:21:13,false,5
TK60249,2023-10-07 20:08:00,email,technical,high,Unable to a refund for an annual plan,44,2023-10-08 02:20:04,false,
TK63139,2023-10-07 20:36:00,email,billing,high,Error when export my data,32,2023-10-08 17:57:54,false,
TK61511,2023-10-07 22:58:00,in-app,billing,normal,Cannot webhook deliveries failing,100,2023-10-08 05:46:19,false,5
TK60476,2023-10-08 05:35:00,email,account,low,Error when the API rate limit,986,2023-10-12 00:09:17,false,
TK61611,2023-10-08 07:19:00,chat,billing,normal,Error when a refund for an annual plan,55,,false,
TK63119,2023-10-08 14:37:00,email,account,low,Error when the invoice for last month,,2023-10-12 13:08:30,false,
TK60911,2023-10-08 21:54:00,email,integrations,normal,Unable to export my data,146,2023-10-16 06:22:20,true,
TK60851,2023-10-08 23:27:00,in-app,technical,normal,Question about a refund for an annual plan,120,,false,
TK60041,2023-10-09 00:44:00,phone,onboarding,normal,Cannot add a teammate,11,2023-10-09 21:31:23,false,
TK61191,2023-10-09 04:31:00,in-app,technical,low,Error when the API rate limit,87,2023-10-10 16:11:27,false,
TK63592,2023-10-09 12:37:00,in-app,technical,low,How do I log in after password reset,39,2023-10-11 16:43:52,false,
TK62495,2023-10-09 14:16:00,chat,onboarding,low,How do I the dashboard loading slowly,377,2023-10-12 07:46:11,false,
TK61190,2023-10-09 17:10:00,chat,technical,high,Issue with the dashboard loading slowly,53,2023-10-10 08:44:54,false,
TK63322,2023-10-09 19:45:00,chat,billing,normal,How do I the dashboard loading slowly,138,2023-10-14 09:58:31,false,
TK60937,2023-10-09 21:28:00,chat,technical,high,Unable to connecting the Snowflake sync,82,2023-10-12 11:36:56,false,
TK61101,2023-10-09 22:03:00,in-app,onboarding,normal,How do I two-factor authentication,26,2023-10-10 04:12:07,false,
TK62909,2023-10-10 00:25:00,in-app,integrations,normal,Request to webhook deliveries failing,409,2023-10-10 08:28:04,true,4
TK60007,2023-10-10 07:04:00,chat,account,low,Unable to webhook deliveries failing,59,2023-10-11 19:09:17,false,
TK60365,2023-10-10 07:25:00,email,billing,high,Cannot the invoice for last month,49,2023-10-10 08:54:30,false,
TK61405,2023-10-10 07:27:00,chat,technical,normal,How do I add a teammate,183,2023-10-12 01:15:25,false,
TK61144,2023-10-10 14:07:00,email,account,high,Issue with the invoice for last month,8,2023-10-10 17:34:44,false,
TK63391,2023-10-10 15:56:00,chat,account,high,Question about webhook deliveries failing,21,2023-10-10 20:41:19,false,
TK60639,2023-10-10 18:00:00,in-app,billing,normal,Cannot export my data,67,2023-10-11 01:47:55,false,
TK63140,2023-10-10 18:52:00,in-app,account,normal,Unable to a duplicate charge,81,2023-10-13 06:23:16,false,
TK62920,2023-10-10 19:20:00,in-app,account,low,Issue with a duplicate charge,233,2023-10-12 13:31:15,false,4
TK60240,2023-10-11 01:52:00,chat,technical,low,Issue with connecting the Snowflake sync,162,2023-10-14 01:55:22,false,4
TK62914,2023-10-11 02:12:00,chat,billing,normal,How do I the dashboard loading slowly,,2023-10-11 09:11:18,false,
TK60938,2023-10-11 03:14:00,email,billing,high,Issue with the invoice for last month,24,,false,
TK62062,2023-10-11 06:18:00,in-app,technical,normal,Request to webhook deliveries failing,71,2023-10-21 07:14:12,false,
TK62735,2023-10-11 08:06:00,in-app,technical,low,Question about the dashboard loading slowly,108,2023-10-15 01:42:58,false,
TK61565,2023-10-11 12:17:00,chat,billing,low,Issue with add a teammate,62,2023-10-17 05:41:13,false,2
TK60961,2023-10-11 12:45:00,phone,account,normal,Question about add a teammate,32,2023-10-11 14:31:36,false,
TK61590,2023-10-11 14:13:00,in-app,account,normal,Question about the API rate limit,228,2023-10-12 20:50:01,false,
TK63985,2023-10-11 14:56:00,phone,technical,normal,Question about the API rate limit,145,2023-10-28 06:42:11,false,
TK61542,2023-10-11 15:49:00,phone,onboarding,normal,Error when a duplicate charge,172,2023-10-13 04:19:12,false,
TK60494,2023-10-11 17:18:00,email,technical,low,Error when export my data,454,2023-10-16 20:00:19,false,
TK61666,2023-10-11 19:55:00,in-app,integrations,normal,Request to connecting the Snowflake sync,123,,false,
TK62892,2023-10-11 20:17:00,chat,billing,normal,Unable to connecting the Snowflake sync,54,2023-10-12 11:08:27,false,3
TK61551,2023-10-11 23:03:00,email,technical,normal,How do I webhook deliveries failing,71,2023-10-14 08:36:44,false,4
TK62624,2023-10-12 03:24:00,email,integrations,normal,Issue with two-factor authentication,332,2023-10-13 17:12:21,false,
TK60417,2023-10-12 06:15:00,in-app,onboarding,normal,Unable to the dashboard loading slowly,200,2023-10-12 20:52:56,false,5
TK63661,2023-10-12 09:51:00,in-app,onboarding,low,Issue with export my data,194,2023-10-13 22:17:14,false,
TK60978,2023-10-12 11:20:00,email,technical,low,Question about the API rate limit,37,2023-10-15 20:31:46,false,5
TK62793,2023-10-12 14:07:00,chat,integrations,normal,Request to a refund for an annual plan,65,2023-10-16 16:46:31,false,4
TK62209,2023-10-12 19:22:00,in-app,technical,normal,Question about add a teammate,678,,false,
TK63313,2023-10-12 21:16:00,in-app,integrations,normal,Issue with downgrade my plan,45,,false,
TK62616,2023-10-12 21:36:00,email,technical,high,Request to export my data,183,2023-10-14 02:56:42,false,
TK63379,2023-10-12 22:03:00,in-app,billing,low,Request to export my data,170,2023-10-13 04:50:16,true,
TK61977,2023-10-13 00:32:00,in-app,billing,normal,Error when a duplicate charge,188,2023-10-13 15:25:19,false,
TK63729,2023-10-13 05:51:00,email,billing,normal,Request to the dashboard loading slowly,26,2023-10-14 13:04:54,false,5
TK60120,2023-10-13 05:52:00,email,integrations,normal,Unable to log in after password reset,506,2023-10-19 16:31:53,false,
TK60394,2023-10-13 06:31:00,email,account,high,Error when add a teammate,19,2023-10-13 11:35:36,false,
TK62641,2023-10-13 10:33:00,in-app,technical,normal,How do I add a teammate,444,2023-10-14 14:10:53,false,5
TK61723,2023-10-13 10:55:00,in-app,billing,normal,Request to a refund for an annual plan,18,2023-10-17 02:02:21,false,
TK61510,2023-10-13 14:39:00,email,technical,normal,How do I add a teammate,39,2023-10-15 16:40:22,false,
TK60012,2023-10-13 15:59:00,email,technical,normal,Unable to export my data,72,2023-10-27 14:27:23,false,
TK60996,2023-10-13 21:56:00,email,account,low,How do I the API rate limit,514,2023-10-14 17:44:53,false,4
TK61492,2023-10-13 23:01:00,chat,billing,high,Error when two-factor authentication,41,2023-10-20 17:31:39,true,
TK61407,2023-10-14 01:45:00,email,technical,urgent,How do I connecting the Snowflake sync,13,2023-10-15 01:29:11,false,4
TK62342,2023-10-14 01:47:00,in-app,integrations,urgent,Unable to webhook deliveries failing,33,2023-10-14 13:50:54,false,
TK62012,2023-10-14 05:28:00,email,technical,normal,Cannot export my data,133,2023-10-15 09:36:17,false,
TK61982,2023-10-14 06:16:00,email,billing,normal,Issue with a refund for an annual plan,438,2023-10-14 08:52:12,false,
TK63033,2023-10-14 06:27:00,chat,billing,low,Request to the dashboard loading slowly,379,2023-10-15 00:44:55,false,
TK62518,2023-10-14 06:31:00,phone,onboarding,normal,Unable to two-factor authentication,77,2023-10-18 14:13:18,false,4
TK63293,2023-10-14 10:41:00,phone,billing,low,How do I webhook deliveries failing,47,2023-10-15 07:24:57,false,5
TK60203,2023-10-14 11:24:00,email,account,high,Request to the dashboard loading slowly,93,2023-10-14 18:44:50,false,
TK60847,2023-10-14 16:20:00,phone,technical,normal,Cannot the dashboard loading slowly,131,2023-10-16 09:50:52,false,
TK61745,2023-10-14 16:32:00,phone,technical,high,Question about log in after password reset,45,2023-10-15 00:44:51,false,
TK61864,2023-10-14 16:54:00,in-app,technical,high,Request to connecting the Snowflake sync,494,2023-10-15 01:36:42,false,
TK60963,2023-10-14 17:53:00,chat,account,normal,Error when log in after password reset,104,2023-10-15 10:53:49,true,
TK60222,2023-10-14 20:06:00,in-app,billing,low,Unable to add a teammate,474,2023-10-15 21:22:24,false,2
TK63892,2023-10-14 20:08:00,in-app,technical,normal,Cannot the dashboard loading slowly,210,2023-10-16 12:32:46,false,
TK62472,2023-10-14 21:26:00,in-app,account,high,How do I export my data,10,2023-10-16 17:24:11,false,5
TK62572,2023-10-14 21:45:00,email,account,normal,Unable to the invoice for last month,35,2023-10-15 06:14:38,false,5
TK60893,2023-10-14 23:41:00,chat,billing,low,How do I the API rate limit,248,2023-10-19 09:19:44,false,
TK61239,2023-10-15 00:44:00,email,technical,low,Request to the dashboard loading slowly,309,2023-10-28 01:09:58,true,
TK63421,2023-10-15 01:00:00,email,integrations,normal,Error when the dashboard loading slowly,,2023-10-15 08:46:35,false,
TK60713,2023-10-15 01:07:00,email,technical,high,Request to a refund for an annual plan,13,2023-10-16 02:18:27,false,
TK61631,2023-10-15 01:15:00,chat,onboarding,high,Question about add a teammate,3,2023-10-17 00:31:57,false,1
TK60234,2023-10-15 03:23:00,chat,account,normal,Question about export my data,580,2023-10-15 12:31:59,false,4
TK61879,2023-10-15 05:27:00,chat,integrations,low,How do I webhook deliveries failing,149,,false,
TK60510,2023-10-15 07:32:00,chat,technical,urgent,Issue with log in after password reset,6,2023-10-15 10:22:41,false,
TK62613,2023-10-15 08:24:00,email,technical,normal,Cannot the API rate limit,16,2023-10-18 19:21:09,false,5
TK63958,2023-10-15 08:39:00,email,billing,high,Question about log in after password reset,69,2023-10-16 12:19:23,false,
TK63295,2023-10-15 11:25:00,in-app,integrations,normal,Unable to webhook deliveries failing,98,2023-10-16 01:30:06,false,
TK62829,2023-10-15 13:49:00,chat,onboarding,high,Question about a refund for an annual plan,21,2023-10-17 15:26:04,false,5
TK60987,2023-10-15 19:37:00,chat,technical,normal,Request to log in after password reset,27,2023-10-20 05:45:04,false,
TK61923,2023-10-15 20:51:00,email,billing,normal,Unable to the invoice for last month,82,2023-10-17 07:53:37,false,
TK62216,2023-10-15 21:32:00,email,technical,high,Request to two-factor authentication,84,,false,
TK60496,2023-10-15 22:10:00,in-app,onboarding,normal,Issue with the dashboard loading slowly,208,2023-10-16 21:31:56,false,
TK61979,2023-10-16 00:23:00,email,account,normal,Unable to log in after password reset,734,2023-10-16 16:08:05,false,
TK61099,2023-10-16 01:04:00,in-app,integrations,low,Issue with export my data,117,2023-10-20 20:25:01,false,
TK60523,2023-10-16 03:30:00,chat,billing,normal,Cannot downgrade my plan,55,,false,
TK63439,2023-10-16 04:21:00,phone,billing,normal,Cannot webhook deliveries failing,149,2023-10-17 02:19:26,false,
TK62596,2023-10-16 04:57:00,chat,integrations,normal,Issue with log in after password reset,128,2023-10-16 22:22:18,false,
TK63784,2023-10-16 05:24:00,email,onboarding,normal,Issue with export my data,19,2023-10-19 23:57:58,false,
TK61075,2023-10-16 05:55:00,phone,technical,high,How do I a duplicate charge,49,2023-10-29 14:50:24,false,5
TK62128,2023-10-16 07:21:00,email,billing,high,Error when the dashboard loading slowly,53,2023-10-17 05:13:23,false,
TK62811,2023-10-16 09:16:00,chat,integrations,normal,How do I log in after password reset,277,2023-10-19 05:51:23,false,
TK61527,2023-10-16 09:28:00,phone,billing,normal,Question about connecting the Snowflake sync,93,2023-10-17 09:06:30,false,
TK63428,2023-10-16 14:07:00,chat,technical,normal,Unable to a refund for an annual plan,147,2023-10-19 05:40:39,false,
TK63110,2023-10-16 14:22:00,email,account,normal,Request to the dashboard loading slowly,53,2023-10-17 06:30:10,true,
TK62890,2023-10-16 14:52:00,email,onboarding,urgent,Question about the API rate limit,24,2023-10-17 00:13:33,false,
TK61959,2023-10-16 18:17:00,email,technical,normal,Request to connecting the Snowflake sync,290,2023-10-20 10:47:59,false,
TK61397,2023-10-16 18:26:00,phone,technical,urgent,Request to two-factor authentication,34,2023-10-17 05:36:54,false,5
TK62051,2023-10-16 19:18:00,email,billing,urgent,Question about export my data,21,2023-10-17 09:03:03,true,4
TK60739,2023-10-16 23:43:00,email,onboarding,low,Error when two-factor authentication,93,2023-10-18 07:21:51,false,
TK62736,2023-10-17 05:00:00,email,account,normal,Error when downgrade my plan,,2023-10-20 02:23:27,false,4
TK60616,2023-10-17 05:20:00,chat,billing,normal,How do I connecting the Snowflake sync,19,2023-10-18 01:23:16,false,
TK60133,2023-10-17 07:01:00,in-app,integrations,normal,Question about downgrade my plan,60,2023-10-17 17:49:26,false,
TK61106,2023-10-17 07:52:00,email,technical,normal,Issue with log in after password reset,89,2023-10-19 03:08:02,false,
TK60201,2023-10-17 14:35:00,chat,account,normal,Error when log in after password reset,92,2023-10-18 05:21:19,false,5
TK60974,2023-10-17 17:13:00,in-app,billing,high,How do I downgrade my plan,25,2023-10-18 04:10:26,false,
TK62320,2023-10-17 20:18:00,email,technical,high,Error when a refund for an annual plan,16,2023-10-18 08:21:40,false,
TK60423,2023-10-17 23:09:00,chat,onboarding,high,Question about a refund for an annual plan,77,2023-10-18 02:10:52,false,
TK63963,2023-10-18 01:57:00,phone,account,normal,Issue with webhook deliveries failing,277,2023-10-19 12:36:13,false,1
TK63484,2023-10-18 02:15:00,email,technical,low,Unable to add a teammate,41,2023-10-20 17:51:26,false,
TK62807,2023-10-18 03:03:00,chat,integrations,high,Cannot downgrade my plan,26,2023-10-21 01:48:21,false,
TK63562,2023-10-18 04:34:00,in-app,technical,high,Question about the API rate limit,13,2023-10-19 11:04:01,true,
TK63289,2023-10-18 05:44:00,phone,technical,high,Error when add a teammate,37,2023-10-20 06:53:56,false,4
TK63913,2023-10-18 12:19:00,chat,billing,urgent,Error when a duplicate charge,3,2023-10-18 12:59:38,false,
TK60226,2023-10-18 16:35:00,chat,technical,normal,Question about the API rate limit,29,2023-10-19 15:07:23,true,2
TK63226,2023-10-18 17:29:00,in-app,integrations,low,Request to a refund for an annual plan,267,2023-10-20 01:48:36,false,5
TK61520,2023-10-18 20:55:00,email,technical,low,How do I webhook deliveries failing,104,2023-10-21 09:15:17,false,
TK60967,2023-10-18 22:21:00,in-app,onboarding,high,How do I a duplicate charge,41,2023-10-18 23:43:15,false,
TK61169,2023-10-18 22:55:00,email,technical,high,How do I add a teammate,71,2023-10-27 10:29:21,false,
TK61914,2023-10-19 00:35:00,email,onboarding,normal,Error when connecting the Snowflake sync,219,2023-10-22 01:04:06,false,4
TK60177,2023-10-19 03:58:00,phone,billing,normal,Cannot connecting the Snowflake sync,103,2023-10-19 18:28:52,false,
TK61779,2023-10-19 06:01:00,email,technical,low,Error when the invoice for last month,305,2023-10-22 17:54:56,false,4
TK60565,2023-10-19 12:29:00,in-app,onboarding,high,Error when downgrade my plan,73,2023-10-21 04:30:11,false,5
TK63181,2023-10-19 16:29:00,email,account,normal,Error when connecting the Snowflake sync,240,2023-10-21 13:40:09,false,
TK63460,2023-10-19 16:46:00,email,billing,high,Unable to log in after password reset,22,2023-10-19 18:13:14,false,4
TK62213,2023-10-19 18:07:00,email,technical,high,Request to the API rate limit,,2023-10-22 03:44:46,false,5
TK60385,2023-10-19 20:42:00,email,account,high,Request to a duplicate charge,26,2023-10-19 23:49:48,false,
TK61212,2023-10-19 20:43:00,in-app,technical,normal,Question about the invoice for last month,153,,false,
TK61703,2023-10-19 23:56:00,chat,billing,normal,Unable to webhook deliveries failing,79,,false,
TK60576,2023-10-20 02:59:00,phone,onboarding,low,Question about downgrade my plan,544,2023-10-21 07:26:24,false,
TK62013,2023-10-20 05:31:00,phone,integrations,high,Question about log in after password reset,126,2023-10-20 12:26:40,false,4
TK61298,2023-10-20 08:01:00,in-app,billing,high,Request to a refund for an annual plan,232,2023-10-20 13:41:13,true,
TK60050,2023-10-20 16:40:00,phone,billing,normal,How do I log in after password reset,128,2023-10-28 18:40:13,false,
TK60437,2023-10-20 20:57:00,chat,technical,normal,Request to a refund for an annual plan,139,2023-10-23 02:39:56,false,2
TK60389,2023-10-20 22:28:00,email,onboarding,normal,Request to connecting the Snowflake sync,143,2023-10-21 04:07:33,false,
TK63971,2023-10-21 04:52:00,email,account,normal,Question about a refund for an annual plan,88,2023-10-21 20:51:01,false,
TK61828,2023-10-21 08:53:00,email,billing,normal,Issue with the dashboard loading slowly,33,2023-10-26 00:37:39,true,
TK63440,2023-10-21 10:16:00,email,account,high,Issue with the dashboard loading slowly,31,2023-10-21 20:37:46,true,2
TK60956,2023-10-21 11:02:00,phone,billing,high,Error when webhook deliveries failing,13,2023-10-22 00:29:12,false,
TK60290,2023-10-21 13:47:00,email,account,low,Question about a duplicate charge,260,2023-10-23 06:36:10,true,5
TK63156,2023-10-21 14:07:00,chat,integrations,normal,How do I downgrade my plan,66,2023-10-22 01:05:41,false,5
TK62042,2023-10-21 14:26:00,email,onboarding,normal,Cannot webhook deliveries failing,67,2023-10-22 02:34:33,false,4
TK61945,2023-10-21 20:16:00,email,billing,low,Issue with log in after password reset,316,2023-10-23 06:51:43,false,5
TK60342,2023-10-21 20:46:00,in-app,billing,low,Question about two-factor authentication,54,2023-10-22 16:19:22,false,
TK63256,2023-10-21 23:02:00,chat,technical,normal,Issue with the dashboard loading slowly,434,2023-10-23 07:58:25,false,
TK61147,2023-10-21 23:53:00,in-app,integrations,high,Question about two-factor authentication,36,2023-10-23 03:56:24,false,5
TK60580,2023-10-22 14:02:00,phone,technical,urgent,Request to log in after password reset,13,2023-10-22 19:57:56,false,5
TK60288,2023-10-22 14:27:00,email,technical,high,How do I add a teammate,37,2023-10-25 12:01:11,false,
TK60097,2023-10-22 16:27:00,chat,technical,low,Question about connecting the Snowflake sync,259,2023-10-23 20:11:45,false,
TK63900,2023-10-22 19:01:00,in-app,onboarding,urgent,Unable to the API rate limit,32,2023-10-22 23:01:50,false,
TK63591,2023-10-22 20:48:00,in-app,account,high,Cannot downgrade my plan,43,2023-10-22 23:20:43,false,5
TK62384,2023-10-22 21:37:00,chat,account,normal,Cannot a duplicate charge,124,2023-10-29 05:43:49,false,
TK60059,2023-10-23 04:22:00,email,billing,normal,Request to the invoice for last month,33,2023-10-23 09:49:53,false,
TK60912,2023-10-23 04:56:00,email,billing,normal,Error when add a teammate,20,2023-10-26 06:38:37,false,
TK62170,2023-10-23 07:58:00,email,billing,normal,Issue with add a teammate,130,2023-10-24 12:13:42,false,
TK60143,2023-10-23 10:50:00,chat,billing,low,Cannot a refund for an annual plan,86,2023-10-23 21:41:19,false,
TK61662,2023-10-23 11:57:00,email,integrations,high,Question about add a teammate,17,2023-10-24 11:30:52,false,
TK60372,2023-10-23 15:06:00,chat,billing,urgent,Error when two-factor authentication,14,2023-10-24 01:37:46,false,
TK63247,2023-10-23 15:36:00,email,technical,normal,Unable to export my data,45,2023-10-23 19:37:30,false,
TK61011,2023-10-23 17:50:00,chat,integrations,urgent,How do I connecting the Snowflake sync,18,2023-10-26 10:03:41,false,
TK61117,2023-10-23 21:48:00,email,billing,low,Request to the invoice for last month,1614,2023-10-24 14:32:56,false,
TK61429,2023-10-23 22:27:00,in-app,technical,normal,Unable to a duplicate charge,151,2023-10-24 09:54:13,false,1
TK62591,2023-10-24 00:08:00,email,onboarding,low,How do I downgrade my plan,84,2023-10-27 13:31:36,false,
TK61561,2023-10-24 01:31:00,chat,billing,normal,Issue with the dashboard loading slowly,41,2023-10-24 10:22:54,false,
TK62734,2023-10-24 03:05:00,email,account,normal,Error when export my data,289,2023-10-24 05:26:59,false,3
TK61318,2023-10-24 03:57:00,email,integrations,high,Unable to a duplicate charge,10,2023-10-24 20:34:01,true,
TK63138,2023-10-24 06:29:00,in-app,onboarding,normal,Issue with the dashboard loading slowly,61,2023-10-25 18:23:14,true,
TK62706,2023-10-24 09:16:00,in-app,billing,high,Request to downgrade my plan,121,2023-10-24 13:51:45,false,
TK63638,2023-10-24 11:10:00,email,account,normal,Error when log in after password reset,45,2023-10-25 00:14:11,false,
TK63930,2023-10-24 13:38:00,chat,account,normal,How do I connecting the Snowflake sync,16,2023-11-10 11:51:52,false,
TK61032,2023-10-24 23:49:00,chat,onboarding,normal,Error when webhook deliveries failing,79,2023-10-25 06:57:51,true,5
TK63187,2023-10-25 00:17:00,email,technical,normal,How do I two-factor authentication,96,2023-10-27 20:54:47,false,4
TK60358,2023-10-25 01:59:00,email,technical,low,Error when add a teammate,60,2023-10-25 04:29:17,false,1
TK62531,2023-10-25 06:03:00,phone,integrations,high,Issue with the invoice for last month,11,2023-10-25 14:23:22,false,1
TK63415,2023-10-25 06:36:00,in-app,account,normal,Error when the invoice for last month,7,2023-10-25 19:50:45,false,
TK61079,2023-10-25 09:22:00,in-app,integrations,normal,Issue with a refund for an annual plan,204,2023-10-26 06:58:44,false,
TK63105,2023-10-25 09:39:00,in-app,onboarding,urgent,Request to two-factor authentication,33,2023-10-25 11:32:01,false,5
TK63523,2023-10-25 14:24:00,in-app,integrations,high,Question about downgrade my plan,11,2023-10-26 16:29:06,false,
TK62989,2023-10-25 15:25:00,chat,technical,low,Unable to two-factor authentication,52,2023-10-27 16:08:33,false,
TK61133,2023-10-25 17:52:00,in-app,billing,normal,Question about export my data,,2023-10-26 10:58:16,false,
TK63292,2023-10-25 21:07:00,chat,technical,low,Unable to add a teammate,98,,false,
TK62168,2023-10-26 03:03:00,phone,account,normal,Issue with the dashboard loading slowly,64,2023-10-28 18:12:30,false,
TK63219,2023-10-26 04:21:00,in-app,onboarding,normal,Unable to a duplicate charge,53,2023-10-26 11:27:55,false,
TK62406,2023-10-26 08:20:00,email,technical,normal,Cannot the API rate limit,589,2023-10-29 01:20:26,false,
TK63625,2023-10-26 12:15:00,in-app,billing,normal,How do I a duplicate charge,140,2023-10-26 22:04:24,false,
TK60520,2023-10-26 23:27:00,in-app,technical,normal,Request to the dashboard loading slowly,10,2023-10-28 00:44:11,false,
TK63731,2023-10-26 23:38:00,in-app,technical,normal,Error when a duplicate charge,163,2023-11-01 19:52:17,false,2
TK60273,2023-10-27 00:44:00,chat,technical,low,Cannot a duplicate charge,3914,2023-11-10 10:56:40,false,
TK62615,2023-10-27 01:00:00,phone,account,high,Issue with connecting the Snowflake sync,16,2023-10-27 02:16:47,false,5
TK62868,2023-10-27 01:15:00,in-app,technical,normal,Question about a refund for an annual plan,432,2023-10-28 05:42:47,false,
TK62129,2023-10-27 01:17:00,email,onboarding,low,Unable to the invoice for last month,,2023-11-08 18:07:45,false,5
TK60560,2023-10-27 05:02:00,email,technical,low,How do I export my data,93,2023-11-04 09:01:33,false,5
TK63290,2023-10-27 06:48:00,chat,integrations,low,Request to the dashboard loading slowly,82,2023-10-30 19:57:55,false,5
TK63588,2023-10-27 09:15:00,chat,onboarding,normal,Request to the dashboard loading slowly,162,2023-10-28 03:29:26,false,
TK62106,2023-10-27 10:18:00,phone,technical,normal,Question about the API rate limit,179,2023-10-29 05:41:57,false,
TK61294,2023-10-27 12:23:00,chat,billing,low,Error when the invoice for last month,77,2023-10-29 22:17:52,false,
TK63045,2023-10-27 16:18:00,phone,onboarding,normal,How do I log in after password reset,142,2023-10-28 05:36:26,false,
TK61560,2023-10-27 17:19:00,in-app,account,normal,Error when a duplicate charge,19,2023-10-29 14:51:34,false,
TK63961,2023-10-28 00:55:00,in-app,integrations,low,Question about the dashboard loading slowly,800,2023-10-30 08:27:39,false,4
TK63798,2023-10-28 07:26:00,chat,technical,normal,Error when downgrade my plan,219,2023-11-01 18:33:58,false,5
TK63225,2023-10-28 11:40:00,phone,onboarding,normal,Request to two-factor authentication,11,2023-10-29 06:43:59,false,
TK61827,2023-10-28 18:56:00,chat,technical,urgent,Issue with log in after password reset,23,2023-10-28 20:51:55,false,
TK61451,2023-10-28 21:10:00,chat,technical,high,Question about add a teammate,26,2023-10-29 10:46:06,false,
TK63660,2023-10-29 00:09:00,phone,billing,high,Error when connecting the Snowflake sync,57,2023-10-29 02:06:44,false,
TK61603,2023-10-29 00:10:00,email,integrations,normal,Issue with webhook deliveries failing,92,2023-10-29 06:24:52,false,
TK62810,2023-10-29 02:34:00,in-app,technical,normal,Question about the API rate limit,50,2023-11-04 15:55:10,false,
TK63404,2023-10-29 05:53:00,in-app,technical,normal,How do I add a teammate,186,2023-10-30 09:29:58,false,
TK60149,2023-10-29 11:13:00,in-app,account,urgent,Request to the dashboard loading slowly,56,2023-10-29 17:25:59,false,2
TK61114,2023-10-29 11:40:00,email,account,urgent,Question about the API rate limit,34,2023-10-29 21:15:58,false,5
TK60726,2023-10-29 17:16:00,chat,technical,low,Question about the dashboard loading slowly,467,2023-11-15 08:43:21,false,5
TK62854,2023-10-29 18:59:00,chat,onboarding,low,Question about log in after password reset,308,2023-10-31 17:51:32,false,5
TK60813,2023-10-29 20:15:00,email,onboarding,normal,Cannot a refund for an annual plan,186,2023-11-30 11:51:38,false,3
TK60627,2023-10-29 23:56:00,chat,technical,normal,Unable to webhook deliveries failing,33,,false,
TK62306,2023-10-30 03:16:00,email,technical,high,Question about log in after password reset,123,2023-11-01 10:20:23,false,5
TK60920,2023-10-30 04:20:00,email,billing,normal,Unable to downgrade my plan,106,2023-10-31 20:51:29,false,
TK61477,2023-10-30 05:50:00,email,technical,normal,How do I downgrade my plan,167,2023-11-02 23:33:58,false,
TK61785,2023-10-30 06:32:00,in-app,billing,normal,Question about webhook deliveries failing,98,,false,
TK63224,2023-10-30 07:50:00,chat,technical,normal,Request to two-factor authentication,131,2023-10-31 10:35:02,false,1
TK60433,2023-10-30 13:26:00,email,billing,low,Issue with the dashboard loading slowly,409,2023-10-31 14:16:33,true,5
TK61513,2023-10-30 16:39:00,email,integrations,normal,Unable to a refund for an annual plan,15,2023-11-03 01:31:38,false,
TK60644,2023-10-30 17:11:00,in-app,billing,normal,Request to two-factor authentication,141,2023-10-31 11:13:48,false,1
TK60671,2023-10-30 19:20:00,in-app,technical,normal,Cannot the dashboard loading slowly,193,2023-11-01 10:07:21,false,
TK60262,2023-10-30 20:00:00,chat,technical,low,Issue with the invoice for last month,119,2023-10-31 08:27:05,false,
TK63600,2023-10-30 23:04:00,email,onboarding,low,Request to log in after password reset,46,2023-11-04 23:43:50,false,5
TK60145,2023-10-30 23:47:00,email,integrations,normal,How do I downgrade my plan,129,2023-11-07 13:18:39,false,5
TK62376,2023-10-31 01:02:00,in-app,integrations,normal,Issue with the invoice for last month,193,2023-11-05 02:09:29,false,
TK62120,2023-10-31 01:36:00,email,technical,normal,Issue with export my data,32,2023-11-08 10:54:47,false,
TK60161,2023-10-31 02:24:00,phone,technical,low,Unable to downgrade my plan,107,2023-11-08 04:45:27,false,
TK63011,2023-10-31 04:22:00,in-app,billing,normal,Cannot the API rate limit,131,2023-10-31 10:44:04,false,5
TK61605,2023-10-31 04:38:00,chat,technical,high,Error when two-factor authentication,32,2023-11-14 12:51:42,false,
TK62626,2023-10-31 07:42:00,phone,technical,normal,Error when connecting the Snowflake sync,112,2023-11-07 08:56:03,false,
TK60057,2023-10-31 12:05:00,chat,integrations,high,Request to the invoice for last month,,2023-11-06 04:52:46,false,
TK62536,2023-10-31 21:19:00,email,billing,normal,Issue with the dashboard loading slowly,130,2023-11-01 12:04:24,false,5
TK61258,2023-11-01 02:02:00,in-app,billing,normal,Error when the invoice for last month,17,2023-11-01 06:05:13,false,
TK62796,2023-11-01 09:04:00,email,billing,high,Cannot two-factor authentication,58,2023-11-01 16:26:02,false,4
TK61363,2023-11-01 10:43:00,chat,technical,urgent,Request to two-factor authentication,15,2023-11-01 14:17:30,false,
TK63220,2023-11-01 13:42:00,email,onboarding,high,Issue with the dashboard loading slowly,205,2023-11-01 16:43:28,false,
TK60915,2023-11-01 14:54:00,email,billing,high,How do I webhook deliveries failing,259,2023-11-01 17:43:41,false,5
TK61052,2023-11-01 15:35:00,in-app,billing,urgent,Question about the invoice for last month,25,2023-11-02 08:59:17,false,
TK60364,2023-11-01 15:57:00,email,billing,normal,Error when two-factor authentication,207,2023-11-01 18:48:38,false,3
TK63802,2023-11-01 16:00:00,email,technical,high,Question about two-factor authentication,55,2023-11-02 06:24:49,false,
TK60782,2023-11-01 16:33:00,chat,technical,normal,Request to two-factor authentication,55,2023-11-03 08:36:45,false,
TK62275,2023-11-01 17:57:00,in-app,account,low,Unable to the API rate limit,114,2023-11-01 21:15:20,false,4
TK62524,2023-11-02 04:00:00,email,integrations,high,Issue with webhook deliveries failing,12,2023-11-02 09:59:27,false,5
TK63630,2023-11-02 04:24:00,chat,integrations,normal,Error when the dashboard loading slowly,70,2023-11-08 19:21:20,false,5
TK63786,2023-11-02 06:23:00,email,technical,normal,Error when connecting the Snowflake sync,,2023-11-02 20:18:53,false,
TK60135,2023-11-02 07:01:00,email,billing,normal,Error when two-factor authentication,26,2023-11-04 00:22:27,false,
TK61185,2023-11-02 07:14:00,email,technical,low,Question about a duplicate charge,296,2023-11-29 23:14:04,false,4
TK60672,2023-11-02 08:27:00,email,account,normal,Question about add a teammate,169,2023-11-03 03:09:53,false,
TK60200,2023-11-02 09:20:00,in-app,technical,normal,Error when add a teammate,167,2023-11-05 11:47:15,false,1
TK61497,2023-11-02 09:56:00,phone,account,high,Error when export my data,15,2023-11-02 19:17:55,false,5
TK60459,2023-11-02 12:19:00,in-app,technical,normal,Unable to the invoice for last month,210,2023-11-04 14:30:36,false,
TK60992,2023-11-02 12:33:00,phone,billing,normal,Request to the dashboard loading slowly,374,2023-11-07 15:58:25,false,
TK61593,2023-11-02 14:13:00,chat,technical,normal,Question about two-factor authentication,63,2023-11-04 09:42:42,false,
TK60740,2023-11-02 15:21:00,in-app,technical,normal,Error when connecting the Snowflake sync,97,2023-11-09 02:07:05,false,
TK63840,2023-11-02 20:20:00,chat,billing,normal,Cannot export my data,114,2023-11-03 02:57:14,false,
TK63633,2023-11-03 02:25:00,chat,technical,urgent,Error when downgrade my plan,51,2023-11-03 04:36:20,false,
TK62637,2023-11-03 02:34:00,chat,onboarding,low,How do I add a teammate,188,2023-11-04 01:18:37,false,
TK62758,2023-11-03 06:15:00,in-app,billing,normal,Cannot log in after password reset,83,2023-11-09 08:37:42,false,
TK63748,2023-11-03 06:56:00,chat,technical,normal,How do I downgrade my plan,504,,false,
TK63233,2023-11-03 08:23:00,in-app,onboarding,high,Unable to the dashboard loading slowly,34,2023-11-03 16:17:55,false,4
TK60610,2023-11-03 11:07:00,email,account,normal,How do I add a teammate,34,2023-11-03 13:46:06,false,
TK60073,2023-11-03 11:21:00,chat,onboarding,high,Request to the API rate limit,32,2023-11-03 13:24:31,false,5
TK61789,2023-11-03 12:17:00,chat,integrations,normal,Cannot webhook deliveries failing,256,2023-11-03 19:45:47,false,
TK62127,2023-11-03 16:41:00,chat,billing,normal,Issue with downgrade my plan,196,2023-11-09 07:41:19,false,1
TK62329,2023-11-03 19:20:00,phone,billing,high,Request to the dashboard loading slowly,12,2023-11-04 08:18:24,false,
TK60828,2023-11-03 20:45:00,phone,technical,normal,Unable to add a teammate,64,2023-11-04 16:21:04,false,
TK62032,2023-11-03 22:31:00,in-app,technical,low,Cannot a duplicate charge,77,2023-11-11 18:43:59,false,1
TK62166,2023-11-04 00:14:00,chat,integrations,normal,Question about export my data,124,2023-11-14 10:03:36,false,5
TK63505,2023-11-04 00:50:00,in-app,billing,low,Question about connecting the Snowflake sync,213,2023-11-05 02:44:25,true,1
TK62521,2023-11-04 00:53:00,chat,integrations,normal,Error when connecting the Snowflake sync,226,2023-11-10 01:08:14,false,
TK62940,2023-11-04 03:07:00,chat,technical,high,Error when the dashboard loading slowly,91,2023-11-06 15:38:33,false,4
TK60534,2023-11-04 05:53:00,phone,technical,low,Error when add a teammate,53,2023-11-14 05:42:23,false,5
TK61737,2023-11-04 06:38:00,chat,technical,high,Issue with downgrade my plan,45,2023-11-07 22:23:38,false,
TK61127,2023-11-04 08:29:00,phone,integrations,low,Question about export my data,27,2023-11-10 00:47:28,false,
TK63643,2023-11-04 08:37:00,in-app,account,normal,Question about connecting the Snowflake sync,228,,false,
TK63037,2023-11-04 09:57:00,in-app,onboarding,normal,Unable to add a teammate,278,2023-11-05 23:29:30,false,
TK62039,2023-11-04 10:14:00,chat,integrations,normal,Request to a duplicate charge,61,2023-11-04 22:49:27,false,4
TK63108,2023-11-04 15:48:00,phone,billing,high,Cannot downgrade my plan,118,2023-11-06 13:38:50,false,
TK61634,2023-11-04 16:24:00,email,billing,normal,Cannot downgrade my plan,102,2023-11-05 06:17:20,false,
TK63803,2023-11-04 17:45:00,email,billing,low,Error when connecting the Snowflake sync,644,2023-11-05 18:55:10,false,5
TK60514,2023-11-05 04:25:00,in-app,billing,normal,Unable to connecting the Snowflake sync,101,2023-11-07 00:00:41,false,
TK61709,2023-11-05 05:42:00,email,technical,low,How do I connecting the Snowflake sync,251,2023-11-19 17:09:11,false,
TK62287,2023-11-05 09:53:00,chat,onboarding,high,Issue with downgrade my plan,13,2023-11-05 19:45:07,false,
TK62091,2023-11-05 16:06:00,in-app,integrations,normal,Issue with two-factor authentication,43,2023-11-10 19:42:36,false,
TK63933,2023-11-05 18:47:00,in-app,account,urgent,Unable to downgrade my plan,19,2023-11-05 20:45:03,false,
TK62028,2023-11-05 23:31:00,in-app,technical,low,How do I export my data,789,2023-11-09 22:03:51,false,5
TK60155,2023-11-06 00:06:00,in-app,technical,urgent,Unable to a refund for an annual plan,,2023-11-06 06:54:24,false,
TK61110,2023-11-06 05:56:00,chat,technical,normal,Unable to log in after password reset,34,2023-11-08 03:47:47,false,5
TK63635,2023-11-06 06:04:00,in-app,technical,normal,Unable to webhook deliveries failing,340,2023-11-07 12:46:37,false,
TK63402,2023-11-06 06:05:00,phone,account,normal,Issue with a refund for an annual plan,111,2023-11-09 07:07:01,false,
TK60881,2023-11-06 06:19:00,in-app,technical,normal,Question about two-factor authentication,22,2023-11-12 16:15:28,false,
TK60590,2023-11-06 10:44:00,in-app,technical,high,How do I export my data,18,2023-11-07 11:05:36,true,
TK62459,2023-11-06 11:42:00,chat,technical,low,Request to the dashboard loading slowly,76,,false,
TK63851,2023-11-06 12:59:00,email,technical,normal,Unable to downgrade my plan,311,2023-11-07 23:42:47,false,4
TK61303,2023-11-06 13:49:00,email,billing,normal,Error when export my data,13,2023-11-09 12:32:13,false,
TK61027,2023-11-06 14:31:00,chat,billing,normal,Unable to the dashboard loading slowly,17,2023-11-07 03:16:17,false,
TK62951,2023-11-06 19:53:00,in-app,billing,high,Cannot export my data,1196,2023-11-06 23:44:56,false,
TK61159,2023-11-06 20:24:00,phone,account,normal,Unable to downgrade my plan,1060,,false,
TK60717,2023-11-06 21:02:00,chat,technical,low,How do I connecting the Snowflake sync,175,2023-11-15 15:47:26,false,3
TK62666,2023-11-06 23:57:00,chat,technical,low,Issue with a refund for an annual plan,257,2023-11-24 11:49:16,false,5
TK61247,2023-11-07 01:19:00,chat,technical,high,Request to a refund for an annual plan,44,2023-11-07 08:31:49,false,
TK61370,2023-11-07 01:35:00,phone,onboarding,normal,How do I the API rate limit,24,2023-11-07 09:02:05,true,
TK62509,2023-11-07 10:24:00,chat,technical,normal,Question about log in after password reset,34,2023-11-11 23:10:13,false,
TK63509,2023-11-07 14:53:00,chat,billing,low,How do I the API rate limit,148,2023-11-09 23:04:23,false,
TK60823,2023-11-07 14:59:00,in-app,onboarding,low,Cannot downgrade my plan,192,2023-11-10 03:00:34,false,
TK62849,2023-11-07 17:21:00,email,account,high,Question about a duplicate charge,,2023-11-07 22:21:40,false,
TK62975,2023-11-07 19:48:00,chat,billing,normal,Cannot webhook deliveries failing,74,2023-11-12 16:52:04,false,5
TK63935,2023-11-07 21:36:00,in-app,onboarding,high,How do I export my data,71,2023-11-09 11:41:56,false,3
TK62328,2023-11-08 01:41:00,phone,account,urgent,Cannot export my data,14,2023-11-08 02:16:52,false,
TK62137,2023-11-08 07:06:00,in-app,account,high,Issue with the API rate limit,326,2023-11-12 05:43:03,false,
TK63864,2023-11-08 17:18:00,phone,account,normal,Question about two-factor authentication,38,2023-11-12 06:21:13,false,
TK63481,2023-11-08 17:32:00,in-app,onboarding,high,Unable to connecting the Snowflake sync,9,2023-11-09 22:43:06,true,
TK63143,2023-11-08 18:09:00,phone,technical,low,Error when downgrade my plan,81,2023-11-10 05:50:55,false,
TK61195,2023-11-08 19:45:00,in-app,integrations,low,Error when a refund for an annual plan,799,2023-11-10 10:21:05,false,
TK62986,2023-11-09 02:47:00,in-app,account,low,Question about add a teammate,72,2023-11-11 02:08:44,false,
TK63268,2023-11-09 04:51:00,email,account,normal,Unable to connecting the Snowflake sync,32,2023-11-10 08:05:38,false,
TK60670,2023-11-09 06:53:00,in-app,technical,high,Error when export my data,20,2023-11-09 13:42:38,false,
TK61224,2023-11-09 06:54:00,chat,integrations,normal,Request to add a teammate,244,2023-11-11 10:36:05,false,
TK63348,2023-11-09 07:32:00,chat,integrations,normal,Question about a refund for an annual plan,161,2023-11-15 21:49:24,false,
TK60256,2023-11-09 12:44:00,chat,account,low,Unable to the invoice for last month,109,2023-11-10 10:40:11,false,
TK60190,2023-11-09 14:20:00,chat,billing,high,Unable to the API rate limit,22,2023-11-09 16:13:30,false,3
TK61221,2023-11-09 18:41:00,chat,billing,high,Question about connecting the Snowflake sync,92,2023-11-10 19:20:54,false,4
TK63777,2023-11-09 19:50:00,phone,technical,normal,How do I export my data,16,2023-11-10 08:50:31,false,4
TK63817,2023-11-09 20:12:00,phone,billing,high,Unable to the invoice for last month,101,2023-11-10 00:33:11,false,
TK60618,2023-11-09 20:58:00,chat,technical,normal,Error when add a teammate,211,2023-11-11 20:08:37,false,
TK62260,2023-11-09 21:09:00,email,technical,high,Request to the dashboard loading slowly,63,2023-11-10 02:03:05,true,
TK60118,2023-11-10 01:58:00,chat,technical,normal,Question about two-factor authentication,19,2023-11-10 17:12:02,false,
TK63938,2023-11-10 02:20:00,in-app,integrations,high,Error when a refund for an annual plan,140,2023-11-11 08:33:54,false,5
TK61213,2023-11-10 06:34:00,email,onboarding,normal,Error when export my data,83,2023-11-10 12:47:11,true,
TK60657,2023-11-10 09:05:00,chat,technical,normal,Unable to connecting the Snowflake sync,,2023-11-16 23:12:55,false,
TK63073,2023-11-10 09:55:00,phone,onboarding,high,Question about connecting the Snowflake sync,39,2023-11-11 13:58:22,true,4
TK60867,2023-11-10 11:33:00,chat,technical,high,Question about add a teammate,28,2023-11-14 19:59:06,false,
TK63455,2023-11-10 12:44:00,in-app,technical,high,Issue with two-factor authentication,56,2023-11-11 14:45:48,false,
TK60679,2023-11-10 16:34:00,email,account,low,Cannot the dashboard loading slowly,62,2023-11-18 06:35:43,false,
TK61656,2023-11-10 18:32:00,in-app,account,high,Question about a duplicate charge,7,2023-11-11 06:28:30,false,
TK62314,2023-11-10 19:21:00,chat,onboarding,low,How do I connecting the Snowflake sync,534,2023-11-12 01:06:59,false,5
TK60812,2023-11-10 21:12:00,in-app,technical,low,Unable to the dashboard loading slowly,217,2023-11-25 22:15:11,false,
TK62113,2023-11-10 21:35:00,in-app,integrations,normal,Issue with log in after password reset,,2023-11-11 12:44:43,false,
TK60917,2023-11-10 22:13:00,phone,account,normal,Request to the API rate limit,60,2023-11-14 17:16:25,false,
TK62299,2023-11-11 02:51:00,email,technical,high,How do I a duplicate charge,25,2023-11-14 19:36:22,false,
TK62597,2023-11-11 05:13:00,phone,account,high,Cannot add a teammate,10,2023-11-12 08:03:36,false,
TK63474,2023-11-11 09:11:00,chat,billing,low,Question about log in after password reset,37,2023-11-14 12:11:53,false,
TK63307,2023-11-11 18:53:00,email,account,high,Request to the dashboard loading slowly,5,2023-11-12 13:48:32,false,
TK62101,2023-11-11 22:49:00,in-app,billing,normal,Issue with a duplicate charge,465,2023-11-13 22:04:24,false,5
TK61948,2023-11-12 02:41:00,phone,account,high,Issue with a duplicate charge,4,2023-11-13 23:39:04,false,4
TK63344,2023-11-12 04:24:00,email,account,normal,Unable to connecting the Snowflake sync,123,2023-11-13 04:54:18,false,4
TK63551,2023-11-12 04:30:00,phone,billing,normal,Unable to log in after password reset,,2023-11-13 11:35:46,false,3
TK62859,2023-11-12 08:30:00,chat,integrations,normal,Request to the API rate limit,173,2023-11-16 08:40:01,false,5
TK60374,2023-11-12 14:13:00,in-app,billing,high,Error when webhook deliveries failing,81,2023-11-12 23:59:25,false,
TK62889,2023-11-12 20:22:00,in-app,technical,low,Cannot add a teammate,673,2023-11-15 03:09:14,false,5
TK63281,2023-11-12 22:12:00,chat,integrations,normal,Issue with a duplicate charge,74,2023-11-17 17:52:09,false,
TK62671,2023-11-12 22:53:00,email,technical,high,Issue with connecting the Snowflake sync,26,2023-11-13 14:23:11,false,
TK62436,2023-11-12 23:20:00,email,technical,low,Unable to downgrade my plan,138,2023-11-17 15:08:30,false,
TK63531,2023-11-13 00:46:00,chat,integrations,high,Unable to connecting the Snowflake sync,55,2023-11-15 16:37:31,false,5
TK63891,2023-11-13 03:03:00,email,onboarding,low,Error when add a teammate,543,2023-11-14 14:21:21,false,
TK62957,2023-11-13 04:52:00,chat,technical,low,Cannot downgrade my plan,65,2023-11-18 00:15:23,false,
TK62928,2023-11-13 12:12:00,chat,technical,high,Question about the API rate limit,46,,false,
TK60830,2023-11-13 15:18:00,in-app,technical,normal,Unable to a refund for an annual plan,123,,false,
TK62257,2023-11-13 16:01:00,email,integrations,urgent,Request to a refund for an annual plan,36,2023-11-14 11:54:55,false,
TK63890,2023-11-13 17:11:00,chat,integrations,normal,Cannot a duplicate charge,162,2023-11-17 13:24:38,false,
TK60704,2023-11-13 17:46:00,phone,billing,normal,Cannot the invoice for last month,68,2023-11-14 04:16:49,false,5
TK61104,2023-11-13 18:28:00,in-app,account,normal,How do I a duplicate charge,42,2023-11-19 08:03:55,false,
TK63378,2023-11-13 19:23:00,email,integrations,normal,Request to two-factor authentication,73,2023-11-14 23:07:32,false,
TK60598,2023-11-13 22:23:00,in-app,technical,normal,Issue with two-factor authentication,60,2023-11-14 12:38:51,false,
TK60402,2023-11-13 22:26:00,email,integrations,normal,Cannot two-factor authentication,10,2023-11-14 07:14:23,true,
TK61943,2023-11-14 00:01:00,chat,integrations,high,Unable to the invoice for last month,11,2023-11-14 06:26:54,false,
TK63160,2023-11-14 10:29:00,in-app,technical,normal,Unable to export my data,158,2023-11-28 14:23:55,false,5
TK63397,2023-11-14 13:20:00,in-app,onboarding,normal,Unable to a duplicate charge,137,,false,
TK62979,2023-11-14 13:34:00,in-app,onboarding,normal,Error when a duplicate charge,65,2023-11-14 17:35:09,false,4
TK61025,2023-11-14 14:52:00,phone,billing,low,Error when add a teammate,92,2023-11-15 17:14:36,false,
TK61919,2023-11-14 16:28:00,chat,integrations,normal,How do I the dashboard loading slowly,127,,false,
TK60609,2023-11-14 18:30:00,chat,integrations,normal,Request to two-factor authentication,378,2023-12-13 01:38:10,false,
TK63394,2023-11-14 20:07:00,email,billing,low,Unable to a duplicate charge,174,2023-11-16 19:16:54,false,
TK60061,2023-11-14 21:14:00,chat,technical,low,Question about the invoice for last month,395,2023-11-15 16:17:03,false,
TK61835,2023-11-15 00:16:00,email,onboarding,high,Issue with two-factor authentication,120,2023-11-15 18:44:45,false,4
TK62026,2023-11-15 03:01:00,in-app,integrations,normal,Question about a duplicate charge,214,2023-11-18 23:37:15,false,5
TK62158,2023-11-15 03:41:00,chat,technical,normal,Question about two-factor authentication,40,2023-11-16 03:44:52,false,3
TK60617,2023-11-15 04:22:00,email,account,low,Error when downgrade my plan,122,2023-11-17 01:08:10,false,
TK60539,2023-11-15 05:07:00,chat,billing,low,Cannot two-factor authentication,200,2023-11-16 00:12:01,false,
TK63414,2023-11-15 06:14:00,email,onboarding,normal,Issue with log in after password reset,190,2023-11-17 15:55:05,false,5
TK60551,2023-11-15 07:31:00,email,onboarding,low,Request to two-factor authentication,39,2023-11-18 06:39:24,false,
TK60680,2023-11-15 08:16:00,chat,billing,normal,Issue with the API rate limit,62,2023-11-17 03:19:23,false,5
TK61006,2023-11-15 09:42:00,email,technical,normal,Request to the API rate limit,179,2023-11-15 13:41:18,false,
TK60393,2023-11-15 11:11:00,email,technical,urgent,Request to export my data,11,2023-11-17 06:23:07,false,
TK61416,2023-11-15 12:37:00,phone,technical,low,How do I the dashboard loading slowly,264,2023-11-16 22:20:32,false,
TK63703,2023-11-15 12:57:00,in-app,account,normal,Issue with a duplicate charge,163,2023-12-05 09:54:23,false,
TK63483,2023-11-15 15:01:00,chat,account,low,How do I a duplicate charge,440,2023-11-16 12:33:23,false,4
TK60122,2023-11-15 17:41:00,email,technical,low,Unable to a duplicate charge,126,2023-11-21 22:44:57,false,
TK63888,2023-11-15 20:12:00,email,technical,low,Error when the invoice for last month,183,2023-11-24 22:47:34,false,
TK62813,2023-11-15 20:32:00,email,technical,high,Error when downgrade my plan,71,,false,
TK62711,2023-11-15 21:10:00,email,integrations,high,Request to two-factor authentication,120,2023-11-16 06:00:23,false,5
TK60043,2023-11-16 03:53:00,email,account,normal,Request to log in after password reset,80,2023-11-16 17:47:31,false,
TK60716,2023-11-16 07:30:00,in-app,billing,low,How do I connecting the Snowflake sync,60,2023-11-16 20:35:03,false,
TK63093,2023-11-16 09:18:00,phone,onboarding,normal,How do I log in after password reset,53,2023-11-18 08:45:50,false,4
TK60807,2023-11-16 11:06:00,email,account,high,How do I log in after password reset,50,2023-11-16 13:50:27,false,
TK61023,2023-11-16 13:14:00,in-app,account,normal,Issue with log in after password reset,90,2023-11-18 13:54:37,false,5
TK63425,2023-11-16 17:33:00,email,onboarding,normal,Unable to connecting the Snowflake sync,154,2023-11-18 06:09:43,false,5
TK63928,2023-11-16 17:49:00,in-app,account,normal,How do I export my data,56,2023-11-16 20:43:43,false,5
TK60071,2023-11-16 18:08:00,chat,technical,high,Question about the API rate limit,108,2023-11-17 02:34:37,false,
TK62221,2023-11-16 19:02:00,in-app,billing,normal,Error when add a teammate,45,2023-11-17 09:19:27,false,3
TK63368,2023-11-16 19:57:00,chat,technical,high,Unable to two-factor authentication,77,2023-11-17 22:09:24,false,2
TK62201,2023-11-16 20:36:00,chat,technical,normal,Unable to two-factor authentication,251,,false,
TK63354,2023-11-16 20:42:00,chat,integrations,low,Cannot a refund for an annual plan,206,2023-11-22 07:46:44,false,
TK63578,2023-11-16 22:52:00,phone,billing,high,Error when a refund for an annual plan,11,2023-11-17 10:11:05,false,
TK62757,2023-11-17 00:24:00,phone,technical,high,Issue with the API rate limit,428,,false,
TK62645,2023-11-17 00:44:00,chat,technical,urgent,Error when connecting the Snowflake sync,6,2023-11-17 10:50:45,true,
TK63558,2023-11-17 06:08:00,phone,integrations,normal,Error when downgrade my plan,535,2023-11-20 05:10:37,false,4
TK60802,2023-11-17 07:23:00,phone,technical,high,Error when webhook deliveries failing,34,2023-11-17 18:49:52,false,
TK63337,2023-11-17 10:40:00,in-app,technical,low,Request to a duplicate charge,116,2023-12-10 00:18:40,false,
TK62560,2023-11-17 11:02:00,email,technical,normal,How do I a refund for an annual plan,65,2023-11-17 15:45:31,false,
TK60319,2023-11-17 11:19:00,chat,onboarding,high,Issue with a refund for an annual plan,147,2023-11-17 23:15:21,false,5
TK62677,2023-11-17 13:35:00,email,technical,normal,How do I a duplicate charge,126,2023-11-27 21:00:28,false,3
TK60069,2023-11-17 16:07:00,in-app,integrations,normal,Error when two-factor authentication,30,2023-11-18 23:10:58,false,
TK62791,2023-11-17 16:32:00,phone,account,high,Issue with a duplicate charge,65,2023-11-18 04:03:17,false,
TK62429,2023-11-17 17:06:00,email,account,normal,Question about the invoice for last month,230,2023-11-18 19:14:14,false,
TK62902,2023-11-17 17:45:00,chat,account,normal,Cannot downgrade my plan,42,2023-11-20 19:56:51,false,
TK60286,2023-11-17 20:09:00,email,integrations,normal,Question about the invoice for last month,54,2023-11-23 01:53:48,true,4
TK60000,2023-11-17 20:59:00,email,account,normal,How do I export my data,40,2023-11-21 03:45:19,false,4
TK63568,2023-11-17 22:50:00,email,technical,low,Issue with a duplicate charge,494,2023-11-18 23:39:51,false,3
TK62368,2023-11-18 03:28:00,phone,technical,low,Issue with downgrade my plan,245,2023-11-28 17:20:03,false,5
TK61547,2023-11-18 07:34:00,chat,billing,high,Issue with the API rate limit,6,2023-11-18 19:19:43,false,
TK63878,2023-11-18 08:02:00,in-app,account,low,Request to two-factor authentication,458,2023-11-18 22:11:41,false,4
TK61437,2023-11-18 13:15:00,email,technical,normal,How do I two-factor authentication,260,2023-11-21 07:41:57,false,4
TK60346,2023-11-18 13:32:00,chat,billing,normal,Cannot export my data,21,,false,
TK61834,2023-11-18 15:06:00,in-app,billing,normal,Question about webhook deliveries failing,106,2023-11-20 20:34:07,false,
TK63780,2023-11-18 18:29:00,phone,technical,urgent,Issue with the API rate limit,,2023-11-18 21:53:35,false,
TK62938,2023-11-18 19:56:00,chat,billing,high,Issue with add a teammate,,2023-11-19 01:05:58,false,4
TK61483,2023-11-18 21:10:00,email,technical,normal,Unable to a duplicate charge,86,2023-11-21 02:16:51,false,4
TK63480,2023-11-18 23:17:00,phone,technical,normal,How do I two-factor authentication,51,2023-11-19 15:44:45,false,
TK60766,2023-11-19 02:09:00,in-app,billing,normal,Cannot the dashboard loading slowly,,2023-11-19 11:35:24,false,3
TK62730,2023-11-19 04:36:00,email,onboarding,high,How do I the API rate limit,59,2023-11-20 17:41:25,false,
TK62878,2023-11-19 06:39:00,chat,technical,high,Question about downgrade my plan,66,2023-11-19 20:28:04,true,
TK61719,2023-11-19 11:19:00,chat,technical,normal,Question about the dashboard loading slowly,142,2023-11-28 01:08:57,true,5
TK62593,2023-11-19 14:21:00,email,onboarding,normal,Request to the dashboard loading slowly,106,2023-11-20 09:57:01,false,
TK63959,2023-11-19 15:53:00,email,integrations,normal,Question about log in after password reset,25,,false,
TK62525,2023-11-19 16:27:00,chat,billing,low,How do I log in after password reset,64,2023-11-21 05:38:13,false,
TK60104,2023-11-19 16:56:00,chat,billing,normal,Unable to downgrade my plan,74,2023-11-22 12:54:38,false,4
TK61832,2023-11-19 18:15:00,in-app,account,high,Cannot the dashboard loading slowly,,2023-11-20 09:28:59,false,4
TK62893,2023-11-19 20:22:00,phone,account,normal,Question about export my data,229,2023-11-20 06:47:29,false,5
TK61183,2023-11-19 21:24:00,in-app,billing,normal,How do I add a teammate,148,2023-11-22 10:52:07,false,5
TK62189,2023-11-20 02:25:00,email,billing,normal,Request to the invoice for last month,104,2023-11-20 04:56:21,false,4
TK60024,2023-11-20 07:30:00,in-app,technical,normal,Unable to two-factor authentication,,2023-11-20 10:30:41,false,3
TK62603,2023-11-20 07:31:00,chat,integrations,normal,Error when a refund for an annual plan,,2023-11-22 14:50:00,false,5
TK60850,2023-11-20 11:30:00,email,account,high,Question about webhook deliveries failing,45,2023-11-21 04:51:32,false,
TK63669,2023-11-20 15:47:00,phone,technical,normal,How do I the dashboard loading slowly,139,2023-11-21 14:00:43,false,
TK61810,2023-11-20 15:55:00,chat,billing,normal,Cannot a duplicate charge,81,2023-11-21 05:21:52,false,
TK60658,2023-11-20 18:16:00,email,billing,normal,How do I the invoice for last month,138,2023-11-21 13:44:28,false,5
TK60427,2023-11-20 19:31:00,chat,onboarding,normal,Request to two-factor authentication,73,2023-11-21 04:09:08,false,5
TK60863,2023-11-20 23:34:00,in-app,account,low,Question about add a teammate,233,2023-11-21 20:37:37,true,5
TK63242,2023-11-20 23:59:00,in-app,billing,normal,How do I webhook deliveries failing,16,2023-11-21 21:39:58,false,
TK63871,2023-11-21 00:34:00,chat,billing,normal,Issue with the invoice for last month,198,2023-11-22 13:34:41,false,
TK62767,2023-11-21 04:31:00,in-app,technical,normal,Request to add a teammate,127,,false,
TK63115,2023-11-21 05:11:00,chat,account,high,Unable to the API rate limit,40,2023-11-21 10:39:36,false,
TK60924,2023-11-21 06:20:00,chat,billing,high,Question about downgrade my plan,277,2023-11-21 11:22:12,false,
TK61708,2023-11-21 08:35:00,chat,onboarding,urgent,Request to the invoice for last month,38,2023-11-21 15:05:48,false,5
TK62943,2023-11-21 10:50:00,email,integrations,high,Question about the dashboard loading slowly,32,2023-11-24 00:14:27,false,5
TK62000,2023-11-21 10:52:00,in-app,billing,normal,Error when the dashboard loading slowly,70,2023-11-21 19:02:34,false,3
TK60324,2023-11-21 14:45:00,email,technical,normal,Unable to a duplicate charge,189,2023-11-21 16:09:39,false,3
TK61697,2023-11-21 15:45:00,email,integrations,low,Request to the dashboard loading slowly,110,2023-11-25 13:36:18,true,
TK60637,2023-11-21 17:25:00,email,technical,normal,How do I a duplicate charge,29,,false,
TK62985,2023-11-21 18:04:00,email,billing,low,Question about connecting the Snowflake sync,,2023-11-21 18:58:50,false,
TK62395,2023-11-21 18:14:00,chat,billing,normal,Question about a refund for an annual plan,16,2023-11-22 07:36:21,false,5
TK61937,2023-11-21 18:42:00,phone,account,high,Question about webhook deliveries failing,68,2023-11-21 20:12:59,false,
TK62385,2023-11-21 19:15:00,chat,onboarding,high,Unable to downgrade my plan,75,2023-11-26 09:58:55,false,
TK63419,2023-11-21 23:46:00,in-app,onboarding,normal,How do I two-factor authentication,22,2023-11-23 17:17:50,false,4
TK63734,2023-11-22 08:37:00,phone,onboarding,high,How do I export my data,5,2023-11-25 08:43:43,false,
TK63751,2023-11-22 10:45:00,email,onboarding,normal,Error when export my data,171,2023-11-24 10:55:24,false,5
TK60198,2023-11-22 11:27:00,in-app,technical,normal,Question about the dashboard loading slowly,,2023-11-30 11:22:43,false,5
TK60378,2023-11-22 13:53:00,chat,onboarding,normal,Cannot downgrade my plan,33,2023-11-22 20:52:35,false,
TK62273,2023-11-22 17:19:00,phone,technical,normal,Unable to add a teammate,1113,2023-11-22 20:32:52,false,5
TK62231,2023-11-23 02:18:00,chat,technical,low,Error when downgrade my plan,169,,false,
TK62775,2023-11-23 07:12:00,email,integrations,low,Unable to the invoice for last month,112,2023-11-28 05:36:32,false,5
TK63919,2023-11-23 12:31:00,email,technical,high,Question about add a teammate,,2023-11-24 00:53:18,false,
TK62929,2023-11-23 19:54:00,chat,account,low,Cannot two-factor authentication,279,2023-11-27 21:15:30,false,4
TK60115,2023-11-23 23:46:00,email,technical,low,Cannot connecting the Snowflake sync,206,2023-11-29 10:31:11,false,
TK61875,2023-11-24 00:19:00,chat,technical,low,Cannot log in after password reset,134,2023-11-27 16:52:41,false,
TK62391,2023-11-24 02:29:00,in-app,billing,high,Unable to export my data,13,2023-11-24 13:39:48,false,5
TK60584,2023-11-24 08:05:00,email,integrations,high,Cannot a duplicate charge,39,2023-11-24 10:40:43,false,5
TK61635,2023-11-24 08:20:00,chat,billing,urgent,Error when export my data,19,2023-11-24 11:59:05,false,
TK62056,2023-11-24 08:47:00,chat,onboarding,urgent,Issue with export my data,7,2023-11-24 10:30:08,false,1
TK60804,2023-11-24 09:53:00,email,onboarding,normal,How do I the invoice for last month,45,,false,
TK61968,2023-11-24 10:12:00,chat,billing,low,Request to two-factor authentication,49,2023-11-25 01:38:11,true,4
TK61478,2023-11-24 10:28:00,email,account,normal,Question about two-factor authentication,73,2023-11-25 03:04:16,false,
TK63412,2023-11-24 12:49:00,in-app,billing,high,Error when add a teammate,168,2023-11-24 17:16:16,false,
TK62009,2023-11-24 14:03:00,chat,billing,low,How do I connecting the Snowflake sync,173,2023-11-25 06:37:55,false,
TK62255,2023-11-24 15:22:00,in-app,technical,low,Issue with downgrade my plan,92,2023-11-28 17:00:09,false,5
TK60462,2023-11-24 20:50:00,in-app,technical,normal,Error when webhook deliveries failing,44,2023-11-26 23:33:14,false,5
TK61822,2023-11-25 03:21:00,in-app,onboarding,high,Error when log in after password reset,62,,false,
TK63768,2023-11-25 05:17:00,chat,integrations,normal,Question about export my data,107,2023-11-29 18:23:42,false,5
TK60131,2023-11-25 08:37:00,chat,account,high,Unable to a refund for an annual plan,28,2023-11-25 18:26:28,false,
TK63896,2023-11-25 10:02:00,chat,integrations,normal,Request to log in after password reset,165,2023-11-25 15:11:39,false,
TK61242,2023-11-25 10:45:00,chat,technical,high,Error when downgrade my plan,18,2023-11-25 11:57:41,false,
TK61689,2023-11-25 12:35:00,chat,integrations,low,Request to a duplicate charge,301,2023-12-02 14:47:49,false,
TK62917,2023-11-25 17:08:00,email,technical,high,Cannot two-factor authentication,70,2023-11-27 02:21:34,false,
TK63713,2023-11-25 23:25:00,email,onboarding,normal,How do I a refund for an annual plan,241,2023-11-26 13:02:01,false,5
TK63077,2023-11-26 07:08:00,chat,onboarding,normal,Error when a duplicate charge,47,2023-11-26 20:38:26,true,5
TK60597,2023-11-26 09:24:00,chat,technical,normal,Cannot downgrade my plan,238,2023-11-26 12:18:29,false,
TK61870,2023-11-26 11:20:00,email,technical,high,Question about add a teammate,18,2023-11-26 12:30:59,false,
TK63735,2023-11-26 13:08:00,chat,technical,normal,Question about the dashboard loading slowly,632,,false,
TK63406,2023-11-26 15:52:00,phone,technical,normal,Issue with add a teammate,83,,false,
TK61028,2023-11-26 17:21:00,email,billing,high,Cannot downgrade my plan,31,2023-11-26 20:02:27,false,
TK60701,2023-11-26 17:26:00,chat,account,urgent,How do I add a teammate,8,2023-11-27 00:11:24,false,4
TK62433,2023-11-26 20:16:00,email,integrations,normal,Request to export my data,138,,false,
TK61306,2023-11-26 20:46:00,email,onboarding,normal,How do I log in after password reset,35,2023-11-29 10:35:52,false,
TK62503,2023-11-26 22:26:00,phone,onboarding,normal,Cannot the dashboard loading slowly,142,2023-11-27 14:28:45,false,
TK63835,2023-11-27 02:13:00,in-app,technical,urgent,How do I connecting the Snowflake sync,9,2023-11-27 19:41:52,false,5
TK60064,2023-11-27 04:11:00,chat,account,normal,Request to the dashboard loading slowly,,2023-11-28 17:04:03,false,
TK61018,2023-11-27 06:25:00,chat,account,normal,Cannot a duplicate charge,129,2023-11-29 16:35:33,false,4
TK60923,2023-11-27 07:32:00,email,onboarding,urgent,Unable to export my data,4,2023-11-27 08:22:41,false,
TK60524,2023-11-27 11:09:00,email,technical,high,Issue with add a teammate,24,2023-11-29 00:02:28,false,
TK61269,2023-11-27 11:45:00,in-app,billing,normal,Request to a duplicate charge,,2023-12-03 18:51:55,false,
TK60557,2023-11-27 12:15:00,email,integrations,normal,Issue with downgrade my plan,123,2023-12-21 18:19:59,false,
TK62883,2023-11-27 12:16:00,in-app,billing,normal,Request to add a teammate,33,2023-11-28 00:29:32,false,1
TK61515,2023-11-27 15:06:00,chat,billing,normal,Question about webhook deliveries failing,46,2023-11-27 21:13:06,false,
TK63528,2023-11-28 00:29:00,phone,account,high,Request to export my data,48,2023-11-28 04:55:10,false,
TK63007,2023-11-28 00:44:00,chat,technical,high,Unable to the dashboard loading slowly,12,2023-11-30 05:48:01,false,
TK60009,2023-11-28 12:58:00,chat,technical,urgent,How do I the dashboard loading slowly,22,2023-11-28 22:59:34,false,5
TK61484,2023-11-28 15:10:00,email,onboarding,high,Request to export my data,,2023-11-29 01:42:56,false,4
TK63585,2023-11-28 15:44:00,in-app,onboarding,normal,How do I the dashboard loading slowly,61,2023-11-29 19:47:08,false,
TK62978,2023-11-28 17:03:00,email,account,normal,Request to export my data,170,2023-11-30 10:05:39,false,
TK60508,2023-11-28 17:57:00,chat,technical,normal,Request to two-factor authentication,88,2023-11-30 18:09:11,false,2
TK60125,2023-11-28 19:53:00,email,billing,normal,Request to add a teammate,145,2023-11-29 03:13:05,false,
TK62817,2023-11-28 22:18:00,in-app,technical,normal,How do I connecting the Snowflake sync,785,2023-12-03 13:14:55,false,
TK62465,2023-11-28 22:28:00,email,account,high,How do I export my data,84,2023-11-29 06:30:18,false,
TK62915,2023-11-28 23:06:00,in-app,billing,high,Cannot add a teammate,145,2023-11-29 01:03:56,false,
TK61217,2023-11-29 00:52:00,chat,onboarding,high,Question about the API rate limit,28,2023-11-29 10:36:53,false,3
TK61255,2023-11-29 01:27:00,in-app,billing,normal,How do I the invoice for last month,577,2023-11-29 12:19:00,false,
TK62650,2023-11-29 04:27:00,email,account,normal,Issue with webhook deliveries failing,231,2023-12-02 04:49:38,false,
TK62432,2023-11-29 05:37:00,email,billing,normal,Unable to webhook deliveries failing,54,2023-12-01 08:53:23,false,
TK62054,2023-11-29 07:39:00,phone,account,high,Cannot connecting the Snowflake sync,42,2023-11-29 09:37:41,true,
TK60546,2023-11-29 10:24:00,chat,account,normal,Question about webhook deliveries failing,204,2023-11-29 12:24:41,false,
TK63158,2023-11-29 11:07:00,phone,billing,low,Error when a refund for an annual plan,53,2023-12-01 01:49:52,false,
TK63270,2023-11-29 15:00:00,chat,technical,normal,Unable to downgrade my plan,4,2023-12-17 23:38:50,false,
TK62580,2023-11-29 15:40:00,in-app,billing,high,How do I the invoice for last month,29,2023-11-30 13:24:21,false,4
TK62330,2023-11-29 18:17:00,email,onboarding,low,Error when a duplicate charge,155,2023-11-29 20:31:14,false,5
TK63021,2023-11-29 20:45:00,chat,technical,normal,Cannot two-factor authentication,45,2023-12-01 03:08:44,false,
TK62224,2023-11-29 23:12:00,email,account,urgent,Issue with webhook deliveries failing,38,2023-11-30 02:48:59,false,5
TK61381,2023-11-30 02:09:00,chat,onboarding,high,Request to add a teammate,64,2023-11-30 09:15:38,true,4
TK61683,2023-11-30 05:07:00,in-app,billing,normal,Question about two-factor authentication,13,2023-11-30 14:17:39,false,
TK61062,2023-11-30 05:29:00,in-app,integrations,normal,Error when connecting the Snowflake sync,16,2023-11-30 21:01:22,false,
TK60635,2023-11-30 05:42:00,chat,technical,normal,Cannot two-factor authentication,82,2023-12-03 23:32:38,false,
TK60801,2023-11-30 06:27:00,in-app,technical,high,Question about the invoice for last month,41,2023-11-30 21:43:37,false,
TK61286,2023-11-30 08:17:00,email,onboarding,low,Issue with connecting the Snowflake sync,77,2023-11-30 12:49:43,false,4
TK60225,2023-11-30 12:47:00,in-app,onboarding,low,Request to a duplicate charge,175,2023-11-30 22:13:40,false,
TK62574,2023-11-30 16:43:00,chat,billing,low,How do I connecting the Snowflake sync,57,2023-12-10 02:35:53,false,
TK63431,2023-11-30 17:24:00,email,technical,high,Issue with connecting the Snowflake sync,29,2023-12-01 08:05:01,false,
TK60667,2023-11-30 20:08:00,chat,account,low,Cannot a refund for an annual plan,,2023-12-01 15:58:17,false,
TK62990,2023-11-30 22:49:00,email,integrations,low,Error when the invoice for last month,933,2023-12-06 05:07:01,false,5
TK61769,2023-12-01 05:35:00,chat,billing,normal,Issue with add a teammate,119,2023-12-02 22:31:49,false,5
TK61902,2023-12-01 12:01:00,email,technical,low,Unable to the API rate limit,251,2023-12-03 23:45:49,true,
TK62259,2023-12-01 12:40:00,in-app,technical,high,Question about log in after password reset,41,2023-12-01 21:58:08,false,
TK60728,2023-12-01 13:28:00,email,integrations,low,Issue with log in after password reset,1187,2023-12-02 23:49:59,false,
TK62571,2023-12-01 13:59:00,chat,technical,low,How do I log in after password reset,46,2023-12-02 10:36:02,false,
TK63746,2023-12-01 15:54:00,in-app,technical,high,Error when the invoice for last month,53,2023-12-01 21:52:03,false,1
TK62147,2023-12-01 16:39:00,email,technical,normal,How do I two-factor authentication,174,2023-12-05 19:14:11,false,
TK63538,2023-12-01 18:07:00,email,billing,normal,How do I connecting the Snowflake sync,115,2023-12-03 13:53:40,false,
TK63316,2023-12-01 18:55:00,in-app,technical,normal,Cannot export my data,126,2023-12-03 12:55:26,false,
TK61282,2023-12-01 20:24:00,email,onboarding,normal,How do I a duplicate charge,45,2023-12-02 08:52:18,false,5
TK63609,2023-12-01 20:24:00,in-app,technical,normal,Unable to downgrade my plan,43,2023-12-02 03:03:41,false,
TK63882,2023-12-01 20:40:00,email,billing,low,Issue with two-factor authentication,185,2023-12-02 17:59:58,false,
TK63204,2023-12-01 21:24:00,email,technical,high,Question about webhook deliveries failing,208,2023-12-02 09:16:27,false,
TK62300,2023-12-01 21:58:00,email,technical,high,Error when webhook deliveries failing,44,2023-12-04 16:47:54,false,5
TK60441,2023-12-01 23:21:00,email,billing,high,Question about a refund for an annual plan,62,2023-12-02 05:48:13,false,
TK61278,2023-12-02 00:50:00,email,integrations,high,Error when a refund for an annual plan,33,2023-12-03 13:42:35,false,
TK60654,2023-12-02 04:31:00,email,account,normal,Issue with add a teammate,450,2023-12-02 12:27:30,false,
TK63296,2023-12-02 08:17:00,in-app,technical,normal,Error when webhook deliveries failing,141,2023-12-02 21:48:50,false,
TK63202,2023-12-02 08:34:00,phone,technical,low,Unable to log in after password reset,27,2023-12-02 14:35:16,false,4
TK60507,2023-12-02 08:54:00,in-app,technical,normal,Cannot connecting the Snowflake sync,65,2023-12-04 07:02:56,false,1
TK62326,2023-12-02 12:03:00,phone,billing,normal,Request to connecting the Snowflake sync,138,2023-12-03 03:01:36,false,5
TK61005,2023-12-02 14:55:00,in-app,billing,normal,Issue with webhook deliveries failing,,2023-12-04 03:45:35,false,
TK62925,2023-12-02 16:29:00,chat,technical,normal,Question about a refund for an annual plan,114,2023-12-03 22:07:51,false,
TK61307,2023-12-02 22:40:00,chat,onboarding,urgent,Request to webhook deliveries failing,9,2023-12-03 06:58:02,false,
TK61211,2023-12-03 01:56:00,in-app,integrations,low,Cannot the API rate limit,140,2023-12-04 15:07:29,false,5
TK63171,2023-12-03 11:36:00,chat,technical,urgent,Request to the dashboard loading slowly,34,2023-12-04 12:19:47,false,2
TK62016,2023-12-03 17:05:00,email,onboarding,low,Request to the invoice for last month,197,2023-12-05 17:55:39,false,5
TK63756,2023-12-03 17:08:00,phone,onboarding,low,Issue with two-factor authentication,164,2023-12-04 17:21:44,false,4
TK63908,2023-12-03 20:43:00,phone,integrations,urgent,How do I connecting the Snowflake sync,20,2023-12-04 07:58:37,false,
TK60246,2023-12-03 21:58:00,email,integrations,normal,How do I webhook deliveries failing,490,2023-12-04 12:48:05,false,
TK61801,2023-12-04 00:43:00,chat,billing,urgent,Question about the dashboard loading slowly,4,2023-12-04 09:00:42,false,
TK63318,2023-12-04 05:00:00,chat,billing,normal,Issue with add a teammate,39,2023-12-07 04:10:38,true,
TK62648,2023-12-04 05:45:00,phone,technical,normal,Issue with webhook deliveries failing,54,2023-12-15 15:52:26,false,
TK63725,2023-12-04 07:55:00,phone,onboarding,high,Unable to the dashboard loading slowly,22,2023-12-04 10:30:52,false,
TK62272,2023-12-04 13:53:00,email,technical,normal,Error when the API rate limit,97,2023-12-11 08:11:05,false,
TK63152,2023-12-04 15:15:00,in-app,technical,normal,Unable to downgrade my plan,41,2023-12-05 12:59:20,false,4
TK62100,2023-12-04 16:45:00,email,billing,urgent,Unable to two-factor authentication,86,2023-12-04 19:09:17,false,
TK62927,2023-12-04 20:33:00,in-app,technical,normal,How do I downgrade my plan,156,2023-12-05 21:26:04,false,
TK62053,2023-12-04 21:35:00,chat,billing,high,How do I the invoice for last month,240,2023-12-04 23:24:14,false,
TK61387,2023-12-05 00:04:00,chat,technical,normal,Cannot add a teammate,375,2023-12-10 03:31:25,false,3
TK61108,2023-12-05 00:55:00,email,technical,normal,Cannot connecting the Snowflake sync,113,2023-12-06 02:26:28,false,
TK62623,2023-12-05 02:02:00,chat,technical,urgent,Cannot webhook deliveries failing,22,2023-12-05 12:10:12,true,3
TK63862,2023-12-05 02:06:00,phone,onboarding,normal,Question about downgrade my plan,193,2023-12-09 20:24:58,true,
TK60452,2023-12-05 07:19:00,chat,account,high,Cannot a duplicate charge,29,2023-12-05 09:42:43,false,
TK63010,2023-12-05 13:14:00,chat,billing,low,Question about the invoice for last month,574,2023-12-23 08:33:58,false,
TK60583,2023-12-05 17:36:00,chat,billing,high,How do I two-factor authentication,25,2023-12-06 02:16:33,false,4
TK60836,2023-12-05 19:01:00,email,technical,normal,How do I two-factor authentication,,2023-12-07 04:40:03,false,
TK62352,2023-12-05 19:17:00,in-app,account,urgent,Question about the API rate limit,10,2023-12-05 22:19:30,false,
TK63239,2023-12-05 21:47:00,in-app,technical,normal,Request to downgrade my plan,81,,false,
TK63166,2023-12-06 03:26:00,chat,billing,urgent,How do I connecting the Snowflake sync,43,2023-12-06 05:21:57,false,
TK62732,2023-12-06 06:07:00,chat,integrations,low,How do I webhook deliveries failing,109,2023-12-07 07:55:58,false,
TK63426,2023-12-06 08:25:00,chat,billing,normal,Unable to export my data,360,2023-12-15 13:49:04,false,
TK63944,2023-12-06 09:00:00,in-app,billing,normal,Request to connecting the Snowflake sync,1099,2023-12-06 15:51:34,false,
TK60757,2023-12-06 10:34:00,in-app,technical,low,Cannot the invoice for last month,203,2023-12-08 15:24:25,false,3
TK61747,2023-12-06 11:41:00,chat,onboarding,low,Request to connecting the Snowflake sync,48,2023-12-22 16:21:37,false,4
TK60749,2023-12-06 12:04:00,phone,technical,high,Error when webhook deliveries failing,19,2023-12-06 20:40:24,false,
TK61464,2023-12-06 16:28:00,chat,billing,normal,Cannot webhook deliveries failing,196,2023-12-07 02:52:50,false,
TK62327,2023-12-06 17:12:00,chat,onboarding,normal,How do I connecting the Snowflake sync,25,2023-12-07 03:27:18,false,1
TK63366,2023-12-06 20:42:00,email,account,normal,Request to two-factor authentication,58,2023-12-07 18:25:26,false,5
TK60732,2023-12-07 10:40:00,in-app,integrations,low,Request to the invoice for last month,237,2023-12-09 03:52:14,false,
TK60416,2023-12-07 14:07:00,chat,account,high,Error when log in after password reset,64,2023-12-07 16:35:52,false,
TK61868,2023-12-07 15:03:00,email,technical,normal,Unable to export my data,56,2023-12-08 06:04:54,false,
TK62103,2023-12-07 20:21:00,chat,billing,normal,Error when the dashboard loading slowly,160,2023-12-08 11:24:01,false,4
TK62499,2023-12-07 21:28:00,in-app,account,normal,Unable to downgrade my plan,20,2023-12-09 02:41:38,false,
TK62658,2023-12-08 00:24:00,email,technical,low,Unable to webhook deliveries failing,51,2023-12-22 22:09:32,false,
TK62731,2023-12-08 03:32:00,in-app,technical,low,How do I a refund for an annual plan,207,2023-12-21 14:08:59,false,
TK63120,2023-12-08 03:38:00,in-app,onboarding,low,Cannot the API rate limit,177,2023-12-09 00:47:43,false,5
TK61647,2023-12-08 06:51:00,email,technical,normal,Question about connecting the Snowflake sync,37,2023-12-12 15:09:42,true,2
TK60490,2023-12-08 13:21:00,in-app,onboarding,urgent,Question about add a teammate,4,2023-12-08 18:18:35,false,
TK62953,2023-12-08 14:30:00,in-app,billing,high,How do I two-factor authentication,163,2023-12-08 21:35:56,false,2
TK60172,2023-12-08 19:27:00,email,account,normal,Error when downgrade my plan,32,2023-12-14 06:56:53,false,
TK62167,2023-12-09 07:40:00,email,account,normal,Cannot downgrade my plan,452,2023-12-12 02:33:52,false,
TK61041,2023-12-09 08:42:00,in-app,technical,normal,Unable to add a teammate,73,2023-12-11 12:31:19,false,3
TK60965,2023-12-09 10:41:00,chat,technical,normal,Request to the invoice for last month,296,2023-12-12 08:23:20,false,4
TK61930,2023-12-09 12:23:00,email,billing,urgent,Error when log in after password reset,,2023-12-09 14:57:15,false,5
TK61577,2023-12-09 12:31:00,email,onboarding,high,How do I two-factor authentication,56,2023-12-09 20:37:29,false,1
TK62371,2023-12-09 12:46:00,chat,integrations,low,Error when log in after password reset,765,,false,
TK62363,2023-12-09 13:50:00,chat,technical,urgent,Error when export my data,30,2023-12-10 03:24:09,false,
TK61554,2023-12-09 13:56:00,email,technical,high,Question about webhook deliveries failing,173,2023-12-17 15:26:24,false,
TK61602,2023-12-09 16:05:00,in-app,billing,low,Cannot a duplicate charge,,2023-12-12 23:45:25,false,
TK61851,2023-12-09 17:07:00,email,onboarding,normal,Question about the API rate limit,48,2023-12-17 09:46:10,false,
TK61329,2023-12-09 17:23:00,in-app,billing,normal,Unable to log in after password reset,582,2023-12-13 14:50:45,false,
TK63114,2023-12-09 19:39:00,in-app,billing,low,Unable to the API rate limit,78,2023-12-10 00:41:36,false,
TK62947,2023-12-09 21:13:00,phone,account,normal,Cannot connecting the Snowflake sync,129,2023-12-12 23:26:43,false,4
TK61219,2023-12-09 22:10:00,in-app,billing,normal,Cannot webhook deliveries failing,64,2023-12-10 19:19:11,false,
TK61238,2023-12-10 02:03:00,email,integrations,high,Issue with two-factor authentication,52,2023-12-11 09:00:01,false,
TK62265,2023-12-10 02:17:00,email,technical,high,Issue with log in after password reset,53,2023-12-10 09:47:26,false,4
TK62729,2023-12-10 02:30:00,chat,billing,normal,Cannot the dashboard loading slowly,120,2023-12-12 02:05:27,false,5
TK63324,2023-12-10 03:09:00,email,account,normal,Cannot the dashboard loading slowly,168,2023-12-10 17:18:20,false,
TK61773,2023-12-10 04:11:00,in-app,billing,high,Error when the API rate limit,30,2023-12-10 15:57:29,false,
TK62372,2023-12-10 07:48:00,phone,billing,normal,Cannot the invoice for last month,68,2023-12-10 14:11:18,true,
TK61738,2023-12-10 09:40:00,chat,technical,normal,Unable to a refund for an annual plan,33,2023-12-12 23:13:38,false,2
TK61826,2023-12-10 11:08:00,email,billing,high,Error when the invoice for last month,77,2023-12-11 17:22:08,false,3
TK61248,2023-12-10 11:17:00,in-app,billing,normal,Request to export my data,,2023-12-10 20:36:36,false,4
TK61907,2023-12-10 12:44:00,phone,technical,normal,Unable to the invoice for last month,56,2023-12-11 06:28:57,false,
TK63036,2023-12-10 14:55:00,email,technical,normal,How do I add a teammate,67,2023-12-11 02:45:27,false,3
TK62441,2023-12-10 16:36:00,email,technical,normal,Issue with the API rate limit,497,2023-12-16 09:59:40,false,5
TK62295,2023-12-10 17:33:00,email,account,normal,Question about webhook deliveries failing,,2023-12-11 16:57:00,false,
TK63769,2023-12-10 19:56:00,chat,onboarding,normal,Question about export my data,139,2023-12-12 05:31:12,false,
TK60213,2023-12-10 20:27:00,phone,billing,normal,Cannot the dashboard loading slowly,182,2023-12-13 04:52:46,false,
TK63116,2023-12-10 20:41:00,email,onboarding,high,Cannot log in after password reset,17,2023-12-11 00:10:27,false,4
TK60244,2023-12-10 21:10:00,chat,billing,normal,Cannot add a teammate,304,2023-12-11 08:20:45,false,
TK61880,2023-12-11 03:50:00,chat,technical,normal,Request to the invoice for last month,202,2023-12-15 01:56:46,false,4
TK61646,2023-12-11 06:21:00,email,billing,high,Request to export my data,12,2023-12-11 09:13:40,false,5
TK62281,2023-12-11 06:57:00,chat,account,low,Unable to export my data,19,2023-12-12 22:59:31,false,5
TK60676,2023-12-11 08:22:00,email,technical,urgent,Error when the invoice for last month,21,2023-12-13 04:38:45,false,
TK60294,2023-12-11 11:07:00,email,onboarding,low,How do I connecting the Snowflake sync,671,2023-12-12 09:25:48,false,5
TK60694,2023-12-11 14:50:00,in-app,billing,high,Request to webhook deliveries failing,29,2023-12-11 23:08:27,false,
TK60384,2023-12-11 15:36:00,email,technical,high,Unable to webhook deliveries failing,44,2023-12-12 08:52:05,false,
TK63873,2023-12-11 16:32:00,email,onboarding,urgent,Cannot the API rate limit,14,2023-12-11 20:56:59,false,
TK60529,2023-12-11 19:07:00,phone,account,normal,Unable to downgrade my plan,36,2023-12-12 07:50:39,false,4
TK61182,2023-12-11 19:59:00,chat,billing,low,Issue with downgrade my plan,113,2023-12-12 01:13:21,false,
TK62419,2023-12-12 00:53:00,email,billing,low,Error when the dashboard loading slowly,188,2023-12-13 20:57:51,true,
TK61487,2023-12-12 01:26:00,chat,billing,high,How do I downgrade my plan,34,2023-12-12 06:14:38,false,5
TK63874,2023-12-12 06:16:00,email,onboarding,normal,Issue with export my data,12,2023-12-13 16:57:32,true,
TK61971,2023-12-12 10:35:00,chat,technical,normal,Error when the invoice for last month,619,2023-12-15 23:38:20,false,
TK62987,2023-12-12 12:26:00,in-app,technical,urgent,How do I downgrade my plan,6,2023-12-12 17:17:38,false,
TK61906,2023-12-12 13:35:00,phone,technical,high,How do I add a teammate,20,2023-12-14 20:00:19,false,5
TK60101,2023-12-12 14:06:00,email,technical,low,Cannot the invoice for last month,78,2023-12-13 13:27:12,false,4
TK63984,2023-12-12 15:23:00,chat,technical,low,Question about downgrade my plan,64,2023-12-15 13:12:28,false,
TK61246,2023-12-12 20:34:00,email,account,normal,How do I webhook deliveries failing,20,2023-12-13 06:31:34,false,5
TK62769,2023-12-12 21:04:00,phone,onboarding,normal,Request to webhook deliveries failing,569,2023-12-13 02:10:34,false,
TK60464,2023-12-12 23:35:00,in-app,integrations,urgent,Question about webhook deliveries failing,,2023-12-13 08:53:49,false,
TK63167,2023-12-13 05:50:00,in-app,account,low,Question about connecting the Snowflake sync,30,2023-12-14 00:25:43,false,
TK62335,2023-12-13 08:35:00,email,account,high,Issue with connecting the Snowflake sync,18,2023-12-13 11:10:06,true,
TK60096,2023-12-13 10:13:00,in-app,technical,high,Request to log in after password reset,27,2023-12-14 19:43:13,false,
TK62398,2023-12-13 12:11:00,email,technical,low,Error when a duplicate charge,299,,false,
TK61758,2023-12-13 12:17:00,chat,technical,urgent,Issue with downgrade my plan,12,2023-12-14 02:16:49,false,
TK62430,2023-12-13 17:51:00,email,billing,normal,Unable to log in after password reset,341,2023-12-21 00:05:07,false,
TK61623,2023-12-13 21:45:00,in-app,integrations,low,Error when the API rate limit,124,2024-01-20 10:47:49,false,
TK62130,2023-12-13 23:49:00,chat,integrations,low,Unable to a refund for an annual plan,92,2023-12-14 03:04:20,false,
TK61378,2023-12-14 03:53:00,phone,billing,normal,Question about webhook deliveries failing,158,2023-12-15 05:11:28,true,5
TK62369,2023-12-14 14:12:00,in-app,onboarding,normal,Error when two-factor authentication,139,2023-12-14 17:35:47,false,2
TK60028,2023-12-14 18:03:00,phone,account,normal,Issue with connecting the Snowflake sync,125,2023-12-17 06:03:51,false,
TK62533,2023-12-14 18:53:00,email,account,low,Error when the API rate limit,,2023-12-16 14:22:10,true,
TK63029,2023-12-15 04:11:00,email,billing,normal,Issue with log in after password reset,,2023-12-21 15:21:47,false,
TK60815,2023-12-15 06:23:00,chat,account,high,Cannot log in after password reset,11,2023-12-16 01:54:02,false,
TK60589,2023-12-15 11:01:00,phone,onboarding,high,Error when the API rate limit,68,2023-12-16 17:48:50,false,4
TK61843,2023-12-15 13:37:00,in-app,billing,low,Cannot a refund for an annual plan,264,2023-12-17 11:41:40,false,
TK62182,2023-12-15 14:31:00,in-app,technical,low,Request to the API rate limit,618,2023-12-19 11:14:22,false,4
TK63540,2023-12-15 17:25:00,chat,billing,high,Request to the invoice for last month,71,2023-12-15 19:06:37,false,
TK63758,2023-12-15 20:19:00,phone,technical,urgent,Cannot connecting the Snowflake sync,10,2023-12-16 11:00:41,false,4
TK62956,2023-12-15 21:59:00,email,technical,normal,Question about webhook deliveries failing,51,2023-12-16 06:51:40,false,
TK62698,2023-12-16 02:46:00,in-app,technical,low,Cannot downgrade my plan,22,2023-12-21 14:54:34,false,
TK60137,2023-12-16 11:06:00,phone,technical,urgent,Unable to downgrade my plan,83,2023-12-16 14:57:41,false,3
TK61098,2023-12-16 13:20:00,email,billing,normal,Unable to downgrade my plan,183,2023-12-17 04:18:01,false,4
TK62971,2023-12-16 14:22:00,chat,onboarding,normal,Issue with add a teammate,69,2023-12-18 14:08:15,false,
TK60038,2023-12-16 14:29:00,chat,billing,normal,Error when export my data,106,2023-12-16 20:24:04,false,4
TK63418,2023-12-16 14:57:00,email,billing,low,Cannot a refund for an annual plan,115,2023-12-18 21:29:05,false,5
TK61418,2023-12-16 14:58:00,chat,technical,high,Question about the invoice for last month,20,,false,
TK63358,2023-12-16 15:02:00,in-app,billing,normal,Cannot downgrade my plan,94,2023-12-22 11:35:51,false,5
TK62512,2023-12-16 15:07:00,email,billing,low,Request to downgrade my plan,139,2023-12-18 07:27:45,false,
TK63027,2023-12-16 17:38:00,chat,billing,normal,Cannot export my data,18,2023-12-17 18:56:03,false,4
TK61384,2023-12-16 18:40:00,email,technical,high,Question about two-factor authentication,139,2023-12-20 04:51:08,false,
TK62862,2023-12-16 19:26:00,email,technical,normal,Question about log in after password reset,193,2023-12-18 12:12:28,false,
TK61529,2023-12-16 19:53:00,chat,billing,low,Issue with two-factor authentication,1123,2023-12-17 16:05:11,false,4
TK62715,2023-12-16 20:59:00,chat,billing,low,Unable to webhook deliveries failing,65,,false,
TK61661,2023-12-17 10:46:00,chat,account,high,Request to two-factor authentication,72,2023-12-19 01:09:16,false,
TK63514,2023-12-17 16:34:00,email,technical,low,Error when downgrade my plan,302,2023-12-19 01:04:37,true,
TK63054,2023-12-17 16:56:00,in-app,integrations,urgent,Unable to export my data,10,,false,
TK61912,2023-12-17 19:56:00,chat,onboarding,normal,Issue with a refund for an annual plan,457,2023-12-20 12:11:28,false,4
TK63723,2023-12-17 22:36:00,in-app,billing,normal,Cannot a duplicate charge,124,2023-12-18 08:27:11,false,
TK61838,2023-12-18 00:41:00,phone,billing,low,Unable to connecting the Snowflake sync,226,2023-12-21 23:59:30,false,5
TK61357,2023-12-18 02:44:00,chat,technical,normal,Issue with export my data,125,2023-12-20 09:34:31,false,
TK60971,2023-12-18 04:42:00,chat,integrations,high,Issue with two-factor authentication,93,2023-12-18 07:41:21,true,
TK61893,2023-12-18 12:38:00,phone,onboarding,normal,Error when the API rate limit,90,2023-12-18 17:36:00,false,4
TK61371,2023-12-18 12:44:00,chat,onboarding,normal,Unable to downgrade my plan,97,2023-12-21 21:13:43,false,
TK61925,2023-12-18 23:53:00,phone,billing,high,Cannot a duplicate charge,44,2023-12-19 00:55:40,false,
TK61894,2023-12-19 02:29:00,in-app,billing,normal,Issue with the invoice for last month,,2023-12-19 10:34:08,false,
TK60606,2023-12-19 03:18:00,email,account,high,Issue with the invoice for last month,15,2023-12-19 12:31:05,false,
TK61892,2023-12-19 03:46:00,email,onboarding,normal,How do I the API rate limit,173,2023-12-19 12:41:45,false,
TK62714,2023-12-19 04:12:00,email,technical,low,How do I export my data,78,,false,
TK62504,2023-12-19 05:32:00,email,account,high,Issue with two-factor authentication,237,2023-12-19 06:50:48,false,
TK62945,2023-12-19 05:46:00,chat,integrations,normal,Question about the API rate limit,68,2023-12-20 23:08:20,false,
TK60383,2023-12-19 10:06:00,in-app,technical,low,Unable to export my data,245,2023-12-21 09:19:50,false,
TK63658,2023-12-19 11:50:00,in-app,onboarding,high,Question about the dashboard loading slowly,29,2023-12-19 17:10:44,false,
TK62058,2023-12-19 14:03:00,chat,technical,low,How do I the API rate limit,89,2023-12-22 18:25:21,false,
TK60309,2023-12-19 18:02:00,email,account,high,Error when a refund for an annual plan,62,2023-12-21 08:49:55,false,
TK62344,2023-12-19 21:16:00,chat,billing,normal,Unable to the API rate limit,84,2023-12-20 11:14:30,false,
TK61545,2023-12-20 00:36:00,email,integrations,normal,Error when a refund for an annual plan,94,2023-12-27 23:23:09,false,
TK62627,2023-12-20 01:42:00,email,integrations,normal,How do I webhook deliveries failing,125,2024-01-06 19:25:49,false,
TK61933,2023-12-20 01:56:00,phone,billing,normal,Cannot connecting the Snowflake sync,55,,false,
TK63841,2023-12-20 03:52:00,email,integrations,normal,Issue with export my data,,,false,
TK61655,2023-12-20 12:13:00,in-app,account,high,Cannot downgrade my plan,52,2023-12-20 14:59:34,false,
TK63939,2023-12-20 12:56:00,chat,account,low,Question about the invoice for last month,175,2023-12-22 07:57:27,false,4
TK63530,2023-12-20 17:22:00,email,technical,normal,Issue with a duplicate charge,79,2023-12-21 18:45:30,true,5
TK62169,2023-12-20 17:34:00,in-app,onboarding,normal,Question about connecting the Snowflake sync,153,2023-12-20 21:33:39,false,
TK61781,2023-12-20 22:54:00,in-app,onboarding,normal,Error when two-factor authentication,71,2023-12-22 03:08:43,false,
TK61143,2023-12-21 00:43:00,chat,account,low,Request to webhook deliveries failing,107,2023-12-27 07:39:10,false,3
TK60075,2023-12-21 00:49:00,chat,technical,high,Issue with export my data,16,2023-12-22 21:26:48,false,
TK60158,2023-12-21 01:53:00,in-app,billing,high,Issue with connecting the Snowflake sync,33,2023-12-21 05:40:04,false,
TK62358,2023-12-21 05:42:00,in-app,account,low,Unable to add a teammate,107,2023-12-21 18:43:44,false,
TK61965,2023-12-21 06:36:00,in-app,technical,normal,Cannot export my data,70,2023-12-22 14:30:30,false,
TK60130,2023-12-21 07:18:00,in-app,integrations,low,Unable to the API rate limit,61,2023-12-23 21:40:36,false,
TK62600,2023-12-21 08:03:00,email,integrations,high,Cannot log in after password reset,95,2023-12-21 17:53:38,false,
TK60428,2023-12-21 15:41:00,email,billing,normal,How do I a refund for an annual plan,102,2023-12-24 00:03:24,true,
TK63989,2023-12-21 16:00:00,email,technical,normal,Error when a duplicate charge,21,2023-12-22 09:42:03,true,3
TK63103,2023-12-22 00:09:00,chat,technical,high,Request to export my data,16,2023-12-22 03:26:04,false,
TK60922,2023-12-22 02:32:00,chat,technical,high,How do I two-factor authentication,69,2023-12-23 11:05:11,false,1
TK61455,2023-12-22 03:20:00,chat,billing,normal,How do I add a teammate,438,2023-12-22 08:52:31,false,
TK60588,2023-12-22 03:58:00,email,technical,high,Question about a refund for an annual plan,45,2023-12-22 09:38:08,false,
TK61382,2023-12-22 04:49:00,email,account,normal,Unable to connecting the Snowflake sync,171,2023-12-25 15:57:05,false,
TK61681,2023-12-22 05:11:00,chat,technical,low,Error when log in after password reset,216,2024-01-04 21:00:09,false,
TK61792,2023-12-22 06:03:00,phone,integrations,low,Question about export my data,628,2024-01-03 13:40:25,true,
TK62356,2023-12-22 08:10:00,chat,onboarding,normal,Request to webhook deliveries failing,36,2023-12-25 19:01:17,false,2
TK60373,2023-12-22 11:23:00,in-app,integrations,normal,Cannot downgrade my plan,93,2023-12-26 01:48:03,false,
TK62785,2023-12-22 12:33:00,in-app,integrations,normal,Request to the dashboard loading slowly,111,,false,
TK63148,2023-12-22 14:03:00,email,technical,high,How do I downgrade my plan,138,,false,
TK63214,2023-12-22 16:16:00,phone,integrations,normal,Question about a duplicate charge,86,2023-12-23 10:41:43,false,
TK61849,2023-12-23 01:33:00,chat,technical,low,Unable to export my data,62,2023-12-31 14:21:53,false,
TK62420,2023-12-23 02:30:00,in-app,onboarding,low,Request to two-factor authentication,452,2023-12-26 15:26:04,false,
TK60166,2023-12-23 02:52:00,email,account,normal,Issue with the dashboard loading slowly,63,2023-12-23 04:54:50,false,
TK60602,2023-12-23 06:53:00,email,billing,low,Unable to a duplicate charge,126,2023-12-28 06:39:54,false,5
TK60720,2023-12-23 09:42:00,in-app,account,normal,Unable to two-factor authentication,64,2023-12-23 19:19:08,false,5
TK62539,2023-12-23 14:41:00,email,technical,normal,Question about a refund for an annual plan,138,2023-12-26 07:57:56,false,
TK61046,2023-12-23 18:10:00,in-app,onboarding,high,Unable to the dashboard loading slowly,63,2023-12-24 11:38:06,false,4
TK61569,2023-12-23 19:54:00,phone,integrations,low,How do I export my data,53,2023-12-28 04:35:48,false,
TK60079,2023-12-23 21:33:00,in-app,billing,normal,Error when connecting the Snowflake sync,124,2023-12-25 08:08:35,false,
TK61889,2023-12-23 21:36:00,email,billing,low,How do I a refund for an annual plan,33,2023-12-25 23:11:58,false,
TK63035,2023-12-23 23:36:00,chat,integrations,urgent,Issue with two-factor authentication,49,2023-12-24 10:43:17,false,5
TK61842,2023-12-24 11:18:00,email,onboarding,high,Issue with webhook deliveries failing,32,2023-12-24 23:39:32,false,1
TK62343,2023-12-24 12:42:00,email,onboarding,normal,Cannot the API rate limit,117,2023-12-25 21:09:13,false,
TK62779,2023-12-24 13:42:00,in-app,onboarding,normal,Question about the dashboard loading slowly,23,2023-12-27 12:48:35,false,
TK61794,2023-12-24 16:52:00,phone,technical,normal,Error when the API rate limit,,2023-12-25 03:58:57,false,
TK61761,2023-12-24 18:08:00,chat,technical,normal,Unable to the dashboard loading slowly,18,2023-12-26 15:14:10,false,
TK62983,2023-12-24 21:19:00,phone,onboarding,low,Question about a duplicate charge,824,2023-12-25 10:08:18,false,
TK63962,2023-12-24 22:32:00,in-app,account,normal,Request to the invoice for last month,112,2023-12-25 14:01:00,false,
TK63070,2023-12-25 03:20:00,chat,integrations,normal,Error when export my data,13,2023-12-25 20:24:52,false,
TK61777,2023-12-25 08:16:00,email,onboarding,normal,How do I connecting the Snowflake sync,23,2023-12-27 14:24:14,false,
TK60153,2023-12-25 08:47:00,email,onboarding,normal,Unable to a refund for an annual plan,10,2023-12-25 13:14:48,false,5
TK63463,2023-12-25 12:23:00,email,technical,normal,Cannot webhook deliveries failing,236,2023-12-25 20:49:30,false,
TK60348,2023-12-25 13:04:00,email,integrations,low,Unable to a duplicate charge,236,2024-01-23 11:17:45,false,5
TK63598,2023-12-25 13:57:00,in-app,technical,normal,Cannot connecting the Snowflake sync,64,2023-12-27 20:37:15,false,4
TK61579,2023-12-25 17:43:00,email,billing,urgent,Issue with two-factor authentication,9,2023-12-25 19:42:11,true,
TK63999,2023-12-25 23:37:00,email,onboarding,low,Question about two-factor authentication,50,2023-12-26 19:18:02,false,5
TK61340,2023-12-26 01:07:00,chat,technical,urgent,Unable to downgrade my plan,39,2023-12-26 01:54:23,false,
TK61898,2023-12-26 05:00:00,email,technical,low,Question about two-factor authentication,172,2023-12-28 08:29:51,false,
TK61860,2023-12-26 08:19:00,in-app,account,low,How do I connecting the Snowflake sync,444,2023-12-27 09:12:23,false,5
TK62049,2023-12-26 09:59:00,email,technical,normal,Cannot two-factor authentication,136,2023-12-28 20:56:31,false,
TK62141,2023-12-26 19:53:00,in-app,onboarding,high,Question about downgrade my plan,54,2023-12-27 12:00:44,false,
TK60103,2023-12-26 20:56:00,phone,billing,low,Question about log in after password reset,536,2023-12-29 17:35:41,false,2
TK61811,2023-12-27 01:13:00,in-app,account,high,Question about the invoice for last month,112,2023-12-31 07:24:17,false,
TK62323,2023-12-27 02:30:00,in-app,technical,low,Question about connecting the Snowflake sync,85,2023-12-31 18:00:37,true,
TK63909,2023-12-27 06:26:00,email,technical,normal,Question about connecting the Snowflake sync,111,2023-12-28 17:58:47,false,
TK61280,2023-12-27 07:46:00,email,technical,low,Error when downgrade my plan,255,2024-01-01 12:01:42,false,
TK62913,2023-12-27 08:49:00,email,integrations,high,Issue with add a teammate,,2023-12-27 16:36:10,false,
TK63323,2023-12-27 09:43:00,in-app,onboarding,low,Unable to export my data,138,2023-12-30 00:19:00,false,
TK60341,2023-12-27 15:20:00,in-app,integrations,high,Question about webhook deliveries failing,134,2023-12-28 02:52:50,false,
TK63217,2023-12-27 18:18:00,email,technical,high,Issue with the dashboard loading slowly,101,2023-12-28 04:52:36,false,2
TK61036,2023-12-27 18:39:00,chat,account,urgent,Error when a duplicate charge,9,2023-12-27 21:27:36,false,
TK60412,2023-12-27 20:08:00,chat,technical,normal,Issue with a duplicate charge,69,2023-12-29 07:10:45,false,
TK62460,2023-12-27 20:14:00,chat,technical,high,Question about downgrade my plan,9,2023-12-29 14:28:12,false,
TK61559,2023-12-28 00:29:00,phone,billing,normal,Question about add a teammate,169,2023-12-28 02:39:16,true,
TK60775,2023-12-28 00:58:00,email,account,urgent,Unable to downgrade my plan,5,2023-12-28 13:02:35,false,
TK61124,2023-12-28 01:03:00,in-app,integrations,low,Issue with add a teammate,196,2023-12-29 11:06:57,false,
TK63639,2023-12-28 01:06:00,in-app,technical,normal,Cannot the API rate limit,136,2024-01-04 17:14:18,false,3
TK62417,2023-12-28 01:50:00,email,billing,normal,Question about log in after password reset,272,2023-12-29 07:38:39,false,5
TK61050,2023-12-28 05:39:00,in-app,technical,low,Request to the dashboard loading slowly,,,false,
TK63262,2023-12-28 07:08:00,in-app,integrations,urgent,Error when webhook deliveries failing,31,2023-12-29 10:21:22,false,
TK63653,2023-12-28 09:08:00,email,technical,low,Request to two-factor authentication,166,2024-01-01 18:58:13,false,
TK62179,2023-12-28 10:03:00,email,account,normal,Unable to log in after password reset,177,2023-12-28 17:44:26,false,
TK63857,2023-12-28 11:50:00,in-app,technical,low,How do I export my data,525,2024-01-04 00:10:59,false,
TK63512,2023-12-28 11:55:00,chat,account,normal,Error when the API rate limit,103,2023-12-30 13:06:44,false,
TK63950,2023-12-28 12:49:00,chat,technical,urgent,Cannot log in after password reset,15,2023-12-29 19:32:01,false,5
TK61116,2023-12-28 13:16:00,email,technical,normal,Question about log in after password reset,60,2024-01-02 15:07:34,false,3
TK61751,2023-12-28 13:57:00,chat,billing,low,Cannot export my data,216,2024-01-15 18:27:58,true,
TK60925,2023-12-28 14:29:00,chat,billing,low,Request to a duplicate charge,74,2023-12-31 19:27:01,false,5
TK61010,2023-12-28 15:49:00,email,technical,normal,Question about a duplicate charge,347,2023-12-29 12:34:16,true,
TK62001,2023-12-28 18:59:00,email,technical,high,Cannot connecting the Snowflake sync,112,2023-12-29 13:09:05,false,
TK60088,2023-12-29 01:21:00,chat,account,normal,Issue with add a teammate,113,2023-12-29 10:06:51,false,
TK60271,2023-12-29 04:16:00,chat,account,low,Question about add a teammate,110,2023-12-29 10:36:40,false,5
TK60517,2023-12-29 05:01:00,in-app,technical,high,Request to connecting the Snowflake sync,232,2023-12-30 04:15:40,true,
TK63213,2023-12-29 07:50:00,chat,integrations,low,Question about a refund for an annual plan,199,,false,
TK62284,2023-12-29 07:57:00,chat,integrations,normal,Issue with a duplicate charge,714,2024-01-11 19:17:42,false,4
TK60715,2023-12-29 08:01:00,email,technical,normal,Question about downgrade my plan,100,2023-12-30 13:39:55,true,4
TK60758,2023-12-29 08:44:00,in-app,technical,normal,Cannot two-factor authentication,440,2024-01-02 11:41:21,false,
TK63458,2023-12-29 10:12:00,email,technical,normal,Question about add a teammate,106,2023-12-30 21:11:33,false,
TK62612,2023-12-29 10:13:00,email,billing,normal,Cannot export my data,163,2023-12-29 23:50:16,false,
TK63205,2023-12-29 16:36:00,email,technical,high,Cannot export my data,41,2024-01-03 20:14:00,false,
TK60165,2023-12-29 16:50:00,email,account,normal,Unable to a refund for an annual plan,121,2023-12-30 02:11:15,false,4
TK63238,2023-12-29 16:51:00,in-app,billing,high,Issue with log in after password reset,26,2023-12-29 18:12:49,false,
TK60029,2023-12-29 18:25:00,email,account,high,Question about export my data,690,2023-12-30 00:01:12,false,
TK60211,2023-12-29 21:56:00,email,integrations,normal,Unable to log in after password reset,79,2024-01-11 03:20:05,false,
TK62748,2023-12-29 22:34:00,email,technical,normal,Cannot downgrade my plan,111,2023-12-30 15:45:01,false,4
TK61164,2023-12-30 06:23:00,chat,integrations,normal,How do I two-factor authentication,95,2024-01-04 00:32:50,false,
TK62435,2023-12-30 08:29:00,in-app,technical,high,Request to log in after password reset,11,2023-12-30 22:48:23,true,
TK62143,2023-12-30 11:45:00,in-app,onboarding,low,Unable to two-factor authentication,215,2024-01-02 14:18:48,false,4
TK61178,2023-12-30 14:39:00,email,technical,low,How do I export my data,39,2024-01-02 21:41:02,true,
TK60144,2023-12-30 23:59:00,email,technical,low,Request to a refund for an annual plan,,2024-01-08 13:47:24,false,
TK63154,2023-12-31 01:49:00,email,account,normal,How do I downgrade my plan,82,2023-12-31 18:52:49,false,5
TK63960,2023-12-31 05:02:00,in-app,billing,low,How do I a duplicate charge,220,2024-01-02 14:07:52,false,1
TK63736,2023-12-31 05:50:00,chat,technical,urgent,Request to a duplicate charge,28,2023-12-31 09:11:10,false,
TK62907,2023-12-31 05:56:00,email,technical,high,Error when connecting the Snowflake sync,11,,false,
TK60640,2023-12-31 05:58:00,email,account,normal,Request to the dashboard loading slowly,411,2023-12-31 09:53:48,false,
TK62746,2023-12-31 08:49:00,chat,onboarding,low,Request to connecting the Snowflake sync,154,2024-01-04 06:20:09,false,4
TK61138,2023-12-31 13:05:00,email,onboarding,low,Unable to the dashboard loading slowly,182,2024-01-04 04:31:38,false,
TK62036,2023-12-31 15:20:00,email,billing,normal,Unable to the dashboard loading slowly,120,2024-01-02 23:48:10,false,4
TK61557,2023-12-31 19:43:00,email,account,normal,Question about the API rate limit,64,2024-01-01 06:40:11,false,
TK63923,2023-12-31 21:30:00,email,billing,normal,Request to export my data,39,2024-01-01 06:18:17,false,
TK62881,2023-12-31 22:55:00,chat,billing,low,Cannot log in after password reset,30,2024-01-01 13:14:12,false,
TK61181,2023-12-31 23:53:00,chat,technical,normal,Request to log in after password reset,209,2024-01-03 23:50:44,false,5
TK61824,2024-01-01 00:47:00,email,integrations,low,Unable to the invoice for last month,439,2024-01-04 15:35:23,false,5
TK63680,2024-01-01 03:40:00,phone,account,normal,Error when the dashboard loading slowly,126,2024-01-03 00:28:27,false,
TK63069,2024-01-01 05:22:00,chat,technical,high,Issue with connecting the Snowflake sync,7,2024-01-01 16:57:02,false,
TK63987,2024-01-01 05:26:00,chat,billing,normal,Cannot add a teammate,70,2024-01-01 08:53:12,false,
TK60327,2024-01-01 07:53:00,in-app,onboarding,normal,Unable to webhook deliveries failing,80,2024-01-05 04:14:02,false,5
TK61504,2024-01-01 16:18:00,chat,account,low,Request to add a teammate,188,2024-01-03 07:01:46,false,
TK63722,2024-01-01 18:23:00,chat,technical,low,Error when a refund for an annual plan,117,2024-01-03 02:22:25,false,
TK63607,2024-01-01 22:10:00,in-app,onboarding,low,Cannot downgrade my plan,610,2024-01-09 14:49:23,false,
TK60031,2024-01-02 00:12:00,in-app,billing,low,Issue with two-factor authentication,180,2024-01-04 17:56:21,false,3
TK63865,2024-01-02 03:32:00,chat,technical,normal,Unable to two-factor authentication,16,,false,
TK60622,2024-01-02 12:32:00,chat,account,normal,How do I a refund for an annual plan,157,2024-01-02 13:11:32,false,
TK60829,2024-01-02 14:11:00,in-app,billing,low,Unable to the API rate limit,85,2024-01-03 21:18:50,false,
TK60927,2024-01-02 16:04:00,email,technical,low,Error when two-factor authentication,59,2024-01-07 19:56:27,false,
TK62294,2024-01-02 17:15:00,phone,billing,high,Issue with the invoice for last month,12,2024-01-03 00:17:23,false,
TK63088,2024-01-02 18:19:00,chat,billing,high,Cannot a duplicate charge,,2024-01-05 14:29:29,false,5
TK61917,2024-01-02 18:24:00,email,technical,urgent,Cannot the API rate limit,56,,false,
TK63014,2024-01-03 02:45:00,in-app,billing,normal,Request to add a teammate,105,2024-01-06 16:32:15,false,
TK62331,2024-01-03 03:51:00,email,account,low,Unable to a duplicate charge,61,2024-01-04 22:38:27,false,
TK61934,2024-01-03 04:01:00,email,account,normal,Cannot connecting the Snowflake sync,12,2024-01-06 00:45:04,true,
TK61034,2024-01-03 04:37:00,phone,billing,high,Error when webhook deliveries failing,63,2024-01-05 08:54:02,false,5
TK61259,2024-01-03 05:53:00,in-app,technical,low,Issue with the dashboard loading slowly,225,2024-01-06 08:57:18,false,2
TK61296,2024-01-03 08:20:00,chat,billing,normal,How do I add a teammate,93,2024-01-06 02:23:00,false,1
TK61489,2024-01-03 08:31:00,chat,account,normal,Issue with a refund for an annual plan,100,2024-01-03 16:07:24,false,3
TK60479,2024-01-03 10:03:00,phone,integrations,urgent,Question about the dashboard loading slowly,8,2024-01-03 12:56:58,false,
TK60650,2024-01-03 10:24:00,email,billing,high,How do I log in after password reset,26,2024-01-03 16:46:23,false,
TK62474,2024-01-03 13:59:00,phone,integrations,high,How do I export my data,50,2024-01-07 12:41:51,false,4
TK63940,2024-01-03 14:55:00,chat,billing,normal,Issue with two-factor authentication,267,2024-01-03 18:16:29,false,
TK62783,2024-01-03 19:29:00,chat,onboarding,low,How do I two-factor authentication,150,2024-01-05 09:34:55,false,
TK60410,2024-01-04 00:44:00,chat,technical,normal,Question about log in after password reset,131,2024-01-05 04:08:38,false,5
TK63921,2024-01-04 02:37:00,in-app,technical,normal,Issue with downgrade my plan,79,2024-01-04 13:58:55,false,
TK60541,2024-01-04 03:11:00,chat,onboarding,high,Request to export my data,41,2024-01-04 07:23:03,false,
TK62150,2024-01-04 06:28:00,email,account,low,Cannot export my data,88,2024-01-09 21:01:37,false,5
TK61555,2024-01-04 13:24:00,in-app,technical,normal,Request to two-factor authentication,36,2024-01-05 23:52:38,true,
TK60376,2024-01-04 18:22:00,email,integrations,normal,Issue with webhook deliveries failing,300,2024-01-14 16:10:54,false,
TK62981,2024-01-04 18:28:00,email,technical,high,Error when add a teammate,183,2024-01-04 23:40:02,false,1
TK60865,2024-01-04 19:49:00,in-app,technical,normal,Question about the API rate limit,24,2024-01-09 19:04:34,false,
TK61932,2024-01-04 23:44:00,chat,account,normal,Unable to downgrade my plan,82,2024-01-05 08:57:52,false,
TK62159,2024-01-05 00:33:00,email,onboarding,normal,How do I the dashboard loading slowly,149,2024-01-05 04:53:47,false,
TK63196,2024-01-05 02:57:00,email,account,low,Unable to add a teammate,,2024-01-12 08:58:36,false,
TK63136,2024-01-05 08:43:00,in-app,technical,normal,Issue with connecting the Snowflake sync,24,2024-01-05 21:31:45,false,
TK61112,2024-01-05 17:19:00,email,technical,normal,Error when webhook deliveries failing,53,2024-01-08 14:16:49,true,
TK60329,2024-01-05 18:39:00,email,integrations,normal,Question about downgrade my plan,105,2024-01-11 09:30:43,false,5
TK61682,2024-01-05 20:13:00,phone,technical,normal,Question about the API rate limit,240,2024-01-06 13:00:03,false,
TK61271,2024-01-06 00:20:00,email,technical,high,Cannot add a teammate,57,2024-01-07 18:41:11,false,
TK61362,2024-01-06 01:43:00,chat,technical,normal,Question about connecting the Snowflake sync,93,2024-01-06 21:32:09,false,
TK62760,2024-01-06 04:20:00,email,onboarding,normal,Unable to export my data,191,2024-01-06 09:37:04,false,1
TK60504,2024-01-06 04:22:00,chat,technical,high,Issue with a duplicate charge,4,2024-01-08 14:36:43,false,4
TK61222,2024-01-06 05:02:00,phone,billing,low,Error when a duplicate charge,37,2024-01-15 06:22:49,false,
TK62390,2024-01-06 06:57:00,chat,onboarding,low,Unable to a refund for an annual plan,638,2024-01-13 14:00:16,false,
TK62263,2024-01-06 07:30:00,email,technical,normal,Cannot log in after password reset,76,2024-01-07 15:47:37,false,
TK60284,2024-01-06 07:57:00,chat,billing,normal,Request to a duplicate charge,11,2024-01-07 06:25:23,false,4
TK62788,2024-01-06 09:10:00,in-app,onboarding,normal,Request to add a teammate,379,2024-01-07 12:36:09,false,
TK60293,2024-01-06 11:04:00,email,technical,low,How do I webhook deliveries failing,89,2024-01-06 21:28:45,false,5
TK60421,2024-01-06 13:00:00,email,technical,high,Error when log in after password reset,57,,false,
TK62018,2024-01-06 15:26:00,in-app,billing,urgent,How do I the API rate limit,15,2024-01-06 17:57:56,false,
TK61337,2024-01-06 18:30:00,in-app,technical,urgent,How do I the invoice for last month,11,2024-01-07 09:14:50,false,
TK62089,2024-01-06 22:08:00,chat,integrations,high,Question about add a teammate,40,2024-01-07 20:16:27,false,
TK63067,2024-01-06 22:13:00,chat,billing,low,Error when log in after password reset,94,2024-01-11 14:05:21,false,
TK62370,2024-01-07 00:23:00,in-app,integrations,high,Error when export my data,103,2024-01-08 10:03:59,false,
TK62266,2024-01-07 01:26:00,in-app,account,low,How do I downgrade my plan,1412,2024-01-07 20:40:03,false,
TK62590,2024-01-07 06:09:00,email,technical,normal,Request to downgrade my plan,77,2024-01-10 20:34:32,false,
TK60152,2024-01-07 09:42:00,email,account,normal,Question about log in after password reset,97,2024-01-09 06:45:35,false,
TK63031,2024-01-07 14:08:00,in-app,billing,high,Request to the dashboard loading slowly,65,,false,
TK61950,2024-01-07 17:12:00,in-app,technical,low,Error when two-factor authentication,293,2024-01-08 09:26:38,false,2
TK63469,2024-01-07 17:18:00,email,technical,normal,Error when log in after password reset,118,2024-01-08 16:04:32,false,
TK63502,2024-01-07 19:37:00,in-app,technical,high,Unable to downgrade my plan,45,2024-01-10 10:49:53,false,3
TK60070,2024-01-07 20:17:00,in-app,integrations,normal,Request to webhook deliveries failing,95,2024-01-12 04:16:30,false,5
TK61897,2024-01-07 20:19:00,chat,account,normal,Issue with webhook deliveries failing,39,2024-01-08 00:03:19,true,
TK63382,2024-01-07 20:33:00,in-app,billing,normal,Unable to add a teammate,749,2024-01-08 08:05:07,true,
TK63593,2024-01-07 21:01:00,chat,onboarding,high,Unable to the invoice for last month,62,2024-01-08 14:52:45,false,
TK62411,2024-01-07 23:24:00,in-app,technical,high,Cannot add a teammate,35,2024-01-10 16:41:23,false,
TK63272,2024-01-08 00:34:00,email,billing,high,How do I export my data,41,2024-01-08 07:03:05,false,
TK62476,2024-01-08 01:18:00,email,billing,urgent,Error when two-factor authentication,3,,false,
TK61899,2024-01-08 04:24:00,chat,onboarding,normal,Question about the invoice for last month,39,2024-01-08 18:41:19,false,
TK63709,2024-01-08 04:46:00,phone,billing,normal,Unable to add a teammate,88,2024-01-08 13:39:47,true,
TK61734,2024-01-08 06:15:00,chat,integrations,normal,Request to a duplicate charge,181,2024-01-11 23:02:30,true,5
TK60370,2024-01-08 06:41:00,email,billing,low,Error when webhook deliveries failing,323,2024-01-10 05:16:52,true,
TK60367,2024-01-08 13:01:00,in-app,account,normal,Issue with the dashboard loading slowly,93,2024-01-08 19:03:13,false,3
TK62968,2024-01-08 14:01:00,email,onboarding,normal,Request to webhook deliveries failing,252,2024-01-09 21:25:21,false,
TK61675,2024-01-08 16:05:00,phone,technical,normal,Request to a duplicate charge,50,,false,
TK62716,2024-01-08 17:09:00,email,integrations,normal,Issue with log in after password reset,,2024-01-09 05:25:45,false,
TK62307,2024-01-08 17:49:00,in-app,account,low,Question about the API rate limit,83,2024-01-10 22:56:22,false,4
TK62763,2024-01-08 18:10:00,in-app,account,normal,Request to the API rate limit,46,,false,
TK63550,2024-01-08 18:57:00,email,technical,high,How do I webhook deliveries failing,41,2024-01-08 22:06:45,false,
TK62693,2024-01-08 23:44:00,email,billing,normal,Request to downgrade my plan,107,2024-01-09 06:42:40,false,
TK61289,2024-01-09 00:13:00,phone,account,normal,Unable to the API rate limit,110,2024-01-09 17:50:37,false,4
TK60945,2024-01-09 00:55:00,in-app,onboarding,normal,Question about two-factor authentication,133,2024-01-09 16:07:57,false,
TK63299,2024-01-09 05:06:00,in-app,integrations,normal,Cannot downgrade my plan,79,2024-01-09 20:21:58,false,5
TK62691,2024-01-09 10:54:00,in-app,integrations,normal,Issue with the API rate limit,169,2024-01-21 00:03:25,false,5
TK63628,2024-01-09 10:58:00,phone,technical,low,Unable to the invoice for last month,76,2024-01-14 19:48:33,false,
TK61218,2024-01-09 16:52:00,chat,billing,normal,Cannot the API rate limit,112,,false,
TK63207,2024-01-09 21:05:00,email,account,low,How do I a refund for an annual plan,52,2024-01-10 16:40:14,false,
TK63907,2024-01-10 04:38:00,in-app,billing,low,Request to log in after password reset,125,,false,
TK60819,2024-01-10 05:53:00,in-app,account,high,Unable to connecting the Snowflake sync,101,2024-01-10 09:06:20,false,5
TK60628,2024-01-10 09:18:00,chat,billing,high,Unable to two-factor authentication,364,2024-01-10 12:17:09,true,
TK62200,2024-01-10 12:05:00,email,onboarding,normal,Request to downgrade my plan,102,2024-01-10 16:28:23,false,
TK63970,2024-01-10 13:41:00,chat,integrations,normal,Question about the invoice for last month,639,,false,
TK61871,2024-01-10 21:48:00,chat,technical,low,Unable to webhook deliveries failing,,2024-01-13 05:41:06,false,
TK61691,2024-01-10 22:29:00,email,onboarding,high,Request to the dashboard loading slowly,2,2024-01-11 04:19:39,true,
TK60181,2024-01-10 23:49:00,email,account,normal,How do I downgrade my plan,353,2024-01-11 05:29:58,false,
TK63040,2024-01-11 02:30:00,email,billing,high,Error when a duplicate charge,46,2024-01-11 13:50:02,false,
TK61628,2024-01-11 02:37:00,in-app,technical,low,Error when export my data,152,2024-01-18 07:42:11,false,
TK61928,2024-01-11 03:09:00,email,integrations,normal,Question about log in after password reset,226,2024-01-12 17:55:15,true,
TK62011,2024-01-11 04:56:00,email,technical,low,Unable to the dashboard loading slowly,23,2024-01-12 07:48:04,true,
TK62782,2024-01-11 07:36:00,phone,technical,low,Question about the API rate limit,90,2024-01-13 21:17:12,false,
TK60908,2024-01-11 09:03:00,chat,onboarding,low,How do I the dashboard loading slowly,547,2024-01-12 09:00:55,false,
TK62289,2024-01-11 09:12:00,email,technical,normal,Unable to export my data,55,2024-01-15 14:32:15,false,
TK61749,2024-01-11 13:25:00,in-app,account,low,Issue with the invoice for last month,66,2024-01-14 13:56:53,false,
TK60525,2024-01-11 18:37:00,in-app,integrations,low,How do I log in after password reset,123,2024-01-12 19:37:13,true,4
TK61385,2024-01-11 19:10:00,email,technical,urgent,Unable to connecting the Snowflake sync,10,2024-01-12 20:16:57,true,3
TK60751,2024-01-11 20:08:00,in-app,onboarding,normal,Error when log in after password reset,104,2024-01-12 10:11:25,false,4
TK60401,2024-01-11 21:25:00,email,integrations,low,How do I the invoice for last month,28,2024-01-14 10:56:48,false,
TK63847,2024-01-12 04:34:00,email,account,low,Request to add a teammate,762,2024-01-12 07:06:16,false,
TK62809,2024-01-12 04:53:00,chat,integrations,normal,Cannot log in after password reset,30,2024-01-13 23:33:23,false,
TK61775,2024-01-12 06:48:00,phone,integrations,low,Question about two-factor authentication,138,2024-01-15 00:42:13,false,5
TK61576,2024-01-12 21:18:00,phone,onboarding,normal,Request to the invoice for last month,55,2024-01-13 13:22:57,false,
TK61564,2024-01-12 23:39:00,in-app,technical,normal,How do I log in after password reset,140,2024-01-15 03:15:04,false,5
TK61139,2024-01-13 03:37:00,in-app,integrations,normal,Request to downgrade my plan,204,2024-01-14 04:59:51,false,5
TK61760,2024-01-13 04:53:00,in-app,billing,high,Request to webhook deliveries failing,19,2024-01-16 06:53:48,false,5
TK60174,2024-01-13 06:45:00,phone,technical,high,Issue with a duplicate charge,150,2024-01-13 08:55:56,false,
TK62747,2024-01-13 06:57:00,email,billing,high,How do I export my data,26,2024-01-14 04:32:02,false,
TK62815,2024-01-13 08:31:00,in-app,technical,low,Question about add a teammate,121,2024-01-15 15:07:04,false,4
TK63897,2024-01-13 16:05:00,phone,technical,low,Cannot the invoice for last month,203,2024-01-14 19:15:30,false,
TK63479,2024-01-13 20:09:00,email,billing,low,Question about the invoice for last month,274,2024-01-16 06:09:52,false,
TK63388,2024-01-13 22:43:00,email,technical,normal,Cannot add a teammate,71,2024-01-25 08:54:41,false,
TK62685,2024-01-13 23:49:00,email,onboarding,high,Error when the API rate limit,85,2024-01-17 23:01:41,false,3
TK63932,2024-01-13 23:55:00,email,integrations,low,Issue with connecting the Snowflake sync,217,2024-01-21 11:55:50,false,5
TK60312,2024-01-14 00:07:00,in-app,technical,normal,Unable to downgrade my plan,288,2024-01-20 07:08:55,false,5
TK61284,2024-01-14 00:50:00,chat,billing,normal,Cannot the invoice for last month,33,2024-01-15 13:00:42,false,5
TK63009,2024-01-14 01:12:00,in-app,onboarding,urgent,Question about log in after password reset,15,2024-01-14 03:36:55,true,
TK61954,2024-01-14 01:38:00,chat,technical,high,Cannot a refund for an annual plan,13,2024-01-16 23:56:12,false,5
TK62891,2024-01-14 04:02:00,email,account,normal,Request to the API rate limit,368,2024-01-14 20:55:46,false,
TK61068,2024-01-14 05:38:00,chat,technical,normal,Error when add a teammate,101,2024-01-14 18:26:29,false,3
TK60304,2024-01-14 11:18:00,email,technical,normal,Unable to the invoice for last month,39,2024-01-15 04:14:44,false,
TK60633,2024-01-14 12:46:00,in-app,account,high,How do I webhook deliveries failing,136,2024-01-14 14:13:10,false,4
TK61739,2024-01-14 15:02:00,email,billing,normal,Request to the dashboard loading slowly,13,2024-01-18 06:03:37,false,
TK60579,2024-01-14 15:13:00,email,onboarding,normal,Error when a duplicate charge,431,2024-01-15 14:33:48,false,
TK63977,2024-01-14 17:42:00,phone,account,high,Unable to log in after password reset,139,2024-01-16 14:16:27,false,
TK61349,2024-01-14 19:17:00,in-app,technical,high,Issue with downgrade my plan,18,2024-01-15 01:27:16,false,
TK61878,2024-01-14 21:52:00,email,billing,low,Question about connecting the Snowflake sync,330,2024-01-15 11:56:50,false,
TK63629,2024-01-14 22:48:00,email,technical,urgent,Cannot a duplicate charge,27,2024-01-15 01:56:44,false,
TK63979,2024-01-14 23:17:00,email,technical,high,Issue with downgrade my plan,21,,false,
TK63576,2024-01-15 04:45:00,email,technical,normal,Request to a duplicate charge,77,2024-01-18 22:29:39,false,3
TK62649,2024-01-15 05:38:00,in-app,onboarding,urgent,Error when two-factor authentication,5,2024-01-15 19:50:30,false,
TK60015,2024-01-15 08:35:00,email,technical,normal,How do I a refund for an annual plan,124,2024-01-15 22:30:23,false,
TK60224,2024-01-15 09:37:00,email,technical,normal,Cannot export my data,239,2024-01-15 23:23:22,false,3
TK62556,2024-01-15 13:01:00,in-app,account,normal,Request to export my data,133,2024-01-16 01:48:16,false,
TK61942,2024-01-15 14:10:00,email,integrations,low,Unable to the dashboard loading slowly,85,2024-01-16 17:50:35,false,
TK61713,2024-01-15 14:24:00,email,onboarding,low,How do I log in after password reset,122,2024-01-16 19:27:24,false,
TK62830,2024-01-15 17:42:00,phone,billing,normal,Question about add a teammate,86,2024-01-15 21:19:36,false,
TK63491,2024-01-15 20:19:00,phone,account,high,Cannot the dashboard loading slowly,189,2024-01-16 08:30:08,false,3
TK62345,2024-01-15 23:20:00,email,onboarding,high,Unable to connecting the Snowflake sync,68,2024-01-16 11:34:55,false,
TK63922,2024-01-16 00:23:00,phone,onboarding,normal,How do I export my data,138,2024-01-16 03:13:14,false,
TK61402,2024-01-16 01:17:00,in-app,account,low,Error when add a teammate,396,2024-01-16 03:53:52,false,
TK61024,2024-01-16 05:26:00,in-app,billing,normal,How do I a duplicate charge,70,2024-01-16 15:29:41,false,
TK61326,2024-01-16 10:24:00,chat,onboarding,high,Unable to the invoice for last month,52,2024-01-16 14:51:32,false,
TK60737,2024-01-16 12:55:00,phone,integrations,normal,Issue with add a teammate,65,,false,
TK60197,2024-01-16 13:35:00,in-app,onboarding,high,Question about the dashboard loading slowly,25,2024-01-16 18:07:28,false,
TK62271,2024-01-16 18:34:00,phone,integrations,normal,Question about a duplicate charge,179,2024-01-26 01:22:35,false,
TK60440,2024-01-16 23:44:00,chat,billing,urgent,Unable to a refund for an annual plan,25,2024-01-17 05:28:29,false,
TK63385,2024-01-17 03:47:00,phone,technical,low,Question about webhook deliveries failing,,2024-01-17 23:25:53,true,
TK60124,2024-01-17 04:39:00,email,billing,normal,How do I webhook deliveries failing,117,2024-01-19 16:39:21,false,
TK60045,2024-01-17 05:47:00,in-app,technical,normal,How do I downgrade my plan,152,2024-01-19 14:11:38,false,
TK61089,2024-01-17 06:41:00,phone,technical,normal,Unable to the invoice for last month,96,2024-01-19 01:27:05,false,
TK60572,2024-01-17 07:57:00,chat,technical,low,How do I downgrade my plan,227,2024-01-21 05:04:12,false,
TK61403,2024-01-17 08:21:00,in-app,technical,normal,Issue with a refund for an annual plan,41,2024-01-18 21:44:16,false,4
TK60705,2024-01-17 13:50:00,email,integrations,normal,Error when log in after password reset,320,2024-01-20 23:16:21,false,
TK63998,2024-01-17 18:28:00,email,onboarding,normal,Cannot webhook deliveries failing,270,2024-01-18 18:45:09,false,4
TK62270,2024-01-17 18:30:00,email,technical,high,Request to a duplicate charge,59,2024-01-21 01:07:42,false,3
TK62827,2024-01-17 20:06:00,phone,integrations,low,Request to two-factor authentication,20,2024-01-18 14:44:26,false,4
TK62954,2024-01-17 21:39:00,email,billing,high,Unable to a duplicate charge,99,2024-01-17 22:43:12,false,
TK60138,2024-01-18 02:19:00,in-app,integrations,normal,Cannot export my data,85,2024-01-21 21:55:58,false,5
TK62789,2024-01-18 02:56:00,chat,technical,high,Unable to export my data,48,2024-01-18 20:32:13,false,
TK60995,2024-01-18 03:39:00,phone,billing,high,Unable to the invoice for last month,46,2024-01-19 03:08:34,false,3
TK62966,2024-01-18 06:18:00,phone,technical,normal,Error when a duplicate charge,206,2024-01-23 11:15:10,false,4
TK63755,2024-01-18 07:38:00,email,onboarding,normal,Cannot the invoice for last month,115,2024-01-18 18:14:15,false,5
TK63982,2024-01-18 08:49:00,phone,technical,low,Request to the API rate limit,932,2024-01-21 21:11:47,false,
TK62449,2024-01-18 12:56:00,in-app,onboarding,normal,Request to add a teammate,281,2024-01-21 14:56:54,false,
TK60150,2024-01-18 14:49:00,email,technical,high,Error when export my data,18,2024-01-19 18:40:36,false,
TK63356,2024-01-18 22:55:00,email,onboarding,normal,Unable to webhook deliveries failing,66,2024-01-28 20:37:18,false,
TK61103,2024-01-18 23:30:00,email,onboarding,normal,Request to a refund for an annual plan,74,2024-01-19 21:23:25,false,
TK63910,2024-01-19 00:19:00,in-app,onboarding,urgent,How do I the dashboard loading slowly,21,2024-01-19 02:54:08,false,
TK61550,2024-01-19 01:14:00,in-app,billing,high,Question about a refund for an annual plan,34,2024-01-20 00:17:49,false,
TK63667,2024-01-19 03:20:00,chat,billing,high,How do I the API rate limit,18,2024-01-19 08:28:43,false,2
TK60037,2024-01-19 03:33:00,phone,integrations,high,Cannot export my data,86,2024-01-19 08:26:31,false,
TK60791,2024-01-19 08:37:00,email,integrations,normal,Error when the API rate limit,163,2024-01-20 04:47:21,false,
TK63085,2024-01-19 08:57:00,email,account,low,How do I downgrade my plan,379,2024-01-21 13:54:33,false,
TK63911,2024-01-19 09:40:00,chat,integrations,low,Cannot webhook deliveries failing,152,2024-01-22 18:50:39,false,
TK61787,2024-01-19 13:48:00,chat,integrations,high,Error when two-factor authentication,63,2024-01-21 14:46:05,false,
TK61969,2024-01-19 14:41:00,email,onboarding,low,Unable to a duplicate charge,414,2024-01-21 03:26:36,false,3
TK63750,2024-01-19 16:58:00,email,onboarding,normal,Cannot export my data,34,2024-01-20 06:47:26,false,
TK61935,2024-01-19 18:19:00,in-app,technical,high,How do I a refund for an annual plan,114,2024-01-20 08:30:58,false,
TK62865,2024-01-19 18:39:00,email,technical,low,Cannot the dashboard loading slowly,160,2024-01-26 19:22:31,false,5
TK62151,2024-01-19 20:44:00,phone,technical,low,Question about connecting the Snowflake sync,322,2024-01-21 11:32:59,false,
TK63791,2024-01-19 20:53:00,in-app,account,normal,Unable to add a teammate,13,2024-01-20 20:08:23,false,
TK62332,2024-01-19 22:25:00,in-app,billing,low,Cannot a duplicate charge,1732,2024-01-21 01:14:24,false,
TK63587,2024-01-20 03:24:00,in-app,technical,low,Cannot downgrade my plan,,2024-01-23 02:31:16,false,
TK63177,2024-01-20 04:42:00,email,technical,normal,How do I the invoice for last month,47,2024-01-25 02:16:35,false,
TK61837,2024-01-20 05:29:00,in-app,account,normal,Cannot a refund for an annual plan,67,2024-01-22 10:33:44,false,
TK63993,2024-01-20 05:38:00,in-app,onboarding,high,Unable to the invoice for last month,23,2024-01-20 08:56:54,false,
TK62850,2024-01-20 06:07:00,email,account,urgent,Issue with the API rate limit,19,2024-01-20 08:58:38,false,
TK62380,2024-01-20 07:15:00,in-app,technical,normal,How do I export my data,14,2024-01-22 09:45:47,false,4
TK60779,2024-01-20 10:23:00,in-app,technical,urgent,Request to the API rate limit,9,2024-01-22 20:54:44,false,
TK60951,2024-01-20 13:40:00,email,integrations,normal,Error when webhook deliveries failing,265,2024-01-20 21:17:01,false,5
TK60532,2024-01-20 14:29:00,in-app,technical,normal,Issue with webhook deliveries failing,90,2024-01-22 14:14:02,false,
TK61845,2024-01-20 14:36:00,email,account,low,Unable to a duplicate charge,46,2024-01-20 16:08:38,false,
TK63934,2024-01-20 15:42:00,chat,account,low,Request to export my data,125,2024-01-28 03:50:11,false,
TK63039,2024-01-20 16:00:00,email,billing,high,Cannot add a teammate,18,2024-01-23 11:50:40,false,5
TK60295,2024-01-20 19:23:00,phone,technical,normal,Error when a refund for an annual plan,119,,false,
TK60769,2024-01-20 21:57:00,chat,account,normal,Issue with export my data,167,2024-01-21 07:55:11,false,
TK63349,2024-01-20 22:12:00,in-app,technical,normal,Error when two-factor authentication,35,2024-01-22 05:48:55,false,4
TK60550,2024-01-21 00:13:00,in-app,technical,high,Request to export my data,47,2024-01-21 14:50:37,false,1
TK60853,2024-01-21 01:26:00,chat,technical,high,Issue with the invoice for last month,102,,false,
TK63026,2024-01-21 03:28:00,chat,account,low,Error when the API rate limit,580,2024-01-21 09:28:12,true,
TK61460,2024-01-21 04:58:00,email,onboarding,normal,Unable to add a teammate,62,2024-01-21 12:09:32,false,4
TK61347,2024-01-21 05:03:00,email,billing,normal,How do I log in after password reset,110,2024-01-21 23:42:23,false,
TK63899,2024-01-21 05:06:00,email,integrations,urgent,Request to downgrade my plan,59,2024-01-21 10:42:37,false,5
TK62681,2024-01-21 07:57:00,chat,account,normal,Error when the API rate limit,125,2024-01-21 16:03:09,false,2
TK61003,2024-01-21 08:42:00,email,account,normal,Request to the dashboard loading slowly,123,2024-01-27 10:12:50,false,5
TK62636,2024-01-21 12:13:00,chat,account,high,Error when two-factor authentication,93,2024-01-21 23:49:17,false,5
TK60852,2024-01-21 14:10:00,email,technical,low,Error when the dashboard loading slowly,1211,2024-01-22 08:56:26,false,2
TK60020,2024-01-21 16:30:00,chat,account,normal,Unable to webhook deliveries failing,52,2024-01-23 13:10:59,false,
TK61972,2024-01-21 17:32:00,email,integrations,high,Cannot export my data,20,2024-01-22 11:33:48,false,
TK61702,2024-01-21 21:31:00,in-app,account,high,Unable to two-factor authentication,34,2024-01-22 06:03:07,false,
TK63304,2024-01-21 22:33:00,chat,account,high,Unable to downgrade my plan,173,2024-01-22 02:55:46,false,
TK63361,2024-01-22 01:07:00,email,technical,normal,Request to the invoice for last month,55,2024-01-24 12:06:27,false,
TK63519,2024-01-22 02:58:00,chat,account,normal,Question about webhook deliveries failing,66,2024-01-22 04:08:17,false,
TK60186,2024-01-22 04:12:00,in-app,onboarding,low,Unable to a duplicate charge,1296,2024-01-22 19:31:09,false,
TK62564,2024-01-22 06:27:00,in-app,technical,low,Request to connecting the Snowflake sync,17,2024-01-29 12:04:48,false,
TK63030,2024-01-22 06:39:00,chat,account,high,Cannot a refund for an annual plan,89,2024-01-22 10:57:46,false,5
TK61474,2024-01-22 08:43:00,email,integrations,high,Question about two-factor authentication,180,,false,
TK62351,2024-01-22 09:30:00,chat,account,low,Unable to add a teammate,61,2024-01-22 18:11:59,false,
TK63362,2024-01-22 09:37:00,chat,onboarding,high,Request to a duplicate charge,114,2024-01-22 11:27:01,false,
TK60478,2024-01-22 12:06:00,chat,integrations,high,How do I connecting the Snowflake sync,209,,false,
TK60941,2024-01-22 13:02:00,in-app,billing,low,Question about add a teammate,43,2024-01-27 03:38:32,false,
TK63612,2024-01-22 16:16:00,in-app,integrations,normal,Question about webhook deliveries failing,251,2024-01-22 23:08:45,false,4
TK62520,2024-01-22 17:00:00,chat,technical,low,Error when downgrade my plan,44,2024-01-23 16:09:02,false,1
TK62065,2024-01-22 19:40:00,email,technical,normal,Issue with log in after password reset,513,2024-01-23 11:19:59,true,4
TK61223,2024-01-22 21:02:00,chat,technical,normal,Cannot the dashboard loading slowly,161,2024-01-23 05:39:06,false,3
TK63537,2024-01-22 21:25:00,chat,billing,urgent,Error when the dashboard loading slowly,19,2024-01-22 23:12:51,false,
TK63459,2024-01-22 21:54:00,chat,onboarding,urgent,Error when the invoice for last month,14,2024-01-23 01:47:07,false,
TK60547,2024-01-23 00:32:00,chat,billing,normal,Request to log in after password reset,301,2024-01-23 10:42:04,true,
TK63846,2024-01-23 01:04:00,in-app,account,high,How do I connecting the Snowflake sync,21,2024-01-24 05:22:46,false,
TK62497,2024-01-23 03:44:00,chat,billing,high,Cannot a refund for an annual plan,30,2024-01-23 14:22:01,false,
TK61604,2024-01-23 04:23:00,in-app,technical,low,Issue with the dashboard loading slowly,791,2024-01-24 00:14:12,false,4
TK60721,2024-01-23 05:23:00,email,technical,normal,Error when downgrade my plan,425,2024-01-31 17:28:39,false,4
TK60170,2024-01-23 06:24:00,chat,integrations,low,How do I a duplicate charge,387,,false,
TK61467,2024-01-23 06:52:00,phone,technical,normal,Unable to webhook deliveries failing,34,2024-01-24 11:07:58,false,5
TK63526,2024-01-23 15:37:00,email,onboarding,low,Issue with the API rate limit,148,,false,
TK62845,2024-01-23 18:27:00,in-app,billing,normal,Cannot export my data,89,2024-01-23 23:45:52,false,
TK62218,2024-01-23 20:11:00,in-app,integrations,normal,Issue with the invoice for last month,27,2024-01-25 23:40:21,false,
TK62409,2024-01-23 22:49:00,email,billing,normal,How do I the invoice for last month,24,2024-01-24 23:23:02,true,
TK61092,2024-01-23 23:46:00,phone,technical,low,Issue with downgrade my plan,386,2024-02-01 06:18:06,false,
TK62350,2024-01-24 02:10:00,chat,account,low,Error when connecting the Snowflake sync,711,2024-01-26 01:42:19,false,
TK62319,2024-01-24 07:01:00,in-app,onboarding,urgent,Error when a refund for an annual plan,20,2024-01-24 08:13:01,false,
TK62739,2024-01-24 08:57:00,email,account,normal,Request to connecting the Snowflake sync,213,2024-01-27 12:43:49,false,
TK62617,2024-01-24 09:42:00,in-app,technical,low,Unable to downgrade my plan,480,2024-01-25 20:12:09,false,2
TK60683,2024-01-24 10:06:00,in-app,integrations,high,Issue with the invoice for last month,118,2024-01-25 00:22:32,false,5
TK60063,2024-01-24 10:17:00,email,onboarding,high,How do I a refund for an annual plan,66,2024-01-24 22:46:52,false,
TK61473,2024-01-24 13:43:00,email,technical,high,Question about two-factor authentication,100,2024-01-25 15:29:29,false,
TK63042,2024-01-24 14:49:00,email,billing,normal,Question about downgrade my plan,86,2024-01-25 01:39:09,false,5
TK62998,2024-01-24 15:35:00,email,technical,normal,How do I the API rate limit,51,2024-01-26 04:52:55,false,5
TK63830,2024-01-24 16:03:00,email,onboarding,normal,Unable to log in after password reset,25,,false,
TK62794,2024-01-25 05:10:00,phone,billing,normal,How do I the invoice for last month,209,2024-01-26 03:56:19,false,
TK62804,2024-01-25 05:28:00,in-app,technical,high,Question about the invoice for last month,7,2024-01-25 15:26:17,false,5
TK60113,2024-01-25 06:19:00,chat,integrations,normal,How do I the invoice for last month,99,2024-01-26 19:13:20,false,
TK61423,2024-01-25 06:24:00,in-app,billing,high,Question about log in after password reset,,2024-01-25 16:37:36,false,
TK62611,2024-01-25 12:25:00,phone,billing,low,Cannot downgrade my plan,123,2024-01-26 07:43:35,false,3
TK60321,2024-01-25 12:32:00,email,technical,low,Question about add a teammate,42,2024-01-30 23:35:30,false,
TK63106,2024-01-25 13:25:00,phone,technical,high,Unable to the invoice for last month,25,2024-01-25 16:01:59,false,
TK62772,2024-01-25 15:21:00,email,account,normal,Question about downgrade my plan,110,2024-01-25 21:32:40,false,
TK60638,2024-01-25 16:20:00,email,billing,low,Question about a duplicate charge,59,2024-01-27 06:44:46,false,1
TK61268,2024-01-25 20:05:00,email,technical,low,Request to the invoice for last month,129,2024-01-26 13:26:56,false,
TK60770,2024-01-25 20:38:00,email,onboarding,low,Question about the dashboard loading slowly,308,2024-01-26 15:58:29,false,3
TK61040,2024-01-25 21:02:00,email,billing,normal,Request to add a teammate,34,2024-01-26 10:32:19,false,
TK63087,2024-01-25 22:47:00,in-app,integrations,normal,How do I a duplicate charge,120,,false,
TK62679,2024-01-26 01:15:00,email,billing,low,How do I add a teammate,683,2024-01-27 04:59:05,false,
TK62861,2024-01-26 02:38:00,chat,account,normal,Cannot downgrade my plan,155,2024-01-26 15:11:33,false,
TK61840,2024-01-26 04:21:00,in-app,onboarding,high,How do I the invoice for last month,53,2024-01-27 02:26:19,false,5
TK63916,2024-01-26 10:13:00,email,account,normal,Issue with a duplicate charge,113,2024-01-26 17:17:15,false,5
TK61599,2024-01-26 10:56:00,email,onboarding,high,Issue with the dashboard loading slowly,29,2024-01-26 12:56:35,false,1
TK60891,2024-01-26 19:51:00,email,billing,normal,How do I the invoice for last month,87,2024-01-28 11:17:35,false,
TK63408,2024-01-26 20:53:00,chat,account,normal,Request to add a teammate,287,2024-01-28 01:11:55,true,
TK60448,2024-01-26 21:54:00,email,technical,low,Question about the dashboard loading slowly,393,2024-01-29 23:58:17,false,
TK61869,2024-01-27 00:36:00,email,billing,normal,Error when the dashboard loading slowly,53,2024-01-29 07:28:55,false,
TK63189,2024-01-27 06:58:00,email,integrations,high,Error when export my data,217,2024-01-28 05:30:19,false,
TK62154,2024-01-27 11:03:00,chat,billing,high,How do I a duplicate charge,44,2024-01-28 02:35:28,false,
TK60095,2024-01-27 11:10:00,email,account,normal,Error when webhook deliveries failing,27,,false,
TK62178,2024-01-27 17:36:00,in-app,billing,low,Error when webhook deliveries failing,44,,false,
TK61167,2024-01-27 18:39:00,email,account,low,Issue with downgrade my plan,28,2024-01-28 04:44:34,false,5
TK61130,2024-01-27 19:28:00,phone,account,low,Request to two-factor authentication,390,2024-01-28 01:47:13,false,1
TK60653,2024-01-27 21:51:00,chat,technical,normal,Error when the invoice for last month,33,2024-01-29 06:59:17,false,
TK61175,2024-01-28 00:09:00,email,billing,high,Issue with export my data,49,2024-01-28 11:18:09,false,5
TK62585,2024-01-28 02:04:00,phone,account,high,Cannot add a teammate,36,2024-01-28 07:42:24,false,
TK60313,2024-01-28 04:58:00,chat,integrations,low,Unable to the dashboard loading slowly,111,2024-02-01 05:49:36,false,5
TK61726,2024-01-28 05:15:00,in-app,integrations,high,Cannot export my data,14,2024-02-01 23:03:23,false,
TK61990,2024-01-28 10:59:00,chat,technical,normal,Cannot the invoice for last month,,2024-01-28 14:30:09,false,
TK63671,2024-01-28 11:15:00,chat,billing,normal,Request to a refund for an annual plan,41,2024-02-01 07:09:32,false,5
TK60080,2024-01-28 11:29:00,email,technical,normal,Cannot the dashboard loading slowly,35,2024-02-01 06:21:10,false,
TK63452,2024-01-28 13:08:00,email,integrations,normal,How do I the invoice for last month,82,2024-02-03 17:38:33,false,
TK63188,2024-01-28 13:20:00,chat,technical,high,Error when the invoice for last month,14,2024-01-29 05:00:21,false,5
TK60077,2024-01-28 13:22:00,chat,onboarding,low,Request to a duplicate charge,254,,false,
TK60340,2024-01-28 17:57:00,email,account,normal,Unable to a duplicate charge,174,2024-02-02 00:39:22,false,
TK63499,2024-01-29 00:54:00,in-app,technical,high,Issue with connecting the Snowflake sync,17,2024-01-29 08:56:58,false,
TK62110,2024-01-29 03:20:00,chat,integrations,low,Error when two-factor authentication,88,,false,
TK60307,2024-01-29 03:49:00,in-app,billing,normal,Issue with the API rate limit,20,2024-01-29 17:44:16,false,3
TK60117,2024-01-29 04:42:00,chat,account,normal,Error when log in after password reset,99,2024-01-29 19:16:14,true,
TK60624,2024-01-29 08:07:00,phone,billing,normal,Unable to export my data,219,2024-01-30 01:24:48,false,
TK60196,2024-01-29 11:55:00,email,billing,urgent,Unable to downgrade my plan,6,2024-01-29 13:15:47,false,5
TK63616,2024-01-29 15:48:00,email,billing,low,Issue with a duplicate charge,844,2024-01-30 15:28:57,false,
TK60352,2024-01-29 17:53:00,in-app,billing,normal,Request to a duplicate charge,234,2024-01-30 16:58:53,false,
TK61578,2024-01-29 18:40:00,in-app,technical,normal,Question about export my data,84,2024-02-02 06:40:42,false,5
TK63952,2024-01-29 21:11:00,email,billing,low,How do I a duplicate charge,63,2024-01-30 15:48:01,false,2
TK63898,2024-01-29 21:39:00,in-app,billing,normal,Cannot log in after password reset,148,2024-01-30 08:33:31,false,4
TK61770,2024-01-30 03:42:00,email,billing,high,Request to downgrade my plan,253,2024-01-31 11:26:42,true,5
TK63762,2024-01-30 11:48:00,chat,onboarding,high,Unable to a refund for an annual plan,24,2024-01-30 17:03:19,false,
TK61081,2024-01-30 11:53:00,chat,integrations,urgent,Question about add a teammate,60,2024-01-31 14:15:09,false,1
TK61184,2024-01-30 12:34:00,chat,billing,low,Unable to the invoice for last month,404,2024-01-30 19:15:14,false,
TK63555,2024-01-30 14:25:00,in-app,technical,high,Request to the dashboard loading slowly,26,2024-02-01 10:54:31,false,3
TK63833,2024-01-30 14:59:00,chat,technical,normal,Request to webhook deliveries failing,552,2024-01-30 17:59:21,false,5
TK60406,2024-01-30 19:24:00,email,onboarding,normal,Issue with the API rate limit,13,2024-02-01 21:00:36,false,
TK63265,2024-01-30 20:28:00,email,technical,normal,Issue with downgrade my plan,195,,false,
TK62070,2024-01-31 00:04:00,chat,onboarding,urgent,How do I a duplicate charge,5,2024-01-31 04:42:39,false,
TK63820,2024-01-31 02:01:00,email,technical,urgent,Question about a refund for an annual plan,48,2024-01-31 06:12:41,true,
TK60169,2024-01-31 10:01:00,chat,billing,low,Request to two-factor authentication,162,2024-02-01 03:21:58,false,
TK63649,2024-01-31 15:05:00,email,technical,normal,Unable to the API rate limit,428,2024-02-03 16:27:37,false,2
TK62355,2024-01-31 15:39:00,chat,technical,normal,Cannot log in after password reset,137,2024-02-03 22:06:14,false,
TK62309,2024-01-31 17:02:00,in-app,billing,normal,Request to connecting the Snowflake sync,265,2024-02-01 04:46:29,true,
TK61841,2024-01-31 18:46:00,phone,billing,normal,Error when the invoice for last month,24,2024-02-01 05:04:56,false,
TK61687,2024-01-31 20:27:00,email,onboarding,normal,Request to a refund for an annual plan,102,2024-02-01 00:04:40,false,
TK63524,2024-01-31 22:42:00,in-app,billing,normal,Question about export my data,57,2024-02-04 19:37:49,true,
TK60998,2024-02-01 00:11:00,chat,billing,normal,How do I the invoice for last month,28,,false,
TK61678,2024-02-01 01:37:00,email,integrations,normal,Issue with add a teammate,85,2024-02-01 14:40:48,false,
TK63807,2024-02-01 07:05:00,phone,billing,normal,Error when export my data,27,2024-02-01 23:19:22,false,
TK63345,2024-02-01 08:34:00,in-app,account,low,Request to a refund for an annual plan,43,2024-02-02 07:14:52,false,
TK63082,2024-02-01 09:36:00,chat,account,high,How do I the API rate limit,148,2024-02-01 11:45:08,false,
TK63053,2024-02-01 16:03:00,chat,integrations,normal,How do I downgrade my plan,303,2024-02-04 11:46:32,false,
TK60578,2024-02-01 20:07:00,chat,billing,normal,Error when a refund for an annual plan,71,2024-02-02 11:07:31,false,4
TK61975,2024-02-01 22:40:00,in-app,billing,low,How do I log in after password reset,121,2024-02-02 19:00:18,false,
TK63117,2024-02-02 02:24:00,in-app,billing,high,Unable to connecting the Snowflake sync,190,2024-02-02 05:20:03,false,5
TK62490,2024-02-02 04:51:00,in-app,integrations,high,How do I downgrade my plan,23,2024-02-04 00:57:35,false,
TK62541,2024-02-02 05:19:00,chat,account,normal,Error when the dashboard loading slowly,59,2024-02-02 07:06:19,false,
TK61585,2024-02-02 09:24:00,email,integrations,normal,Request to downgrade my plan,103,2024-02-02 19:38:29,false,
TK63973,2024-02-02 12:36:00,chat,integrations,normal,Request to log in after password reset,288,,false,
TK61533,2024-02-02 13:33:00,in-app,onboarding,high,Request to add a teammate,12,2024-02-02 21:53:22,false,
TK60990,2024-02-02 20:05:00,in-app,billing,normal,How do I two-factor authentication,339,2024-02-03 01:57:10,false,4
TK63655,2024-02-02 23:25:00,chat,billing,high,Question about webhook deliveries failing,29,2024-02-03 02:16:07,false,
TK60292,2024-02-02 23:45:00,chat,account,normal,Request to a refund for an annual plan,,2024-02-03 02:09:40,false,5
TK60750,2024-02-03 00:52:00,email,integrations,normal,Issue with add a teammate,221,2024-02-04 04:21:14,false,
TK62844,2024-02-03 01:18:00,in-app,billing,normal,Unable to log in after password reset,59,2024-02-03 13:55:06,false,5
TK60930,2024-02-03 02:30:00,in-app,account,normal,Issue with connecting the Snowflake sync,103,,false,
TK63855,2024-02-03 03:47:00,in-app,onboarding,low,Cannot a refund for an annual plan,14,2024-02-03 07:30:32,false,
TK63781,2024-02-03 03:55:00,phone,billing,urgent,Error when export my data,22,2024-02-04 03:18:01,false,
TK61481,2024-02-03 08:50:00,chat,billing,high,How do I export my data,18,2024-02-03 18:29:38,false,
TK62709,2024-02-03 13:38:00,chat,billing,normal,Cannot two-factor authentication,880,2024-02-03 18:38:32,false,5
TK62111,2024-02-03 14:53:00,email,onboarding,normal,Unable to add a teammate,44,,false,
TK62970,2024-02-03 15:04:00,chat,onboarding,normal,Cannot two-factor authentication,339,2024-02-04 05:24:58,false,4
TK63937,2024-02-03 16:25:00,in-app,account,high,How do I a duplicate charge,32,2024-02-03 20:35:31,false,
TK61978,2024-02-03 18:01:00,in-app,technical,low,Question about export my data,4444,,false,
TK63278,2024-02-04 00:09:00,email,technical,high,Unable to downgrade my plan,21,,false,
TK60817,2024-02-04 01:29:00,chat,technical,normal,Cannot the invoice for last month,232,,false,
TK60571,2024-02-04 02:03:00,in-app,technical,high,Request to connecting the Snowflake sync,17,,false,
TK60450,2024-02-04 02:12:00,in-app,billing,normal,How do I a duplicate charge,1774,2024-02-04 04:17:14,false,
TK60449,2024-02-04 05:14:00,email,billing,urgent,How do I downgrade my plan,15,2024-02-04 05:59:27,false,4
TK63049,2024-02-04 10:02:00,email,onboarding,urgent,Unable to the dashboard loading slowly,17,2024-02-04 10:23:04,false,
TK62561,2024-02-04 10:22:00,in-app,onboarding,normal,Request to a refund for an annual plan,410,2024-02-04 22:44:31,false,
TK62846,2024-02-04 10:47:00,email,billing,normal,Error when connecting the Snowflake sync,271,,false,
TK61094,2024-02-04 10:48:00,phone,integrations,normal,Error when downgrade my plan,30,,false,
TK62126,2024-02-04 12:57:00,in-app,technical,high,Question about a duplicate charge,57,,false,
TK62764,2024-02-04 13:14:00,email,billing,normal,Cannot the dashboard loading slowly,44,,false,
TK60803,2024-02-04 15:09:00,email,technical,low,Unable to two-factor authentication,158,,false,
TK62359,2024-02-04 17:27:00,in-app,billing,normal,Cannot add a teammate,71,,false,
