ticket_id,date_opened_key,date_resolved_key,channel_key,queue_key,priority_key,opened_at,resolved_at,subject,first_response_min,resolution_min,csat_score,is_open,has_csat,reopened,frt_outlier,resolution_outlier,ticket_count
TK62871,20230101,20230101,3,4,3,2023-01-01 02:15:00,2023-01-01 07:46:35,Error when log in after password reset,63.0,331.5833333333333,,False,False,True,False,False,1
TK60343,20230101,20230101,2,5,2,2023-01-01 05:41:00,2023-01-01 09:07:58,Question about two-factor authentication,7.0,206.96666666666667,,False,False,False,False,False,1
TK62950,20230101,20230101,3,2,4,2023-01-01 06:05:00,2023-01-01 08:14:24,Unable to connecting the Snowflake sync,44.0,129.4,,False,False,False,False,False,1
TK61014,20230101,,1,3,2,2023-01-01 06:32:00,,Cannot connecting the Snowflake sync,98.0,,,True,False,False,False,False,1
TK61679,20230101,20230101,1,4,3,2023-01-01 08:06:00,2023-01-01 09:27:09,How do I a duplicate charge,14.0,81.15,5.0,False,True,False,False,False,1
TK62374,20230101,20230102,3,2,2,2023-01-01 08:28:00,2023-01-02 02:19:53,Issue with connecting the Snowflake sync,416.0,1071.8833333333334,3.0,False,True,False,True,False,1
TK60058,20230101,20230101,3,4,1,2023-01-01 14:32:00,2023-01-01 18:42:10,Issue with connecting the Snowflake sync,361.0,250.16666666666663,,False,False,False,False,False,1
TK63175,20230101,20230101,2,2,3,2023-01-01 16:20:00,2023-01-01 20:45:17,Request to a refund for an annual plan,52.0,265.28333333333336,,False,False,False,False,False,1
TK60862,20230101,20230106,1,5,4,2023-01-01 20:06:00,2023-01-06 00:36:09,Unable to export my data,28.0,6030.15,,False,False,False,False,False,1
TK61273,20230101,20230102,3,2,4,2023-01-01 21:47:00,2023-01-02 02:13:20,Unable to log in after password reset,,266.3333333333333,,False,False,False,False,False,1
TK60338,20230101,20230117,3,3,1,2023-01-01 22:09:00,2023-01-17 13:14:25,Error when a duplicate charge,243.0,22505.416666666668,,False,False,False,False,True,1
TK62094,20230101,20230102,4,3,3,2023-01-01 22:46:00,2023-01-02 22:02:42,Question about downgrade my plan,19.0,1396.7,4.0,False,True,True,False,False,1
TK61700,20230101,20230102,1,4,2,2023-01-01 23:07:00,2023-01-02 13:42:22,Error when downgrade my plan,109.0,875.3666666666667,,False,False,False,False,False,1
TK60629,20230102,20230106,4,5,2,2023-01-02 00:30:00,2023-01-06 00:18:25,Cannot the invoice for last month,135.0,5748.416666666667,4.0,False,True,False,False,False,1
TK61804,20230102,20230109,3,5,1,2023-01-02 00:32:00,2023-01-09 11:38:35,Request to downgrade my plan,34.0,10746.583333333334,3.0,False,True,True,False,True,1
TK63544,20230102,20230104,4,2,2,2023-01-02 03:46:00,2023-01-04 23:02:02,Question about the dashboard loading slowly,175.0,4036.033333333333,,False,False,False,False,False,1
TK60702,20230102,20230108,3,2,2,2023-01-02 05:26:00,2023-01-08 07:28:28,Request to export my data,41.0,8762.466666666667,,False,False,False,False,True,1
TK63194,20230102,20230102,1,3,2,2023-01-02 07:23:00,2023-01-02 22:06:06,Issue with connecting the Snowflake sync,16.0,883.1,,False,False,False,False,False,1
TK60986,20230102,20230105,1,4,2,2023-01-02 09:53:00,2023-01-05 01:17:54,Issue with add a teammate,125.0,3804.9,5.0,False,True,False,False,False,1
TK60718,20230102,20230104,2,1,1,2023-01-02 20:37:00,2023-01-04 09:34:53,Unable to a duplicate charge,127.0,2217.883333333333,2.0,False,True,False,False,False,1
TK62105,20230102,20230103,2,1,4,2023-01-02 21:07:00,2023-01-03 06:51:19,Question about webhook deliveries failing,32.0,584.3166666666667,3.0,False,True,False,False,False,1
TK61752,20230102,20230103,3,2,4,2023-01-02 21:28:00,2023-01-03 12:56:18,Issue with a duplicate charge,9.0,928.3,4.0,False,True,False,False,False,1
TK63566,20230102,20230103,1,4,2,2023-01-02 22:20:00,2023-01-03 08:18:51,Issue with the dashboard loading slowly,58.0,598.85,,False,False,True,False,False,1
TK63266,20230103,20230103,2,5,2,2023-01-03 00:38:00,2023-01-03 11:51:25,Request to the invoice for last month,46.0,673.4166666666666,,False,False,False,False,False,1
TK62379,20230103,20230103,1,1,3,2023-01-03 00:43:00,2023-01-03 09:52:49,Issue with the API rate limit,4.0,549.8166666666667,,False,False,False,False,False,1
TK63201,20230103,,4,1,2,2023-01-03 04:11:00,,How do I log in after password reset,47.0,,,True,False,False,False,False,1
TK63493,20230103,20230104,1,1,2,2023-01-03 04:48:00,2023-01-04 09:59:47,Unable to the invoice for last month,78.0,1751.7833333333333,,False,False,False,False,False,1
TK61552,20230103,20230104,3,5,2,2023-01-03 08:56:00,2023-01-04 12:24:02,Request to webhook deliveries failing,285.0,1648.0333333333333,,False,False,True,False,False,1
TK62963,20230103,20230103,1,1,3,2023-01-03 10:11:00,2023-01-03 18:11:36,How do I the API rate limit,19.0,480.6,,False,False,False,False,False,1
TK61844,20230103,20230103,1,2,3,2023-01-03 10:25:00,2023-01-03 12:13:27,Error when export my data,32.0,108.45,,False,False,False,False,False,1
TK62478,20230103,20230104,2,2,2,2023-01-03 10:48:00,2023-01-04 03:55:25,How do I the API rate limit,103.0,1027.4166666666667,,False,False,False,False,False,1
TK60108,20230103,20230105,2,2,1,2023-01-03 11:08:00,2023-01-05 09:02:09,Error when export my data,137.0,2754.15,5.0,False,True,False,False,False,1
TK63111,20230103,20230104,1,5,3,2023-01-03 12:57:00,2023-01-04 10:23:01,Error when a refund for an annual plan,19.0,1286.0166666666669,,False,False,False,False,False,1
TK61543,20230103,20230103,3,5,2,2023-01-03 13:04:00,2023-01-03 19:54:48,Cannot the API rate limit,368.0,410.8,4.0,False,True,False,False,False,1
TK61064,20230103,20230104,4,5,2,2023-01-03 13:27:00,2023-01-04 14:42:21,Request to a duplicate charge,106.0,1515.35,4.0,False,True,False,False,False,1
TK62588,20230103,20230106,2,1,1,2023-01-03 13:49:00,2023-01-06 19:48:56,Unable to two-factor authentication,98.0,4679.933333333333,,False,False,False,False,False,1
TK62293,20230103,20230104,2,1,1,2023-01-03 17:14:00,2023-01-04 21:23:43,Question about a duplicate charge,221.0,1689.7166666666667,,False,False,False,False,False,1
TK61772,20230103,20230104,1,3,2,2023-01-03 17:31:00,2023-01-04 19:04:09,Request to connecting the Snowflake sync,30.0,1533.15,,False,False,False,False,False,1
TK63162,20230103,20230112,2,5,2,2023-01-03 17:42:00,2023-01-12 17:50:55,Issue with downgrade my plan,204.0,12968.916666666666,,False,False,False,False,True,1
TK60741,20230103,20230103,3,1,3,2023-01-03 18:50:00,2023-01-03 22:51:59,Unable to webhook deliveries failing,31.0,241.9833333333333,,False,False,False,False,False,1
TK61715,20230103,20230105,1,2,2,2023-01-03 18:54:00,2023-01-05 00:47:31,Question about a refund for an annual plan,215.0,1793.5166666666669,,False,False,False,False,False,1
TK63727,20230103,20230104,3,1,3,2023-01-03 19:19:00,2023-01-04 04:44:45,Question about the API rate limit,96.0,565.75,,False,False,False,False,False,1
TK63763,20230103,20230111,3,5,2,2023-01-03 19:19:00,2023-01-11 00:16:24,How do I connecting the Snowflake sync,36.0,10377.4,,False,False,False,False,True,1
TK61327,20230103,20230106,4,5,2,2023-01-03 19:26:00,2023-01-06 17:54:59,Question about add a teammate,145.0,4228.983333333334,5.0,False,True,False,False,False,1
TK62473,20230103,20230105,2,1,2,2023-01-03 19:41:00,2023-01-05 01:37:02,Error when add a teammate,,1796.0333333333333,4.0,False,True,False,False,False,1
TK63626,20230103,20230104,4,4,2,2023-01-03 20:31:00,2023-01-04 10:20:21,Issue with a refund for an annual plan,192.0,829.35,,False,False,False,False,False,1
TK61368,20230103,20230106,3,2,1,2023-01-03 22:19:00,2023-01-06 20:49:04,Issue with two-factor authentication,207.0,4230.066666666667,,False,False,False,False,False,1
TK62973,20230103,20230105,2,4,4,2023-01-03 23:30:00,2023-01-05 12:27:55,Cannot the dashboard loading slowly,113.0,2217.9166666666665,4.0,False,True,False,False,False,1
TK60698,20230103,20230105,1,5,1,2023-01-03 23:59:00,2023-01-05 21:38:47,Cannot a duplicate charge,470.0,2739.7833333333333,3.0,False,True,False,True,False,1
TK60483,20230104,20230124,3,5,1,2023-01-04 01:45:00,2023-01-24 14:44:11,Error when two-factor authentication,79.0,29579.18333333333,4.0,False,True,False,False,True,1
TK63172,20230104,20230106,1,2,1,2023-01-04 02:10:00,2023-01-06 02:26:55,Cannot export my data,151.0,2896.9166666666665,5.0,False,True,False,False,False,1
TK61922,20230104,20230104,4,4,2,2023-01-04 03:12:00,2023-01-04 15:32:14,Cannot connecting the Snowflake sync,113.0,740.2333333333333,,False,False,False,False,False,1
TK61355,20230104,20230104,1,3,2,2023-01-04 05:18:00,2023-01-04 22:32:26,Question about the API rate limit,21.0,1034.4333333333334,,False,False,False,False,False,1
TK63785,20230104,20230108,2,1,1,2023-01-04 09:54:00,2023-01-08 02:09:38,Cannot a duplicate charge,81.0,5295.633333333333,,False,False,False,False,False,1
TK60846,20230104,20230104,2,4,3,2023-01-04 10:48:00,2023-01-04 14:33:30,Request to the invoice for last month,31.0,225.5,,False,False,False,False,False,1
TK61514,20230104,20230105,2,5,1,2023-01-04 12:40:00,2023-01-05 21:04:03,Cannot a duplicate charge,44.0,1944.05,,False,False,False,False,False,1
TK62935,20230104,20230104,2,2,4,2023-01-04 13:11:00,2023-01-04 14:18:36,Issue with the dashboard loading slowly,6.0,67.6,,False,False,False,False,False,1
TK60223,20230104,20230105,2,2,2,2023-01-04 15:34:00,2023-01-05 16:58:21,Error when the dashboard loading slowly,31.0,1524.35,,False,False,False,False,False,1
TK61012,20230104,20230104,3,1,1,2023-01-04 16:44:00,2023-01-04 21:01:05,Request to the API rate limit,169.0,257.0833333333333,,False,False,True,False,False,1
TK61454,20230104,20230110,1,5,2,2023-01-04 16:44:00,2023-01-10 10:34:55,How do I webhook deliveries failing,259.0,8270.916666666666,,False,False,False,False,False,1
TK63917,20230104,20230107,2,5,1,2023-01-04 17:32:00,2023-01-07 00:00:16,Cannot downgrade my plan,934.0,3268.266666666667,,False,False,False,True,False,1
TK63216,20230104,20230105,4,2,2,2023-01-04 20:24:00,2023-01-05 07:11:45,Cannot export my data,36.0,647.75,4.0,False,True,False,False,False,1
TK61668,20230104,20230106,1,1,1,2023-01-04 23:50:00,2023-01-06 11:06:33,Error when add a teammate,708.0,2116.55,5.0,False,True,False,True,False,1
TK62469,20230105,20230109,3,5,3,2023-01-05 00:09:00,2023-01-09 07:55:20,Cannot downgrade my plan,20.0,6226.333333333333,,False,False,False,False,False,1
TK63761,20230105,20230105,2,4,4,2023-01-05 01:18:00,2023-01-05 04:10:13,Cannot connecting the Snowflake sync,33.0,172.21666666666667,4.0,False,True,False,False,False,1
TK63779,20230105,20230109,4,2,1,2023-01-05 08:48:00,2023-01-09 21:38:28,Issue with downgrade my plan,156.0,6530.466666666666,5.0,False,True,False,False,False,1
TK61447,20230105,,3,2,2,2023-01-05 09:04:00,,Issue with the API rate limit,104.0,,,True,False,False,False,False,1
TK60026,20230105,20230106,2,1,3,2023-01-05 10:38:00,2023-01-06 08:31:55,Unable to export my data,32.0,1313.9166666666667,5.0,False,True,False,False,False,1
TK63164,20230105,20230106,2,2,2,2023-01-05 12:12:00,2023-01-06 09:55:04,Unable to two-factor authentication,34.0,1303.0666666666666,4.0,False,True,False,False,False,1
TK62482,20230105,20230111,1,2,2,2023-01-05 13:10:00,2023-01-11 21:49:48,Cannot the API rate limit,92.0,9159.8,,False,False,False,False,True,1
TK61086,20230105,20230115,4,5,1,2023-01-05 14:35:00,2023-01-15 14:20:10,Unable to downgrade my plan,387.0,14385.166666666666,,False,False,False,False,True,1
TK63190,20230105,20230106,1,1,4,2023-01-05 15:15:00,2023-01-06 05:01:55,Cannot a duplicate charge,18.0,826.9166666666666,,False,False,False,False,False,1
TK62492,20230105,20230106,2,5,3,2023-01-05 18:56:00,2023-01-06 18:02:06,Cannot add a teammate,58.0,1386.1,,False,False,False,False,False,1
TK63863,20230105,20230106,3,2,2,2023-01-05 21:39:00,2023-01-06 01:48:13,How do I the API rate limit,45.0,249.21666666666667,,False,False,False,False,False,1
TK60554,20230105,20230106,2,2,4,2023-01-05 22:20:00,2023-01-06 01:27:19,Request to export my data,38.0,187.31666666666663,,False,False,False,False,False,1
TK60414,20230105,20230106,3,1,2,2023-01-05 23:02:00,2023-01-06 17:58:53,Cannot connecting the Snowflake sync,195.0,1136.8833333333334,,False,False,False,False,False,1
TK62317,20230106,20230106,1,1,2,2023-01-06 04:23:00,2023-01-06 15:34:36,Cannot two-factor authentication,85.0,671.6,,False,False,False,False,False,1
TK63954,20230106,20230108,2,4,2,2023-01-06 07:34:00,2023-01-08 06:40:50,Cannot connecting the Snowflake sync,247.0,2826.833333333333,,False,False,False,False,False,1
TK63371,20230106,20230112,1,5,2,2023-01-06 11:17:00,2023-01-12 10:20:03,Unable to two-factor authentication,50.0,8583.05,5.0,False,True,True,False,True,1
TK62454,20230106,20230106,4,2,2,2023-01-06 15:45:00,2023-01-06 18:27:43,How do I the API rate limit,,162.71666666666667,,False,False,False,False,False,1
TK61288,20230106,20230119,2,3,1,2023-01-06 21:08:00,2023-01-19 09:31:55,Question about the dashboard loading slowly,186.0,18023.916666666668,,False,False,False,False,True,1
TK63806,20230106,20230107,2,1,2,2023-01-06 22:19:00,2023-01-07 15:37:23,Issue with webhook deliveries failing,182.0,1038.3833333333334,,False,False,False,False,False,1
TK63739,20230106,20230107,3,5,2,2023-01-06 22:22:00,2023-01-07 13:17:45,Request to webhook deliveries failing,106.0,895.75,5.0,False,True,False,False,False,1
TK60083,20230107,20230107,2,4,1,2023-01-07 00:10:00,2023-01-07 15:46:43,How do I the dashboard loading slowly,166.0,936.7166666666668,,False,False,False,False,False,1
TK63163,20230107,20230108,2,4,2,2023-01-07 06:34:00,2023-01-08 01:01:42,Error when log in after password reset,151.0,1107.7,3.0,False,True,False,False,False,1
TK60587,20230107,20230107,1,1,2,2023-01-07 07:07:00,2023-01-07 14:32:09,Cannot the invoice for last month,157.0,445.15,,False,False,False,False,False,1
TK61744,20230107,20230110,2,2,1,2023-01-07 12:57:00,2023-01-10 14:12:18,Issue with two-factor authentication,269.0,4395.3,5.0,False,True,True,False,False,1
TK60461,20230107,20230107,1,5,3,2023-01-07 13:10:00,2023-01-07 18:02:34,How do I downgrade my plan,21.0,292.56666666666666,,False,False,False,False,False,1
TK61884,20230107,20230107,2,5,3,2023-01-07 16:59:00,2023-01-07 23:53:48,Unable to the invoice for last month,15.0,414.8,,False,False,False,False,False,1
TK60789,20230107,20230109,1,5,3,2023-01-07 19:00:00,2023-01-09 02:00:10,Unable to log in after password reset,18.0,1860.1666666666667,4.0,False,True,False,False,False,1
TK63894,20230107,20230109,3,3,4,2023-01-07 23:22:00,2023-01-09 08:46:56,Cannot add a teammate,4.0,2004.9333333333332,,False,False,False,False,False,1
TK63429,20230108,20230108,1,1,3,2023-01-08 00:56:00,2023-01-08 07:25:01,How do I a duplicate charge,37.0,389.01666666666665,,False,False,False,False,False,1
TK62322,20230108,20230108,1,4,1,2023-01-08 04:33:00,2023-01-08 23:31:46,How do I connecting the Snowflake sync,369.0,1138.7666666666669,5.0,False,True,False,False,False,1
TK63532,20230108,20230108,3,2,4,2023-01-08 08:23:00,2023-01-08 10:49:22,How do I webhook deliveries failing,21.0,146.36666666666667,,False,False,False,False,False,1
TK63617,20230108,20230117,3,4,2,2023-01-08 08:43:00,2023-01-17 23:41:58,Question about the invoice for last month,81.0,13858.966666666667,,False,False,False,False,True,1
TK61205,20230108,20230115,2,2,1,2023-01-08 11:28:00,2023-01-15 17:26:40,How do I the dashboard loading slowly,155.0,10438.666666666666,,False,False,False,False,True,1
TK60646,20230108,20230111,1,1,3,2023-01-08 13:56:00,2023-01-11 02:51:41,How do I export my data,188.0,3655.683333333333,5.0,False,True,False,False,False,1
TK61848,20230108,20230110,2,1,3,2023-01-08 14:37:00,2023-01-10 05:53:38,Issue with a refund for an annual plan,170.0,2356.633333333333,,False,False,False,False,False,1
TK60669,20230108,20230108,3,2,4,2023-01-08 16:17:00,2023-01-08 17:05:46,Question about two-factor authentication,41.0,48.766666666666666,,False,False,False,False,False,1
TK60432,20230108,20230109,3,5,2,2023-01-08 16:44:00,2023-01-09 18:38:33,Issue with the dashboard loading slowly,98.0,1554.55,,False,False,False,False,False,1
TK60123,20230108,20230109,1,3,2,2023-01-08 18:36:00,2023-01-09 05:15:59,Issue with add a teammate,66.0,639.9833333333333,3.0,False,True,False,False,False,1
TK61836,20230108,20230109,2,2,2,2023-01-08 20:04:00,2023-01-09 04:39:40,How do I export my data,15.0,515.6666666666666,4.0,False,True,False,False,False,1
TK60719,20230109,20230109,1,2,2,2023-01-09 01:22:00,2023-01-09 15:29:10,Request to a duplicate charge,52.0,847.1666666666666,4.0,False,True,False,False,False,1
TK63694,20230109,20230109,4,2,3,2023-01-09 15:38:00,2023-01-09 21:21:38,Cannot a refund for an annual plan,23.0,343.6333333333333,4.0,False,True,False,False,False,1
TK62285,20230109,20230110,2,2,2,2023-01-09 17:56:00,2023-01-10 23:23:34,Question about the API rate limit,158.0,1767.5666666666666,3.0,False,True,False,False,False,1
TK61045,20230109,20230115,2,4,2,2023-01-09 19:34:00,2023-01-15 03:26:36,Cannot the API rate limit,216.0,7672.6,,False,False,False,False,False,1
TK63883,20230109,20230109,3,1,4,2023-01-09 21:52:00,2023-01-09 22:15:07,Issue with a duplicate charge,2.0,23.116666666666667,5.0,False,True,False,False,False,1
TK60712,20230109,20230117,1,5,2,2023-01-09 22:03:00,2023-01-17 14:43:01,Request to a refund for an annual plan,231.0,11080.016666666666,1.0,False,True,False,False,True,1
TK61791,20230110,20230110,1,5,4,2023-01-10 01:18:00,2023-01-10 05:34:25,Question about two-factor authentication,50.0,256.4166666666667,,False,False,False,False,False,1
TK60844,20230110,20230110,2,1,3,2023-01-10 02:04:00,2023-01-10 17:01:09,Cannot the invoice for last month,229.0,897.15,,False,False,False,False,False,1
TK63819,20230110,20230202,3,3,2,2023-01-10 03:15:00,2023-02-02 22:50:09,How do I the dashboard loading slowly,244.0,34295.15,,False,False,False,False,True,1
TK60382,20230110,20230112,1,2,3,2023-01-10 03:26:00,2023-01-12 06:07:15,Cannot downgrade my plan,27.0,3041.25,,False,False,False,False,False,1
TK61931,20230110,20230111,3,2,1,2023-01-10 03:40:00,2023-01-11 04:38:08,Request to the invoice for last month,952.0,1498.1333333333334,,False,False,False,True,False,1
TK62181,20230110,20230111,4,5,2,2023-01-10 03:46:00,2023-01-11 16:13:08,Issue with add a teammate,153.0,2187.133333333333,,False,False,False,False,False,1
TK62488,20230110,20230111,1,2,2,2023-01-10 12:05:00,2023-01-11 04:25:10,Request to two-factor authentication,18.0,980.1666666666666,4.0,False,True,False,False,False,1
TK62523,20230110,20230110,1,4,4,2023-01-10 18:45:00,2023-01-10 20:05:31,Request to connecting the Snowflake sync,59.0,80.51666666666667,,False,False,False,False,False,1
TK62400,20230110,20230112,2,5,2,2023-01-10 23:50:00,2023-01-12 03:31:31,Unable to a refund for an annual plan,80.0,1661.5166666666669,,False,False,False,False,False,1
TK61210,20230111,20230111,1,4,2,2023-01-11 02:39:00,2023-01-11 18:42:48,Issue with webhook deliveries failing,20.0,963.8,,False,False,False,False,False,1
TK62682,20230111,20230111,2,2,3,2023-01-11 03:24:00,2023-01-11 09:03:51,Cannot a refund for an annual plan,176.0,339.85,,False,False,False,False,False,1
TK61277,20230111,20230113,2,2,3,2023-01-11 03:36:00,2023-01-13 04:00:15,Question about a refund for an annual plan,35.0,2904.25,2.0,False,True,False,False,False,1
TK61534,20230111,20230111,1,2,3,2023-01-11 08:18:00,2023-01-11 10:56:06,Error when connecting the Snowflake sync,23.0,158.1,,False,False,False,False,False,1
TK62997,20230111,20230116,4,5,2,2023-01-11 09:08:00,2023-01-16 05:37:10,Issue with two-factor authentication,101.0,6989.166666666667,5.0,False,True,False,False,False,1
TK61374,20230111,20230111,1,4,1,2023-01-11 14:50:00,2023-01-11 19:53:39,Unable to a refund for an annual plan,179.0,303.65,,False,False,False,False,False,1
TK61057,20230111,20230112,2,4,2,2023-01-11 14:58:00,2023-01-12 08:21:47,Question about the API rate limit,164.0,1043.7833333333333,3.0,False,True,False,False,False,1
TK61123,20230111,20230111,2,2,4,2023-01-11 15:21:00,2023-01-11 16:41:39,Request to the API rate limit,6.0,80.65,,False,False,False,False,False,1
TK61048,20230111,20230113,1,5,2,2023-01-11 16:07:00,2023-01-13 12:23:20,Question about a duplicate charge,26.0,2656.333333333333,,False,False,False,False,False,1
TK62453,20230111,20230112,4,4,2,2023-01-11 20:20:00,2023-01-12 09:36:45,Error when a refund for an annual plan,53.0,796.75,,False,False,False,False,False,1
TK62316,20230111,20230112,2,2,3,2023-01-11 20:53:00,2023-01-12 03:19:34,How do I connecting the Snowflake sync,,386.56666666666666,4.0,False,True,False,False,False,1
TK63580,20230111,20230129,3,1,1,2023-01-11 22:22:00,2023-01-29 01:59:17,Request to add a teammate,282.0,24697.283333333333,,False,False,False,False,True,1
TK62220,20230111,20230112,2,5,3,2023-01-11 22:38:00,2023-01-12 12:41:38,Issue with downgrade my plan,104.0,843.6333333333333,,False,False,False,False,False,1
TK62787,20230112,,3,5,2,2023-01-12 01:01:00,,Cannot a duplicate charge,173.0,,,True,False,False,False,False,1
TK63859,20230112,20230112,4,4,4,2023-01-12 07:45:00,2023-01-12 13:24:18,How do I the dashboard loading slowly,8.0,339.3,3.0,False,True,False,False,False,1
TK63613,20230112,20230113,3,1,2,2023-01-12 09:21:00,2023-01-13 08:20:44,Question about webhook deliveries failing,77.0,1379.7333333333331,,False,False,False,False,False,1
TK60280,20230112,20230113,2,2,2,2023-01-12 13:04:00,2023-01-13 01:15:59,Issue with two-factor authentication,271.0,731.9833333333333,,False,False,False,False,False,1
TK62573,20230112,20230125,4,1,1,2023-01-12 13:28:00,2023-01-25 18:57:13,Cannot a duplicate charge,269.0,19049.216666666667,,False,False,False,False,True,1
TK60687,20230112,20230112,3,2,2,2023-01-12 17:03:00,2023-01-12 22:05:27,Issue with the API rate limit,75.0,302.45,4.0,False,True,False,False,False,1
TK62172,20230112,20230113,3,1,1,2023-01-12 19:13:00,2023-01-13 13:46:26,Question about log in after password reset,44.0,1113.4333333333334,,False,False,False,False,False,1
TK62676,20230112,20230116,3,3,2,2023-01-12 21:26:00,2023-01-16 08:58:26,Issue with export my data,449.0,5012.433333333333,,False,False,False,True,False,1
TK63279,20230113,20230113,4,1,2,2023-01-13 00:36:00,2023-01-13 03:02:13,Error when the invoice for last month,60.0,146.21666666666667,4.0,False,True,False,False,False,1
TK63622,20230113,20230113,1,2,2,2023-01-13 01:14:00,2023-01-13 03:29:41,Error when add a teammate,129.0,135.68333333333334,,False,False,False,False,False,1
TK63034,20230113,20230113,2,4,3,2023-01-13 02:08:00,2023-01-13 10:59:09,How do I connecting the Snowflake sync,33.0,531.15,,False,False,False,False,False,1
TK63831,20230113,20230113,3,2,3,2023-01-13 03:00:00,2023-01-13 15:20:56,Issue with connecting the Snowflake sync,34.0,740.9333333333333,,False,False,False,False,False,1
TK61364,20230113,20230118,2,5,2,2023-01-13 03:35:00,2023-01-18 18:54:45,Question about the invoice for last month,166.0,8119.75,3.0,False,True,False,False,False,1
TK62175,20230113,20230114,1,4,2,2023-01-13 05:40:00,2023-01-14 03:38:50,Question about connecting the Snowflake sync,83.0,1318.8333333333333,,False,False,False,False,False,1
TK62707,20230113,20230116,1,5,1,2023-01-13 10:18:00,2023-01-16 00:42:57,Question about the API rate limit,101.0,3744.95,,False,False,False,False,False,1
TK61722,20230113,20230113,1,1,3,2023-01-13 11:10:00,2023-01-13 15:54:58,Issue with the invoice for last month,65.0,284.96666666666664,5.0,False,True,False,False,False,1
TK62873,20230113,20230115,2,4,2,2023-01-13 17:02:00,2023-01-15 06:09:45,How do I the invoice for last month,33.0,2227.75,,False,False,False,False,False,1
TK62825,20230113,20230116,1,4,2,2023-01-13 19:24:00,2023-01-16 12:20:11,How do I webhook deliveries failing,51.0,3896.183333333333,,False,False,False,False,False,1
TK60866,20230113,20230116,1,4,2,2023-01-13 19:53:00,2023-01-16 22:12:45,How do I the API rate limit,119.0,4459.75,4.0,False,True,False,False,False,1
TK61439,20230114,20230114,1,3,3,2023-01-14 01:30:00,2023-01-14 14:10:40,Cannot add a teammate,24.0,760.6666666666666,,False,False,True,False,False,1
TK60786,20230114,20230114,2,1,3,2023-01-14 02:31:00,2023-01-14 03:55:36,How do I downgrade my plan,62.0,84.6,,False,False,False,False,False,1
TK60409,20230114,20230117,2,1,1,2023-01-14 05:07:00,2023-01-17 13:39:37,Request to the dashboard loading slowly,50.0,4832.616666666667,,False,False,False,False,False,1
TK63549,20230114,20230114,2,2,1,2023-01-14 05:29:00,2023-01-14 14:13:20,Error when a refund for an annual plan,736.0,524.3333333333334,2.0,False,True,False,True,False,1
TK60530,20230114,20230114,4,2,2,2023-01-14 07:21:00,2023-01-14 15:37:02,Issue with add a teammate,7.0,496.03333333333336,5.0,False,True,False,False,False,1
TK61720,20230114,20230114,3,5,3,2023-01-14 09:59:00,2023-01-14 13:58:35,Question about the API rate limit,68.0,239.58333333333331,,False,False,True,False,False,1
TK60816,20230114,20230119,2,5,1,2023-01-14 16:04:00,2023-01-19 03:29:45,How do I downgrade my plan,,6445.75,5.0,False,True,True,False,False,1
TK63535,20230114,20230116,1,1,2,2023-01-14 22:07:00,2023-01-16 08:43:42,Cannot a refund for an annual plan,59.0,2076.7,,False,False,False,False,False,1
TK63602,20230114,20230117,2,5,1,2023-01-14 22:38:00,2023-01-17 19:43:21,Question about two-factor authentication,261.0,4145.35,4.0,False,True,True,False,False,1
TK60289,20230115,20230121,2,2,1,2023-01-15 00:08:00,2023-01-21 11:58:45,Cannot a duplicate charge,268.0,9350.75,,False,False,False,False,True,1
TK60946,20230115,20230115,1,2,1,2023-01-15 03:43:00,2023-01-15 07:36:13,Error when the API rate limit,104.0,233.21666666666667,,False,False,False,False,False,1
TK62948,20230115,20230119,1,5,2,2023-01-15 10:14:00,2023-01-19 18:49:31,Cannot log in after password reset,25.0,6275.516666666666,,False,False,False,False,False,1
TK60484,20230115,20230116,1,5,2,2023-01-15 10:22:00,2023-01-16 13:40:17,Question about the dashboard loading slowly,7.0,1638.2833333333333,,False,False,False,False,False,1
TK60688,20230115,20230208,3,5,1,2023-01-15 11:12:00,2023-02-08 00:14:56,How do I a refund for an annual plan,146.0,33902.933333333334,,False,False,False,False,True,1
TK60473,20230115,20230115,2,2,4,2023-01-15 11:33:00,2023-01-15 11:42:33,Error when export my data,32.0,9.55,4.0,False,True,False,False,False,1
TK61694,20230115,20230116,1,3,3,2023-01-15 11:48:00,2023-01-16 07:43:25,Issue with the dashboard loading slowly,12.0,1195.4166666666667,,False,False,False,False,False,1
TK63159,20230115,20230116,3,5,1,2023-01-15 11:55:00,2023-01-16 20:56:33,Question about the API rate limit,510.0,1981.55,3.0,False,True,False,True,False,1
TK63342,20230115,20230115,3,2,3,2023-01-15 14:15:00,2023-01-15 17:46:42,Error when the dashboard loading slowly,18.0,211.7,4.0,False,True,False,False,False,1
TK62885,20230115,20230116,1,3,2,2023-01-15 19:06:00,2023-01-16 10:35:42,Request to a refund for an annual plan,18.0,929.7,,False,False,False,False,False,1
TK63058,20230115,20230115,1,3,2,2023-01-15 19:29:00,2023-01-15 23:56:00,Error when downgrade my plan,86.0,267.0,,False,False,False,False,False,1
TK63543,20230115,20230117,3,4,2,2023-01-15 19:45:00,2023-01-17 04:54:10,Request to the dashboard loading slowly,247.0,1989.1666666666667,4.0,False,True,False,False,False,1
TK62461,20230115,20230120,2,1,2,2023-01-15 20:36:00,2023-01-20 17:31:07,Question about the dashboard loading slowly,115.0,7015.116666666667,4.0,False,True,True,False,False,1
TK62934,20230115,20230124,2,5,1,2023-01-15 22:02:00,2023-01-24 12:43:29,Request to the dashboard loading slowly,259.0,12401.483333333334,,False,False,False,False,True,1
TK60675,20230116,20230116,4,2,3,2023-01-16 01:20:00,2023-01-16 03:57:01,Issue with webhook deliveries failing,60.0,157.01666666666668,,False,False,False,False,False,1
TK62570,20230116,20230121,1,5,1,2023-01-16 05:36:00,2023-01-21 15:01:15,Issue with a refund for an annual plan,99.0,7765.25,1.0,False,True,False,False,False,1
TK62401,20230116,20230201,1,5,1,2023-01-16 06:13:00,2023-02-01 18:00:25,Issue with downgrade my plan,567.0,23747.416666666668,5.0,False,True,False,True,True,1
TK60040,20230116,20230117,1,5,2,2023-01-16 07:41:00,2023-01-17 21:17:47,How do I a refund for an annual plan,107.0,2256.7833333333333,,False,False,False,False,False,1
TK60397,20230116,20230116,1,5,3,2023-01-16 07:52:00,2023-01-16 14:31:14,Issue with log in after password reset,154.0,399.23333333333335,,False,False,False,False,False,1
TK63497,20230116,20230118,2,1,1,2023-01-16 11:41:00,2023-01-18 09:40:18,Request to the dashboard loading slowly,208.0,2759.3,,False,False,False,False,False,1
TK63670,20230116,20230117,2,2,1,2023-01-16 12:47:00,2023-01-17 23:52:14,Request to connecting the Snowflake sync,3085.0,2105.233333333333,,False,False,False,True,False,1
TK63949,20230116,20230131,1,3,1,2023-01-16 13:53:00,2023-01-31 23:05:56,How do I log in after password reset,117.0,22152.93333333333,5.0,False,True,False,False,True,1
TK61958,20230116,20230116,1,4,4,2023-01-16 14:05:00,2023-01-16 20:26:37,Question about two-factor authentication,53.0,381.6166666666667,,False,False,False,False,False,1
TK60489,20230116,20230117,4,1,3,2023-01-16 16:08:00,2023-01-17 15:21:50,Request to a duplicate charge,37.0,1393.8333333333333,1.0,False,True,False,False,False,1
TK63615,20230116,20230120,1,5,2,2023-01-16 19:27:00,2023-01-20 17:29:48,Error when a duplicate charge,127.0,5642.8,4.0,False,True,False,False,False,1
TK60953,20230116,20230117,4,2,2,2023-01-16 19:39:00,2023-01-17 09:35:33,Request to the invoice for last month,32.0,836.55,,False,False,False,False,False,1
TK60794,20230116,20230120,2,4,3,2023-01-16 23:58:00,2023-01-20 03:53:27,Unable to webhook deliveries failing,53.0,4555.45,,False,False,False,False,False,1
TK61199,20230117,20230118,2,5,3,2023-01-17 06:20:00,2023-01-18 00:25:20,Request to webhook deliveries failing,9.0,1085.3333333333333,,False,False,False,False,False,1
TK60434,20230117,20230117,1,3,2,2023-01-17 08:34:00,2023-01-17 21:39:28,Error when connecting the Snowflake sync,174.0,785.4666666666667,5.0,False,True,False,False,False,1
TK60870,20230117,20230118,3,5,2,2023-01-17 13:22:00,2023-01-18 11:50:11,Unable to downgrade my plan,70.0,1348.1833333333334,,False,False,False,False,False,1
TK61354,20230117,20230117,4,4,3,2023-01-17 14:22:00,2023-01-17 17:08:36,Question about log in after password reset,3.0,166.6,,False,False,False,False,False,1
TK62418,20230117,20230122,1,4,2,2023-01-17 18:56:00,2023-01-22 01:17:20,Question about a refund for an annual plan,,6141.333333333333,,False,False,False,False,False,1
TK61225,20230117,20230119,3,3,2,2023-01-17 21:29:00,2023-01-19 00:23:49,Request to downgrade my plan,373.0,1614.8166666666666,5.0,False,True,False,False,False,1
TK61465,20230118,20230118,2,1,2,2023-01-18 04:11:00,2023-01-18 15:52:29,How do I log in after password reset,47.0,701.4833333333333,,False,False,False,False,False,1
TK62776,20230118,20230118,3,2,2,2023-01-18 04:31:00,2023-01-18 14:54:12,Unable to connecting the Snowflake sync,51.0,623.2,3.0,False,True,False,False,False,1
TK60344,20230118,20230118,1,1,4,2023-01-18 06:58:00,2023-01-18 08:28:20,Issue with the dashboard loading slowly,5.0,90.33333333333331,,False,False,False,False,False,1
TK61469,20230118,20230121,2,2,2,2023-01-18 09:14:00,2023-01-21 08:38:04,Question about webhook deliveries failing,386.0,4284.066666666667,5.0,False,True,False,False,False,1
TK62517,20230118,20230118,1,4,2,2023-01-18 09:19:00,2023-01-18 14:13:00,Unable to log in after password reset,162.0,294.0,,False,False,False,False,False,1
TK62496,20230118,20230121,1,5,2,2023-01-18 13:08:00,2023-01-21 03:14:00,Unable to a refund for an annual plan,134.0,3726.0,,False,False,False,False,False,1
TK61951,20230118,20230118,1,5,3,2023-01-18 14:59:00,2023-01-18 23:57:37,Cannot a duplicate charge,26.0,538.6166666666667,,False,False,False,False,False,1
TK61759,20230119,20230119,1,5,3,2023-01-19 01:32:00,2023-01-19 06:35:48,Request to the dashboard loading slowly,36.0,303.8,4.0,False,True,False,False,False,1
TK60477,20230119,20230120,2,3,2,2023-01-19 02:12:00,2023-01-20 05:08:09,Issue with a refund for an annual plan,196.0,1616.15,,False,False,False,False,False,1
TK62780,20230119,20230120,1,3,2,2023-01-19 07:03:00,2023-01-20 08:03:46,Request to a duplicate charge,28.0,1500.7666666666669,5.0,False,True,False,False,False,1
TK60919,20230119,20230119,1,3,3,2023-01-19 07:58:00,2023-01-19 11:39:58,Request to the API rate limit,24.0,221.96666666666667,2.0,False,True,False,False,False,1
TK60907,20230119,20230121,3,5,1,2023-01-19 09:28:00,2023-01-21 17:41:00,Error when the dashboard loading slowly,551.0,3373.0,5.0,False,True,False,True,False,1
TK61016,20230119,20230120,2,2,1,2023-01-19 14:20:00,2023-01-20 00:15:00,How do I add a teammate,169.0,595.0,,False,False,False,False,False,1
TK60455,20230119,20230119,2,4,2,2023-01-19 14:45:00,2023-01-19 18:15:01,Request to a duplicate charge,102.0,210.01666666666668,,False,False,False,False,False,1
TK63542,20230119,20230119,2,1,4,2023-01-19 14:49:00,2023-01-19 15:46:40,Issue with the dashboard loading slowly,1.0,57.66666666666666,,False,False,False,False,False,1
TK63350,20230119,20230123,1,2,1,2023-01-19 15:17:00,2023-01-23 03:20:16,Question about add a teammate,246.0,5043.266666666666,,False,False,False,False,False,1
TK62227,20230119,20230120,3,2,2,2023-01-19 16:05:00,2023-01-20 11:21:41,Error when the dashboard loading slowly,122.0,1156.6833333333334,2.0,False,True,False,False,False,1
TK61263,20230120,20230121,2,5,2,2023-01-20 03:51:00,2023-01-21 18:44:39,Error when a duplicate charge,31.0,2333.65,,False,False,False,False,False,1
TK60780,20230120,20230120,1,1,1,2023-01-20 05:23:00,2023-01-20 11:39:26,Request to the API rate limit,75.0,376.4333333333333,3.0,False,True,False,False,False,1
TK61622,20230120,20230122,2,2,2,2023-01-20 08:46:00,2023-01-22 13:55:56,Issue with a duplicate charge,42.0,3189.9333333333334,2.0,False,True,False,False,False,1
TK62217,20230120,20230123,2,5,1,2023-01-20 08:54:00,2023-01-23 07:12:44,Cannot export my data,129.0,4218.733333333334,,False,False,False,False,False,1
TK60035,20230120,20230121,4,5,2,2023-01-20 10:51:00,2023-01-21 13:13:17,Request to connecting the Snowflake sync,213.0,1582.2833333333333,5.0,False,True,False,False,False,1
TK60686,20230120,20230120,3,3,3,2023-01-20 13:27:00,2023-01-20 14:23:17,Error when connecting the Snowflake sync,74.0,56.28333333333333,3.0,False,True,False,False,False,1
TK63137,20230120,20230126,1,5,2,2023-01-20 14:00:00,2023-01-26 10:34:37,Error when the dashboard loading slowly,219.0,8434.616666666667,1.0,False,True,False,False,False,1
TK62121,20230120,20230120,1,5,3,2023-01-20 15:04:00,2023-01-20 19:51:14,Error when add a teammate,17.0,287.2333333333333,,False,False,False,False,False,1
TK60568,20230120,20230121,4,4,2,2023-01-20 15:29:00,2023-01-21 04:18:38,Question about the API rate limit,12.0,769.6333333333333,,False,False,False,False,False,1
TK60548,20230120,20230121,1,4,2,2023-01-20 17:32:00,2023-01-21 22:08:10,Cannot webhook deliveries failing,285.0,1716.1666666666667,,False,False,False,False,False,1
TK60418,20230120,20230121,3,2,4,2023-01-20 19:14:00,2023-01-21 01:17:14,Request to two-factor authentication,30.0,363.23333333333335,,False,False,True,False,False,1
TK61391,20230121,20230126,2,3,2,2023-01-21 00:47:00,2023-01-26 02:27:22,Request to the API rate limit,42.0,7300.366666666667,4.0,False,True,False,False,False,1
TK63884,20230121,20230121,1,5,3,2023-01-21 02:45:00,2023-01-21 19:34:25,Unable to webhook deliveries failing,32.0,1009.4166666666666,,False,False,False,False,False,1
TK63212,20230121,20230122,1,5,1,2023-01-21 07:32:00,2023-01-22 02:03:00,Cannot add a teammate,785.0,1111.0,4.0,False,True,False,True,False,1
TK62153,20230121,20230121,1,1,2,2023-01-21 08:40:00,2023-01-21 10:12:51,How do I add a teammate,28.0,92.85,,False,False,False,False,False,1
TK60492,20230121,20230122,2,3,3,2023-01-21 09:09:00,2023-01-22 02:04:57,Request to the dashboard loading slowly,33.0,1015.95,3.0,False,True,False,False,False,1
TK63678,20230121,20230122,3,5,2,2023-01-21 18:44:00,2023-01-22 11:12:04,Cannot log in after password reset,199.0,988.0666666666668,5.0,False,True,False,False,False,1
TK62212,20230121,20230122,1,1,1,2023-01-21 22:39:00,2023-01-22 07:02:53,Unable to the dashboard loading slowly,243.0,503.8833333333333,5.0,False,True,False,False,False,1
TK61253,20230121,20230125,3,3,2,2023-01-21 22:43:00,2023-01-25 16:12:41,Error when export my data,29.0,5369.683333333333,,False,False,False,False,False,1
TK60772,20230122,20230122,2,5,3,2023-01-22 06:25:00,2023-01-22 20:57:58,Request to a refund for an annual plan,41.0,872.9666666666667,,False,False,False,False,False,1
TK61755,20230122,20230122,1,2,2,2023-01-22 07:10:00,2023-01-22 08:22:35,How do I webhook deliveries failing,315.0,72.58333333333333,,False,False,False,False,False,1
TK62651,20230122,20230123,4,2,3,2023-01-22 08:32:00,2023-01-23 14:36:06,Issue with webhook deliveries failing,121.0,1804.1,,False,False,False,False,False,1
TK61359,20230122,20230123,3,2,2,2023-01-22 10:14:00,2023-01-23 15:51:14,Unable to connecting the Snowflake sync,77.0,1777.2333333333331,5.0,False,True,False,False,False,1
TK61865,20230122,20230123,1,1,2,2023-01-22 14:12:00,2023-01-23 23:35:38,How do I add a teammate,90.0,2003.6333333333332,,False,False,False,False,False,1
TK63705,20230122,20230124,3,1,2,2023-01-22 14:22:00,2023-01-24 18:43:10,Request to connecting the Snowflake sync,200.0,3141.1666666666665,,False,False,False,False,False,1
TK62145,20230122,20230124,2,5,2,2023-01-22 15:41:00,2023-01-24 11:04:43,Issue with downgrade my plan,431.0,2603.7166666666667,,False,False,False,True,False,1
TK62700,20230122,20230123,2,2,2,2023-01-22 23:00:00,2023-01-23 20:53:34,How do I the invoice for last month,293.0,1313.5666666666666,,False,False,False,False,False,1
TK61419,20230122,20230124,4,2,1,2023-01-22 23:04:00,2023-01-24 14:19:11,Question about two-factor authentication,210.0,2355.1833333333334,,False,False,False,False,False,1
TK62719,20230123,20230124,4,5,4,2023-01-23 00:14:00,2023-01-24 07:15:50,Error when downgrade my plan,,1861.8333333333333,4.0,False,True,False,False,False,1
TK62341,20230123,20230125,2,5,3,2023-01-23 05:28:00,2023-01-25 11:05:50,Question about downgrade my plan,187.0,3217.833333333333,,False,False,False,False,False,1
TK60499,20230123,20230210,2,3,2,2023-01-23 13:39:00,2023-02-10 15:55:10,Error when connecting the Snowflake sync,214.0,26056.166666666668,,False,False,False,False,True,1
TK61366,20230123,20230125,2,2,1,2023-01-23 16:10:00,2023-01-25 00:04:34,Request to downgrade my plan,181.0,1914.5666666666664,,False,False,False,False,False,1
TK61302,20230123,20230201,1,5,1,2023-01-23 16:29:00,2023-02-01 04:17:28,Question about a duplicate charge,76.0,12228.466666666667,4.0,False,True,False,False,True,1
TK60752,20230123,20230124,2,1,2,2023-01-23 16:57:00,2023-01-24 15:08:33,Error when downgrade my plan,439.0,1331.55,4.0,False,True,True,True,False,1
TK62631,20230123,20230123,3,2,4,2023-01-23 18:03:00,2023-01-23 22:21:53,Unable to two-factor authentication,18.0,258.8833333333333,,False,False,False,False,False,1
TK62483,20230124,20230124,2,4,3,2023-01-24 01:56:00,2023-01-24 05:58:10,How do I two-factor authentication,53.0,242.16666666666663,,False,False,False,False,False,1
TK63343,20230124,20230126,1,5,2,2023-01-24 03:22:00,2023-01-26 18:17:20,Error when the dashboard loading slowly,44.0,3775.3333333333335,,False,False,True,False,False,1
TK63711,20230124,20230127,2,3,3,2023-01-24 08:29:00,2023-01-27 04:14:55,Question about log in after password reset,80.0,4065.9166666666665,,False,False,True,False,False,1
TK62424,20230124,20230127,2,3,2,2023-01-24 10:54:00,2023-01-27 01:08:25,Issue with downgrade my plan,169.0,3734.4166666666665,,False,False,False,False,False,1
TK61672,20230124,20230129,2,3,2,2023-01-24 11:25:00,2023-01-29 10:08:13,How do I the API rate limit,,7123.216666666666,5.0,False,True,False,False,False,1
TK61417,20230124,20230125,1,3,3,2023-01-24 12:52:00,2023-01-25 18:41:29,Error when downgrade my plan,24.0,1789.4833333333331,,False,False,False,False,False,1
TK63317,20230124,20230125,1,2,2,2023-01-24 15:07:00,2023-01-25 02:44:00,Error when the API rate limit,177.0,697.0,,False,False,False,False,False,1
TK60142,20230124,20230124,3,2,3,2023-01-24 15:49:00,2023-01-24 18:30:40,Request to add a teammate,17.0,161.66666666666666,,False,False,False,False,False,1
TK62010,20230124,20230124,3,2,2,2023-01-24 18:59:00,2023-01-24 23:49:10,Error when the invoice for last month,161.0,290.1666666666667,,False,False,False,False,False,1
TK63927,20230124,20230126,1,2,2,2023-01-24 19:27:00,2023-01-26 10:39:55,Issue with log in after password reset,36.0,2352.9166666666665,5.0,False,True,False,False,False,1
TK63072,20230124,20230125,3,3,1,2023-01-24 19:44:00,2023-01-25 20:07:44,Question about a refund for an annual plan,65.0,1463.7333333333331,,False,False,False,False,False,1
TK61287,20230125,20230125,1,1,2,2023-01-25 01:17:00,2023-01-25 09:27:16,Unable to a duplicate charge,88.0,490.26666666666665,,False,False,False,False,False,1
TK60960,20230125,20230125,1,4,3,2023-01-25 04:02:00,2023-01-25 21:30:12,Error when two-factor authentication,35.0,1048.2,,False,False,False,False,False,1
TK62029,20230125,20230127,4,2,2,2023-01-25 04:18:00,2023-01-27 22:33:54,Unable to connecting the Snowflake sync,,3975.9,,False,False,False,False,False,1
TK63699,20230125,20230126,1,1,2,2023-01-25 07:51:00,2023-01-26 08:12:38,Unable to a duplicate charge,239.0,1461.6333333333334,,False,False,False,False,False,1
TK63902,20230125,20230125,2,2,2,2023-01-25 09:24:00,2023-01-25 10:53:01,Issue with the API rate limit,239.0,89.01666666666667,,False,False,False,False,False,1
TK60792,20230125,20230126,1,4,3,2023-01-25 15:12:00,2023-01-26 00:29:14,Issue with downgrade my plan,82.0,557.2333333333333,,False,False,True,False,False,1
TK63583,20230125,20230127,4,3,1,2023-01-25 17:27:00,2023-01-27 02:24:28,How do I downgrade my plan,836.0,1977.4666666666667,,False,False,False,True,False,1
TK60582,20230125,20230127,1,2,2,2023-01-25 19:29:00,2023-01-27 16:24:39,Request to connecting the Snowflake sync,55.0,2695.65,5.0,False,True,False,False,False,1
TK60545,20230125,20230125,3,1,3,2023-01-25 19:56:00,2023-01-25 22:55:59,Request to the API rate limit,133.0,179.98333333333332,5.0,False,True,False,False,False,1
TK61085,20230125,20230126,4,2,2,2023-01-25 20:05:00,2023-01-26 21:50:12,Cannot log in after password reset,60.0,1545.2,,False,False,False,False,False,1
TK62050,20230125,20230126,2,2,3,2023-01-25 20:30:00,2023-01-26 01:45:28,Unable to the API rate limit,78.0,315.46666666666664,2.0,False,True,False,False,False,1
TK61015,20230125,20230126,2,3,3,2023-01-25 20:40:00,2023-01-26 13:15:54,Error when two-factor authentication,60.0,995.9,,False,False,False,False,False,1
TK62388,20230125,20230126,4,2,4,2023-01-25 22:55:00,2023-01-26 10:39:03,Unable to downgrade my plan,19.0,704.05,,False,False,False,False,False,1
TK60276,20230126,,2,4,3,2023-01-26 00:30:00,,Issue with connecting the Snowflake sync,110.0,,,True,False,False,False,False,1
TK63743,20230126,20230126,4,5,3,2023-01-26 00:36:00,2023-01-26 18:35:00,Cannot downgrade my plan,155.0,1079.0,,False,False,False,False,False,1
TK63980,20230126,20230202,3,5,1,2023-01-26 01:24:00,2023-02-02 02:09:49,Issue with the API rate limit,357.0,10125.816666666668,5.0,False,True,False,False,True,1
TK62090,20230126,20230202,1,3,2,2023-01-26 05:42:00,2023-02-02 01:58:34,Request to a refund for an annual plan,68.0,9856.566666666668,5.0,False,True,False,False,True,1
TK62798,20230126,,2,5,2,2023-01-26 13:46:00,,Issue with the API rate limit,197.0,,,True,False,False,False,False,1
TK62639,20230126,20230129,3,5,1,2023-01-26 14:10:00,2023-01-29 05:48:14,Question about the dashboard loading slowly,60.0,3818.233333333333,,False,False,False,False,False,1
TK62754,20230126,20230128,1,3,2,2023-01-26 14:57:00,2023-01-28 19:36:04,Error when log in after password reset,176.0,3159.0666666666666,,False,False,False,False,False,1
TK60521,20230126,20230129,4,4,2,2023-01-26 15:34:00,2023-01-29 11:14:25,Request to two-factor authentication,26.0,4060.4166666666665,,False,False,False,False,False,1
TK60824,20230126,20230126,3,4,3,2023-01-26 16:51:00,2023-01-26 23:45:48,How do I export my data,66.0,414.8,4.0,False,True,False,False,False,1
TK60763,20230127,20230128,3,3,2,2023-01-27 08:32:00,2023-01-28 05:06:29,Unable to the invoice for last month,341.0,1234.4833333333331,,False,False,False,False,False,1
TK63824,20230127,20230128,1,4,2,2023-01-27 11:23:00,2023-01-28 19:19:49,Request to a refund for an annual plan,422.0,1916.8166666666664,,False,False,True,True,False,1
TK63099,20230127,20230206,2,5,1,2023-01-27 22:03:00,2023-02-06 15:52:23,Error when downgrade my plan,441.0,14029.383333333331,,False,False,False,True,True,1
TK61097,20230127,20230129,3,5,2,2023-01-27 22:37:00,2023-01-29 11:51:50,Cannot downgrade my plan,75.0,2234.833333333333,1.0,False,True,False,False,False,1
TK63986,20230128,20230128,2,2,3,2023-01-28 06:17:00,2023-01-28 11:03:15,Error when log in after password reset,114.0,286.25,,False,False,False,False,False,1
TK62484,20230128,20230128,2,1,2,2023-01-28 09:11:00,2023-01-28 16:08:04,Error when a duplicate charge,57.0,417.06666666666666,1.0,False,True,False,False,False,1
TK62014,20230128,20230131,3,5,2,2023-01-28 14:57:00,2023-01-31 14:19:49,Unable to the API rate limit,35.0,4282.816666666667,,False,False,False,False,False,1
TK60647,20230128,20230129,1,2,3,2023-01-28 16:29:00,2023-01-29 14:12:18,Request to two-factor authentication,80.0,1303.3,,False,False,False,False,False,1
TK62761,20230128,20230201,2,5,2,2023-01-28 17:11:00,2023-02-01 15:11:09,Cannot a duplicate charge,106.0,5640.15,,False,False,False,False,False,1
TK61137,20230128,20230129,1,1,3,2023-01-28 18:59:00,2023-01-29 10:48:31,Unable to a refund for an annual plan,34.0,949.5166666666668,,False,False,False,False,False,1
TK61227,20230128,20230313,1,5,1,2023-01-28 19:49:00,2023-03-13 20:52:21,How do I the dashboard loading slowly,177.0,63423.35,,False,False,False,False,True,1
TK60072,20230128,20230129,2,5,3,2023-01-28 22:48:00,2023-01-29 17:37:35,How do I two-factor authentication,72.0,1129.5833333333333,1.0,False,True,False,False,False,1
TK61859,20230128,20230131,1,3,3,2023-01-28 22:56:00,2023-01-31 00:32:35,Unable to add a teammate,25.0,2976.583333333333,5.0,False,True,False,False,False,1
TK63860,20230129,20230130,2,2,2,2023-01-29 03:26:00,2023-01-30 03:07:32,Request to webhook deliveries failing,10.0,1421.5333333333333,2.0,False,True,False,False,False,1
TK63365,20230129,20230129,3,2,2,2023-01-29 05:15:00,2023-01-29 10:48:14,Request to the invoice for last month,805.0,333.2333333333333,,False,False,False,True,False,1
TK61994,20230129,20230201,2,5,2,2023-01-29 05:48:00,2023-02-01 09:51:04,How do I the API rate limit,10.0,4563.066666666667,,False,False,False,False,False,1
TK62044,20230129,20230129,3,1,1,2023-01-29 06:34:00,2023-01-29 18:18:21,Unable to the dashboard loading slowly,,704.35,5.0,False,True,False,False,False,1
TK60976,20230129,20230129,2,2,2,2023-01-29 09:25:00,2023-01-29 18:30:57,Unable to the invoice for last month,250.0,545.95,,False,False,False,False,False,1
TK61352,20230129,20230212,3,1,2,2023-01-29 09:54:00,2023-02-12 10:08:15,Error when downgrade my plan,27.0,20174.25,4.0,False,True,False,False,True,1
TK61264,20230129,20230130,1,2,1,2023-01-29 09:58:00,2023-01-30 13:46:02,Unable to a refund for an annual plan,53.0,1668.0333333333333,4.0,False,True,False,False,False,1
TK60958,20230129,20230131,2,5,2,2023-01-29 10:27:00,2023-01-31 04:29:34,Issue with add a teammate,141.0,2522.5666666666666,5.0,False,True,True,False,False,1
TK63651,20230129,20230129,1,1,2,2023-01-29 16:35:00,2023-01-29 18:18:56,Request to a refund for an annual plan,223.0,103.93333333333334,,False,False,True,False,False,1
TK62077,20230129,20230130,1,5,3,2023-01-29 16:42:00,2023-01-30 00:48:17,Error when the dashboard loading slowly,144.0,486.28333333333336,,False,False,False,False,False,1
TK63631,20230129,20230131,1,4,2,2023-01-29 17:57:00,2023-01-31 01:32:07,Issue with connecting the Snowflake sync,99.0,1895.1166666666663,,False,False,False,False,False,1
TK61400,20230130,20230130,2,2,2,2023-01-30 04:08:00,2023-01-30 16:03:29,Unable to webhook deliveries failing,81.0,715.4833333333333,,False,False,False,False,False,1
TK60526,20230130,20230131,2,4,2,2023-01-30 06:57:00,2023-01-31 07:28:07,Error when connecting the Snowflake sync,361.0,1471.1166666666666,4.0,False,True,False,False,False,1
TK61091,20230130,20230130,3,4,4,2023-01-30 07:25:00,2023-01-30 22:10:26,Request to a refund for an annual plan,,885.4333333333333,,False,False,False,False,False,1
TK61226,20230130,20230131,1,4,2,2023-01-30 08:40:00,2023-01-31 08:42:20,Request to connecting the Snowflake sync,82.0,1442.3333333333333,,False,False,False,False,False,1
TK62835,20230130,20230201,3,5,1,2023-01-30 15:49:00,2023-02-01 05:53:40,Cannot log in after password reset,566.0,2284.6666666666665,2.0,False,True,True,True,False,1
TK63573,20230130,20230131,1,1,2,2023-01-30 17:02:00,2023-01-31 16:02:09,Request to a duplicate charge,82.0,1380.15,,False,False,False,False,False,1
TK62696,20230130,20230131,3,4,4,2023-01-30 20:36:00,2023-01-31 02:52:36,Request to the invoice for last month,28.0,376.6,4.0,False,True,False,False,False,1
TK63744,20230130,20230131,2,5,2,2023-01-30 20:40:00,2023-01-31 19:40:00,Cannot add a teammate,63.0,1380.0,,False,False,False,False,False,1
TK60814,20230130,20230131,2,3,2,2023-01-30 22:36:00,2023-01-31 03:50:56,Unable to downgrade my plan,324.0,314.93333333333334,5.0,False,True,False,False,False,1
TK61443,20230131,20230202,4,3,2,2023-01-31 01:22:00,2023-02-02 07:54:13,Error when add a teammate,358.0,3272.2166666666667,,False,False,False,False,False,1
TK60899,20230131,20230202,1,1,2,2023-01-31 01:53:00,2023-02-02 10:38:03,Question about export my data,252.0,3405.05,,False,False,False,False,False,1
TK60298,20230131,20230209,2,5,2,2023-01-31 04:27:00,2023-02-09 02:29:45,Request to downgrade my plan,85.0,12842.75,4.0,False,True,False,False,True,1
TK60533,20230131,20230131,1,5,2,2023-01-31 05:52:00,2023-01-31 11:32:40,Issue with the dashboard loading slowly,65.0,340.6666666666667,5.0,False,True,False,False,False,1
TK63401,20230131,20230201,1,1,2,2023-01-31 07:18:00,2023-02-01 19:14:18,Cannot log in after password reset,70.0,2156.3,,False,False,False,False,False,1
TK63552,20230131,20230202,1,4,1,2023-01-31 08:10:00,2023-02-02 23:20:13,Unable to webhook deliveries failing,463.0,3790.2166666666662,,False,False,False,True,False,1
TK63197,20230131,20230204,2,5,2,2023-01-31 09:35:00,2023-02-04 09:49:48,Cannot two-factor authentication,36.0,5774.8,,False,False,False,False,False,1
TK62848,20230131,20230202,1,1,2,2023-01-31 11:21:00,2023-02-02 05:08:46,Error when add a teammate,30.0,2507.766666666667,3.0,False,True,False,False,False,1
TK62280,20230131,20230201,4,1,2,2023-01-31 11:55:00,2023-02-01 01:04:51,Unable to the API rate limit,409.0,789.85,,False,False,False,True,False,1
TK60655,20230131,20230201,2,2,4,2023-01-31 18:53:00,2023-02-01 03:06:34,Issue with the invoice for last month,102.0,493.56666666666666,2.0,False,True,False,False,False,1
TK62134,20230131,20230203,2,1,1,2023-01-31 20:56:00,2023-02-03 08:52:01,Error when the dashboard loading slowly,18.0,3596.016666666667,,False,False,False,False,False,1
TK60325,20230201,20230208,4,1,1,2023-02-01 01:04:00,2023-02-08 17:22:12,How do I the dashboard loading slowly,302.0,11058.2,,False,False,False,False,True,1
TK61472,20230201,20230210,3,3,2,2023-02-01 02:50:00,2023-02-10 00:12:23,Request to downgrade my plan,9.0,12802.383333333331,,False,False,False,False,True,1
TK62187,20230201,20230201,2,5,2,2023-02-01 03:07:00,2023-02-01 12:48:33,Cannot two-factor authentication,265.0,581.55,,False,False,False,False,False,1
TK61154,20230201,20230206,2,4,1,2023-02-01 03:48:00,2023-02-06 05:23:18,Issue with a refund for an annual plan,706.0,7295.3,5.0,False,True,False,True,False,1
TK63797,20230201,20230201,2,5,2,2023-02-01 04:03:00,2023-02-01 10:01:57,Issue with add a teammate,78.0,358.95,4.0,False,True,False,False,False,1
TK60935,20230201,20230203,2,4,2,2023-02-01 09:09:00,2023-02-03 02:23:33,Question about log in after password reset,87.0,2474.55,,False,False,False,False,False,1
TK62025,20230201,20230201,2,2,3,2023-02-01 11:40:00,2023-02-01 13:00:26,Question about log in after password reset,113.0,80.43333333333334,5.0,False,True,False,False,False,1
TK60910,20230201,20230202,1,1,3,2023-02-01 11:43:00,2023-02-02 10:06:36,Request to export my data,12.0,1343.6,,False,False,False,False,False,1
TK60269,20230201,20230206,2,5,2,2023-02-01 13:49:00,2023-02-06 16:10:38,Issue with a refund for an annual plan,114.0,7341.633333333333,,False,False,True,False,False,1
TK60566,20230202,20230213,3,5,1,2023-02-02 04:11:00,2023-02-13 23:11:42,Unable to connecting the Snowflake sync,138.0,16980.7,5.0,False,True,False,False,True,1
TK61438,20230202,20230203,2,3,2,2023-02-02 07:10:00,2023-02-03 18:55:52,Request to the API rate limit,31.0,2145.866666666667,,False,False,False,False,False,1
TK61993,20230202,20230203,3,2,3,2023-02-02 09:21:00,2023-02-03 01:09:43,Cannot two-factor authentication,43.0,948.7166666666668,,False,False,False,False,False,1
TK60882,20230202,20230211,1,5,2,2023-02-02 11:50:00,2023-02-11 04:17:56,Issue with a duplicate charge,140.0,12507.933333333332,3.0,False,True,False,False,True,1
TK63920,20230202,20230202,3,2,1,2023-02-02 11:56:00,2023-02-02 20:26:40,Unable to the dashboard loading slowly,176.0,510.6666666666667,4.0,False,True,True,False,False,1
TK61067,20230202,20230207,1,1,2,2023-02-02 16:43:00,2023-02-07 14:37:45,Request to the invoice for last month,,7074.75,,False,False,False,False,False,1
TK62532,20230202,20230203,1,1,3,2023-02-02 20:39:00,2023-02-03 20:55:32,Error when the API rate limit,62.0,1456.5333333333333,5.0,False,True,False,False,False,1
TK60129,20230202,20230203,1,1,4,2023-02-02 23:39:00,2023-02-03 02:27:54,Question about downgrade my plan,9.0,168.9,3.0,False,True,False,False,False,1
TK63252,20230203,20230203,1,2,2,2023-02-03 01:14:00,2023-02-03 15:50:10,Request to a duplicate charge,93.0,876.1666666666666,,False,False,False,False,False,1
TK61852,20230203,20230203,2,2,1,2023-02-03 01:59:00,2023-02-03 06:51:42,Cannot add a teammate,114.0,292.7,5.0,False,True,False,False,False,1
TK62109,20230203,20230203,4,1,3,2023-02-03 04:49:00,2023-02-03 05:56:17,Unable to two-factor authentication,56.0,67.28333333333333,4.0,False,True,False,False,False,1
TK60481,20230203,20230204,3,2,2,2023-02-03 08:08:00,2023-02-04 07:37:33,Question about export my data,19.0,1409.55,4.0,False,True,False,False,False,1
TK63277,20230203,20230203,1,2,2,2023-02-03 11:24:00,2023-02-03 14:42:49,Error when two-factor authentication,89.0,198.81666666666663,1.0,False,True,False,False,False,1
TK62237,20230203,20230204,1,3,1,2023-02-03 11:55:00,2023-02-04 21:02:33,Unable to the API rate limit,126.0,1987.55,4.0,False,True,False,False,False,1
TK60308,20230203,20230205,2,2,2,2023-02-03 14:19:00,2023-02-05 11:51:26,Error when downgrade my plan,210.0,2732.4333333333334,,False,False,False,False,False,1
TK63060,20230203,20230210,3,5,2,2023-02-03 22:15:00,2023-02-10 07:17:46,Error when add a teammate,145.0,9182.766666666666,,False,False,False,False,True,1
TK60562,20230203,20230209,2,5,2,2023-02-03 22:52:00,2023-02-09 09:12:00,How do I the invoice for last month,90.0,7820.0,5.0,False,True,False,False,False,1
TK62740,20230203,20230204,2,4,3,2023-02-03 23:15:00,2023-02-04 08:06:33,Request to add a teammate,13.0,531.55,,False,False,False,False,False,1
TK62251,20230204,,4,5,2,2023-02-04 11:24:00,,Question about webhook deliveries failing,20.0,,,True,False,False,False,False,1
TK60605,20230204,20230205,3,4,1,2023-02-04 11:54:00,2023-02-05 13:00:51,Cannot log in after password reset,98.0,1506.85,,False,False,False,False,False,1
TK61261,20230204,20230206,4,4,1,2023-02-04 17:23:00,2023-02-06 04:13:31,Request to a refund for an annual plan,,2090.516666666667,5.0,False,True,False,False,False,1
TK63173,20230204,20230204,3,4,2,2023-02-04 17:29:00,2023-02-04 19:53:16,How do I webhook deliveries failing,114.0,144.26666666666668,,False,False,False,False,False,1
TK60619,20230204,,1,5,1,2023-02-04 17:58:00,,How do I the dashboard loading slowly,455.0,,,True,False,False,True,False,1
TK60134,20230204,20230205,1,5,3,2023-02-04 18:59:00,2023-02-05 06:37:18,Cannot export my data,55.0,698.3,,False,False,False,False,False,1
TK63443,20230205,20230208,4,5,1,2023-02-05 01:32:00,2023-02-08 21:47:15,Issue with add a teammate,153.0,5535.25,5.0,False,True,False,False,False,1
TK63665,20230205,20230221,2,5,2,2023-02-05 18:40:00,2023-02-21 05:42:06,Cannot a duplicate charge,285.0,22262.1,,False,False,False,False,True,1
TK61026,20230205,20230207,3,1,1,2023-02-05 20:15:00,2023-02-07 12:12:20,Question about a refund for an annual plan,1006.0,2397.333333333333,,False,False,False,True,False,1
TK63624,20230206,20230207,1,3,3,2023-02-06 01:09:00,2023-02-07 00:54:26,Unable to downgrade my plan,77.0,1425.4333333333334,,False,False,False,False,False,1
TK60641,20230206,20230207,3,2,2,2023-02-06 01:23:00,2023-02-07 05:24:13,How do I webhook deliveries failing,176.0,1681.2166666666667,,False,False,False,False,False,1
TK62949,20230206,,2,2,3,2023-02-06 04:26:00,,How do I export my data,184.0,,,True,False,False,False,False,1
TK61674,20230206,20230207,2,1,1,2023-02-06 07:20:00,2023-02-07 02:48:09,Question about the API rate limit,421.0,1168.15,5.0,False,True,False,True,False,1
TK63957,20230206,20230207,2,3,2,2023-02-06 08:17:00,2023-02-07 09:18:46,How do I webhook deliveries failing,579.0,1501.7666666666669,5.0,False,True,True,True,False,1
TK61733,20230206,20230206,3,5,4,2023-02-06 09:13:00,2023-02-06 23:22:11,Error when a duplicate charge,22.0,849.1833333333333,,False,False,False,False,False,1
TK60232,20230206,20230209,2,3,1,2023-02-06 10:06:00,2023-02-09 00:12:29,Error when a duplicate charge,72.0,3726.483333333333,5.0,False,True,False,False,False,1
TK60985,20230206,20230207,2,2,3,2023-02-06 10:38:00,2023-02-07 13:07:24,How do I add a teammate,106.0,1589.4,,False,False,False,False,False,1
TK60991,20230206,20230212,2,5,2,2023-02-06 12:15:00,2023-02-12 16:16:53,Request to the API rate limit,50.0,8881.883333333333,,False,False,False,False,True,1
TK61395,20230206,20230206,2,2,3,2023-02-06 17:34:00,2023-02-06 18:56:03,Unable to log in after password reset,33.0,82.05,,False,False,False,False,False,1
TK62063,20230206,20230207,2,1,3,2023-02-06 19:38:00,2023-02-07 09:57:29,Cannot the dashboard loading slowly,63.0,859.4833333333333,,False,False,False,False,False,1
TK61202,20230206,20230207,1,4,2,2023-02-06 20:38:00,2023-02-07 23:26:11,Issue with the invoice for last month,65.0,1608.1833333333334,,False,False,False,False,False,1
TK62125,20230206,20230207,2,1,2,2023-02-06 22:31:00,2023-02-07 13:48:29,Cannot export my data,74.0,917.4833333333332,,False,False,False,False,False,1
TK61998,20230206,20230210,3,5,2,2023-02-06 22:37:00,2023-02-10 23:29:03,Request to the invoice for last month,41.0,5812.05,,False,False,False,False,False,1
TK60835,20230206,20230207,2,2,2,2023-02-06 22:41:00,2023-02-07 16:55:30,Issue with connecting the Snowflake sync,17.0,1094.5,,False,False,False,False,False,1
TK63818,20230206,20230207,3,5,3,2023-02-06 23:07:00,2023-02-07 09:51:00,Question about the dashboard loading slowly,24.0,644.0,4.0,False,True,False,False,False,1
TK63876,20230207,20230207,2,4,4,2023-02-07 00:38:00,2023-02-07 17:11:52,Question about add a teammate,82.0,993.8666666666668,,False,False,False,False,False,1
TK63856,20230207,20230209,1,5,2,2023-02-07 01:17:00,2023-02-09 08:34:07,Request to the API rate limit,38.0,3317.116666666667,,False,False,False,False,False,1
TK61319,20230207,20230207,2,1,2,2023-02-07 07:18:00,2023-02-07 23:48:23,Issue with the dashboard loading slowly,143.0,990.3833333333332,,False,False,False,False,False,1
TK60220,20230207,20230212,1,5,3,2023-02-07 09:43:00,2023-02-12 00:35:36,Request to the API rate limit,52.0,6652.6,,False,False,True,False,False,1
TK61440,20230207,20230208,2,4,2,2023-02-07 10:15:00,2023-02-08 17:48:10,Issue with connecting the Snowflake sync,29.0,1893.1666666666667,5.0,False,True,False,False,False,1
TK60189,20230207,20230209,4,4,2,2023-02-07 10:49:00,2023-02-09 20:13:50,Request to connecting the Snowflake sync,161.0,3444.833333333333,,False,False,False,False,False,1
TK61941,20230207,20230207,3,2,2,2023-02-07 12:50:00,2023-02-07 15:27:16,Error when a refund for an annual plan,171.0,157.26666666666668,5.0,False,True,False,False,False,1
TK62877,20230207,20230210,4,3,3,2023-02-07 14:21:00,2023-02-10 13:45:29,Question about log in after password reset,21.0,4284.483333333334,,False,False,False,False,False,1
TK63721,20230207,20230211,1,3,1,2023-02-07 17:26:00,2023-02-11 16:33:32,Error when webhook deliveries failing,384.0,5707.533333333334,4.0,False,True,False,False,False,1
TK63690,20230207,20230210,3,5,2,2023-02-07 18:00:00,2023-02-10 05:53:44,Error when log in after password reset,80.0,3593.733333333333,,False,False,False,False,False,1
TK63335,20230207,20230208,1,2,2,2023-02-07 19:12:00,2023-02-08 11:48:34,Request to a duplicate charge,38.0,996.5666666666668,,False,False,False,False,False,1
TK60051,20230207,20230213,1,3,2,2023-02-07 20:18:00,2023-02-13 20:43:30,Issue with export my data,230.0,8665.5,4.0,False,True,True,False,True,1
TK62204,20230207,20230212,1,5,2,2023-02-07 20:49:00,2023-02-12 02:47:21,Request to two-factor authentication,19.0,6118.35,5.0,False,True,False,False,False,1
TK62683,20230207,20230209,1,1,2,2023-02-07 20:56:00,2023-02-09 03:50:40,Cannot export my data,99.0,1854.6666666666667,,False,False,False,False,False,1
TK60603,20230207,20230209,1,5,2,2023-02-07 22:06:00,2023-02-09 13:44:05,Question about two-factor authentication,27.0,2378.083333333333,,False,False,False,False,False,1
TK61699,20230207,20230208,2,1,3,2023-02-07 22:31:00,2023-02-08 00:14:12,Request to connecting the Snowflake sync,12.0,103.2,5.0,False,True,False,False,False,1
TK60019,20230207,20230213,3,2,1,2023-02-07 23:17:00,2023-02-13 10:29:41,Issue with export my data,139.0,7872.683333333333,,False,False,False,False,False,1
TK63854,20230208,20230209,1,3,3,2023-02-08 00:51:00,2023-02-09 07:16:32,How do I add a teammate,113.0,1825.5333333333333,,False,False,False,False,False,1
TK63123,20230208,20230211,2,3,1,2023-02-08 02:42:00,2023-02-11 13:39:13,Question about connecting the Snowflake sync,151.0,4977.216666666666,,False,False,False,False,False,1
TK62348,20230208,,1,2,2,2023-02-08 04:06:00,,Unable to a duplicate charge,572.0,,,True,False,False,True,False,1
TK61857,20230208,20230213,4,2,3,2023-02-08 05:58:00,2023-02-13 05:36:46,Unable to a duplicate charge,37.0,7178.766666666666,,False,False,False,False,False,1
TK61891,20230208,20230209,2,5,3,2023-02-08 07:01:00,2023-02-09 01:26:27,Cannot webhook deliveries failing,25.0,1105.45,,False,False,False,False,False,1
TK60090,20230209,20230210,1,2,2,2023-02-09 07:40:00,2023-02-10 20:23:16,How do I downgrade my plan,409.0,2203.266666666667,,False,False,False,True,False,1
TK60767,20230209,20230212,1,5,2,2023-02-09 09:45:00,2023-02-12 22:02:38,Error when webhook deliveries failing,291.0,5057.633333333333,,False,False,False,False,False,1
TK63508,20230209,20230210,3,1,1,2023-02-09 10:01:00,2023-02-10 08:59:35,Error when log in after password reset,141.0,1378.5833333333333,,False,False,False,False,False,1
TK60480,20230209,,1,5,4,2023-02-09 10:30:00,,How do I the dashboard loading slowly,37.0,,,True,False,False,False,False,1
TK63448,20230209,20230209,1,2,4,2023-02-09 13:01:00,2023-02-09 18:38:37,Error when the API rate limit,15.0,337.6166666666667,,False,False,False,False,False,1
TK62140,20230209,,1,2,3,2023-02-09 18:17:00,,How do I the API rate limit,56.0,,,True,False,False,False,False,1
TK61230,20230209,20230211,1,2,2,2023-02-09 18:33:00,2023-02-11 08:32:37,Request to webhook deliveries failing,352.0,2279.616666666667,,False,False,False,False,False,1
TK63185,20230209,20230210,2,5,2,2023-02-09 19:50:00,2023-02-10 12:07:19,Unable to the dashboard loading slowly,,977.3166666666668,,False,False,False,False,False,1
TK60369,20230209,20230212,4,5,3,2023-02-09 21:19:00,2023-02-12 05:39:06,Cannot a refund for an annual plan,20.0,3380.1,,False,False,True,False,False,1
TK63498,20230209,20230303,2,3,2,2023-02-09 21:32:00,2023-03-03 12:22:03,How do I the API rate limit,244.0,31130.05,,False,False,False,False,True,1
TK62988,20230210,20230211,4,2,1,2023-02-10 03:02:00,2023-02-11 03:19:39,How do I a duplicate charge,90.0,1457.65,,False,False,False,False,False,1
TK62833,20230210,20230210,2,3,2,2023-02-10 03:17:00,2023-02-10 16:29:57,Unable to log in after password reset,97.0,792.95,,False,False,False,False,False,1
TK62347,20230210,20230210,2,2,3,2023-02-10 04:26:00,2023-02-10 16:28:12,Cannot connecting the Snowflake sync,51.0,722.2,,False,False,False,False,False,1
TK60208,20230210,20230213,3,5,2,2023-02-10 04:44:00,2023-02-13 06:28:45,Error when export my data,103.0,4424.75,,False,False,False,False,False,1
TK61780,20230210,20230210,1,5,4,2023-02-10 06:17:00,2023-02-10 22:35:03,Unable to downgrade my plan,3.0,978.05,,False,False,False,False,False,1
TK61208,20230210,20230211,4,5,2,2023-02-10 06:18:00,2023-02-11 12:52:23,Error when add a teammate,69.0,1834.3833333333332,,False,False,False,False,False,1
TK60347,20230210,20230210,2,3,1,2023-02-10 06:53:00,2023-02-10 15:03:21,Cannot downgrade my plan,194.0,490.35,1.0,False,True,False,False,False,1
TK60549,20230210,20230211,4,3,2,2023-02-10 09:28:00,2023-02-11 00:18:15,Cannot log in after password reset,54.0,890.25,4.0,False,True,False,False,False,1
TK61783,20230210,20230210,1,1,4,2023-02-10 10:34:00,2023-02-10 11:49:34,How do I log in after password reset,13.0,75.56666666666666,,False,False,False,False,False,1
TK63788,20230210,20230210,4,4,2,2023-02-10 12:57:00,2023-02-10 19:23:17,Request to webhook deliveries failing,116.0,386.28333333333336,,False,False,False,False,False,1
TK63503,20230210,20230212,1,1,3,2023-02-10 19:04:00,2023-02-12 06:31:31,Error when a duplicate charge,18.0,2127.516666666667,,False,False,False,False,False,1
TK61146,20230210,20230211,2,4,2,2023-02-10 20:18:00,2023-02-11 05:43:50,Question about a refund for an annual plan,65.0,565.8333333333334,5.0,False,True,False,False,False,1
TK63129,20230210,20230211,2,2,2,2023-02-10 20:51:00,2023-02-11 03:05:41,How do I webhook deliveries failing,442.0,374.6833333333333,,False,False,False,True,False,1
TK61021,20230210,20230211,2,5,3,2023-02-10 22:50:00,2023-02-11 08:48:21,Request to webhook deliveries failing,40.0,598.35,2.0,False,True,False,False,False,1
TK61274,20230211,20230217,3,3,2,2023-02-11 00:18:00,2023-02-17 15:48:15,Error when export my data,49.0,9570.25,5.0,False,True,False,False,True,1
TK63303,20230211,20230212,1,4,2,2023-02-11 00:32:00,2023-02-12 14:12:56,How do I downgrade my plan,117.0,2260.9333333333334,,False,False,False,False,False,1
TK60516,20230211,20230213,2,1,2,2023-02-11 01:48:00,2023-02-13 22:03:37,Request to the dashboard loading slowly,151.0,4095.616666666667,,False,False,False,False,False,1
TK63022,20230211,20230211,3,1,3,2023-02-11 02:59:00,2023-02-11 16:05:42,Issue with a duplicate charge,132.0,786.7,,False,False,False,False,False,1
TK60056,20230211,20230211,1,4,2,2023-02-11 03:59:00,2023-02-11 14:43:39,Unable to the invoice for last month,87.0,644.65,,False,False,False,False,False,1
TK60291,20230211,20230213,1,1,1,2023-02-11 07:39:00,2023-02-13 03:25:23,Request to downgrade my plan,335.0,2626.383333333333,5.0,False,True,False,False,False,1
TK62903,20230211,20230216,3,5,1,2023-02-11 08:15:00,2023-02-16 07:25:25,Cannot downgrade my plan,236.0,7150.416666666667,,False,False,False,False,False,1
TK61568,20230211,20230215,2,4,2,2023-02-11 12:14:00,2023-02-15 23:53:27,Request to a duplicate charge,73.0,6459.45,,False,False,False,False,False,1
TK63057,20230211,,3,4,2,2023-02-11 13:31:00,,Question about the API rate limit,163.0,,,True,False,False,False,False,1
TK63326,20230211,20230223,4,4,1,2023-02-11 16:51:00,2023-02-23 16:03:45,How do I two-factor authentication,297.0,17232.75,,False,False,False,False,True,1
TK63582,20230211,20230212,3,5,2,2023-02-11 17:35:00,2023-02-12 17:59:27,Cannot the dashboard loading slowly,22.0,1464.45,,False,False,False,False,False,1
TK63992,20230211,20230212,3,1,3,2023-02-11 20:22:00,2023-02-12 01:21:52,Cannot two-factor authentication,13.0,299.8666666666667,,False,False,False,False,False,1
TK63485,20230212,20230213,2,2,3,2023-02-12 07:33:00,2023-02-13 06:10:03,Error when export my data,79.0,1357.05,,False,False,False,False,False,1
TK63793,20230212,20230212,1,2,2,2023-02-12 08:52:00,2023-02-12 20:05:17,Question about log in after password reset,36.0,673.2833333333333,,False,False,False,False,False,1
TK60753,20230212,20230213,1,2,2,2023-02-12 17:11:00,2023-02-13 07:39:58,Question about a duplicate charge,90.0,868.9666666666667,,False,False,False,False,False,1
TK62311,20230212,20230212,1,3,4,2023-02-12 20:43:00,2023-02-12 20:48:21,Question about export my data,9.0,5.35,,False,False,True,False,False,1
TK63794,20230212,20230213,3,5,2,2023-02-12 21:46:00,2023-02-13 09:52:44,How do I export my data,106.0,726.7333333333333,5.0,False,True,False,False,False,1
TK63025,20230213,20230213,3,5,3,2023-02-13 00:53:00,2023-02-13 21:30:20,Request to two-factor authentication,11.0,1237.3333333333333,,False,False,False,False,False,1
TK63936,20230213,20230215,1,3,2,2023-02-13 03:05:00,2023-02-15 17:03:37,Error when the invoice for last month,284.0,3718.616666666667,,False,False,False,False,False,1
TK63827,20230213,20230213,1,4,3,2023-02-13 04:09:00,2023-02-13 17:33:49,Question about a duplicate charge,98.0,804.8166666666667,,False,False,False,False,False,1
TK60356,20230213,20230213,1,3,2,2023-02-13 06:04:00,2023-02-13 20:04:38,Error when a refund for an annual plan,,840.6333333333333,4.0,False,True,False,False,False,1
TK60102,20230213,,1,2,2,2023-02-13 06:36:00,,Issue with the dashboard loading slowly,33.0,,,True,False,False,False,False,1
TK63766,20230213,20230213,3,2,4,2023-02-13 09:01:00,2023-02-13 10:18:48,How do I two-factor authentication,14.0,77.8,4.0,False,True,False,False,False,1
TK62015,20230213,20230215,2,2,2,2023-02-13 09:07:00,2023-02-15 15:36:30,Issue with webhook deliveries failing,73.0,3269.5,,False,False,False,False,False,1
TK63742,20230213,20230222,1,3,2,2023-02-13 10:19:00,2023-02-22 06:27:51,Error when connecting the Snowflake sync,457.0,12728.85,,False,False,False,True,True,1
TK62995,20230213,20230214,1,2,2,2023-02-13 11:39:00,2023-02-14 16:04:05,How do I connecting the Snowflake sync,181.0,1705.0833333333333,,False,False,True,False,False,1
TK63608,20230213,20230214,1,2,3,2023-02-13 13:48:00,2023-02-14 06:18:24,Issue with the API rate limit,58.0,990.4,,False,False,False,False,False,1
TK63599,20230213,20230214,3,1,1,2023-02-13 14:46:00,2023-02-14 11:23:08,Error when webhook deliveries failing,128.0,1237.1333333333334,,False,False,False,False,False,1
TK61160,20230213,20230216,2,1,3,2023-02-13 18:07:00,2023-02-16 08:04:46,Cannot log in after password reset,58.0,3717.766666666667,,False,False,False,False,False,1
TK62823,20230213,20230218,3,1,1,2023-02-13 22:54:00,2023-02-18 08:03:28,Issue with the dashboard loading slowly,269.0,6309.466666666666,,False,False,False,False,False,1
TK62563,20230213,20230214,3,2,2,2023-02-13 23:12:00,2023-02-14 11:38:29,Question about downgrade my plan,318.0,746.4833333333333,5.0,False,True,False,False,False,1
TK63586,20230214,20230217,1,5,1,2023-02-14 02:55:00,2023-02-17 11:11:35,Question about the invoice for last month,52.0,4816.583333333333,,False,False,False,False,False,1
TK60261,20230214,20230218,2,1,1,2023-02-14 02:58:00,2023-02-18 19:05:13,Question about log in after password reset,297.0,6727.216666666666,5.0,False,True,False,False,False,1
TK63311,20230214,20230215,1,5,2,2023-02-14 03:48:00,2023-02-15 22:24:27,Request to the invoice for last month,92.0,2556.45,,False,False,False,False,False,1
TK63740,20230214,20230216,2,5,2,2023-02-14 07:51:00,2023-02-16 07:23:15,Request to webhook deliveries failing,96.0,2852.25,,False,False,False,False,False,1
TK61549,20230214,20230214,3,4,2,2023-02-14 09:06:00,2023-02-14 14:10:57,Unable to the invoice for last month,41.0,304.95,,False,False,False,False,False,1
TK60022,20230214,20230214,2,2,3,2023-02-14 10:06:00,2023-02-14 18:13:08,Issue with downgrade my plan,37.0,487.1333333333333,,False,False,False,False,False,1
TK62501,20230214,20230215,3,2,2,2023-02-14 18:49:00,2023-02-15 01:07:32,Cannot webhook deliveries failing,73.0,378.53333333333336,,False,False,True,False,False,1
TK61168,20230214,20230217,3,2,2,2023-02-14 19:04:00,2023-02-17 04:41:13,Issue with two-factor authentication,13.0,3457.2166666666667,,False,False,False,False,False,1
TK60054,20230214,20230302,2,5,2,2023-02-14 20:02:00,2023-03-02 10:00:10,Cannot a duplicate charge,19.0,22438.166666666668,5.0,False,True,False,False,True,1
TK60053,20230214,20230215,3,2,2,2023-02-14 20:48:00,2023-02-15 08:36:54,Request to add a teammate,60.0,708.9,,False,False,False,False,False,1
TK61800,20230215,20230216,2,2,1,2023-02-15 02:20:00,2023-02-16 22:50:45,Issue with the API rate limit,156.0,2670.75,2.0,False,True,False,False,False,1
TK63271,20230215,20230330,3,3,2,2023-02-15 10:03:00,2023-03-30 21:39:47,How do I log in after password reset,134.0,62616.78333333333,5.0,False,True,False,False,True,1
TK63023,20230215,20230216,4,2,2,2023-02-15 10:54:00,2023-02-16 10:04:34,Request to webhook deliveries failing,136.0,1390.5666666666666,4.0,False,True,False,False,False,1
TK62033,20230215,20230215,2,1,2,2023-02-15 16:10:00,2023-02-15 23:11:47,Issue with add a teammate,71.0,421.78333333333336,,False,False,False,False,False,1
TK63693,20230215,20230218,3,1,1,2023-02-15 19:00:00,2023-02-18 04:01:56,Error when export my data,150.0,3421.9333333333334,5.0,False,True,False,False,False,1
TK61539,20230216,20230216,2,5,2,2023-02-16 12:56:00,2023-02-16 15:31:08,Question about log in after password reset,151.0,155.13333333333333,5.0,False,True,False,False,False,1
TK61172,20230216,20230217,2,5,2,2023-02-16 13:12:00,2023-02-17 07:13:30,Error when the invoice for last month,130.0,1081.5,,False,False,False,False,False,1
TK60126,20230216,20230217,4,2,3,2023-02-16 15:23:00,2023-02-17 16:47:38,Question about downgrade my plan,92.0,1524.6333333333334,,False,False,False,False,False,1
TK60487,20230216,20230216,3,1,3,2023-02-16 19:41:00,2023-02-16 21:22:11,Issue with the invoice for last month,30.0,101.18333333333334,,False,False,False,False,False,1
TK62027,20230217,20230219,2,2,2,2023-02-17 00:04:00,2023-02-19 02:36:40,Error when a duplicate charge,,3032.6666666666665,5.0,False,True,False,False,False,1
TK60018,20230217,20230218,2,1,1,2023-02-17 03:16:00,2023-02-18 15:12:05,How do I the dashboard loading slowly,1760.0,2156.083333333333,,False,False,False,True,False,1
TK60301,20230217,20230220,2,5,1,2023-02-17 06:35:00,2023-02-20 17:13:53,Error when a refund for an annual plan,110.0,4958.883333333333,4.0,False,True,False,False,False,1
TK61957,20230217,20230221,2,3,2,2023-02-17 07:25:00,2023-02-21 10:29:00,Cannot a refund for an annual plan,112.0,5944.0,,False,False,False,False,False,1
TK60345,20230217,20230217,3,2,2,2023-02-17 09:11:00,2023-02-17 14:19:54,Unable to webhook deliveries failing,146.0,308.9,3.0,False,True,False,False,False,1
TK63211,20230217,20230227,2,5,2,2023-02-17 09:54:00,2023-02-27 01:40:56,Unable to a refund for an annual plan,125.0,13906.933333333332,,False,False,False,False,True,1
TK63302,20230217,20230218,3,1,1,2023-02-17 12:01:00,2023-02-18 08:02:18,Request to a refund for an annual plan,154.0,1201.3,,False,False,False,False,False,1
TK62705,20230217,20230217,2,1,3,2023-02-17 16:29:00,2023-02-17 22:51:01,Question about downgrade my plan,30.0,382.01666666666665,,False,False,False,False,False,1
TK61648,20230217,20230219,3,3,2,2023-02-17 17:06:00,2023-02-19 15:38:15,Unable to log in after password reset,120.0,2792.25,,False,False,False,False,False,1
TK62614,20230217,,3,5,1,2023-02-17 18:20:00,,Issue with a refund for an annual plan,49.0,,,True,False,False,False,False,1
TK63811,20230217,20230220,2,2,2,2023-02-17 20:53:00,2023-02-20 03:16:16,How do I the invoice for last month,107.0,3263.266666666667,,False,False,False,False,False,1
TK63547,20230218,20230218,2,2,2,2023-02-18 00:18:00,2023-02-18 03:29:02,Issue with export my data,19.0,191.03333333333333,,False,False,False,False,False,1
TK62415,20230218,20230218,4,5,4,2023-02-18 06:43:00,2023-02-18 12:27:48,Error when add a teammate,9.0,344.8,,False,False,False,False,False,1
TK62962,20230218,,3,5,2,2023-02-18 07:13:00,,Cannot export my data,165.0,,,True,False,False,False,False,1
TK62803,20230218,20230218,2,2,2,2023-02-18 07:20:00,2023-02-18 22:54:50,Cannot downgrade my plan,22.0,934.8333333333334,,False,False,False,False,False,1
TK61193,20230218,20230218,2,2,1,2023-02-18 07:35:00,2023-02-18 21:56:33,Question about log in after password reset,361.0,861.55,,False,False,False,False,False,1
TK63015,20230218,,1,4,4,2023-02-18 08:10:00,,Question about two-factor authentication,15.0,,,True,False,False,False,False,1
TK61017,20230218,20230218,2,4,2,2023-02-18 08:47:00,2023-02-18 14:28:19,How do I export my data,114.0,341.31666666666666,,False,False,False,False,False,1
TK63174,20230218,20230221,4,5,2,2023-02-18 15:34:00,2023-02-21 02:23:02,Question about two-factor authentication,24.0,3529.0333333333333,5.0,False,True,False,False,False,1
TK61367,20230218,20230222,1,5,3,2023-02-18 16:51:00,2023-02-22 14:44:11,How do I the invoice for last month,64.0,5633.183333333333,,False,False,False,False,False,1
TK60274,20230218,,4,3,1,2023-02-18 18:15:00,,How do I add a teammate,222.0,,,True,False,False,False,False,1
TK63943,20230218,20230220,1,4,2,2023-02-18 23:07:00,2023-02-20 19:05:18,Unable to webhook deliveries failing,231.0,2638.3,,False,False,False,False,False,1
TK62475,20230219,20230225,2,5,3,2023-02-19 03:55:00,2023-02-25 03:53:41,Request to downgrade my plan,25.0,8638.683333333332,,False,False,False,False,True,1
TK60379,20230219,20230219,2,2,3,2023-02-19 06:12:00,2023-02-19 20:23:32,Request to the API rate limit,53.0,851.5333333333333,4.0,False,True,False,False,False,1
TK60873,20230219,20230219,1,2,2,2023-02-19 08:02:00,2023-02-19 14:26:49,Issue with the invoice for last month,106.0,384.81666666666666,,False,False,False,False,False,1
TK62022,20230219,20230220,3,4,2,2023-02-19 08:49:00,2023-02-20 07:30:46,Error when a refund for an annual plan,307.0,1361.7666666666669,5.0,False,True,False,False,False,1
TK60475,20230219,20230219,1,4,4,2023-02-19 10:22:00,2023-02-19 12:16:08,Unable to log in after password reset,49.0,114.13333333333334,,False,False,False,False,False,1
TK63241,20230219,20230220,2,5,3,2023-02-19 15:44:00,2023-02-20 11:25:22,Cannot webhook deliveries failing,40.0,1181.3666666666666,,False,False,False,False,False,1
TK62308,20230219,20230219,4,4,2,2023-02-19 16:15:00,2023-02-19 23:02:46,Error when the invoice for last month,132.0,407.76666666666665,,False,False,False,False,False,1
TK63300,20230219,,1,5,2,2023-02-19 17:41:00,,Unable to a duplicate charge,119.0,,,True,False,False,False,False,1
TK62399,20230219,20230228,4,5,3,2023-02-19 18:16:00,2023-02-28 06:05:53,Unable to log in after password reset,55.0,12229.883333333331,4.0,False,True,False,False,True,1
TK63918,20230219,20230220,4,4,3,2023-02-19 20:01:00,2023-02-20 17:10:50,Request to downgrade my plan,157.0,1269.8333333333333,,False,False,False,False,False,1
TK60631,20230219,20230219,3,1,4,2023-02-19 22:16:00,2023-02-19 22:27:14,Unable to the API rate limit,10.0,11.233333333333333,,False,False,False,False,False,1
TK61432,20230219,20230224,1,1,1,2023-02-19 23:04:00,2023-02-24 01:51:20,Error when downgrade my plan,45.0,5927.333333333333,5.0,False,True,False,False,False,1
TK63513,20230220,20230309,3,5,2,2023-02-20 03:02:00,2023-03-09 14:53:15,Cannot log in after password reset,,25191.25,,False,False,False,False,True,1
TK62879,20230220,20230224,1,2,1,2023-02-20 04:50:00,2023-02-24 06:18:31,Error when the invoice for last month,436.0,5848.516666666666,,False,False,True,True,False,1
TK61725,20230220,20230220,4,3,1,2023-02-20 05:20:00,2023-02-20 21:55:03,Cannot two-factor authentication,978.0,995.05,,False,False,False,True,False,1
TK60205,20230220,20230220,1,5,3,2023-02-20 08:02:00,2023-02-20 11:57:16,Issue with a duplicate charge,25.0,235.26666666666668,,False,False,False,False,False,1
TK61442,20230220,20230225,2,4,1,2023-02-20 18:36:00,2023-02-25 13:24:37,Cannot add a teammate,490.0,6888.616666666667,,False,False,False,True,False,1
TK60838,20230220,20230222,1,5,2,2023-02-20 23:09:00,2023-02-22 20:05:33,Error when two-factor authentication,103.0,2696.55,,False,False,False,False,False,1
TK62247,20230221,20230222,2,2,2,2023-02-21 01:10:00,2023-02-22 15:41:36,Unable to add a teammate,39.0,2311.6,5.0,False,True,False,False,False,1
TK61548,20230221,20230221,2,5,3,2023-02-21 02:43:00,2023-02-21 09:11:58,Issue with the API rate limit,123.0,388.9666666666666,,False,False,False,False,False,1
TK61976,20230221,20230221,3,5,3,2023-02-21 04:49:00,2023-02-21 16:21:42,How do I export my data,62.0,692.7,2.0,False,True,False,False,False,1
TK62874,20230221,20230221,4,2,3,2023-02-21 08:18:00,2023-02-21 19:03:21,Error when the API rate limit,42.0,645.35,,False,False,False,False,False,1
TK61291,20230221,20230222,4,4,2,2023-02-21 09:26:00,2023-02-22 01:28:11,How do I log in after password reset,93.0,962.1833333333332,,False,False,False,False,False,1
TK61431,20230221,20230309,1,4,1,2023-02-21 11:17:00,2023-03-09 12:33:53,Question about export my data,,23116.88333333333,,False,False,False,False,True,1
TK61996,20230221,20230227,1,5,1,2023-02-21 12:13:00,2023-02-27 17:42:01,Cannot two-factor authentication,75.0,8969.016666666666,,False,False,False,False,True,1
TK63808,20230221,,1,2,3,2023-02-21 15:39:00,,Question about two-factor authentication,55.0,,,True,False,False,False,False,1
TK63495,20230221,20230221,1,1,2,2023-02-21 15:48:00,2023-02-21 21:48:04,Question about add a teammate,66.0,360.06666666666666,,False,False,False,False,False,1
TK62117,20230221,,3,5,3,2023-02-21 18:16:00,,Question about two-factor authentication,43.0,,,True,False,False,False,False,1
TK62093,20230221,20230222,3,1,2,2023-02-21 22:35:00,2023-02-22 15:34:42,Issue with export my data,20.0,1019.7,4.0,False,True,False,False,False,1
TK62361,20230222,20230225,2,2,1,2023-02-22 01:51:00,2023-02-25 23:42:55,How do I log in after password reset,221.0,5631.916666666667,5.0,False,True,False,False,False,1
TK61309,20230222,20230303,3,5,2,2023-02-22 04:11:00,2023-03-03 06:46:28,How do I add a teammate,167.0,13115.466666666667,4.0,False,True,False,False,True,1
TK62176,20230222,20230223,2,5,1,2023-02-22 06:24:00,2023-02-23 22:17:57,How do I a duplicate charge,42.0,2393.95,,False,False,False,False,False,1
TK61134,20230222,20230223,4,3,2,2023-02-22 10:46:00,2023-02-23 14:32:14,Unable to a refund for an annual plan,114.0,1666.2333333333331,4.0,False,True,False,False,False,1
TK63951,20230222,20230223,2,2,2,2023-02-22 11:32:00,2023-02-23 01:29:54,Unable to add a teammate,86.0,837.9,,False,False,False,False,False,1
TK61256,20230222,20230223,1,2,2,2023-02-22 11:43:00,2023-02-23 03:57:18,Issue with webhook deliveries failing,113.0,974.3,,False,False,False,False,False,1
TK63263,20230222,20230223,1,2,2,2023-02-22 16:36:00,2023-02-23 21:37:12,Question about two-factor authentication,149.0,1741.2,,False,False,False,False,False,1
TK60659,20230222,,2,5,2,2023-02-22 18:26:00,,Issue with the dashboard loading slowly,50.0,,,True,False,False,False,False,1
TK63849,20230222,20230225,4,1,2,2023-02-22 20:28:00,2023-02-25 02:46:45,Error when the invoice for last month,67.0,3258.75,,False,False,False,False,False,1
TK62297,20230222,20230223,1,5,3,2023-02-22 21:45:00,2023-02-23 02:00:42,Request to the API rate limit,43.0,255.7,,False,False,False,False,False,1
TK61874,20230222,20230224,4,5,2,2023-02-22 22:04:00,2023-02-24 05:06:14,Request to export my data,268.0,1862.2333333333331,5.0,False,True,False,False,False,1
TK62505,20230223,20230225,2,5,2,2023-02-23 00:44:00,2023-02-25 08:49:17,Cannot a duplicate charge,312.0,3365.2833333333333,5.0,False,True,False,False,False,1
TK60552,20230223,20230223,2,1,3,2023-02-23 03:33:00,2023-02-23 23:59:30,Error when the invoice for last month,31.0,1226.5,,False,False,False,False,False,1
TK63183,20230223,20230223,1,4,4,2023-02-23 05:26:00,2023-02-23 08:21:27,How do I the invoice for last month,5.0,175.45,5.0,False,True,False,False,False,1
TK63720,20230223,20230223,4,2,4,2023-02-23 05:57:00,2023-02-23 15:18:18,Issue with the API rate limit,22.0,561.3,,False,False,False,False,False,1
TK61573,20230223,20230225,1,2,2,2023-02-23 07:22:00,2023-02-25 01:12:08,Unable to connecting the Snowflake sync,190.0,2510.133333333333,5.0,False,True,False,False,False,1
TK63301,20230223,20230224,2,4,2,2023-02-23 12:06:00,2023-02-24 05:41:26,Error when add a teammate,102.0,1055.4333333333334,,False,False,False,False,False,1
TK61290,20230223,20230225,1,5,2,2023-02-23 12:56:00,2023-02-25 03:02:04,Error when the API rate limit,71.0,2286.0666666666666,,False,False,False,False,False,1
TK60042,20230223,20230224,2,5,2,2023-02-23 15:46:00,2023-02-24 19:37:06,Unable to connecting the Snowflake sync,143.0,1671.1,5.0,False,True,False,False,False,1
TK62816,20230223,20230223,1,2,3,2023-02-23 20:16:00,2023-02-23 21:24:09,Error when export my data,174.0,68.15,,False,False,False,False,False,1
TK61606,20230223,20230314,4,3,1,2023-02-23 20:27:00,2023-03-14 21:34:40,How do I connecting the Snowflake sync,41.0,27427.666666666668,,False,False,False,False,True,1
TK61903,20230223,20230224,1,1,2,2023-02-23 21:19:00,2023-02-24 09:35:30,Question about the invoice for last month,44.0,736.5,5.0,False,True,False,False,False,1
TK62576,20230224,20230224,2,2,2,2023-02-24 04:13:00,2023-02-24 21:32:08,Issue with the API rate limit,1062.0,1039.1333333333334,5.0,False,True,False,True,False,1
TK61730,20230224,20230224,2,2,2,2023-02-24 04:29:00,2023-02-24 17:24:22,How do I the API rate limit,24.0,775.3666666666667,,False,False,False,False,False,1
TK60855,20230224,20230304,3,5,1,2023-02-24 05:12:00,2023-03-04 02:21:01,Question about export my data,97.0,11349.016666666666,,False,False,False,False,True,1
TK63003,20230224,20230228,1,3,2,2023-02-24 06:34:00,2023-02-28 00:40:58,Question about a refund for an annual plan,122.0,5406.966666666666,,False,False,False,False,False,1
TK61940,20230224,20230227,2,3,2,2023-02-24 06:43:00,2023-02-27 21:02:31,Request to connecting the Snowflake sync,66.0,5179.516666666666,,False,False,False,False,False,1
TK60690,20230224,20230225,2,2,1,2023-02-24 16:20:00,2023-02-25 00:37:19,Error when two-factor authentication,,497.31666666666666,1.0,False,True,False,False,False,1
TK61814,20230224,20230314,2,1,1,2023-02-24 16:52:00,2023-03-14 03:05:23,How do I the API rate limit,68.0,25093.38333333333,,False,False,False,False,True,1
TK63286,20230224,20230228,2,5,2,2023-02-24 22:26:00,2023-02-28 11:54:14,Unable to downgrade my plan,16.0,5128.233333333334,,False,False,True,False,False,1
TK62673,20230225,20230226,1,5,2,2023-02-25 01:17:00,2023-02-26 13:07:05,How do I downgrade my plan,86.0,2150.083333333333,,False,False,False,False,False,1
TK62004,20230225,20230225,2,2,3,2023-02-25 02:05:00,2023-02-25 03:42:33,Request to connecting the Snowflake sync,34.0,97.55,3.0,False,True,False,False,False,1
TK60111,20230225,20230226,3,1,2,2023-02-25 07:29:00,2023-02-26 02:34:57,Request to two-factor authentication,128.0,1145.95,,False,False,False,False,False,1
TK63066,20230225,20230225,1,1,2,2023-02-25 07:51:00,2023-02-25 18:09:33,How do I a refund for an annual plan,186.0,618.55,,False,False,False,False,False,1
TK61415,20230225,20230308,2,5,1,2023-02-25 08:02:00,2023-03-08 21:34:04,How do I log in after password reset,259.0,16652.066666666666,,False,False,False,False,True,1
TK60904,20230225,20230226,2,5,4,2023-02-25 09:13:00,2023-02-26 02:29:35,Request to the API rate limit,11.0,1036.5833333333333,,False,False,False,False,False,1
TK60486,20230225,20230227,2,1,1,2023-02-25 09:18:00,2023-02-27 14:27:34,Question about connecting the Snowflake sync,816.0,3189.5666666666666,,False,False,False,True,False,1
TK63091,20230225,20230226,2,2,1,2023-02-25 12:08:00,2023-02-26 11:58:12,Unable to the dashboard loading slowly,706.0,1430.2,,False,False,False,True,False,1
TK61358,20230225,20230302,1,5,1,2023-02-25 12:21:00,2023-03-02 07:35:38,Issue with webhook deliveries failing,150.0,6914.633333333333,,False,False,False,False,False,1
TK61680,20230225,20230226,1,2,2,2023-02-25 13:05:00,2023-02-26 00:24:33,Request to a refund for an annual plan,,679.55,1.0,False,True,False,False,False,1
TK61200,20230225,20230324,2,3,1,2023-02-25 18:03:00,2023-03-24 13:28:19,Cannot export my data,,38605.316666666666,,False,False,True,False,True,1
TK61798,20230225,,3,5,2,2023-02-25 21:47:00,,Request to export my data,156.0,,,True,False,False,False,False,1
TK60612,20230226,20230227,1,1,2,2023-02-26 00:31:00,2023-02-27 23:41:57,Question about log in after password reset,99.0,2830.95,,False,False,False,False,False,1
TK62595,20230226,20230226,3,4,2,2023-02-26 02:00:00,2023-02-26 09:26:14,Question about export my data,298.0,446.23333333333335,4.0,False,True,False,False,False,1
TK61082,20230226,20230301,3,4,1,2023-02-26 05:44:00,2023-03-01 00:33:42,Cannot a duplicate charge,36.0,4009.7,,False,False,False,False,False,1
TK63468,20230226,20230305,2,5,2,2023-02-26 05:58:00,2023-03-05 15:25:01,How do I the API rate limit,85.0,10647.016666666666,,False,False,True,False,True,1
TK60283,20230226,20230227,2,4,2,2023-02-26 07:13:00,2023-02-27 01:41:00,Error when two-factor authentication,161.0,1108.0,5.0,False,True,False,False,False,1
TK61823,20230226,20230226,2,5,1,2023-02-26 08:23:00,2023-02-26 17:52:45,Cannot downgrade my plan,2632.0,569.75,,False,False,False,True,False,1
TK63477,20230226,20230301,2,2,2,2023-02-26 09:09:00,2023-03-01 01:06:03,How do I export my data,9.0,3837.05,5.0,False,True,False,False,False,1
TK60357,20230226,20230302,2,5,2,2023-02-26 09:45:00,2023-03-02 21:34:48,Cannot webhook deliveries failing,190.0,6469.8,,False,False,False,False,False,1
TK60425,20230226,20230301,2,1,2,2023-02-26 10:16:00,2023-03-01 02:51:15,Question about a refund for an annual plan,88.0,3875.25,,False,False,False,False,False,1
TK61501,20230226,20230227,3,5,2,2023-02-26 12:05:00,2023-02-27 23:27:30,Request to downgrade my plan,88.0,2122.5,4.0,False,True,False,False,False,1
TK63132,20230226,20230307,1,3,1,2023-02-26 12:06:00,2023-03-07 17:38:56,How do I the dashboard loading slowly,131.0,13292.933333333332,,False,False,False,False,True,1
TK60399,20230226,20230301,1,5,1,2023-02-26 12:51:00,2023-03-01 13:19:07,Issue with a duplicate charge,52.0,4348.116666666667,,False,False,True,False,False,1
TK61004,20230226,20230227,1,5,2,2023-02-26 14:00:00,2023-02-27 15:16:33,How do I a duplicate charge,101.0,1516.55,,False,False,False,False,False,1
TK60386,20230226,20230226,1,4,3,2023-02-26 14:31:00,2023-02-26 17:10:38,Issue with the dashboard loading slowly,36.0,159.63333333333333,,False,False,True,False,False,1
TK62386,20230226,20230309,4,5,2,2023-02-26 18:31:00,2023-03-09 09:24:14,How do I export my data,40.0,15293.233333333334,,False,False,False,False,True,1
TK62479,20230226,20230227,1,2,2,2023-02-26 22:08:00,2023-02-27 15:21:19,Question about the dashboard loading slowly,80.0,1033.3166666666666,,False,False,False,False,False,1
TK60531,20230226,,2,5,1,2023-02-26 22:57:00,,Issue with two-factor authentication,168.0,,,True,False,False,False,False,1
TK60876,20230227,20230419,3,5,2,2023-02-27 00:37:00,2023-04-19 17:20:17,Error when a duplicate charge,33.0,74443.28333333334,,False,False,False,False,True,1
TK61376,20230227,20230228,4,2,1,2023-02-27 00:51:00,2023-02-28 05:54:26,Unable to export my data,135.0,1743.4333333333334,5.0,False,True,False,False,False,1
TK60591,20230227,20230228,1,1,2,2023-02-27 00:59:00,2023-02-28 07:18:03,Issue with the invoice for last month,260.0,1819.05,,False,False,True,False,False,1
TK61275,20230227,20230303,2,2,1,2023-02-27 02:00:00,2023-03-03 18:41:48,Issue with the API rate limit,170.0,6761.8,,False,False,False,False,False,1
TK61265,20230227,20230228,4,3,2,2023-02-27 03:48:00,2023-02-28 13:51:02,Request to the dashboard loading slowly,146.0,2043.0333333333333,,False,False,False,False,False,1
TK61189,20230227,20230227,1,2,2,2023-02-27 04:30:00,2023-02-27 07:47:52,Unable to webhook deliveries failing,143.0,197.86666666666667,4.0,False,True,False,False,False,1
TK63706,20230227,20230227,2,1,2,2023-02-27 07:47:00,2023-02-27 16:21:39,How do I the dashboard loading slowly,64.0,514.65,4.0,False,True,False,False,False,1
TK61042,20230227,20230228,1,5,2,2023-02-27 10:33:00,2023-02-28 14:53:40,Error when a refund for an annual plan,21.0,1700.6666666666667,,False,False,False,False,False,1
TK62872,20230227,20230303,2,2,1,2023-02-27 11:57:00,2023-03-03 23:41:37,Issue with downgrade my plan,569.0,6464.616666666667,,False,False,False,True,False,1
TK60691,20230227,20230228,3,2,3,2023-02-27 12:01:00,2023-02-28 18:14:57,Error when a duplicate charge,64.0,1813.95,,False,False,False,False,False,1
TK61348,20230227,,2,2,3,2023-02-27 12:30:00,,Request to webhook deliveries failing,71.0,,,True,False,False,False,False,1
TK62163,20230227,20230227,1,1,3,2023-02-27 13:34:00,2023-02-27 15:10:19,Request to two-factor authentication,135.0,96.31666666666666,,False,False,False,False,False,1
TK61197,20230227,20230301,2,3,2,2023-02-27 18:35:00,2023-03-01 23:48:26,Error when the dashboard loading slowly,129.0,3193.4333333333334,5.0,False,True,False,False,False,1
TK60615,20230228,20230228,2,2,3,2023-02-28 00:00:00,2023-02-28 04:39:50,How do I the dashboard loading slowly,57.0,279.8333333333333,,False,False,False,False,False,1
TK61905,20230228,20230301,4,2,1,2023-02-28 00:37:00,2023-03-01 06:05:48,Error when a refund for an annual plan,378.0,1768.8,,False,False,False,False,False,1
TK61799,20230228,20230301,1,3,2,2023-02-28 01:10:00,2023-03-01 00:49:24,Cannot export my data,50.0,1419.4,,False,False,True,False,False,1
TK60218,20230228,20230228,3,1,2,2023-02-28 01:27:00,2023-02-28 05:23:20,Question about a refund for an annual plan,33.0,236.33333333333331,,False,False,False,False,False,1
TK63805,20230228,20230306,1,5,1,2023-02-28 01:39:00,2023-03-06 14:41:22,How do I connecting the Snowflake sync,195.0,9422.366666666669,5.0,False,True,False,False,True,1
TK60755,20230228,20230301,3,5,2,2023-02-28 03:28:00,2023-03-01 11:26:45,Cannot export my data,63.0,1918.75,1.0,False,True,False,False,False,1
TK63336,20230228,20230228,3,5,3,2023-02-28 03:53:00,2023-02-28 13:00:17,Question about a duplicate charge,36.0,547.2833333333333,,False,False,False,False,False,1
TK61035,20230228,20230313,3,2,1,2023-02-28 05:18:00,2023-03-13 22:22:29,Error when the invoice for last month,228.0,19744.483333333334,1.0,False,True,False,False,True,1
TK62579,20230228,20230305,3,1,2,2023-02-28 05:34:00,2023-03-05 18:09:58,Cannot add a teammate,169.0,7955.966666666666,,False,False,False,False,False,1
TK60577,20230228,20230228,1,2,2,2023-02-28 06:01:00,2023-02-28 14:33:42,How do I export my data,42.0,512.7,,False,False,False,False,False,1
TK61595,20230228,20230228,2,2,3,2023-02-28 06:32:00,2023-02-28 10:03:50,Question about the dashboard loading slowly,6.0,211.83333333333331,,False,False,False,False,False,1
TK61786,20230228,20230228,1,4,4,2023-02-28 06:55:00,2023-02-28 12:22:35,Request to log in after password reset,10.0,327.5833333333333,,False,False,False,False,False,1
TK63288,20230228,20230306,3,4,2,2023-02-28 09:39:00,2023-03-06 10:40:21,Unable to a duplicate charge,422.0,8701.35,,False,False,False,True,True,1
TK61847,20230228,20230301,2,2,1,2023-02-28 12:26:00,2023-03-01 10:50:59,Question about log in after password reset,65.0,1344.9833333333331,,False,False,False,False,False,1
TK62665,20230228,20230303,2,2,2,2023-02-28 13:51:00,2023-03-03 03:55:22,Error when log in after password reset,102.0,3724.366666666667,,False,False,False,False,False,1
TK60790,20230228,20230303,1,2,1,2023-02-28 14:20:00,2023-03-03 20:48:05,Request to the API rate limit,654.0,4708.083333333333,,False,False,False,True,False,1
TK60093,20230228,20230228,2,5,4,2023-02-28 15:22:00,2023-02-28 23:08:24,Request to two-factor authentication,54.0,466.4,5.0,False,True,False,False,False,1
TK61696,20230228,20230228,2,1,4,2023-02-28 18:15:00,2023-02-28 19:44:22,Cannot a refund for an annual plan,18.0,89.36666666666666,5.0,False,True,False,False,False,1
TK62241,20230228,20230228,3,3,4,2023-02-28 20:06:00,2023-02-28 22:16:04,Cannot a duplicate charge,22.0,130.06666666666666,4.0,False,True,False,False,False,1
TK62464,20230301,20230301,2,4,3,2023-03-01 00:11:00,2023-03-01 13:53:38,Request to connecting the Snowflake sync,249.0,822.6333333333333,,False,False,False,False,False,1
TK60889,20230301,20230301,1,2,4,2023-03-01 03:17:00,2023-03-01 06:21:19,Error when the dashboard loading slowly,14.0,184.31666666666663,,False,False,False,False,False,1
TK63685,20230301,20230301,3,4,3,2023-03-01 05:43:00,2023-03-01 07:54:45,Unable to the dashboard loading slowly,40.0,131.75,5.0,False,True,False,False,False,1
TK60206,20230301,20230303,1,1,3,2023-03-01 08:09:00,2023-03-03 18:48:01,Request to a duplicate charge,106.0,3519.016666666667,,False,False,False,False,False,1
TK61345,20230301,20230302,1,5,3,2023-03-01 09:35:00,2023-03-02 07:18:29,Request to add a teammate,106.0,1303.4833333333331,5.0,False,True,False,False,False,1
TK63853,20230301,20230309,3,5,2,2023-03-01 09:38:00,2023-03-09 18:26:20,Unable to add a teammate,136.0,12048.333333333334,,False,False,False,False,True,1
TK62905,20230301,20230303,2,5,1,2023-03-01 10:54:00,2023-03-03 00:24:37,Unable to a refund for an annual plan,31.0,2250.616666666667,,False,False,False,False,False,1
TK61746,20230301,20230303,2,3,4,2023-03-01 15:05:00,2023-03-03 07:45:42,Error when a duplicate charge,66.0,2440.7,,False,False,False,False,False,1
TK63094,20230301,20230304,1,5,2,2023-03-01 17:36:00,2023-03-04 14:53:32,Unable to the invoice for last month,71.0,4157.533333333334,3.0,False,True,False,False,False,1
TK60182,20230301,20230302,2,3,3,2023-03-01 18:06:00,2023-03-02 03:02:34,Error when webhook deliveries failing,47.0,536.5666666666667,,False,False,True,False,False,1
TK62443,20230301,20230302,4,2,1,2023-03-01 21:26:00,2023-03-02 15:21:34,Question about the dashboard loading slowly,233.0,1075.5666666666666,,False,False,True,False,False,1
TK62586,20230302,,3,3,4,2023-03-02 02:31:00,,How do I log in after password reset,,,,True,False,False,False,False,1
TK62279,20230302,20230305,1,5,3,2023-03-02 04:44:00,2023-03-05 05:03:24,Issue with the invoice for last month,82.0,4339.4,,False,False,False,False,False,1
TK60940,20230302,20230304,1,5,1,2023-03-02 08:47:00,2023-03-04 12:37:51,Cannot connecting the Snowflake sync,3391.0,3110.85,3.0,False,True,False,True,False,1
TK60857,20230302,20230314,1,1,1,2023-03-02 09:28:00,2023-03-14 12:41:40,Request to downgrade my plan,214.0,17473.666666666668,,False,False,False,False,True,1
TK63327,20230302,20230303,1,5,1,2023-03-02 11:19:00,2023-03-03 10:05:12,Issue with downgrade my plan,494.0,1366.2,1.0,False,True,False,True,False,1
TK62974,20230302,20230302,1,2,1,2023-03-02 13:38:00,2023-03-02 23:48:46,Error when the invoice for last month,107.0,610.7666666666667,,False,False,False,False,False,1
TK62584,20230302,20230306,3,5,2,2023-03-02 14:25:00,2023-03-06 10:21:58,Cannot two-factor authentication,82.0,5516.966666666666,,False,False,True,False,False,1
TK60727,20230302,20230303,3,2,1,2023-03-02 16:54:00,2023-03-03 09:12:48,Unable to a duplicate charge,685.0,978.8,,False,False,False,True,False,1
TK60773,20230302,20230303,3,2,2,2023-03-02 21:43:00,2023-03-03 00:21:16,Question about log in after password reset,70.0,158.26666666666668,,False,False,False,False,False,1
TK60942,20230302,20230303,1,4,2,2023-03-02 22:07:00,2023-03-03 08:56:54,Error when the API rate limit,404.0,649.9,,False,False,False,True,False,1
TK60436,20230303,20230303,4,4,1,2023-03-03 03:59:00,2023-03-03 12:30:55,Question about downgrade my plan,403.0,511.9166666666667,5.0,False,True,False,True,False,1
TK63775,20230303,20230303,4,4,2,2023-03-03 07:11:00,2023-03-03 16:21:47,How do I the invoice for last month,111.0,550.7833333333333,,False,False,False,False,False,1
TK62937,20230303,20230306,2,5,3,2023-03-03 10:01:00,2023-03-06 06:28:46,Unable to downgrade my plan,63.0,4107.766666666666,,False,False,False,False,False,1
TK62389,20230303,20230305,1,5,2,2023-03-03 10:38:00,2023-03-05 05:21:53,Question about add a teammate,155.0,2563.883333333333,,False,False,False,False,False,1
TK63548,20230303,20230303,1,4,2,2023-03-03 10:42:00,2023-03-03 14:55:48,Error when connecting the Snowflake sync,104.0,253.8,,False,False,False,False,False,1
TK60078,20230303,20230305,1,1,3,2023-03-03 13:13:00,2023-03-05 15:46:37,Issue with add a teammate,83.0,3033.616666666667,5.0,False,True,False,False,False,1
TK60333,20230303,20230303,1,2,2,2023-03-03 21:08:00,2023-03-03 22:43:25,Question about a refund for an annual plan,50.0,95.41666666666669,,False,False,False,False,False,1
TK61300,20230304,20230304,4,2,2,2023-03-04 00:10:00,2023-03-04 04:03:52,Issue with the invoice for last month,98.0,233.86666666666667,,False,False,False,False,False,1
TK62222,20230304,20230308,1,3,2,2023-03-04 09:34:00,2023-03-08 20:28:00,Request to export my data,22.0,6414.0,,False,False,False,False,False,1
TK63227,20230304,20230306,1,5,2,2023-03-04 16:00:00,2023-03-06 05:17:57,Error when a refund for an annual plan,48.0,2237.95,5.0,False,True,False,False,False,1
TK62900,20230304,20230305,2,2,1,2023-03-04 18:24:00,2023-03-05 20:45:04,Cannot two-factor authentication,587.0,1581.0666666666666,,False,False,False,True,False,1
TK61113,20230304,20230307,2,3,3,2023-03-04 18:25:00,2023-03-07 06:54:38,Request to the API rate limit,18.0,3629.633333333333,,False,False,True,False,False,1
TK63092,20230304,,2,4,1,2023-03-04 18:31:00,,Request to the invoice for last month,151.0,,,True,False,False,False,False,1
TK60175,20230304,20230314,1,5,2,2023-03-04 22:27:00,2023-03-14 17:35:44,Error when log in after password reset,303.0,14108.733333333334,,False,False,False,False,True,1
TK63572,20230304,20230305,3,5,2,2023-03-04 23:22:00,2023-03-05 10:06:32,Error when downgrade my plan,954.0,644.5333333333333,,False,False,False,True,False,1
TK63726,20230305,20230305,3,2,2,2023-03-05 03:21:00,2023-03-05 17:23:15,How do I the invoice for last month,15.0,842.25,,False,False,True,False,False,1
TK61240,20230305,20230306,2,5,2,2023-03-05 06:42:00,2023-03-06 12:17:37,Issue with the dashboard loading slowly,189.0,1775.6166666666666,,False,False,False,False,False,1
TK61517,20230305,20230307,2,5,2,2023-03-05 06:47:00,2023-03-07 05:11:20,Unable to log in after password reset,23.0,2784.333333333333,,False,False,False,False,False,1
TK60359,20230305,20230308,2,5,2,2023-03-05 12:57:00,2023-03-08 17:16:38,How do I a duplicate charge,118.0,4579.633333333333,5.0,False,True,False,False,False,1
TK62404,20230305,20230309,3,2,2,2023-03-05 14:50:00,2023-03-09 08:02:48,Cannot add a teammate,46.0,5352.8,,False,False,False,False,False,1
TK62582,20230305,20230306,2,2,2,2023-03-05 16:15:00,2023-03-06 08:25:11,How do I add a teammate,113.0,970.1833333333332,,False,False,False,False,False,1
TK61961,20230305,20230306,3,5,3,2023-03-05 21:11:00,2023-03-06 21:38:52,Issue with add a teammate,16.0,1467.8666666666666,,False,False,False,False,False,1
TK63559,20230305,20230306,1,5,1,2023-03-05 21:23:00,2023-03-06 18:35:21,Cannot downgrade my plan,117.0,1272.35,5.0,False,True,False,False,False,1
TK60544,20230306,20230306,2,5,2,2023-03-06 01:09:00,2023-03-06 23:01:15,How do I downgrade my plan,261.0,1312.25,5.0,False,True,False,False,False,1
TK63529,20230306,20230307,3,2,3,2023-03-06 03:41:00,2023-03-07 05:36:12,Cannot connecting the Snowflake sync,179.0,1555.2,,False,False,False,False,False,1
TK63107,20230306,20230306,3,2,1,2023-03-06 04:41:00,2023-03-06 21:46:25,How do I connecting the Snowflake sync,425.0,1025.4166666666667,,False,False,False,True,False,1
TK63312,20230306,20230309,4,3,1,2023-03-06 09:18:00,2023-03-09 09:26:37,Issue with the invoice for last month,264.0,4328.616666666667,,False,False,True,False,False,1
TK63357,20230306,20230307,1,4,2,2023-03-06 11:52:00,2023-03-07 03:41:36,Unable to a duplicate charge,73.0,949.6,4.0,False,True,False,False,False,1
TK60258,20230306,20230306,2,5,3,2023-03-06 13:19:00,2023-03-06 22:09:35,Unable to log in after password reset,42.0,530.5833333333334,,False,False,False,False,False,1
TK61148,20230306,20230306,2,4,4,2023-03-06 21:17:00,2023-03-06 21:42:02,Question about export my data,45.0,25.03333333333333,,False,False,False,False,False,1
TK62727,20230306,20230311,1,5,2,2023-03-06 22:36:00,2023-03-11 18:30:53,Question about export my data,55.0,6954.883333333333,,False,False,False,False,False,1
TK61304,20230307,20230309,2,4,3,2023-03-07 00:18:00,2023-03-09 16:10:08,Request to two-factor authentication,19.0,3832.133333333333,5.0,False,True,False,False,False,1
TK63845,20230307,20230308,1,5,3,2023-03-07 03:39:00,2023-03-08 04:01:19,Request to log in after password reset,55.0,1462.3166666666666,,False,False,False,False,False,1
TK61206,20230307,20230308,1,4,1,2023-03-07 03:43:00,2023-03-08 06:52:43,Request to the invoice for last month,166.0,1629.7166666666667,,False,False,False,False,False,1
TK63454,20230307,20230308,1,2,3,2023-03-07 04:13:00,2023-03-08 02:50:19,Request to webhook deliveries failing,33.0,1357.3166666666666,,False,False,False,False,False,1
TK60939,20230307,20230307,4,5,4,2023-03-07 04:35:00,2023-03-07 14:06:08,Request to log in after password reset,13.0,571.1333333333333,,False,False,False,False,False,1
TK61383,20230307,20230308,3,1,2,2023-03-07 05:29:00,2023-03-08 22:30:15,Issue with webhook deliveries failing,,2461.25,,False,False,False,False,False,1
TK61519,20230307,20230307,1,5,2,2023-03-07 08:03:00,2023-03-07 17:22:32,Error when add a teammate,27.0,559.5333333333333,,False,False,False,False,False,1
TK60983,20230307,20230307,2,4,2,2023-03-07 09:22:00,2023-03-07 12:39:47,Error when downgrade my plan,114.0,197.78333333333333,,False,False,False,False,False,1
TK63783,20230307,20230311,2,4,2,2023-03-07 09:47:00,2023-03-11 03:45:26,Unable to two-factor authentication,21.0,5398.433333333333,,False,False,False,False,False,1
TK62770,20230307,20230310,1,5,2,2023-03-07 14:27:00,2023-03-10 05:26:49,Error when log in after password reset,,3779.8166666666666,,False,False,False,False,False,1
TK60681,20230307,20230318,2,1,2,2023-03-07 16:27:00,2023-03-18 13:05:57,Issue with the API rate limit,107.0,15638.95,5.0,False,True,True,False,True,1
TK61335,20230307,20230321,3,3,2,2023-03-07 21:49:00,2023-03-21 00:16:49,Unable to two-factor authentication,66.0,18867.816666666666,5.0,False,True,False,False,True,1
TK60897,20230308,20230309,2,5,3,2023-03-08 02:41:00,2023-03-09 19:13:22,Request to export my data,31.0,2432.366666666667,1.0,False,True,False,False,False,1
TK62340,20230308,20230310,2,5,2,2023-03-08 07:29:00,2023-03-10 12:07:32,How do I webhook deliveries failing,42.0,3158.5333333333333,,False,False,False,False,False,1
TK61754,20230308,20230308,3,4,3,2023-03-08 13:32:00,2023-03-08 17:55:44,Error when the dashboard loading slowly,137.0,263.7333333333333,,False,False,False,False,False,1
TK60263,20230308,20230310,4,3,2,2023-03-08 13:47:00,2023-03-10 00:52:58,Unable to export my data,26.0,2105.9666666666667,,False,False,False,False,False,1
TK61803,20230308,20230315,2,2,2,2023-03-08 22:36:00,2023-03-15 15:21:19,Unable to a duplicate charge,31.0,9645.316666666668,,False,False,False,False,True,1
TK63870,20230309,20230310,3,3,2,2023-03-09 03:51:00,2023-03-10 03:07:00,Cannot log in after password reset,81.0,1396.0,2.0,False,True,False,False,False,1
TK60260,20230309,20230309,1,1,3,2023-03-09 04:23:00,2023-03-09 15:20:16,Error when downgrade my plan,70.0,657.2666666666667,,False,False,True,False,False,1
TK61427,20230309,20230311,2,3,1,2023-03-09 06:37:00,2023-03-11 08:41:53,Error when connecting the Snowflake sync,57.0,3004.883333333333,3.0,False,True,False,False,False,1
TK61572,20230309,,1,5,1,2023-03-09 07:00:00,,Question about connecting the Snowflake sync,64.0,,,True,False,False,False,False,1
TK62640,20230309,20230321,2,4,1,2023-03-09 08:15:00,2023-03-21 22:47:37,Error when log in after password reset,78.0,18152.616666666665,,False,False,False,False,True,1
TK60528,20230309,20230310,4,4,3,2023-03-09 08:16:00,2023-03-10 02:23:29,How do I the API rate limit,17.0,1087.4833333333331,,False,False,False,False,False,1
TK60781,20230309,20230309,4,4,4,2023-03-09 11:14:00,2023-03-09 19:14:46,Error when add a teammate,61.0,480.76666666666665,5.0,False,True,False,False,False,1
TK62756,20230309,20230311,2,2,1,2023-03-09 14:03:00,2023-03-11 01:06:16,Unable to webhook deliveries failing,,2103.266666666667,,False,False,False,False,False,1
TK63134,20230309,20230318,3,4,2,2023-03-09 15:55:00,2023-03-18 21:28:01,Unable to the dashboard loading slowly,298.0,13293.016666666666,4.0,False,True,False,False,True,1
TK61537,20230309,20230311,1,3,2,2023-03-09 16:51:00,2023-03-11 20:40:19,Unable to a refund for an annual plan,145.0,3109.3166666666666,4.0,False,True,False,False,False,1
TK61088,20230309,20230310,1,2,2,2023-03-09 17:41:00,2023-03-10 05:18:51,How do I two-factor authentication,96.0,697.85,,False,False,False,False,False,1
TK62578,20230309,20230310,4,2,2,2023-03-09 19:12:00,2023-03-10 16:11:18,Issue with the dashboard loading slowly,654.0,1259.3,2.0,False,True,False,True,False,1
TK63636,20230309,20230311,3,5,3,2023-03-09 22:21:00,2023-03-11 10:15:01,Cannot export my data,62.0,2154.016666666667,2.0,False,True,False,False,False,1
TK63657,20230310,20230310,2,5,3,2023-03-10 00:10:00,2023-03-10 04:01:32,How do I the dashboard loading slowly,63.0,231.53333333333333,,False,False,False,False,False,1
TK61270,20230310,20230310,3,2,2,2023-03-10 04:02:00,2023-03-10 09:05:43,Request to downgrade my plan,267.0,303.71666666666664,4.0,False,True,False,False,False,1
TK61272,20230310,20230310,3,2,2,2023-03-10 11:46:00,2023-03-10 18:38:28,Error when add a teammate,150.0,412.4666666666666,,False,False,True,False,False,1
TK63236,20230310,20230310,2,2,3,2023-03-10 12:17:00,2023-03-10 12:58:04,Cannot add a teammate,31.0,41.06666666666667,,False,False,False,False,False,1
TK62288,20230310,20230311,2,1,1,2023-03-10 18:45:00,2023-03-11 12:15:14,How do I connecting the Snowflake sync,363.0,1050.2333333333331,,False,False,True,False,False,1
TK63374,20230310,20230310,1,1,1,2023-03-10 20:10:00,2023-03-10 23:44:46,Question about the dashboard loading slowly,674.0,214.76666666666668,,False,False,True,True,False,1
TK63903,20230311,20230312,3,4,2,2023-03-11 05:08:00,2023-03-12 15:04:07,Issue with log in after password reset,200.0,2036.1166666666663,,False,False,False,False,False,1
TK60052,20230311,,2,5,2,2023-03-11 05:35:00,,Question about two-factor authentication,50.0,,,True,False,False,False,False,1
TK63145,20230311,20230312,3,5,3,2023-03-11 10:44:00,2023-03-12 02:36:23,Cannot a duplicate charge,67.0,952.3833333333332,,False,False,False,False,False,1
TK60062,20230311,20230317,2,2,1,2023-03-11 12:32:00,2023-03-17 22:30:40,Error when downgrade my plan,266.0,9238.666666666666,5.0,False,True,False,False,True,1
TK62513,20230311,20230324,2,4,1,2023-03-11 12:39:00,2023-03-24 08:59:09,Cannot export my data,157.0,18500.15,3.0,False,True,False,False,True,1
TK62755,20230311,20230312,1,4,1,2023-03-11 18:49:00,2023-03-12 03:12:01,Request to the invoice for last month,326.0,503.01666666666665,,False,False,False,False,False,1
TK60334,20230312,20230315,1,3,3,2023-03-12 05:33:00,2023-03-15 06:09:53,How do I the dashboard loading slowly,14.0,4356.883333333333,,False,False,False,False,False,1
TK62346,20230312,20230312,2,5,3,2023-03-12 06:54:00,2023-03-12 18:14:23,Issue with two-factor authentication,30.0,680.3833333333333,,False,False,False,False,False,1
TK63367,20230312,20230314,3,4,3,2023-03-12 07:01:00,2023-03-14 20:24:28,How do I the dashboard loading slowly,,3683.4666666666662,,False,False,False,False,False,1
TK62621,20230312,20230312,3,2,2,2023-03-12 10:31:00,2023-03-12 23:21:25,Issue with webhook deliveries failing,32.0,770.4166666666666,5.0,False,True,False,False,False,1
TK61043,20230312,20230312,3,1,3,2023-03-12 15:39:00,2023-03-12 17:07:13,Cannot the API rate limit,78.0,88.21666666666667,,False,False,False,False,False,1
TK62565,20230312,20230313,1,5,2,2023-03-12 21:22:00,2023-03-13 04:17:33,How do I connecting the Snowflake sync,498.0,415.55,,False,False,False,True,False,1
TK62239,20230313,20230313,3,2,3,2023-03-13 02:45:00,2023-03-13 09:43:32,Cannot add a teammate,9.0,418.53333333333336,3.0,False,True,False,False,False,1
TK60768,20230313,20230313,2,2,1,2023-03-13 04:12:00,2023-03-13 12:50:36,Issue with a refund for an annual plan,38.0,518.6,,False,False,False,False,False,1
TK61639,20230313,20230314,2,3,2,2023-03-13 05:44:00,2023-03-14 09:45:26,Question about a duplicate charge,51.0,1681.4333333333334,5.0,False,True,True,False,False,1
TK60303,20230313,20230321,1,5,2,2023-03-13 07:47:00,2023-03-21 06:45:04,Request to webhook deliveries failing,156.0,11458.066666666668,4.0,False,True,False,False,True,1
TK61706,20230313,20230313,1,2,2,2023-03-13 09:54:00,2023-03-13 21:56:06,How do I webhook deliveries failing,14.0,722.1,,False,False,False,False,False,1
TK63925,20230313,20230320,1,3,2,2023-03-13 14:12:00,2023-03-20 01:29:49,Request to a duplicate charge,172.0,9317.816666666668,,False,False,False,False,True,1
TK60147,20230313,20230316,4,2,2,2023-03-13 17:44:00,2023-03-16 10:11:16,Unable to a refund for an annual plan,217.0,3867.266666666667,4.0,False,True,False,False,False,1
TK63245,20230313,20230313,1,1,4,2023-03-13 19:14:00,2023-03-13 21:11:22,Question about add a teammate,23.0,117.36666666666666,5.0,False,True,True,False,False,1
TK62462,20230313,20230320,2,2,2,2023-03-13 21:31:00,2023-03-20 21:04:41,Cannot the dashboard loading slowly,214.0,10053.683333333332,,False,False,False,False,True,1
TK63203,20230313,20230314,2,5,1,2023-03-13 22:18:00,2023-03-14 19:22:20,Question about the dashboard loading slowly,75.0,1264.3333333333333,4.0,False,True,False,False,False,1
TK61731,20230313,20230314,3,2,2,2023-03-13 23:17:00,2023-03-14 06:28:01,How do I export my data,660.0,431.01666666666665,,False,False,False,True,False,1
TK61118,20230313,20230318,3,5,2,2023-03-13 23:38:00,2023-03-18 01:55:01,Request to a refund for an annual plan,37.0,5897.016666666666,,False,False,False,False,False,1
TK60495,20230314,20230316,2,5,1,2023-03-14 02:57:00,2023-03-16 00:24:19,Issue with export my data,273.0,2727.3166666666666,,False,False,False,False,False,1
TK63476,20230314,20230316,1,2,2,2023-03-14 04:25:00,2023-03-16 20:24:43,Request to the invoice for last month,21.0,3839.7166666666662,,False,False,False,False,False,1
TK60890,20230314,20230314,3,2,4,2023-03-14 06:57:00,2023-03-14 08:23:54,Issue with two-factor authentication,5.0,86.9,,False,False,False,False,False,1
TK62660,20230314,20230315,1,5,2,2023-03-14 13:58:00,2023-03-15 21:44:23,Unable to a duplicate charge,8.0,1906.3833333333332,5.0,False,True,False,False,False,1
TK62765,20230314,20230315,4,5,1,2023-03-14 14:04:00,2023-03-15 06:25:44,Unable to a duplicate charge,55.0,981.7333333333332,,False,False,True,False,False,1
TK62786,20230314,20230323,4,5,2,2023-03-14 16:16:00,2023-03-23 23:53:47,Cannot webhook deliveries failing,287.0,13417.783333333333,,False,False,True,False,True,1
TK63020,20230314,20230315,3,5,3,2023-03-14 16:37:00,2023-03-15 23:56:22,Request to log in after password reset,7.0,1879.3666666666663,,False,False,False,False,False,1
TK63223,20230314,20230314,3,1,4,2023-03-14 17:53:00,2023-03-14 19:28:04,Issue with a refund for an annual plan,9.0,95.06666666666666,,False,False,False,False,False,1
TK62662,20230314,20230316,2,5,2,2023-03-14 18:49:00,2023-03-16 02:16:22,Question about the dashboard loading slowly,106.0,1887.3666666666663,1.0,False,True,False,False,False,1
TK63081,20230315,20230315,2,5,2,2023-03-15 00:53:00,2023-03-15 18:32:39,Unable to export my data,184.0,1059.65,,False,False,False,False,False,1
TK62530,20230315,20230315,2,5,3,2023-03-15 08:56:00,2023-03-15 20:09:33,Error when a duplicate charge,59.0,673.55,,False,False,False,False,False,1
TK62104,20230315,,2,5,2,2023-03-15 09:57:00,,How do I the API rate limit,155.0,,,True,False,False,False,False,1
TK62202,20230315,20230319,2,2,1,2023-03-15 13:18:00,2023-03-19 15:58:34,Issue with the dashboard loading slowly,520.0,5920.566666666667,,False,False,False,True,False,1
TK63255,20230315,20230316,1,2,3,2023-03-15 14:46:00,2023-03-16 21:08:10,Error when export my data,146.0,1822.1666666666667,,False,False,False,False,False,1
TK62502,20230315,20230316,2,2,3,2023-03-15 16:29:00,2023-03-16 19:49:46,Error when the API rate limit,17.0,1640.7666666666669,,False,False,True,False,False,1
TK61066,20230315,20230317,4,2,2,2023-03-15 18:18:00,2023-03-17 13:49:09,How do I downgrade my plan,177.0,2611.15,,False,False,False,False,False,1
TK60848,20230315,20230320,4,1,1,2023-03-15 23:33:00,2023-03-20 07:55:47,Question about log in after password reset,57.0,6262.783333333334,,False,False,False,False,False,1
TK63131,20230316,20230316,4,4,3,2023-03-16 09:26:00,2023-03-16 19:14:53,Question about webhook deliveries failing,80.0,588.8833333333333,,False,False,False,False,False,1
TK62808,20230316,20230317,1,5,2,2023-03-16 09:35:00,2023-03-17 13:09:05,Issue with export my data,29.0,1654.0833333333333,4.0,False,True,False,False,False,1
TK63571,20230316,20230316,2,2,2,2023-03-16 11:31:00,2023-03-16 16:26:17,Request to a refund for an annual plan,188.0,295.28333333333336,,False,False,False,False,False,1
TK60163,20230316,20230316,2,4,1,2023-03-16 14:03:00,2023-03-16 20:59:26,Cannot connecting the Snowflake sync,334.0,416.4333333333333,,False,False,False,False,False,1
TK61320,20230316,20230317,3,2,2,2023-03-16 14:08:00,2023-03-17 05:02:45,Cannot the dashboard loading slowly,124.0,894.75,4.0,False,True,False,False,False,1
TK61587,20230316,20230317,2,2,2,2023-03-16 23:08:00,2023-03-17 12:52:27,Error when the invoice for last month,49.0,824.45,,False,False,False,False,False,1
TK63000,20230317,20230408,2,5,1,2023-03-17 12:23:00,2023-04-08 03:46:39,Cannot the dashboard loading slowly,323.0,31163.65,,False,False,False,False,True,1
TK61074,20230317,20230319,2,3,2,2023-03-17 13:17:00,2023-03-19 06:19:55,Error when the dashboard loading slowly,297.0,2462.9166666666665,,False,False,True,False,False,1
TK63983,20230317,20230317,2,5,2,2023-03-17 17:39:00,2023-03-17 23:03:35,Question about the API rate limit,130.0,324.5833333333333,,False,False,False,False,False,1
TK61141,20230317,20230321,4,4,1,2023-03-17 18:47:00,2023-03-21 18:55:42,Error when the dashboard loading slowly,31.0,5768.7,,False,False,False,False,False,1
TK60999,20230317,20230319,3,5,1,2023-03-17 18:56:00,2023-03-19 14:43:20,How do I the dashboard loading slowly,91.0,2627.333333333333,4.0,False,True,True,False,False,1
TK62421,20230317,20230319,3,4,2,2023-03-17 20:22:00,2023-03-19 23:18:35,Request to downgrade my plan,83.0,3056.583333333333,5.0,False,True,True,False,False,1
TK62604,20230317,20230405,1,5,2,2023-03-17 21:01:00,2023-04-05 01:10:01,Cannot add a teammate,88.0,26169.016666666663,3.0,False,True,False,False,True,1
TK63915,20230317,20230318,3,1,2,2023-03-17 23:26:00,2023-03-18 12:53:37,Error when a refund for an annual plan,419.0,807.6166666666667,,False,False,False,True,False,1
TK62477,20230318,20230321,1,3,2,2023-03-18 05:01:00,2023-03-21 00:53:05,How do I the dashboard loading slowly,300.0,4072.0833333333335,5.0,False,True,False,False,False,1
TK60355,20230318,20230318,2,5,2,2023-03-18 06:14:00,2023-03-18 20:06:16,Question about log in after password reset,39.0,832.2666666666667,,False,False,False,False,False,1
TK60673,20230318,20230324,2,5,1,2023-03-18 07:16:00,2023-03-24 02:28:02,Error when log in after password reset,67.0,8352.033333333333,3.0,False,True,False,False,False,1
TK60221,20230318,20230319,3,5,4,2023-03-18 13:01:00,2023-03-19 03:50:50,Cannot add a teammate,38.0,889.8333333333334,,False,False,False,False,False,1
TK60176,20230318,20230320,2,2,1,2023-03-18 17:43:00,2023-03-20 05:30:44,Request to the dashboard loading slowly,255.0,2147.733333333333,4.0,False,True,False,False,False,1
TK61186,20230318,20230321,2,3,2,2023-03-18 18:01:00,2023-03-21 23:24:58,Issue with webhook deliveries failing,82.0,4643.966666666666,4.0,False,True,False,False,False,1
TK60350,20230318,20230318,3,2,4,2023-03-18 18:15:00,2023-03-18 19:05:53,Issue with log in after password reset,35.0,50.88333333333333,,False,False,False,False,False,1
TK61574,20230318,20230319,2,2,1,2023-03-18 21:02:00,2023-03-19 06:16:18,Issue with webhook deliveries failing,238.0,554.3,,False,False,False,False,False,1
TK60076,20230318,20230330,1,3,2,2023-03-18 22:15:00,2023-03-30 00:49:23,Issue with a refund for an annual plan,112.0,15994.383333333331,,False,False,False,False,True,1
TK63280,20230318,20230322,2,2,1,2023-03-18 23:25:00,2023-03-22 14:38:16,Question about add a teammate,89.0,5233.266666666666,,False,False,True,False,False,1
TK61627,20230319,20230320,2,5,1,2023-03-19 00:09:00,2023-03-20 01:20:06,Unable to the dashboard loading slowly,49.0,1511.1,,False,False,False,False,False,1
TK62558,20230319,20230321,2,5,3,2023-03-19 02:00:00,2023-03-21 13:17:12,Unable to a refund for an annual plan,58.0,3557.2,5.0,False,True,False,False,False,1
TK62423,20230319,20230319,1,5,3,2023-03-19 05:43:00,2023-03-19 18:48:41,Error when two-factor authentication,1492.0,785.6833333333333,,False,False,False,True,False,1
TK62324,20230319,20230319,2,5,2,2023-03-19 06:03:00,2023-03-19 22:09:21,Question about downgrade my plan,42.0,966.35,5.0,False,True,False,False,False,1
TK62550,20230319,20230328,2,5,1,2023-03-19 06:27:00,2023-03-28 11:21:50,Request to export my data,86.0,13254.833333333334,,False,False,False,False,True,1
TK62228,20230319,20230319,4,5,2,2023-03-19 08:02:00,2023-03-19 17:15:08,Cannot the API rate limit,96.0,553.1333333333333,,False,False,False,False,False,1
TK62498,20230319,20230322,2,5,2,2023-03-19 09:00:00,2023-03-22 15:49:32,How do I the invoice for last month,34.0,4729.533333333334,4.0,False,True,False,False,False,1
TK62046,20230319,20230321,1,3,2,2023-03-19 12:04:00,2023-03-21 17:47:57,Unable to export my data,48.0,3223.95,4.0,False,True,False,False,False,1
TK60988,20230319,20230324,4,5,1,2023-03-19 14:05:00,2023-03-24 12:38:17,Issue with log in after password reset,553.0,7113.283333333334,5.0,False,True,True,True,False,1
TK61301,20230319,20230320,2,1,2,2023-03-19 14:55:00,2023-03-20 07:13:37,How do I two-factor authentication,12.0,978.6166666666668,3.0,False,True,False,False,False,1
TK63494,20230319,20230320,3,5,2,2023-03-19 14:59:00,2023-03-20 14:39:16,Request to the invoice for last month,205.0,1420.2666666666669,,False,False,False,False,False,1
TK60575,20230319,20230320,4,4,2,2023-03-19 17:57:00,2023-03-20 15:55:42,Unable to two-factor authentication,187.0,1318.7,,False,False,False,False,False,1
TK60109,20230319,20230320,2,5,3,2023-03-19 18:40:00,2023-03-20 10:28:34,Issue with the API rate limit,42.0,948.5666666666668,,False,False,False,False,False,1
TK63516,20230319,20230320,2,5,2,2023-03-19 20:48:00,2023-03-20 08:10:19,Issue with the invoice for last month,160.0,682.3166666666667,,False,False,False,False,False,1
TK61727,20230319,20230319,4,4,2,2023-03-19 21:23:00,2023-03-19 23:37:40,Error when the invoice for last month,482.0,134.66666666666666,,False,False,False,True,False,1
TK60214,20230320,20230323,2,4,2,2023-03-20 08:00:00,2023-03-23 10:27:50,Unable to add a teammate,362.0,4467.833333333333,,False,False,False,False,False,1
TK60229,20230320,20230320,3,2,2,2023-03-20 08:52:00,2023-03-20 12:01:48,Unable to a duplicate charge,77.0,189.8,5.0,False,True,True,False,False,1
TK61398,20230320,20230321,2,4,1,2023-03-20 12:09:00,2023-03-21 13:48:38,Question about the dashboard loading slowly,145.0,1539.6333333333334,,False,False,False,False,False,1
TK63790,20230320,20230329,3,2,2,2023-03-20 13:55:00,2023-03-29 03:26:35,Error when log in after password reset,45.0,12331.583333333334,,False,False,False,False,True,1
TK63235,20230320,20230321,1,5,2,2023-03-20 15:48:00,2023-03-21 11:03:23,Unable to a duplicate charge,306.0,1155.3833333333334,,False,False,False,False,False,1
TK60797,20230320,20230323,3,5,2,2023-03-20 17:04:00,2023-03-23 03:07:18,Issue with the API rate limit,,3483.3,4.0,False,True,False,False,False,1
TK60004,20230320,20230321,3,4,2,2023-03-20 20:11:00,2023-03-21 05:52:37,Request to log in after password reset,45.0,581.6166666666667,4.0,False,True,False,False,False,1
TK60826,20230320,20230322,3,4,3,2023-03-20 21:54:00,2023-03-22 04:28:26,Error when the dashboard loading slowly,5.0,1834.4333333333332,,False,False,False,False,False,1
TK61192,20230321,20230321,1,4,2,2023-03-21 04:20:00,2023-03-21 07:03:59,Question about downgrade my plan,202.0,163.98333333333332,4.0,False,True,False,False,False,1
TK62847,20230321,20230322,4,5,3,2023-03-21 05:56:00,2023-03-22 11:55:36,Issue with export my data,28.0,1799.6,,False,False,False,False,False,1
TK61031,20230321,20230322,3,4,1,2023-03-21 07:36:00,2023-03-22 10:47:32,Unable to connecting the Snowflake sync,271.0,1631.5333333333333,4.0,False,True,False,False,False,1
TK61886,20230321,20230322,2,2,2,2023-03-21 12:30:00,2023-03-22 00:07:18,Issue with the API rate limit,188.0,697.3,1.0,False,True,False,False,False,1
TK60361,20230321,20230322,3,5,3,2023-03-21 22:53:00,2023-03-22 09:59:15,Request to downgrade my plan,56.0,666.25,,False,False,False,False,False,1
TK63407,20230322,20230322,1,5,2,2023-03-22 00:22:00,2023-03-22 15:43:07,Error when two-factor authentication,963.0,921.1166666666668,,False,False,False,True,False,1
TK60805,20230322,20230324,2,4,3,2023-03-22 11:49:00,2023-03-24 10:42:27,Error when two-factor authentication,11.0,2813.45,4.0,False,True,False,False,False,1
TK61999,20230322,20230326,2,5,2,2023-03-22 14:09:00,2023-03-26 17:01:29,Unable to downgrade my plan,199.0,5932.483333333334,,False,False,False,False,False,1
TK60793,20230322,20230323,1,5,2,2023-03-22 16:41:00,2023-03-23 13:11:07,Unable to export my data,244.0,1230.1166666666666,,False,False,False,False,False,1
TK62069,20230322,20230331,1,2,3,2023-03-22 17:44:00,2023-03-31 21:46:14,Error when webhook deliveries failing,51.0,13202.233333333334,,False,False,False,False,True,1
TK63601,20230322,20230323,2,1,2,2023-03-22 20:29:00,2023-03-23 10:23:22,Error when export my data,17.0,834.3666666666667,,False,False,False,False,False,1
TK60700,20230322,20230326,3,5,1,2023-03-22 22:42:00,2023-03-26 17:57:51,Issue with downgrade my plan,91.0,5475.85,,False,False,False,False,False,1
TK63487,20230323,20230324,1,3,2,2023-03-23 01:02:00,2023-03-24 12:28:02,Unable to connecting the Snowflake sync,159.0,2126.0333333333333,5.0,False,True,False,False,False,1
TK62548,20230323,20230323,1,5,3,2023-03-23 04:13:00,2023-03-23 18:15:02,How do I downgrade my plan,26.0,842.0333333333333,4.0,False,True,False,False,False,1
TK60880,20230323,20230326,1,1,2,2023-03-23 07:07:00,2023-03-26 01:03:46,Cannot the API rate limit,37.0,3956.766666666667,,False,False,False,False,False,1
TK60901,20230323,20230404,3,5,1,2023-03-23 09:12:00,2023-04-04 23:35:19,Error when a refund for an annual plan,1909.0,18143.316666666666,,False,False,False,True,True,1
TK62078,20230323,,1,5,2,2023-03-23 10:21:00,,Cannot webhook deliveries failing,398.0,,,True,False,False,True,False,1
TK62491,20230323,,2,5,2,2023-03-23 10:44:00,,Issue with downgrade my plan,66.0,,,True,False,False,False,False,1
TK63836,20230323,,1,5,2,2023-03-23 13:28:00,,How do I add a teammate,323.0,,,True,False,False,False,False,1
TK63411,20230323,20230331,1,5,2,2023-03-23 15:11:00,2023-03-31 01:36:18,Issue with log in after password reset,192.0,10705.3,,False,False,False,False,True,1
TK62303,20230323,20230324,1,1,3,2023-03-23 15:47:00,2023-03-24 20:37:45,How do I log in after password reset,12.0,1730.75,,False,False,False,False,False,1
TK60748,20230323,20230323,4,3,4,2023-03-23 19:10:00,2023-03-23 19:52:46,Unable to add a teammate,21.0,42.766666666666666,,False,False,False,False,False,1
TK62249,20230323,20230324,4,4,2,2023-03-23 21:23:00,2023-03-24 04:23:55,Cannot the invoice for last month,33.0,420.9166666666667,5.0,False,True,False,False,False,1
TK60818,20230324,20230324,1,1,2,2023-03-24 00:53:00,2023-03-24 09:27:14,Request to webhook deliveries failing,67.0,514.2333333333333,,False,False,False,False,False,1
TK60471,20230324,20230326,1,5,1,2023-03-24 02:00:00,2023-03-26 02:33:19,Error when the invoice for last month,118.0,2913.3166666666666,,False,False,False,False,False,1
TK63467,20230324,20230326,2,2,3,2023-03-24 03:52:00,2023-03-26 15:43:18,Error when log in after password reset,26.0,3591.3,5.0,False,True,False,False,False,1
TK62549,20230324,,1,1,2,2023-03-24 04:51:00,,Question about a refund for an annual plan,663.0,,,True,False,False,True,False,1
TK62160,20230324,20230409,1,5,2,2023-03-24 04:55:00,2023-04-09 18:09:21,Question about export my data,53.0,23834.35,,False,False,False,False,True,1
TK62991,20230324,20230324,2,1,3,2023-03-24 05:20:00,2023-03-24 09:47:43,Error when two-factor authentication,21.0,267.71666666666664,5.0,False,True,False,False,False,1
TK62659,20230324,20230324,2,3,3,2023-03-24 08:05:00,2023-03-24 13:56:29,Request to the API rate limit,18.0,351.4833333333333,4.0,False,True,False,False,False,1
TK62269,20230324,20230325,4,5,2,2023-03-24 12:25:00,2023-03-25 04:40:49,Cannot connecting the Snowflake sync,224.0,975.8166666666668,,False,False,False,False,False,1
TK60331,20230324,20230330,2,2,1,2023-03-24 13:21:00,2023-03-30 22:28:07,Request to log in after password reset,150.0,9187.116666666669,,False,False,False,False,True,1
TK61389,20230324,20230326,2,2,1,2023-03-24 15:22:00,2023-03-26 13:20:23,Issue with the dashboard loading slowly,88.0,2758.383333333333,3.0,False,True,False,False,False,1
TK63778,20230324,20230326,1,4,1,2023-03-24 15:34:00,2023-03-26 06:37:24,Unable to downgrade my plan,182.0,2343.4,,False,False,True,False,False,1
TK60561,20230324,20230326,1,2,2,2023-03-24 16:24:00,2023-03-26 21:16:24,Issue with a refund for an annual plan,41.0,3172.4,,False,False,False,False,False,1
TK62910,20230324,20230327,2,1,2,2023-03-24 20:52:00,2023-03-27 06:48:01,Cannot downgrade my plan,42.0,3476.016666666667,5.0,False,True,False,False,False,1
TK62199,20230325,20230325,2,2,3,2023-03-25 05:28:00,2023-03-25 10:16:41,How do I the invoice for last month,71.0,288.68333333333334,,False,False,False,False,False,1
TK62393,20230325,20230326,1,5,1,2023-03-25 06:40:00,2023-03-26 20:03:16,Question about a duplicate charge,393.0,2243.266666666667,,False,False,False,True,False,1
TK61077,20230325,20230326,3,5,2,2023-03-25 19:27:00,2023-03-26 16:26:14,Unable to connecting the Snowflake sync,18.0,1259.2333333333331,,False,False,False,False,False,1
TK60738,20230325,20230326,3,4,2,2023-03-25 20:34:00,2023-03-26 09:10:33,Cannot export my data,93.0,756.55,4.0,False,True,False,False,False,1
TK61820,20230325,20230327,2,5,2,2023-03-25 22:48:00,2023-03-27 11:12:46,Error when log in after password reset,88.0,2184.766666666667,,False,False,True,False,False,1
TK60947,20230325,20230326,1,2,3,2023-03-25 23:39:00,2023-03-26 08:48:54,Cannot webhook deliveries failing,6.0,549.9,,False,False,False,False,False,1
TK62921,20230326,20230406,3,2,1,2023-03-26 04:20:00,2023-04-06 12:19:31,Question about export my data,369.0,16319.516666666666,,False,False,False,False,True,1
TK61375,20230326,20230330,4,5,1,2023-03-26 04:30:00,2023-03-30 04:28:52,Issue with two-factor authentication,77.0,5758.866666666667,,False,False,False,False,False,1
TK62918,20230326,20230326,4,1,4,2023-03-26 05:17:00,2023-03-26 13:30:17,Error when a duplicate charge,8.0,493.28333333333336,,False,False,False,False,False,1
TK62733,20230326,20230326,2,2,2,2023-03-26 07:42:00,2023-03-26 20:14:40,Issue with add a teammate,110.0,752.6666666666666,,False,False,False,False,False,1
TK61929,20230326,20230328,2,3,2,2023-03-26 07:45:00,2023-03-28 14:51:44,Request to add a teammate,407.0,3306.733333333333,,False,False,False,True,False,1
TK63749,20230326,20230327,3,3,2,2023-03-26 12:07:00,2023-03-27 09:29:25,How do I add a teammate,43.0,1282.4166666666667,4.0,False,True,False,False,False,1
TK63604,20230326,20230327,3,5,2,2023-03-26 13:00:00,2023-03-27 15:20:50,Request to log in after password reset,124.0,1580.8333333333333,2.0,False,True,False,False,False,1
TK61688,20230326,20230328,2,5,2,2023-03-26 16:23:00,2023-03-28 19:50:14,Question about downgrade my plan,652.0,3087.233333333333,,False,False,False,True,False,1
TK61380,20230326,20230327,2,4,2,2023-03-26 19:20:00,2023-03-27 18:05:39,Question about the dashboard loading slowly,164.0,1365.65,,False,False,False,False,False,1
TK62814,20230327,20230331,2,2,2,2023-03-27 05:33:00,2023-03-31 18:38:19,Request to add a teammate,47.0,6545.316666666667,,False,False,False,False,False,1
TK61525,20230327,20230328,2,5,3,2023-03-27 09:29:00,2023-03-28 02:35:38,How do I the dashboard loading slowly,48.0,1026.6333333333334,5.0,False,True,False,False,False,1
TK60281,20230327,20230329,3,5,3,2023-03-27 11:48:00,2023-03-29 14:51:42,Issue with two-factor authentication,20.0,3063.7,,False,False,False,False,False,1
TK62122,20230327,20230328,2,4,3,2023-03-27 13:53:00,2023-03-28 05:46:06,Cannot a duplicate charge,61.0,953.1,5.0,False,True,False,False,False,1
TK60233,20230327,20230330,2,3,1,2023-03-27 16:05:00,2023-03-30 19:08:14,Error when add a teammate,,4503.233333333334,,False,False,False,False,False,1
TK60564,20230327,20230328,1,1,2,2023-03-27 16:58:00,2023-03-28 06:35:19,Unable to connecting the Snowflake sync,16.0,817.3166666666667,1.0,False,True,False,False,False,1
TK60783,20230327,20230327,2,1,2,2023-03-27 17:09:00,2023-03-27 18:16:43,Issue with connecting the Snowflake sync,254.0,67.71666666666667,,False,False,False,False,False,1
TK63561,20230328,20230328,1,2,2,2023-03-28 01:28:00,2023-03-28 11:40:58,Question about the invoice for last month,194.0,612.9666666666667,5.0,False,True,False,False,False,1
TK62440,20230328,20230330,2,1,1,2023-03-28 01:40:00,2023-03-30 08:40:52,Request to log in after password reset,530.0,3300.866666666667,5.0,False,True,False,True,False,1
TK61428,20230328,20230401,4,5,1,2023-03-28 02:21:00,2023-04-01 15:00:05,Error when the invoice for last month,95.0,6519.083333333333,,False,False,False,False,False,1
TK63832,20230328,20230517,1,5,1,2023-03-28 05:26:00,2023-05-17 02:10:49,Cannot log in after password reset,602.0,71804.81666666667,,False,False,False,True,True,1
TK61583,20230328,20230330,3,5,1,2023-03-28 06:07:00,2023-03-30 18:18:12,Request to two-factor authentication,147.0,3611.2,,False,False,False,False,False,1
TK61365,20230328,20230329,2,3,3,2023-03-28 07:53:00,2023-03-29 03:28:43,Error when export my data,16.0,1175.7166666666667,,False,False,False,False,False,1
TK61033,20230328,20230402,2,4,1,2023-03-28 10:07:00,2023-04-02 09:55:47,Error when webhook deliveries failing,142.0,7188.783333333334,,False,False,False,False,False,1
TK63844,20230328,20230403,2,4,1,2023-03-28 10:58:00,2023-04-03 22:13:50,Error when export my data,561.0,9315.833333333334,2.0,False,True,False,True,True,1
TK61970,20230328,20230330,1,2,2,2023-03-28 22:44:00,2023-03-30 17:16:07,Error when log in after password reset,118.0,2552.116666666667,,False,False,False,False,False,1
TK62414,20230329,20230329,2,1,4,2023-03-29 00:31:00,2023-03-29 01:23:07,Cannot add a teammate,9.0,52.11666666666667,5.0,False,True,False,False,False,1
TK63398,20230329,20230401,2,5,1,2023-03-29 02:35:00,2023-04-01 18:07:23,Error when a duplicate charge,483.0,5252.383333333333,5.0,False,True,False,True,False,1
TK62118,20230329,20230330,2,3,1,2023-03-29 02:38:00,2023-03-30 17:31:53,Cannot export my data,166.0,2333.883333333333,,False,False,False,False,False,1
TK61283,20230329,20230329,3,4,3,2023-03-29 07:41:00,2023-03-29 14:37:40,How do I a refund for an annual plan,28.0,416.6666666666667,,False,False,False,False,False,1
TK60366,20230329,20230329,4,5,4,2023-03-29 12:44:00,2023-03-29 19:41:49,Unable to the dashboard loading slowly,,417.81666666666666,,False,False,False,False,False,1
TK60277,20230329,20230329,3,1,2,2023-03-29 12:56:00,2023-03-29 22:43:44,Request to downgrade my plan,180.0,587.7333333333333,,False,False,False,False,False,1
TK61095,20230329,20230411,2,3,2,2023-03-29 15:03:00,2023-04-11 07:10:24,Question about the API rate limit,51.0,18247.4,,False,False,False,False,True,1
TK60199,20230329,20230401,3,5,2,2023-03-29 15:39:00,2023-04-01 08:26:16,Unable to the API rate limit,126.0,3887.266666666667,,False,False,False,False,False,1
TK63446,20230329,20230331,2,5,2,2023-03-29 15:40:00,2023-03-31 21:26:12,Question about webhook deliveries failing,236.0,3226.2,3.0,False,True,False,False,False,1
TK61522,20230329,20230331,2,3,2,2023-03-29 15:47:00,2023-03-31 00:29:33,Issue with the invoice for last month,691.0,1962.55,,False,False,False,True,False,1
TK62555,20230329,20230330,3,3,2,2023-03-29 16:47:00,2023-03-30 12:57:21,Unable to log in after password reset,88.0,1210.35,,False,False,False,False,False,1
TK62720,20230329,20230401,3,2,1,2023-03-29 17:35:00,2023-04-01 15:58:48,Unable to the dashboard loading slowly,622.0,4223.8,,False,False,False,True,False,1
TK63627,20230329,20230330,2,3,4,2023-03-29 21:22:00,2023-03-30 01:12:12,Cannot webhook deliveries failing,21.0,230.2,,False,False,True,False,False,1
TK60989,20230329,20230330,1,1,2,2023-03-29 22:00:00,2023-03-30 11:44:54,Request to log in after password reset,280.0,824.9,,False,False,False,False,False,1
TK62908,20230329,20230331,2,2,2,2023-03-29 22:02:00,2023-03-31 15:15:52,Cannot downgrade my plan,34.0,2473.866666666667,,False,False,False,False,False,1
TK61973,20230330,20230330,2,2,2,2023-03-30 04:48:00,2023-03-30 13:21:17,Issue with a duplicate charge,66.0,513.2833333333333,4.0,False,True,False,False,False,1
TK61341,20230330,20230331,4,5,2,2023-03-30 06:31:00,2023-03-31 02:21:38,Request to the invoice for last month,85.0,1190.6333333333334,,False,False,False,False,False,1
TK63465,20230330,20230331,3,4,1,2023-03-30 07:15:00,2023-03-31 01:50:53,Cannot add a teammate,140.0,1115.8833333333334,,False,False,False,False,False,1
TK62008,20230330,20230330,1,4,2,2023-03-30 09:08:00,2023-03-30 15:12:24,Cannot a refund for an annual plan,24.0,364.4,,False,False,False,False,False,1
TK63990,20230330,20230401,3,5,3,2023-03-30 10:37:00,2023-04-01 18:41:01,Request to connecting the Snowflake sync,27.0,3364.016666666667,5.0,False,True,False,False,False,1
TK61498,20230330,20230330,2,1,3,2023-03-30 11:42:00,2023-03-30 13:39:36,Error when add a teammate,71.0,117.6,,False,False,False,False,False,1
TK63135,20230330,20230405,1,3,2,2023-03-30 14:22:00,2023-04-05 08:16:32,Cannot add a teammate,205.0,8274.533333333333,5.0,False,True,False,False,False,1
TK60905,20230330,,3,5,3,2023-03-30 15:17:00,,Request to webhook deliveries failing,9.0,,,True,False,False,False,False,1
TK63759,20230330,20230331,2,2,3,2023-03-30 23:25:00,2023-03-31 07:53:36,Unable to log in after password reset,5.0,508.6,,False,False,False,False,False,1
TK63969,20230330,20230331,4,1,2,2023-03-30 23:31:00,2023-03-31 08:01:45,Question about the invoice for last month,256.0,510.75,,False,False,False,False,False,1
TK63261,20230331,20230331,1,2,2,2023-03-31 01:57:00,2023-03-31 16:34:44,Request to log in after password reset,340.0,877.7333333333333,,False,False,False,False,False,1
TK60360,20230331,20230331,4,2,3,2023-03-31 06:07:00,2023-03-31 12:27:30,Issue with the dashboard loading slowly,13.0,380.5,4.0,False,True,False,False,False,1
TK62919,20230331,20230331,3,2,2,2023-03-31 07:39:00,2023-03-31 23:38:31,Question about downgrade my plan,26.0,959.5166666666668,,False,False,False,False,False,1
TK63826,20230331,20230402,1,5,1,2023-03-31 09:01:00,2023-04-02 10:20:14,Request to add a teammate,454.0,2959.233333333333,,False,False,False,True,False,1
TK60039,20230331,20230401,1,2,2,2023-03-31 10:15:00,2023-04-01 04:05:28,Question about the API rate limit,195.0,1070.4666666666667,,False,False,False,False,False,1
TK60643,20230331,20230331,1,5,4,2023-03-31 11:11:00,2023-03-31 18:04:37,How do I the invoice for last month,3.0,413.6166666666667,,False,False,False,False,False,1
TK63813,20230331,20230401,1,5,3,2023-03-31 12:40:00,2023-04-01 18:50:36,Issue with export my data,318.0,1810.6,,False,False,False,False,False,1
TK61963,20230331,,1,2,3,2023-03-31 15:25:00,,Question about a duplicate charge,35.0,,,True,False,False,False,False,1
TK63994,20230331,20230401,3,4,3,2023-03-31 17:27:00,2023-04-01 08:05:16,Error when the dashboard loading slowly,47.0,878.2666666666667,5.0,False,True,False,False,False,1
TK63002,20230331,20230331,2,4,2,2023-03-31 20:29:00,2023-03-31 22:25:55,Request to connecting the Snowflake sync,187.0,116.91666666666669,5.0,False,True,False,False,False,1
TK60993,20230331,20230401,4,2,3,2023-03-31 20:30:00,2023-04-01 00:25:06,Question about webhook deliveries failing,44.0,235.1,5.0,False,True,False,False,False,1
TK63012,20230331,20230401,4,4,2,2023-03-31 22:22:00,2023-04-01 11:05:01,Issue with a duplicate charge,109.0,763.0166666666667,,False,False,False,False,False,1
TK60396,20230331,20230401,4,2,3,2023-03-31 23:12:00,2023-04-01 13:23:07,Cannot the invoice for last month,67.0,851.1166666666667,5.0,False,True,False,False,False,1
TK62670,20230331,20230401,1,2,2,2023-03-31 23:31:00,2023-04-01 08:20:40,Unable to the dashboard loading slowly,,529.6666666666666,4.0,False,True,False,False,False,1
TK61753,20230401,20230404,3,1,1,2023-04-01 05:26:00,2023-04-04 17:33:14,Cannot the invoice for last month,167.0,5047.233333333334,5.0,False,True,False,False,False,1
TK61060,20230401,20230402,2,3,3,2023-04-01 14:30:00,2023-04-02 12:14:11,Unable to a refund for an annual plan,15.0,1304.1833333333334,,False,False,False,False,False,1
TK60049,20230401,20230407,3,5,2,2023-04-01 20:17:00,2023-04-07 02:34:48,Issue with the invoice for last month,75.0,7577.8,,False,False,False,False,False,1
TK62722,20230401,20230403,1,3,1,2023-04-01 23:06:00,2023-04-03 04:05:24,Unable to a refund for an annual plan,579.0,1739.4,3.0,False,True,False,True,False,1
TK63715,20230402,20230408,3,5,2,2023-04-02 06:20:00,2023-04-08 18:42:23,How do I a refund for an annual plan,122.0,9382.383333333331,,False,False,False,False,True,1
TK60839,20230402,20230403,2,5,3,2023-04-02 07:06:00,2023-04-03 11:48:31,Question about webhook deliveries failing,17.0,1722.5166666666669,,False,False,False,False,False,1
TK61401,20230402,20230404,3,1,2,2023-04-02 08:12:00,2023-04-04 03:41:39,Cannot a refund for an annual plan,13.0,2609.65,,False,False,False,False,False,1
TK60586,20230402,,1,5,2,2023-04-02 08:50:00,,Unable to the invoice for last month,155.0,,,True,False,False,False,False,1
TK62067,20230402,20230406,1,3,1,2023-04-02 11:53:00,2023-04-06 10:09:22,Request to the API rate limit,332.0,5656.366666666667,,False,False,False,False,False,1
TK63956,20230402,20230405,1,2,1,2023-04-02 18:41:00,2023-04-05 10:45:23,Error when the invoice for last month,106.0,3844.383333333333,5.0,False,True,False,False,False,1
TK63028,20230402,20230403,1,1,2,2023-04-02 20:16:00,2023-04-03 14:19:54,How do I webhook deliveries failing,256.0,1083.9,,False,False,False,False,False,1
TK62108,20230402,20230406,2,5,2,2023-04-02 21:10:00,2023-04-06 05:48:25,How do I the invoice for last month,388.0,4838.416666666667,,False,False,False,True,False,1
TK62250,20230402,20230403,3,5,2,2023-04-02 22:27:00,2023-04-03 10:10:56,Question about a duplicate charge,50.0,703.9333333333333,4.0,False,True,False,False,False,1
TK62365,20230403,20230412,1,5,2,2023-04-03 02:06:00,2023-04-12 01:24:30,Issue with a refund for an annual plan,68.0,12918.5,5.0,False,True,False,False,True,1
TK60621,20230403,20230403,4,4,2,2023-04-03 04:00:00,2023-04-03 10:32:35,How do I export my data,108.0,392.5833333333333,5.0,False,True,False,False,False,1
TK62774,20230403,,1,5,2,2023-04-03 04:01:00,,Cannot the invoice for last month,103.0,,,True,False,False,False,False,1
TK61334,20230403,20230406,3,2,1,2023-04-03 05:08:00,2023-04-06 05:07:21,Question about downgrade my plan,175.0,4319.35,,False,False,False,False,False,1
TK60407,20230403,20230502,3,5,1,2023-04-03 08:37:00,2023-05-02 01:10:19,Unable to a duplicate charge,317.0,41313.316666666666,5.0,False,True,False,False,True,1
TK63347,20230403,20230403,1,5,4,2023-04-03 11:27:00,2023-04-03 20:54:53,Unable to the API rate limit,21.0,567.8833333333333,,False,False,False,False,False,1
TK63809,20230403,20230404,2,2,2,2023-04-03 14:08:00,2023-04-04 07:34:34,Issue with log in after password reset,12.0,1046.5666666666666,,False,False,False,False,False,1
TK63445,20230403,20230407,1,5,1,2023-04-03 14:17:00,2023-04-07 10:41:15,Unable to a duplicate charge,480.0,5544.25,,False,False,False,True,False,1
TK61643,20230403,20230403,3,1,3,2023-04-03 14:23:00,2023-04-03 18:27:48,Request to the API rate limit,16.0,244.8,1.0,False,True,False,False,False,1
TK60339,20230403,20230405,1,1,2,2023-04-03 14:35:00,2023-04-05 18:33:44,How do I export my data,206.0,3118.733333333333,,False,False,False,False,False,1
TK61044,20230403,20230403,3,4,3,2023-04-03 15:31:00,2023-04-03 18:40:24,How do I connecting the Snowflake sync,17.0,189.4,,False,False,False,False,False,1
TK63461,20230403,20230405,4,3,2,2023-04-03 15:57:00,2023-04-05 00:44:38,Cannot the API rate limit,75.0,1967.6333333333332,,False,False,False,False,False,1
TK62024,20230403,20230403,2,1,3,2023-04-03 16:38:00,2023-04-03 18:30:54,How do I connecting the Snowflake sync,8.0,112.9,,False,False,False,False,False,1
TK61701,20230403,,4,3,1,2023-04-03 16:59:00,,Cannot a refund for an annual plan,331.0,,,True,False,False,False,False,1
TK61541,20230403,20230404,2,1,2,2023-04-03 22:17:00,2023-04-04 19:22:12,Question about downgrade my plan,40.0,1265.2,,False,False,False,False,False,1
TK63372,20230403,20230404,3,5,2,2023-04-03 22:27:00,2023-04-04 04:01:30,How do I two-factor authentication,123.0,334.5,,False,False,False,False,False,1
TK62897,20230404,20230408,1,4,1,2023-04-04 07:27:00,2023-04-08 14:31:25,Request to downgrade my plan,32.0,6184.416666666667,,False,False,True,False,False,1
TK63104,20230404,20230406,1,5,2,2023-04-04 09:30:00,2023-04-06 17:02:54,Cannot the API rate limit,76.0,3332.9,,False,False,False,False,False,1
TK60573,20230404,,4,2,1,2023-04-04 14:11:00,,How do I add a teammate,857.0,,,True,False,False,True,False,1
TK61373,20230404,20230407,2,2,2,2023-04-04 14:44:00,2023-04-07 03:42:58,Error when downgrade my plan,79.0,3658.9666666666662,,False,False,False,False,False,1
TK63112,20230404,20230404,3,5,4,2023-04-04 14:46:00,2023-04-04 23:19:30,Error when webhook deliveries failing,7.0,513.5,,False,False,False,False,False,1
TK61241,20230404,20230404,1,1,1,2023-04-04 16:53:00,2023-04-04 23:24:13,Cannot the dashboard loading slowly,213.0,391.2166666666666,,False,False,False,False,False,1
TK60834,20230404,20230407,2,3,3,2023-04-04 18:00:00,2023-04-07 19:22:34,Unable to log in after password reset,7.0,4402.566666666667,,False,False,False,False,False,1
TK62402,20230404,20230427,2,2,2,2023-04-04 19:25:00,2023-04-27 15:47:46,Request to add a teammate,131.0,32902.76666666667,4.0,False,True,False,False,True,1
TK63438,20230404,20230405,3,1,2,2023-04-04 19:29:00,2023-04-05 08:09:09,Issue with the dashboard loading slowly,150.0,760.15,,False,False,False,False,False,1
TK61855,20230404,20230404,3,4,4,2023-04-04 19:39:00,2023-04-04 21:55:04,How do I two-factor authentication,24.0,136.06666666666666,3.0,False,True,False,False,False,1
TK60497,20230404,20230410,3,5,1,2023-04-04 20:37:00,2023-04-10 19:33:44,Issue with the invoice for last month,142.0,8576.733333333334,,False,False,False,False,True,1
TK60204,20230404,20230404,1,1,3,2023-04-04 21:07:00,2023-04-04 23:56:29,How do I add a teammate,22.0,169.48333333333332,,False,False,True,False,False,1
TK63929,20230404,20230405,2,2,3,2023-04-04 22:35:00,2023-04-05 12:14:59,How do I the API rate limit,,819.9833333333333,,False,False,False,False,False,1
TK61673,20230405,,1,5,2,2023-04-05 00:35:00,,Question about downgrade my plan,323.0,,,True,False,False,False,False,1
TK61096,20230405,,1,4,2,2023-04-05 03:35:00,,Question about the dashboard loading slowly,33.0,,,True,False,False,False,False,1
TK62215,20230405,20230405,2,5,2,2023-04-05 08:35:00,2023-04-05 16:37:43,How do I a refund for an annual plan,151.0,482.7166666666666,,False,False,False,False,False,1
TK60084,20230405,20230406,1,3,2,2023-04-05 09:55:00,2023-04-06 13:32:43,Issue with the API rate limit,16.0,1657.7166666666667,,False,False,False,False,False,1
TK62708,20230405,20230406,4,2,2,2023-04-05 10:34:00,2023-04-06 11:38:02,Unable to add a teammate,22.0,1504.0333333333333,4.0,False,True,False,False,False,1
TK60411,20230405,20230405,2,2,4,2023-04-05 13:19:00,2023-04-05 18:50:40,Cannot downgrade my plan,31.0,331.6666666666667,2.0,False,True,False,False,False,1
TK60178,20230405,20230405,1,1,2,2023-04-05 19:54:00,2023-04-05 21:14:17,Cannot webhook deliveries failing,119.0,80.28333333333333,,False,False,False,False,False,1
TK63222,20230405,20230407,1,5,3,2023-04-05 20:04:00,2023-04-07 01:06:59,Question about export my data,31.0,1742.9833333333331,,False,False,False,False,False,1
TK61721,20230405,20230414,2,5,1,2023-04-05 21:34:00,2023-04-14 14:58:02,How do I the dashboard loading slowly,179.0,12564.033333333333,4.0,False,True,False,False,True,1
TK61904,20230405,20230419,2,4,1,2023-04-05 22:51:00,2023-04-19 01:46:51,How do I log in after password reset,248.0,18895.85,,False,False,False,False,True,1
TK63364,20230406,20230406,2,1,2,2023-04-06 00:25:00,2023-04-06 07:47:15,Issue with the dashboard loading slowly,160.0,442.25,,False,False,False,False,False,1
TK62663,20230406,20230406,2,2,2,2023-04-06 03:14:00,2023-04-06 09:16:32,Error when export my data,642.0,362.53333333333336,,False,False,False,True,False,1
TK61055,20230406,20230407,1,3,2,2023-04-06 05:24:00,2023-04-07 17:28:25,Unable to webhook deliveries failing,358.0,2164.4166666666665,3.0,False,True,False,False,False,1
TK62425,20230406,20230407,1,3,3,2023-04-06 18:02:00,2023-04-07 17:29:06,How do I log in after password reset,13.0,1407.1,,False,False,False,False,False,1
TK62439,20230406,20230406,4,2,2,2023-04-06 19:15:00,2023-04-06 20:49:27,Cannot connecting the Snowflake sync,99.0,94.45,2.0,False,True,False,False,False,1
TK63297,20230406,20230406,3,3,3,2023-04-06 20:31:00,2023-04-06 22:12:33,Request to the API rate limit,38.0,101.55,,False,False,False,False,False,1
TK61712,20230406,20230407,1,4,3,2023-04-06 21:40:00,2023-04-07 12:01:55,Issue with connecting the Snowflake sync,13.0,861.9166666666666,,False,False,False,False,False,1
TK61281,20230407,20230407,3,1,2,2023-04-07 03:18:00,2023-04-07 15:02:00,How do I the API rate limit,44.0,704.0,5.0,False,True,False,False,False,1
TK60445,20230407,20230407,4,5,2,2023-04-07 04:27:00,2023-04-07 13:09:47,How do I two-factor authentication,99.0,522.7833333333333,4.0,False,True,True,False,False,1
TK60860,20230407,20230407,1,4,3,2023-04-07 05:07:00,2023-04-07 06:53:09,Unable to export my data,34.0,106.15,,False,False,False,False,False,1
TK62528,20230407,20230407,3,5,2,2023-04-07 06:40:00,2023-04-07 22:47:24,Question about connecting the Snowflake sync,217.0,967.4,3.0,False,True,False,False,False,1
TK63147,20230407,20230408,2,5,3,2023-04-07 13:00:00,2023-04-08 12:43:06,Unable to a refund for an annual plan,153.0,1423.1,,False,False,False,False,False,1
TK63333,20230407,20230407,2,2,3,2023-04-07 19:04:00,2023-04-07 23:19:36,Issue with the dashboard loading slowly,52.0,255.6,5.0,False,True,False,False,False,1
TK61757,20230407,20230409,3,1,1,2023-04-07 23:05:00,2023-04-09 03:05:52,Unable to add a teammate,589.0,1680.8666666666666,,False,False,False,True,False,1
TK61132,20230408,20230409,1,4,2,2023-04-08 04:18:00,2023-04-09 03:07:07,Question about two-factor authentication,49.0,1369.1166666666666,,False,False,False,False,False,1
TK63772,20230408,20230411,3,1,2,2023-04-08 06:06:00,2023-04-11 14:50:53,Request to webhook deliveries failing,291.0,4844.883333333333,,False,False,True,False,False,1
TK61129,20230408,20230408,2,3,2,2023-04-08 06:57:00,2023-04-08 23:37:04,Error when a duplicate charge,69.0,1000.0666666666668,5.0,False,True,False,False,False,1
TK60167,20230408,20230414,4,2,2,2023-04-08 10:05:00,2023-04-14 23:13:02,Unable to connecting the Snowflake sync,110.0,9428.033333333333,,False,False,False,False,True,1
TK60810,20230408,20230409,4,5,3,2023-04-08 10:30:00,2023-04-09 11:46:57,Question about downgrade my plan,24.0,1516.95,3.0,False,True,False,False,False,1
TK63577,20230408,20230409,3,1,2,2023-04-08 15:15:00,2023-04-09 02:48:55,Question about log in after password reset,42.0,693.9166666666666,,False,False,False,False,False,1
TK63393,20230408,20230412,1,4,1,2023-04-08 20:41:00,2023-04-12 04:21:15,Unable to a duplicate charge,153.0,4780.25,,False,False,False,False,False,1
TK61584,20230408,20230412,1,1,1,2023-04-08 22:26:00,2023-04-12 17:35:24,Issue with downgrade my plan,,5469.4,5.0,False,True,False,False,False,1
TK60027,20230408,20230409,4,2,1,2023-04-08 23:40:00,2023-04-09 10:56:43,Cannot two-factor authentication,345.0,676.7166666666667,3.0,False,True,True,False,False,1
TK63517,20230409,20230413,4,3,2,2023-04-09 00:29:00,2023-04-13 18:55:51,Issue with the invoice for last month,28.0,6866.85,,False,False,False,False,False,1
TK61939,20230409,20230409,2,1,3,2023-04-09 03:26:00,2023-04-09 05:13:19,Request to webhook deliveries failing,18.0,107.31666666666666,,False,False,False,False,False,1
TK63714,20230409,20230410,1,4,1,2023-04-09 03:54:00,2023-04-10 08:29:20,Request to a refund for an annual plan,264.0,1715.3333333333333,5.0,False,True,False,False,False,1
TK63642,20230409,20230409,3,5,2,2023-04-09 03:55:00,2023-04-09 14:56:38,How do I export my data,156.0,661.6333333333333,,False,False,False,False,False,1
TK62057,20230409,20230409,4,5,3,2023-04-09 08:34:00,2023-04-09 18:54:12,Error when export my data,24.0,620.2,4.0,False,True,True,False,False,1
TK60047,20230409,20230409,2,4,3,2023-04-09 09:50:00,2023-04-09 14:02:25,Issue with the API rate limit,74.0,252.41666666666663,3.0,False,True,False,False,False,1
TK60902,20230409,20230410,2,4,2,2023-04-09 12:02:00,2023-04-10 07:18:37,How do I the invoice for last month,187.0,1156.6166666666666,1.0,False,True,False,False,False,1
TK62267,20230409,20230420,1,3,1,2023-04-09 17:31:00,2023-04-20 00:39:44,Issue with two-factor authentication,78.0,14828.733333333334,,False,False,False,False,True,1
TK62547,20230409,,2,5,2,2023-04-09 21:02:00,,Unable to add a teammate,272.0,,,True,False,False,False,False,1
TK62005,20230409,20230410,1,2,4,2023-04-09 23:14:00,2023-04-10 00:10:50,Question about a refund for an annual plan,2.0,56.833333333333336,,False,False,False,False,False,1
TK62635,20230410,20230411,3,4,2,2023-04-10 01:13:00,2023-04-11 05:11:10,Question about two-factor authentication,5.0,1678.1666666666667,4.0,False,True,False,False,False,1
TK62397,20230410,20230411,3,2,2,2023-04-10 02:23:00,2023-04-11 06:35:58,Question about downgrade my plan,18.0,1692.9666666666667,,False,False,False,False,False,1
TK62048,20230410,20230430,3,5,3,2023-04-10 04:12:00,2023-04-30 06:08:17,Question about the invoice for last month,66.0,28916.283333333333,4.0,False,True,False,False,True,1
TK62098,20230410,20230412,2,1,2,2023-04-10 06:01:00,2023-04-12 11:31:45,Error when the dashboard loading slowly,34.0,3210.75,5.0,False,True,False,False,False,1
TK61831,20230410,20230411,1,3,2,2023-04-10 06:42:00,2023-04-11 04:09:42,How do I webhook deliveries failing,28.0,1287.7,5.0,False,True,False,False,False,1
TK60136,20230410,20230410,2,5,2,2023-04-10 08:42:00,2023-04-10 16:21:02,Error when the dashboard loading slowly,152.0,459.03333333333336,,False,False,False,False,False,1
TK63006,20230410,20230414,3,3,2,2023-04-10 09:09:00,2023-04-14 18:52:07,Cannot webhook deliveries failing,679.0,6343.116666666667,,False,False,False,True,False,1
TK60980,20230410,20230413,4,2,2,2023-04-10 10:45:00,2023-04-13 16:41:24,Cannot export my data,60.0,4676.4,5.0,False,True,False,False,False,1
TK61087,20230410,20230414,2,2,2,2023-04-10 10:55:00,2023-04-14 21:40:54,Cannot two-factor authentication,526.0,6405.9,,False,False,False,True,False,1
TK63199,20230410,,1,5,1,2023-04-10 15:40:00,,How do I a duplicate charge,65.0,,,True,False,False,False,False,1
TK62932,20230410,20230412,2,1,1,2023-04-10 16:20:00,2023-04-12 07:12:45,Issue with downgrade my plan,181.0,2332.75,,False,False,False,False,False,1
TK60180,20230410,20230415,2,5,1,2023-04-10 18:07:00,2023-04-15 22:46:31,Error when add a teammate,233.0,7479.516666666666,5.0,False,True,False,False,False,1
TK62219,20230410,20230410,1,2,2,2023-04-10 21:33:00,2023-04-10 23:34:03,Issue with connecting the Snowflake sync,95.0,121.05,,False,False,False,False,False,1
TK62690,20230410,,2,3,3,2023-04-10 23:46:00,,Issue with add a teammate,68.0,,,True,False,False,False,False,1
TK63251,20230411,20230412,2,5,2,2023-04-11 00:45:00,2023-04-12 08:33:45,Request to webhook deliveries failing,56.0,1908.75,4.0,False,True,False,False,False,1
TK62375,20230411,20230501,2,5,2,2023-04-11 02:25:00,2023-05-01 00:45:52,Request to add a teammate,146.0,28700.866666666665,,False,False,False,False,True,1
TK61909,20230411,20230411,1,2,2,2023-04-11 04:15:00,2023-04-11 06:06:27,Question about export my data,174.0,111.45,,False,False,False,False,False,1
TK62537,20230411,20230412,2,2,1,2023-04-11 06:43:00,2023-04-12 13:45:31,Request to the invoice for last month,214.0,1862.5166666666669,,False,False,False,False,False,1
TK61279,20230411,20230411,1,4,3,2023-04-11 07:10:00,2023-04-11 09:30:10,Error when two-factor authentication,142.0,140.16666666666666,,False,False,False,False,False,1
TK60395,20230411,20230411,2,4,2,2023-04-11 09:26:00,2023-04-11 12:08:42,Unable to two-factor authentication,179.0,162.7,,False,False,False,False,False,1
TK62041,20230411,,1,5,3,2023-04-11 12:01:00,,How do I a duplicate charge,50.0,,,True,False,False,False,False,1
TK61816,20230411,20230412,1,4,2,2023-04-11 14:14:00,2023-04-12 02:28:49,Error when a duplicate charge,11.0,734.8166666666667,5.0,False,True,False,False,False,1
TK60485,20230411,20230412,3,4,1,2023-04-11 15:00:00,2023-04-12 07:11:15,Error when two-factor authentication,55.0,971.25,5.0,False,True,False,False,False,1
TK61562,20230411,20230413,2,5,2,2023-04-11 15:50:00,2023-04-13 08:46:02,Error when export my data,86.0,2456.0333333333333,,False,False,False,False,False,1
TK63305,20230411,20230412,2,2,2,2023-04-11 16:19:00,2023-04-12 13:43:28,Error when the dashboard loading slowly,69.0,1284.4666666666667,,False,False,False,False,False,1
TK60832,20230411,20230412,1,1,2,2023-04-11 18:26:00,2023-04-12 14:23:25,Question about connecting the Snowflake sync,224.0,1197.4166666666667,,False,False,False,False,False,1
TK61732,20230411,20230416,1,5,2,2023-04-11 21:49:00,2023-04-16 02:03:20,Unable to export my data,200.0,6014.333333333333,,False,False,False,False,False,1
TK62694,20230412,20230413,3,1,2,2023-04-12 05:55:00,2023-04-13 04:44:37,Issue with the dashboard loading slowly,27.0,1369.6166666666666,2.0,False,True,False,False,False,1
TK63700,20230412,20230422,4,3,2,2023-04-12 10:39:00,2023-04-22 15:13:21,Request to the API rate limit,102.0,14674.35,,False,False,False,False,True,1
TK61252,20230412,20230412,1,2,3,2023-04-12 14:54:00,2023-04-12 18:22:03,Issue with a duplicate charge,99.0,208.05,,False,False,True,False,False,1
TK63050,20230412,20230412,2,5,4,2023-04-12 15:15:00,2023-04-12 15:42:50,Cannot webhook deliveries failing,21.0,27.83333333333333,,False,False,False,False,False,1
TK60415,20230412,20230413,1,1,2,2023-04-12 17:12:00,2023-04-13 01:08:25,How do I log in after password reset,15.0,476.4166666666667,,False,False,False,False,False,1
TK60784,20230413,20230419,1,2,3,2023-04-13 03:10:00,2023-04-19 17:34:17,Request to log in after password reset,8.0,9504.283333333333,,False,False,False,False,True,1
TK60872,20230413,20230414,3,5,3,2023-04-13 04:09:00,2023-04-14 05:05:21,How do I two-factor authentication,113.0,1496.35,,False,False,False,False,False,1
TK63435,20230413,20230415,2,5,2,2023-04-13 04:36:00,2023-04-15 05:57:30,Cannot connecting the Snowflake sync,46.0,2961.5,2.0,False,True,False,False,False,1
TK61663,20230413,20230418,2,5,2,2023-04-13 08:46:00,2023-04-18 00:02:49,Unable to add a teammate,229.0,6676.816666666667,5.0,False,True,False,False,False,1
TK61808,20230413,20230416,1,4,2,2023-04-13 11:29:00,2023-04-16 00:30:04,How do I add a teammate,82.0,3661.0666666666666,,False,False,False,False,False,1
TK61491,20230413,,1,5,2,2023-04-13 14:15:00,,Issue with a duplicate charge,18.0,,,True,False,False,False,False,1
TK60252,20230413,20230415,3,2,2,2023-04-13 15:56:00,2023-04-15 06:29:55,Request to a refund for an annual plan,474.0,2313.9166666666665,4.0,False,True,True,True,False,1
TK60820,20230413,20230414,2,5,2,2023-04-13 17:33:00,2023-04-14 18:54:37,Question about connecting the Snowflake sync,322.0,1521.6166666666666,2.0,False,True,False,False,False,1
TK60033,20230413,20230418,2,1,2,2023-04-13 18:04:00,2023-04-18 15:57:13,Unable to the invoice for last month,139.0,7073.216666666666,,False,False,False,False,False,1
TK61736,20230413,20230424,2,1,2,2023-04-13 21:04:00,2023-04-24 06:21:03,Request to the API rate limit,,14957.05,,False,False,True,False,True,1
TK61508,20230413,20230414,4,4,3,2023-04-13 23:27:00,2023-04-14 03:46:08,How do I export my data,85.0,259.1333333333333,3.0,False,True,False,False,False,1
TK61479,20230414,20230416,2,5,2,2023-04-14 01:43:00,2023-04-16 15:03:29,Issue with the invoice for last month,266.0,3680.483333333333,4.0,False,True,True,False,False,1
TK63879,20230414,20230414,1,1,2,2023-04-14 03:35:00,2023-04-14 20:04:02,Request to two-factor authentication,311.0,989.0333333333332,,False,False,False,False,False,1
TK63974,20230414,20230414,1,5,3,2023-04-14 05:09:00,2023-04-14 12:17:00,Cannot the invoice for last month,91.0,428.0,3.0,False,True,False,False,False,1
TK62339,20230414,20230417,3,4,2,2023-04-14 05:17:00,2023-04-17 19:23:18,How do I add a teammate,100.0,5166.3,,False,False,False,False,False,1
TK61214,20230414,20230414,1,1,3,2023-04-14 08:28:00,2023-04-14 13:50:16,Error when two-factor authentication,26.0,322.26666666666665,,False,False,False,False,False,1
TK62726,20230414,20230414,3,3,2,2023-04-14 09:43:00,2023-04-14 12:52:18,How do I connecting the Snowflake sync,78.0,189.3,,False,False,False,False,False,1
TK61001,20230414,20230415,2,2,2,2023-04-14 09:56:00,2023-04-15 06:45:33,Error when the dashboard loading slowly,205.0,1249.55,4.0,False,True,False,False,False,1
TK63486,20230414,20230415,3,5,2,2023-04-14 13:42:00,2023-04-15 17:41:25,Issue with add a teammate,37.0,1679.4166666666667,5.0,False,True,False,False,False,1
TK63210,20230414,20230415,4,2,1,2023-04-14 17:48:00,2023-04-15 22:33:29,Cannot the API rate limit,225.0,1725.4833333333331,,False,False,False,False,False,1
TK63462,20230414,20230415,2,1,3,2023-04-14 18:43:00,2023-04-15 02:08:24,Issue with downgrade my plan,21.0,445.4,4.0,False,True,False,False,False,1
TK61409,20230414,20230415,2,1,1,2023-04-14 19:45:00,2023-04-15 12:22:16,Cannot the invoice for last month,172.0,997.2666666666668,3.0,False,True,False,False,False,1
TK61257,20230414,20230416,2,2,3,2023-04-14 19:52:00,2023-04-16 07:56:08,Cannot the dashboard loading slowly,33.0,2164.133333333333,,False,False,False,False,False,1
TK62124,20230414,20230415,4,4,2,2023-04-14 22:24:00,2023-04-15 02:30:53,Cannot webhook deliveries failing,101.0,246.88333333333333,4.0,False,True,False,False,False,1
TK61523,20230414,20230415,3,1,2,2023-04-14 22:49:00,2023-04-15 12:53:01,Cannot connecting the Snowflake sync,303.0,844.0166666666667,,False,False,False,False,False,1
TK62965,20230415,,2,3,3,2023-04-15 00:40:00,,Question about add a teammate,17.0,,,True,False,False,False,False,1
TK61470,20230415,20230416,1,1,2,2023-04-15 05:25:00,2023-04-16 10:36:09,Unable to add a teammate,76.0,1751.15,5.0,False,True,True,False,False,1
TK60827,20230415,20230415,1,5,2,2023-04-15 06:00:00,2023-04-15 11:50:53,Error when export my data,129.0,350.8833333333333,4.0,False,True,False,False,False,1
TK62577,20230415,20230415,3,5,3,2023-04-15 07:00:00,2023-04-15 22:41:49,Question about add a teammate,39.0,941.8166666666668,5.0,False,True,False,False,False,1
TK60742,20230415,20230415,1,2,4,2023-04-15 07:37:00,2023-04-15 11:21:38,Error when add a teammate,34.0,224.63333333333333,,False,False,False,False,False,1
TK61610,20230415,20230417,2,5,2,2023-04-15 07:47:00,2023-04-17 16:36:41,Issue with connecting the Snowflake sync,40.0,3409.6833333333334,,False,False,False,False,False,1
TK62799,20230415,20230415,2,4,4,2023-04-15 08:18:00,2023-04-15 15:36:48,Issue with a duplicate charge,18.0,438.8,1.0,False,True,False,False,False,1
TK62820,20230415,20230415,4,5,4,2023-04-15 09:25:00,2023-04-15 19:36:52,Issue with add a teammate,37.0,611.8666666666667,,False,False,False,False,False,1
TK61152,20230415,20230417,3,4,2,2023-04-15 09:33:00,2023-04-17 07:19:03,Error when add a teammate,248.0,2746.05,,False,False,False,False,False,1
TK61853,20230415,20230416,4,4,2,2023-04-15 11:06:00,2023-04-16 00:55:48,Question about the dashboard loading slowly,97.0,829.8,,False,False,False,False,False,1
TK63200,20230415,20230501,4,5,1,2023-04-15 12:21:00,2023-05-01 20:19:09,How do I connecting the Snowflake sync,,23518.15,5.0,False,True,False,False,True,1
TK60864,20230415,20230415,3,2,3,2023-04-15 12:50:00,2023-04-15 13:42:45,Issue with add a teammate,101.0,52.75,,False,False,False,False,False,1
TK62818,20230415,20230416,1,4,2,2023-04-15 13:04:00,2023-04-16 09:00:09,Issue with two-factor authentication,136.0,1196.15,,False,False,False,False,False,1
TK62229,20230415,20230421,3,2,2,2023-04-15 13:46:00,2023-04-21 09:54:40,Error when downgrade my plan,83.0,8408.666666666666,5.0,False,True,True,False,False,1
TK61895,20230415,20230416,2,3,2,2023-04-15 14:56:00,2023-04-16 20:12:06,Request to a refund for an annual plan,70.0,1756.1,2.0,False,True,False,False,False,1
TK61434,20230415,20230417,1,5,3,2023-04-15 15:13:00,2023-04-17 01:40:05,Issue with the dashboard loading slowly,50.0,2067.083333333333,,False,False,False,False,False,1
TK60845,20230415,20230416,2,4,2,2023-04-15 15:39:00,2023-04-16 21:14:39,Cannot downgrade my plan,55.0,1775.65,4.0,False,True,False,False,False,1
TK63596,20230415,20230417,4,2,1,2023-04-15 18:32:00,2023-04-17 10:27:28,Question about the API rate limit,185.0,2395.4666666666667,,False,False,False,False,False,1
TK60146,20230415,20230416,2,4,2,2023-04-15 18:41:00,2023-04-16 04:01:41,Unable to webhook deliveries failing,31.0,560.6833333333333,1.0,False,True,False,False,False,1
TK63673,20230415,20230416,1,2,3,2023-04-15 23:36:00,2023-04-16 03:17:52,Issue with log in after password reset,83.0,221.86666666666667,,False,False,True,False,False,1
TK62562,20230416,20230417,2,1,3,2023-04-16 00:32:00,2023-04-17 14:47:21,Request to add a teammate,14.0,2295.35,,False,False,False,False,False,1
TK62544,20230416,20230420,3,2,3,2023-04-16 06:29:00,2023-04-20 14:57:25,How do I downgrade my plan,18.0,6268.416666666667,,False,False,False,False,False,1
TK60498,20230416,20230416,2,5,3,2023-04-16 07:06:00,2023-04-16 21:33:26,How do I log in after password reset,38.0,867.4333333333333,,False,False,False,False,False,1
TK62901,20230416,20230416,3,1,3,2023-04-16 07:51:00,2023-04-16 19:08:14,Error when two-factor authentication,106.0,677.2333333333333,,False,False,False,False,False,1
TK60087,20230416,20230421,2,2,2,2023-04-16 08:28:00,2023-04-21 12:47:49,Request to connecting the Snowflake sync,92.0,7459.816666666667,,False,False,False,False,False,1
TK60162,20230416,20230416,1,3,2,2023-04-16 08:53:00,2023-04-16 22:15:47,Issue with export my data,131.0,802.7833333333333,,False,False,False,False,False,1
TK61080,20230416,20230417,3,2,2,2023-04-16 11:15:00,2023-04-17 21:30:58,Unable to export my data,135.0,2055.9666666666667,,False,False,False,False,False,1
TK63676,20230416,20230416,3,2,2,2023-04-16 14:07:00,2023-04-16 20:33:23,Cannot the API rate limit,129.0,386.3833333333333,4.0,False,True,True,False,False,1
TK60010,20230416,20230418,2,2,2,2023-04-16 16:30:00,2023-04-18 17:52:59,Unable to downgrade my plan,148.0,2962.983333333333,,False,False,False,False,False,1
TK62337,20230416,20230417,3,4,3,2023-04-16 20:30:00,2023-04-17 11:45:47,Unable to export my data,220.0,915.7833333333332,,False,False,False,False,False,1
TK62171,20230416,20230418,2,3,1,2023-04-16 21:27:00,2023-04-18 03:14:49,Request to downgrade my plan,47.0,1787.8166666666666,,False,False,False,False,False,1
TK63182,20230416,,2,2,2,2023-04-16 23:25:00,,Issue with two-factor authentication,385.0,,,True,False,False,False,False,1
TK60932,20230417,20230418,2,5,1,2023-04-17 03:40:00,2023-04-18 14:17:43,Cannot export my data,155.0,2077.7166666666667,,False,False,False,False,False,1
TK62493,20230417,20230417,1,1,2,2023-04-17 08:22:00,2023-04-17 13:55:58,Request to downgrade my plan,262.0,333.96666666666664,,False,False,False,False,False,1
TK61361,20230417,20230417,4,1,4,2023-04-17 09:41:00,2023-04-17 13:21:18,How do I webhook deliveries failing,13.0,220.3,,False,False,False,False,False,1
TK61728,20230417,20230419,3,3,2,2023-04-17 12:11:00,2023-04-19 16:40:39,How do I downgrade my plan,188.0,3149.65,,False,False,False,False,False,1
TK62557,20230417,20230418,3,2,2,2023-04-17 15:19:00,2023-04-18 05:56:40,How do I the dashboard loading slowly,82.0,877.6666666666666,2.0,False,True,False,False,False,1
TK62836,20230417,20230422,2,5,2,2023-04-17 18:19:00,2023-04-22 12:05:33,How do I log in after password reset,162.0,6826.55,4.0,False,True,False,False,False,1
TK61007,20230417,20230418,1,5,2,2023-04-17 20:03:00,2023-04-18 14:59:08,Unable to the invoice for last month,105.0,1136.1333333333334,,False,False,False,False,False,1
TK62139,20230417,20230418,1,3,2,2023-04-17 21:04:00,2023-04-18 19:25:06,How do I the invoice for last month,92.0,1341.1,,False,False,False,False,False,1
TK62268,20230417,20230418,3,3,3,2023-04-17 21:23:00,2023-04-18 10:56:25,Request to the dashboard loading slowly,58.0,813.4166666666666,,False,False,False,False,False,1
TK63947,20230417,20230504,1,2,1,2023-04-17 21:23:00,2023-05-04 18:00:43,Question about a duplicate charge,250.0,24277.716666666667,4.0,False,True,False,False,True,1
TK63545,20230417,20230522,3,5,1,2023-04-17 22:32:00,2023-05-22 12:12:19,Unable to connecting the Snowflake sync,125.0,49780.316666666666,,False,False,False,False,True,1
TK60317,20230418,20230418,2,4,2,2023-04-18 00:22:00,2023-04-18 22:39:59,Unable to the dashboard loading slowly,63.0,1337.9833333333331,,False,False,False,False,False,1
TK62629,20230418,20230421,3,2,3,2023-04-18 02:26:00,2023-04-21 15:14:31,Request to a duplicate charge,43.0,5088.516666666666,,False,False,False,False,False,1
TK62743,20230418,20230418,1,5,2,2023-04-18 03:41:00,2023-04-18 12:49:22,Issue with log in after password reset,46.0,548.3666666666667,,False,False,False,False,False,1
TK62608,20230418,20230418,1,5,2,2023-04-18 06:07:00,2023-04-18 17:13:01,Question about the API rate limit,121.0,666.0166666666667,,False,False,False,False,False,1
TK60282,20230418,20230418,1,2,3,2023-04-18 08:04:00,2023-04-18 15:38:12,Issue with a duplicate charge,32.0,454.2,4.0,False,True,True,False,False,1
TK63387,20230418,20230419,1,4,2,2023-04-18 16:23:00,2023-04-19 06:07:28,Request to export my data,9.0,824.4666666666667,5.0,False,True,False,False,False,1
TK63575,20230418,20230418,3,2,2,2023-04-18 16:32:00,2023-04-18 19:54:27,Error when the invoice for last month,94.0,202.45,,False,False,False,False,False,1
TK60707,20230418,20230419,3,2,3,2023-04-18 16:52:00,2023-04-19 06:28:10,Issue with connecting the Snowflake sync,87.0,816.1666666666666,4.0,False,True,False,False,False,1
TK61458,20230418,20230419,2,5,2,2023-04-18 20:08:00,2023-04-19 17:44:33,Issue with a refund for an annual plan,75.0,1296.55,,False,False,False,False,False,1
TK63008,20230418,20230424,3,1,1,2023-04-18 20:21:00,2023-04-24 16:42:36,Error when the invoice for last month,41.0,8421.6,,False,False,False,False,False,1
TK60202,20230418,20230419,2,4,2,2023-04-18 21:50:00,2023-04-19 02:09:49,Issue with a refund for an annual plan,110.0,259.81666666666666,,False,False,False,False,False,1
TK61536,20230418,20230419,2,3,3,2023-04-18 22:43:00,2023-04-19 04:08:35,Issue with a refund for an annual plan,58.0,325.5833333333333,,False,False,False,False,False,1
TK63244,20230419,20230419,4,5,3,2023-04-19 00:19:00,2023-04-19 04:47:16,Issue with two-factor authentication,77.0,268.26666666666665,,False,False,False,False,False,1
TK61885,20230419,20230419,1,5,2,2023-04-19 08:20:00,2023-04-19 18:37:44,Request to connecting the Snowflake sync,84.0,617.7333333333333,,False,False,True,False,False,1
TK63691,20230419,20230424,1,5,2,2023-04-19 11:28:00,2023-04-24 03:42:58,Unable to a refund for an annual plan,40.0,6734.966666666666,2.0,False,True,False,False,False,1
TK61530,20230419,20230420,4,2,1,2023-04-19 17:23:00,2023-04-20 16:38:49,Error when webhook deliveries failing,67.0,1395.8166666666666,,False,False,False,False,False,1
TK62551,20230419,20230428,2,5,2,2023-04-19 21:05:00,2023-04-28 02:02:07,Unable to add a teammate,92.0,11817.116666666669,,False,False,False,False,True,1
TK61581,20230419,20230421,4,5,2,2023-04-19 21:23:00,2023-04-21 00:23:57,Error when export my data,154.0,1620.95,,False,False,False,False,False,1
TK61690,20230419,20230420,3,2,3,2023-04-19 22:25:00,2023-04-20 06:51:38,Cannot add a teammate,46.0,506.6333333333333,5.0,False,True,False,False,False,1
TK60328,20230419,20230420,2,2,1,2023-04-19 22:55:00,2023-04-20 23:54:18,Issue with the dashboard loading slowly,292.0,1499.3,3.0,False,True,False,False,False,1
TK63133,20230420,20230420,1,4,3,2023-04-20 01:58:00,2023-04-20 16:53:25,Request to a duplicate charge,27.0,895.4166666666666,,False,False,False,False,False,1
TK62751,20230420,20230421,1,1,2,2023-04-20 10:12:00,2023-04-21 02:26:27,Unable to the dashboard loading slowly,49.0,974.45,,False,False,False,False,False,1
TK60451,20230420,20230514,1,5,2,2023-04-20 12:36:00,2023-05-14 18:51:29,Issue with the API rate limit,,34935.48333333333,,False,False,False,False,True,1
TK62602,20230420,20230421,3,5,2,2023-04-20 16:13:00,2023-04-21 23:09:53,How do I log in after password reset,124.0,1856.8833333333332,,False,False,False,False,False,1
TK60972,20230420,20230421,1,2,2,2023-04-20 16:46:00,2023-04-21 13:19:49,Cannot connecting the Snowflake sync,7.0,1233.8166666666666,,False,False,False,False,False,1
TK60509,20230420,20230429,1,3,1,2023-04-20 17:42:00,2023-04-29 12:37:10,Request to webhook deliveries failing,811.0,12655.166666666666,,False,False,False,True,True,1
TK62426,20230420,20230420,3,4,4,2023-04-20 19:14:00,2023-04-20 21:42:46,Unable to a refund for an annual plan,22.0,148.76666666666668,,False,False,False,False,False,1
TK62467,20230420,20230422,2,5,3,2023-04-20 21:27:00,2023-04-22 07:44:13,Issue with a refund for an annual plan,12.0,2057.2166666666667,2.0,False,True,False,False,False,1
TK61321,20230421,20230514,4,1,2,2023-04-21 04:10:00,2023-05-14 22:06:59,Cannot add a teammate,21.0,34196.98333333333,,False,False,False,False,True,1
TK60354,20230421,20230422,2,5,2,2023-04-21 04:41:00,2023-04-22 07:51:06,Request to the invoice for last month,14.0,1630.1,,False,False,False,False,False,1
TK61657,20230421,20230422,1,5,3,2023-04-21 07:57:00,2023-04-22 17:03:00,Unable to log in after password reset,20.0,1986.0,,False,False,False,False,False,1
TK62856,20230421,20230425,3,5,2,2023-04-21 11:07:00,2023-04-25 07:31:17,Issue with a refund for an annual plan,189.0,5544.283333333334,5.0,False,True,False,False,False,1
TK60173,20230421,20230422,1,1,1,2023-04-21 14:27:00,2023-04-22 09:07:31,Issue with a duplicate charge,48.0,1120.5166666666669,,False,False,False,False,False,1
TK61121,20230421,20230424,2,4,1,2023-04-21 15:54:00,2023-04-24 03:27:38,How do I log in after password reset,253.0,3573.633333333333,,False,False,False,False,False,1
TK63623,20230421,20230423,2,3,1,2023-04-21 16:45:00,2023-04-23 13:31:56,Request to a duplicate charge,659.0,2686.9333333333334,,False,False,False,True,False,1
TK60192,20230421,20230422,2,2,2,2023-04-21 17:52:00,2023-04-22 11:44:28,Question about the dashboard loading slowly,117.0,1072.4666666666667,4.0,False,True,True,False,False,1
TK62843,20230422,20230422,3,3,2,2023-04-22 01:39:00,2023-04-22 14:04:24,Error when add a teammate,63.0,745.4,4.0,False,True,False,False,False,1
TK61490,20230422,,1,1,2,2023-04-22 02:03:00,,Cannot two-factor authentication,107.0,,,True,False,False,False,False,1
TK60230,20230422,20230424,1,3,3,2023-04-22 03:25:00,2023-04-24 05:23:49,Cannot two-factor authentication,4.0,2998.8166666666666,4.0,False,True,False,False,False,1
TK63478,20230422,20230422,1,4,2,2023-04-22 03:37:00,2023-04-22 08:57:59,Request to the invoice for last month,196.0,320.9833333333333,5.0,False,True,False,False,False,1
TK62839,20230422,20230423,2,5,2,2023-04-22 04:59:00,2023-04-23 15:48:36,Issue with a refund for an annual plan,,2089.6,5.0,False,True,False,False,False,1
TK61313,20230422,20230422,2,3,4,2023-04-22 06:18:00,2023-04-22 11:59:00,How do I a refund for an annual plan,47.0,341.0,,False,False,False,False,False,1
TK61232,20230422,20230424,1,5,2,2023-04-22 07:21:00,2023-04-24 09:35:03,Issue with downgrade my plan,74.0,3014.05,,False,False,False,False,False,1
TK63258,20230422,20230519,3,5,1,2023-04-22 10:58:00,2023-05-19 17:23:32,Unable to a refund for an annual plan,77.0,39265.53333333333,,False,False,False,False,True,1
TK60400,20230422,20230423,4,4,2,2023-04-22 14:09:00,2023-04-23 04:34:44,Request to two-factor authentication,75.0,865.7333333333333,,False,False,False,False,False,1
TK63574,20230422,20230424,2,2,1,2023-04-22 16:27:00,2023-04-24 08:07:55,Request to a refund for an annual plan,262.0,2380.9166666666665,5.0,False,True,False,False,False,1
TK63489,20230422,20230424,2,5,1,2023-04-22 16:28:00,2023-04-24 09:59:43,Unable to webhook deliveries failing,640.0,2491.7166666666667,5.0,False,True,False,True,False,1
TK60684,20230422,20230425,1,2,3,2023-04-22 17:27:00,2023-04-25 02:25:21,Request to downgrade my plan,81.0,3418.35,,False,False,True,False,False,1
TK60776,20230422,20230423,1,1,3,2023-04-22 18:06:00,2023-04-23 04:26:10,How do I export my data,312.0,620.1666666666666,,False,False,False,False,False,1
TK63056,20230422,20230425,2,4,2,2023-04-22 18:38:00,2023-04-25 03:12:38,Question about the API rate limit,89.0,3394.633333333333,2.0,False,True,False,False,False,1
TK60895,20230422,20230423,3,1,3,2023-04-22 18:41:00,2023-04-23 01:05:14,How do I the dashboard loading slowly,117.0,384.23333333333335,1.0,False,True,False,False,False,1
TK61947,20230423,20230425,1,2,2,2023-04-23 00:03:00,2023-04-25 17:30:34,How do I two-factor authentication,764.0,3927.5666666666666,,False,False,False,True,False,1
TK60014,20230423,20230426,1,4,1,2023-04-23 05:52:00,2023-04-26 12:13:26,Cannot the dashboard loading slowly,186.0,4701.433333333333,,False,False,False,False,False,1
TK60515,20230423,20230423,1,2,2,2023-04-23 09:12:00,2023-04-23 18:25:52,Issue with a duplicate charge,27.0,553.8666666666667,,False,False,False,False,False,1
TK63274,20230423,20230424,3,4,1,2023-04-23 17:14:00,2023-04-24 15:57:22,Unable to the API rate limit,182.0,1363.3666666666666,5.0,False,True,False,False,False,1
TK63381,20230423,20230503,2,2,1,2023-04-23 17:30:00,2023-05-03 13:07:30,Request to the dashboard loading slowly,333.0,14137.5,,False,False,False,False,True,1
TK61316,20230423,20230425,2,5,1,2023-04-23 20:10:00,2023-04-25 15:11:10,Question about a duplicate charge,,2581.1666666666665,,False,False,False,False,False,1
TK62898,20230424,20230424,2,4,2,2023-04-24 02:19:00,2023-04-24 12:26:40,Issue with a duplicate charge,346.0,607.6666666666666,5.0,False,True,False,False,False,1
TK61607,20230424,20230424,2,2,3,2023-04-24 02:38:00,2023-04-24 16:12:08,Cannot downgrade my plan,17.0,814.1333333333333,,False,False,False,False,False,1
TK61503,20230424,20230430,1,5,2,2023-04-24 03:11:00,2023-04-30 11:12:56,Unable to log in after password reset,121.0,9121.933333333332,,False,False,False,False,True,1
TK63248,20230424,20230424,2,2,3,2023-04-24 05:02:00,2023-04-24 06:28:20,Question about downgrade my plan,19.0,86.33333333333333,,False,False,False,False,False,1
TK63395,20230424,20230424,3,2,2,2023-04-24 05:06:00,2023-04-24 11:17:20,Unable to log in after password reset,37.0,371.3333333333333,,False,False,False,False,False,1
TK60795,20230424,20230425,2,3,1,2023-04-24 06:36:00,2023-04-25 19:02:13,Unable to a duplicate charge,94.0,2186.2166666666667,4.0,False,True,True,False,False,1
TK63848,20230424,20230426,1,5,2,2023-04-24 08:04:00,2023-04-26 07:24:53,How do I log in after password reset,159.0,2840.883333333333,5.0,False,True,False,False,False,1
TK61019,20230424,20230426,3,5,1,2023-04-24 09:02:00,2023-04-26 22:08:25,Cannot add a teammate,,3666.4166666666665,,False,False,False,False,False,1
TK63390,20230424,20230425,1,3,3,2023-04-24 09:41:00,2023-04-25 15:22:55,Cannot the invoice for last month,105.0,1781.9166666666667,4.0,False,True,False,False,False,1
TK63804,20230424,20230424,2,3,2,2023-04-24 14:15:00,2023-04-24 18:05:36,Request to the API rate limit,135.0,230.6,5.0,False,True,False,False,False,1
TK61090,20230424,20230424,1,2,4,2023-04-24 19:41:00,2023-04-24 22:00:41,Cannot two-factor authentication,28.0,139.68333333333334,,False,False,False,False,False,1
TK60868,20230424,,1,5,1,2023-04-24 20:52:00,,How do I add a teammate,406.0,,,True,False,False,True,False,1
TK60806,20230425,20230425,2,1,2,2023-04-25 01:35:00,2023-04-25 23:03:33,Cannot the API rate limit,23.0,1288.55,,False,False,False,False,False,1
TK60265,20230425,20230426,2,2,2,2023-04-25 03:37:00,2023-04-26 05:35:23,Unable to the API rate limit,184.0,1558.3833333333334,,False,False,False,False,False,1
TK62831,20230425,20230426,1,5,2,2023-04-25 04:37:00,2023-04-26 12:23:12,Issue with a refund for an annual plan,187.0,1906.2,,False,False,False,False,False,1
TK60447,20230425,20230425,3,1,2,2023-04-25 06:07:00,2023-04-25 22:32:14,Error when connecting the Snowflake sync,187.0,985.2333333333332,,False,False,False,False,False,1
TK61414,20230425,20230426,2,3,2,2023-04-25 07:31:00,2023-04-26 00:20:21,Request to add a teammate,195.0,1009.35,,False,False,False,False,False,1
TK60837,20230425,20230425,1,2,2,2023-04-25 13:37:00,2023-04-25 22:32:05,Request to export my data,135.0,535.0833333333334,4.0,False,True,False,False,False,1
TK63441,20230425,20230426,3,1,1,2023-04-25 13:58:00,2023-04-26 03:33:01,Issue with a duplicate charge,463.0,815.0166666666667,5.0,False,True,False,True,False,1
TK60110,20230425,20230506,2,5,1,2023-04-25 14:48:00,2023-05-06 03:44:25,Request to log in after password reset,615.0,15176.416666666666,5.0,False,True,False,True,True,1
TK62192,20230425,20230427,4,3,2,2023-04-25 15:24:00,2023-04-27 03:47:42,Error when add a teammate,383.0,2183.7,,False,False,True,False,False,1
TK61022,20230425,20230427,2,5,2,2023-04-25 17:41:00,2023-04-27 10:08:33,Unable to a refund for an annual plan,441.0,2427.55,,False,False,False,True,False,1
TK60066,20230426,20230430,3,2,1,2023-04-26 09:45:00,2023-04-30 21:29:43,How do I connecting the Snowflake sync,260.0,6464.716666666666,,False,False,False,False,False,1
TK62959,20230426,20230429,4,5,2,2023-04-26 14:29:00,2023-04-29 01:13:49,Unable to the invoice for last month,52.0,3524.8166666666666,,False,False,False,False,False,1
TK61984,20230426,20230427,1,2,1,2023-04-26 17:48:00,2023-04-27 06:37:24,How do I connecting the Snowflake sync,25.0,769.4,,False,False,True,False,False,1
TK61612,20230426,20230426,3,4,4,2023-04-26 18:19:00,2023-04-26 19:54:53,How do I add a teammate,9.0,95.88333333333334,,False,False,False,False,False,1
TK61453,20230426,20230428,2,5,2,2023-04-26 19:29:00,2023-04-28 15:10:47,Question about a refund for an annual plan,66.0,2621.7833333333333,1.0,False,True,False,False,False,1
TK60914,20230427,20230501,3,5,2,2023-04-27 00:00:00,2023-05-01 07:36:59,Request to connecting the Snowflake sync,33.0,6216.983333333334,,False,False,False,False,False,1
TK60419,20230427,20230427,3,1,2,2023-04-27 00:17:00,2023-04-27 15:00:48,Issue with log in after password reset,140.0,883.8,4.0,False,True,False,False,False,1
TK60362,20230427,20230430,4,5,2,2023-04-27 05:46:00,2023-04-30 01:49:20,Question about a duplicate charge,45.0,4083.3333333333335,3.0,False,True,False,False,False,1
TK60237,20230427,20230427,1,5,4,2023-04-27 08:16:00,2023-04-27 20:59:06,Error when downgrade my plan,2.0,763.1,,False,False,False,False,False,1
TK63384,20230427,20230428,2,3,2,2023-04-27 12:32:00,2023-04-28 12:02:07,How do I a duplicate charge,61.0,1410.1166666666666,5.0,False,True,False,False,False,1
TK62302,20230427,20230428,2,1,3,2023-04-27 21:45:00,2023-04-28 15:49:54,Issue with the invoice for last month,68.0,1084.9,1.0,False,True,False,False,False,1
TK63422,20230428,20230428,2,4,2,2023-04-28 01:04:00,2023-04-28 09:54:10,Unable to the invoice for last month,,530.1666666666666,,False,False,False,False,False,1
TK61187,20230428,20230428,1,2,4,2023-04-28 03:58:00,2023-04-28 10:14:28,Request to a refund for an annual plan,20.0,376.4666666666666,5.0,False,True,False,False,False,1
TK60871,20230428,20230428,2,5,4,2023-04-28 05:23:00,2023-04-28 07:17:29,How do I add a teammate,22.0,114.48333333333332,,False,False,False,False,False,1
TK60623,20230428,20230428,2,5,4,2023-04-28 16:14:00,2023-04-28 18:01:12,Question about webhook deliveries failing,12.0,107.2,,False,False,False,False,False,1
TK60787,20230428,20230501,1,2,3,2023-04-28 18:50:00,2023-05-01 10:05:56,Error when export my data,17.0,3795.933333333333,5.0,False,True,False,False,False,1
TK61883,20230428,20230504,3,2,2,2023-04-28 20:09:00,2023-05-04 16:25:13,Unable to two-factor authentication,198.0,8416.216666666667,,False,False,False,False,False,1
TK61216,20230428,20230429,2,5,4,2023-04-28 20:35:00,2023-04-29 02:19:35,Question about log in after password reset,52.0,344.5833333333333,,False,False,False,False,False,1
TK63264,20230428,20230429,2,2,2,2023-04-28 22:57:00,2023-04-29 00:44:54,Question about log in after password reset,71.0,107.9,5.0,False,True,False,False,False,1
TK61126,20230429,20230502,2,4,1,2023-04-29 10:58:00,2023-05-02 23:13:41,Request to log in after password reset,147.0,5055.683333333333,4.0,False,True,False,False,False,1
TK63420,20230429,20230429,2,3,2,2023-04-29 11:21:00,2023-04-29 17:34:53,Cannot the invoice for last month,29.0,373.8833333333333,,False,False,False,False,False,1
TK60337,20230429,20230501,2,3,2,2023-04-29 12:06:00,2023-05-01 19:28:13,Request to a duplicate charge,34.0,3322.2166666666667,5.0,False,True,False,False,False,1
TK63294,20230429,20230501,4,3,2,2023-04-29 13:06:00,2023-05-01 00:40:49,Request to two-factor authentication,,2134.8166666666666,,False,False,False,False,False,1
TK60151,20230429,20230430,2,5,3,2023-04-29 13:45:00,2023-04-30 02:28:41,Request to two-factor authentication,17.0,763.6833333333333,,False,False,False,False,False,1
TK61163,20230429,20230501,4,5,4,2023-04-29 17:50:00,2023-05-01 21:43:10,Question about a duplicate charge,83.0,3113.1666666666665,,False,False,False,False,False,1
TK61920,20230429,,1,3,1,2023-04-29 17:57:00,,Request to webhook deliveries failing,366.0,,,True,False,False,False,False,1
TK62246,20230429,20230501,2,3,2,2023-04-29 18:15:00,2023-05-01 22:33:38,Issue with a refund for an annual plan,83.0,3138.633333333333,,False,False,False,False,False,1
TK61526,20230429,20230430,2,1,2,2023-04-29 20:41:00,2023-04-30 10:42:01,Unable to downgrade my plan,,841.0166666666667,,False,False,False,False,False,1
TK60743,20230429,,2,1,1,2023-04-29 20:56:00,,Unable to the API rate limit,105.0,,,True,False,False,False,False,1
TK62378,20230429,20230430,2,3,2,2023-04-29 22:13:00,2023-04-30 01:28:32,Unable to the invoice for last month,354.0,195.53333333333333,4.0,False,True,False,False,False,1
TK61636,20230429,20230501,4,4,2,2023-04-29 23:02:00,2023-05-01 23:11:16,Error when connecting the Snowflake sync,467.0,2889.266666666667,,False,False,False,True,False,1
TK60736,20230430,20230430,3,5,3,2023-04-30 10:21:00,2023-04-30 16:30:35,Error when a duplicate charge,28.0,369.5833333333333,,False,False,False,False,False,1
TK63563,20230430,20230509,2,5,3,2023-04-30 11:46:00,2023-05-09 01:23:19,Request to the API rate limit,38.0,12337.316666666668,,False,False,False,False,True,1
TK63914,20230430,20230506,1,4,1,2023-04-30 12:11:00,2023-05-06 20:30:19,Request to the dashboard loading slowly,118.0,9139.316666666668,4.0,False,True,False,False,True,1
TK63246,20230430,,1,5,3,2023-04-30 13:46:00,,Unable to downgrade my plan,34.0,,,True,False,False,False,False,1
TK60542,20230430,20230502,1,1,2,2023-04-30 13:53:00,2023-05-02 09:49:56,How do I connecting the Snowflake sync,25.0,2636.9333333333334,,False,False,False,False,False,1
TK62894,20230430,20230506,3,5,1,2023-04-30 15:09:00,2023-05-06 18:40:06,Error when a duplicate charge,217.0,8851.1,,False,False,False,False,True,1
TK60430,20230430,20230430,3,2,4,2023-04-30 15:10:00,2023-04-30 17:33:12,Cannot the API rate limit,2.0,143.2,,False,False,False,False,False,1
TK61135,20230430,20230504,2,2,1,2023-04-30 23:57:00,2023-05-04 22:07:34,Issue with add a teammate,133.0,5650.566666666667,,False,False,True,False,False,1
TK61100,20230501,20230501,4,2,4,2023-05-01 00:02:00,2023-05-01 08:44:55,Cannot connecting the Snowflake sync,15.0,522.9166666666666,,False,False,False,False,False,1
TK62002,20230501,20230501,1,5,2,2023-05-01 00:19:00,2023-05-01 22:20:33,Issue with the dashboard loading slowly,28.0,1321.55,5.0,False,True,False,False,False,1
TK61784,20230501,20230501,3,4,3,2023-05-01 01:02:00,2023-05-01 08:24:41,How do I a duplicate charge,39.0,442.6833333333333,5.0,False,True,False,False,False,1
TK62165,20230501,20230501,2,4,2,2023-05-01 01:17:00,2023-05-01 04:51:55,How do I log in after password reset,61.0,214.91666666666663,5.0,False,True,False,False,False,1
TK61285,20230501,20230501,2,2,2,2023-05-01 07:02:00,2023-05-01 11:03:34,Cannot export my data,178.0,241.56666666666663,,False,False,False,False,False,1
TK61388,20230501,20230511,2,4,1,2023-05-01 07:26:00,2023-05-11 14:27:42,Unable to connecting the Snowflake sync,136.0,14821.7,5.0,False,True,True,False,True,1
TK63118,20230501,20230521,2,3,1,2023-05-01 12:11:00,2023-05-21 23:36:02,Error when export my data,30.0,29485.033333333333,3.0,False,True,False,False,True,1
TK63013,20230501,20230505,1,3,2,2023-05-01 12:59:00,2023-05-05 08:40:49,How do I two-factor authentication,88.0,5501.816666666667,1.0,False,True,False,False,False,1
TK61379,20230501,20230502,1,5,2,2023-05-01 13:02:00,2023-05-02 04:48:00,Issue with webhook deliveries failing,33.0,946.0,,False,False,False,False,False,1
TK60984,20230501,20230501,1,3,1,2023-05-01 18:52:00,2023-05-01 20:23:38,Cannot log in after password reset,533.0,91.63333333333334,,False,False,False,True,False,1
TK62034,20230501,20230503,2,5,2,2023-05-01 21:10:00,2023-05-03 03:41:18,Error when the dashboard loading slowly,190.0,1831.3,,False,False,False,False,False,1
TK62725,20230502,20230519,1,3,2,2023-05-02 03:33:00,2023-05-19 13:04:39,Unable to the invoice for last month,29.0,25051.65,,False,False,False,False,True,1
TK62944,20230502,20230502,2,4,3,2023-05-02 05:57:00,2023-05-02 08:00:36,Error when the dashboard loading slowly,26.0,123.6,,False,False,False,False,False,1
TK60380,20230502,,1,1,3,2023-05-02 05:58:00,,Request to downgrade my plan,55.0,,,True,False,False,False,False,1
TK61717,20230502,20230502,1,5,2,2023-05-02 06:31:00,2023-05-02 11:59:25,Issue with downgrade my plan,121.0,328.4166666666667,,False,False,False,False,False,1
TK60689,20230502,20230510,2,3,2,2023-05-02 07:37:00,2023-05-10 11:58:11,Unable to log in after password reset,,11781.183333333332,,False,False,False,False,True,1
TK60297,20230502,20230506,1,3,3,2023-05-02 08:10:00,2023-05-06 01:51:41,Unable to two-factor authentication,64.0,5381.683333333333,5.0,False,True,False,False,False,1
TK60614,20230502,20230502,2,1,3,2023-05-02 10:48:00,2023-05-02 14:29:24,How do I two-factor authentication,40.0,221.4,4.0,False,True,False,False,False,1
TK61650,20230502,20230502,4,2,4,2023-05-02 11:16:00,2023-05-02 19:55:04,How do I export my data,16.0,519.0666666666667,,False,False,False,False,False,1
TK61707,20230502,20230510,4,5,2,2023-05-02 11:53:00,2023-05-10 01:15:52,Request to the invoice for last month,137.0,10882.866666666669,,False,False,False,False,True,1
TK63176,20230502,20230502,2,5,1,2023-05-02 11:54:00,2023-05-02 19:41:40,Issue with the dashboard loading slowly,773.0,467.6666666666667,,False,False,False,True,False,1
TK63146,20230502,20230504,3,3,2,2023-05-02 15:30:00,2023-05-04 16:49:22,Error when a refund for an annual plan,53.0,2959.366666666667,,False,False,False,False,False,1
TK63504,20230502,20230507,4,3,3,2023-05-02 17:11:00,2023-05-07 02:15:02,Issue with two-factor authentication,241.0,6304.033333333334,4.0,False,True,False,False,False,1
TK60596,20230503,20230504,2,3,2,2023-05-03 02:57:00,2023-05-04 04:47:13,Error when add a teammate,157.0,1550.2166666666667,,False,False,False,False,False,1
TK61339,20230503,20230503,1,1,2,2023-05-03 05:29:00,2023-05-03 14:56:55,Cannot the dashboard loading slowly,20.0,567.9166666666666,,False,False,False,False,False,1
TK63315,20230503,20230505,4,5,2,2023-05-03 06:25:00,2023-05-05 10:01:17,Request to a refund for an annual plan,101.0,3096.2833333333333,5.0,False,True,False,False,False,1
TK62164,20230503,20230506,1,5,2,2023-05-03 06:35:00,2023-05-06 17:24:34,Error when export my data,142.0,4969.566666666667,1.0,False,True,False,False,False,1
TK62256,20230503,20230503,1,3,1,2023-05-03 07:25:00,2023-05-03 15:18:33,Unable to two-factor authentication,423.0,473.55,,False,False,False,True,False,1
TK60316,20230503,20230504,4,1,2,2023-05-03 07:50:00,2023-05-04 13:33:09,Error when export my data,192.0,1783.15,,False,False,False,False,False,1
TK61819,20230503,20230504,2,5,2,2023-05-03 08:10:00,2023-05-04 08:58:12,Request to webhook deliveries failing,122.0,1488.2,,False,False,False,False,False,1
TK61867,20230503,20230503,3,5,3,2023-05-03 11:43:00,2023-05-03 21:20:59,Question about a duplicate charge,51.0,577.9833333333333,5.0,False,True,False,False,False,1
TK63449,20230503,20230505,2,3,3,2023-05-03 18:49:00,2023-05-05 00:47:19,Error when two-factor authentication,19.0,1798.3166666666666,,False,False,False,False,False,1
TK63221,20230503,20230731,3,5,1,2023-05-03 20:15:00,2023-07-31 14:43:50,Request to log in after password reset,723.0,127828.83333333331,3.0,False,True,False,True,True,1
TK60454,20230503,20230504,2,1,2,2023-05-03 22:03:00,2023-05-04 16:39:06,How do I two-factor authentication,266.0,1116.1,5.0,False,True,False,False,False,1
TK61356,20230503,20230504,4,5,2,2023-05-03 23:34:00,2023-05-04 11:12:21,How do I the invoice for last month,141.0,698.35,,False,False,False,False,False,1
TK62321,20230504,20230504,2,4,3,2023-05-04 04:33:00,2023-05-04 08:07:14,How do I a refund for an annual plan,48.0,214.2333333333333,,False,False,False,False,False,1
TK63065,20230504,20230507,2,1,1,2023-05-04 04:36:00,2023-05-07 22:59:41,Question about the API rate limit,154.0,5423.683333333333,,False,False,False,False,False,1
TK63972,20230504,20230505,2,4,2,2023-05-04 05:41:00,2023-05-05 12:13:58,Unable to log in after password reset,141.0,1832.9666666666667,1.0,False,True,True,False,False,1
TK63812,20230504,20230506,4,5,1,2023-05-04 05:59:00,2023-05-06 14:56:52,Question about the dashboard loading slowly,233.0,3417.866666666667,,False,False,False,False,False,1
TK63589,20230504,20230506,2,2,3,2023-05-04 09:33:00,2023-05-06 05:18:46,How do I export my data,39.0,2625.766666666667,1.0,False,True,False,False,False,1
TK60268,20230504,20230505,3,2,2,2023-05-04 09:37:00,2023-05-05 21:03:00,Issue with export my data,,2126.0,5.0,False,True,False,False,False,1
TK61861,20230504,,2,1,2,2023-05-04 11:16:00,,Unable to two-factor authentication,43.0,,,True,False,False,False,False,1
TK61063,20230504,20230506,1,1,2,2023-05-04 14:01:00,2023-05-06 07:19:39,Error when export my data,62.0,2478.65,,False,False,False,False,False,1
TK60184,20230504,20230508,2,3,2,2023-05-04 16:02:00,2023-05-08 00:56:52,Issue with downgrade my plan,476.0,4854.866666666667,4.0,False,True,False,True,False,1
TK62622,20230504,20230505,4,1,2,2023-05-04 20:32:00,2023-05-05 03:47:09,Cannot connecting the Snowflake sync,26.0,435.15,4.0,False,True,False,False,False,1
TK62906,20230504,20230514,4,5,2,2023-05-04 22:45:00,2023-05-14 03:12:36,Request to add a teammate,300.0,13227.6,,False,False,False,False,True,1
TK61179,20230504,20230506,3,1,2,2023-05-04 23:27:00,2023-05-06 01:54:03,How do I add a teammate,129.0,1587.05,4.0,False,True,False,False,False,1
TK62466,20230505,20230505,2,1,3,2023-05-05 05:24:00,2023-05-05 09:44:37,Request to log in after password reset,100.0,260.6166666666667,,False,False,False,False,False,1
TK61638,20230505,20230507,1,5,2,2023-05-05 09:57:00,2023-05-07 12:36:11,Cannot the dashboard loading slowly,61.0,3039.1833333333334,,False,False,False,False,False,1
TK63234,20230505,20230506,2,5,2,2023-05-05 10:42:00,2023-05-06 03:19:46,Unable to the API rate limit,63.0,997.7666666666668,5.0,False,True,False,False,False,1
TK60353,20230505,20230507,2,1,1,2023-05-05 12:28:00,2023-05-07 00:28:18,Issue with add a teammate,469.0,2160.3,,False,False,True,True,False,1
TK63507,20230505,20230512,2,3,3,2023-05-05 19:52:00,2023-05-12 02:31:22,Cannot the invoice for last month,50.0,9039.366666666669,,False,False,False,False,True,1
TK60311,20230505,20230506,2,1,2,2023-05-05 20:21:00,2023-05-06 18:49:06,Issue with a duplicate charge,152.0,1348.1,,False,False,True,False,False,1
TK63359,20230505,20230509,1,2,2,2023-05-05 21:14:00,2023-05-09 01:55:50,Cannot log in after password reset,282.0,4601.833333333333,,False,False,False,False,False,1
TK60708,20230506,20230516,2,3,2,2023-05-06 02:31:00,2023-05-16 01:31:43,Cannot log in after password reset,31.0,14340.716666666667,,False,False,False,False,True,1
TK60330,20230506,20230507,1,2,3,2023-05-06 08:16:00,2023-05-07 00:59:06,Request to webhook deliveries failing,146.0,1003.1,,False,False,False,False,False,1
TK62538,20230506,20230507,2,4,1,2023-05-06 08:43:00,2023-05-07 00:58:31,Error when export my data,347.0,975.5166666666668,,False,False,False,False,False,1
TK60267,20230506,20230512,4,5,1,2023-05-06 08:55:00,2023-05-12 05:16:41,Issue with a refund for an annual plan,70.0,8421.683333333332,,False,False,False,False,False,1
TK60187,20230506,20230506,2,3,3,2023-05-06 12:26:00,2023-05-06 14:40:37,Request to the invoice for last month,39.0,134.61666666666667,,False,False,False,False,False,1
TK63787,20230506,20230509,2,2,2,2023-05-06 12:40:00,2023-05-09 04:41:28,Issue with two-factor authentication,35.0,3841.4666666666662,,False,False,False,False,False,1
TK62392,20230506,20230507,1,2,2,2023-05-06 15:38:00,2023-05-07 02:54:07,Unable to connecting the Snowflake sync,86.0,676.1166666666667,,False,False,False,False,False,1
TK60710,20230506,20230508,3,5,2,2023-05-06 17:33:00,2023-05-08 19:07:23,Request to the dashboard loading slowly,30.0,2974.383333333333,,False,False,False,False,False,1
TK60472,20230506,20230507,3,2,3,2023-05-06 18:50:00,2023-05-07 03:41:51,Error when log in after password reset,30.0,531.85,,False,False,False,False,False,1
TK60470,20230506,20230507,1,5,2,2023-05-06 19:28:00,2023-05-07 22:25:12,Cannot webhook deliveries failing,542.0,1617.2,,False,False,False,True,False,1
TK60861,20230506,20230507,4,4,1,2023-05-06 20:21:00,2023-05-07 19:51:22,Issue with log in after password reset,1313.0,1410.3666666666666,,False,False,True,True,False,1
TK61964,20230506,20230510,3,5,2,2023-05-06 23:02:00,2023-05-10 20:14:46,Issue with a refund for an annual plan,41.0,5592.766666666666,4.0,False,True,False,False,False,1
TK60666,20230507,20230508,2,5,2,2023-05-07 06:42:00,2023-05-08 07:00:02,Issue with export my data,146.0,1458.0333333333333,5.0,False,True,False,False,False,1
TK63719,20230507,20230518,3,5,2,2023-05-07 09:39:00,2023-05-18 07:57:20,Request to export my data,84.0,15738.333333333334,,False,False,False,False,True,1
TK63084,20230507,20230507,3,5,2,2023-05-07 11:25:00,2023-05-07 23:48:22,Error when connecting the Snowflake sync,92.0,743.3666666666667,,False,False,False,False,False,1
TK62852,20230507,20230508,1,2,1,2023-05-07 14:52:00,2023-05-08 23:30:03,How do I the API rate limit,1693.0,1958.05,,False,False,False,True,False,1
TK61858,20230507,20230508,1,2,3,2023-05-07 15:44:00,2023-05-08 12:02:16,Error when a refund for an annual plan,4.0,1218.2666666666669,3.0,False,True,False,False,False,1
TK60511,20230507,20230507,4,5,3,2023-05-07 16:45:00,2023-05-07 23:13:55,Error when log in after password reset,24.0,388.9166666666667,4.0,False,True,False,False,False,1
TK63125,20230507,20230509,2,1,2,2023-05-07 18:37:00,2023-05-09 00:53:13,Question about downgrade my plan,81.0,1816.2166666666667,,False,False,False,False,False,1
TK63375,20230507,20230507,2,5,2,2023-05-07 18:50:00,2023-05-07 22:54:52,Unable to connecting the Snowflake sync,186.0,244.86666666666667,,False,False,False,False,False,1
TK61997,20230507,20230508,2,2,2,2023-05-07 20:07:00,2023-05-08 03:20:40,Error when add a teammate,,433.6666666666667,,False,False,False,False,False,1
TK61069,20230507,20230508,1,3,3,2023-05-07 20:13:00,2023-05-08 09:49:10,Error when a refund for an annual plan,456.0,816.1666666666666,,False,False,True,True,False,1
TK61748,20230507,20230509,2,2,1,2023-05-07 21:19:00,2023-05-09 23:47:17,Issue with add a teammate,225.0,3028.2833333333333,,False,False,False,False,False,1
TK63931,20230508,20230508,3,2,2,2023-05-08 01:06:00,2023-05-08 07:36:12,Question about the API rate limit,139.0,390.2,,False,False,False,False,False,1
TK61535,20230508,,3,5,2,2023-05-08 01:14:00,,Unable to webhook deliveries failing,211.0,,,True,False,False,False,False,1
TK60212,20230508,20230512,2,5,4,2023-05-08 01:53:00,2023-05-12 08:31:14,Error when two-factor authentication,13.0,6158.233333333334,,False,False,False,False,False,1
TK61538,20230508,20230508,1,2,3,2023-05-08 04:19:00,2023-05-08 09:57:36,Cannot the API rate limit,110.0,338.6,4.0,False,True,False,False,False,1
TK62594,20230508,,3,5,4,2023-05-08 09:48:00,,How do I add a teammate,64.0,,,True,False,False,False,False,1
TK62245,20230508,20230508,1,2,4,2023-05-08 12:46:00,2023-05-08 19:05:20,Request to export my data,19.0,379.3333333333333,5.0,False,True,False,False,False,1
TK63712,20230508,20230508,2,5,4,2023-05-08 12:48:00,2023-05-08 18:54:35,Issue with downgrade my plan,6.0,366.5833333333333,,False,False,False,False,False,1
TK61333,20230508,20230509,1,4,2,2023-05-08 13:03:00,2023-05-09 00:00:04,Request to a duplicate charge,39.0,657.0666666666667,,False,False,False,False,False,1
TK60008,20230508,20230524,3,5,1,2023-05-08 19:18:00,2023-05-24 04:08:07,Issue with the dashboard loading slowly,194.0,22130.116666666665,5.0,False,True,False,False,True,1
TK63101,20230508,20230510,3,5,1,2023-05-08 19:19:00,2023-05-10 18:10:27,Unable to a refund for an annual plan,143.0,2811.45,,False,False,False,False,False,1
TK60065,20230508,20230510,2,2,2,2023-05-08 20:39:00,2023-05-10 16:51:10,Error when the API rate limit,290.0,2652.1666666666665,,False,False,True,False,False,1
TK63774,20230508,,2,5,3,2023-05-08 21:47:00,,Issue with webhook deliveries failing,37.0,,,True,False,False,False,False,1
TK61887,20230509,20230509,2,2,3,2023-05-09 07:27:00,2023-05-09 17:39:28,Question about the invoice for last month,27.0,612.4666666666667,,False,False,False,False,False,1
TK60463,20230509,20230511,4,1,2,2023-05-09 08:42:00,2023-05-11 19:49:31,Unable to the API rate limit,548.0,3547.516666666667,,False,False,False,True,False,1
TK63492,20230509,20230509,4,4,3,2023-05-09 08:51:00,2023-05-09 18:51:40,Cannot add a teammate,,600.6666666666666,,False,False,False,False,False,1
TK63829,20230509,20230510,2,2,2,2023-05-09 11:08:00,2023-05-10 10:25:45,Question about downgrade my plan,70.0,1397.75,,False,False,False,False,False,1
TK62581,20230509,20230510,4,1,1,2023-05-09 12:25:00,2023-05-10 08:07:17,Cannot the API rate limit,176.0,1182.2833333333333,,False,False,False,False,False,1
TK62534,20230509,20230515,2,5,2,2023-05-09 14:40:00,2023-05-15 22:50:52,Cannot export my data,,9130.866666666669,,False,False,False,False,True,1
TK63579,20230509,,3,2,1,2023-05-09 16:11:00,,Cannot downgrade my plan,36.0,,,True,False,False,False,False,1
TK62773,20230509,20230512,2,5,2,2023-05-09 16:48:00,2023-05-12 06:29:39,Error when webhook deliveries failing,89.0,3701.65,,False,False,False,False,False,1
TK60959,20230509,20230511,2,3,2,2023-05-09 18:10:00,2023-05-11 00:16:54,Request to export my data,96.0,1806.9,,False,False,False,False,False,1
TK61817,20230509,20230510,3,1,3,2023-05-09 21:01:00,2023-05-10 12:39:10,Error when log in after password reset,56.0,938.1666666666666,5.0,False,True,False,False,False,1
TK61153,20230509,20230531,1,3,1,2023-05-09 23:31:00,2023-05-31 21:27:51,Request to the dashboard loading slowly,54.0,31556.85,,False,False,False,False,True,1
TK61667,20230510,20230511,4,1,1,2023-05-10 02:50:00,2023-05-11 12:54:21,Question about the API rate limit,534.0,2044.35,,False,False,False,True,False,1
TK60808,20230510,20230510,1,4,3,2023-05-10 02:59:00,2023-05-10 09:40:44,How do I connecting the Snowflake sync,37.0,401.73333333333335,,False,False,False,False,False,1
TK63346,20230510,20230510,4,5,2,2023-05-10 03:41:00,2023-05-10 22:23:03,Request to webhook deliveries failing,131.0,1122.05,5.0,False,True,False,False,False,1
TK62710,20230510,20230510,4,1,1,2023-05-10 04:37:00,2023-05-10 23:37:42,Error when log in after password reset,24.0,1140.7,5.0,False,True,False,False,False,1
TK61774,20230510,20230511,1,3,3,2023-05-10 09:16:00,2023-05-11 04:19:16,Unable to the invoice for last month,138.0,1143.2666666666669,4.0,False,True,False,False,False,1
TK63858,20230510,20230510,1,2,2,2023-05-10 09:34:00,2023-05-10 16:00:44,How do I the API rate limit,80.0,386.73333333333335,,False,False,True,False,False,1
TK61161,20230510,20230511,2,2,2,2023-05-10 10:32:00,2023-05-11 11:21:01,Request to a duplicate charge,36.0,1489.0166666666669,,False,False,False,False,False,1
TK63389,20230510,20230510,2,2,4,2023-05-10 12:07:00,2023-05-10 13:14:36,Issue with two-factor authentication,4.0,67.6,,False,False,False,False,False,1
TK61071,20230510,,2,5,4,2023-05-10 14:40:00,,Question about webhook deliveries failing,1.0,,,True,False,False,False,False,1
TK63839,20230510,20230510,1,1,3,2023-05-10 14:40:00,2023-05-10 16:16:59,How do I a duplicate charge,22.0,96.98333333333332,4.0,False,True,False,False,False,1
TK63095,20230510,20230513,1,5,3,2023-05-10 22:09:00,2023-05-13 03:35:34,Error when the API rate limit,21.0,3206.5666666666666,,False,False,False,False,False,1
TK61592,20230511,,4,3,2,2023-05-11 01:09:00,,Request to export my data,150.0,,,True,False,False,False,False,1
TK63597,20230511,20230511,2,5,1,2023-05-11 02:29:00,2023-05-11 21:58:38,Request to a duplicate charge,305.0,1169.6333333333334,,False,False,False,False,False,1
TK63046,20230511,20230511,4,4,4,2023-05-11 03:59:00,2023-05-11 10:33:22,Issue with connecting the Snowflake sync,4.0,394.3666666666667,1.0,False,True,False,False,False,1
TK61488,20230511,20230515,2,2,1,2023-05-11 08:33:00,2023-05-15 17:33:34,Request to the API rate limit,,6300.566666666667,4.0,False,True,True,False,False,1
TK62481,20230511,20230513,2,3,2,2023-05-11 08:48:00,2023-05-13 00:57:56,Error when the dashboard loading slowly,171.0,2409.9333333333334,4.0,False,True,False,False,False,1
TK60351,20230511,20230512,1,4,3,2023-05-11 12:47:00,2023-05-12 13:26:48,Request to the dashboard loading slowly,58.0,1479.8,4.0,False,True,False,False,False,1
TK61617,20230511,20230512,1,5,4,2023-05-11 13:36:00,2023-05-12 12:32:16,Request to downgrade my plan,8.0,1376.2666666666669,,False,False,False,False,False,1
TK60429,20230511,20230511,1,1,4,2023-05-11 15:00:00,2023-05-11 23:53:14,Request to webhook deliveries failing,27.0,533.2333333333333,,False,False,False,False,False,1
TK61170,20230511,20230518,4,5,2,2023-05-11 17:07:00,2023-05-18 07:46:10,Issue with the API rate limit,357.0,9519.166666666666,,False,False,False,False,True,1
TK60259,20230511,20230512,3,1,4,2023-05-11 17:29:00,2023-05-12 02:15:30,Question about two-factor authentication,,526.5,,False,False,False,False,False,1
TK61546,20230512,20230513,2,2,3,2023-05-12 00:07:00,2023-05-13 09:34:40,Error when the dashboard loading slowly,81.0,2007.6666666666667,4.0,False,True,True,False,False,1
TK60896,20230512,,3,5,2,2023-05-12 00:56:00,,Question about the invoice for last month,190.0,,,True,False,False,False,False,1
TK63457,20230512,20230515,1,5,2,2023-05-12 01:03:00,2023-05-15 01:24:53,Issue with export my data,27.0,4341.883333333333,,False,False,False,False,False,1
TK60706,20230512,20230512,2,5,3,2023-05-12 01:30:00,2023-05-12 16:23:48,Unable to add a teammate,405.0,893.8,,False,False,False,True,False,1
TK60219,20230512,20230514,1,1,2,2023-05-12 01:43:00,2023-05-14 16:33:48,Error when webhook deliveries failing,13.0,3770.8,,False,False,False,False,False,1
TK62112,20230512,20230517,1,2,2,2023-05-12 02:10:00,2023-05-17 15:26:01,Unable to the API rate limit,66.0,7996.016666666666,,False,False,False,False,False,1
TK61802,20230512,20230512,4,2,4,2023-05-12 02:28:00,2023-05-12 09:04:31,Question about two-factor authentication,7.0,396.51666666666665,1.0,False,True,True,False,False,1
TK62540,20230512,20230513,2,1,2,2023-05-12 06:52:00,2023-05-13 23:35:04,Error when log in after password reset,89.0,2443.0666666666666,1.0,False,True,False,False,False,1
TK62619,20230512,20230525,2,5,2,2023-05-12 08:58:00,2023-05-25 13:18:03,Error when downgrade my plan,23.0,18980.05,,False,False,False,False,True,1
TK61084,20230512,20230518,4,5,1,2023-05-12 10:56:00,2023-05-18 21:55:59,Cannot downgrade my plan,152.0,9299.983333333334,,False,False,False,False,True,1
TK63126,20230512,20230512,3,5,3,2023-05-12 11:24:00,2023-05-12 21:45:39,Question about connecting the Snowflake sync,77.0,621.65,5.0,False,True,False,False,False,1
TK62413,20230512,20230513,4,5,4,2023-05-12 17:46:00,2023-05-13 07:19:01,Question about a duplicate charge,46.0,813.0166666666667,,False,False,False,False,False,1
TK62468,20230512,20230517,1,1,1,2023-05-12 18:01:00,2023-05-17 19:33:33,How do I a refund for an annual plan,171.0,7292.55,,False,False,False,False,False,1
TK61344,20230512,20230513,3,2,1,2023-05-12 18:20:00,2023-05-13 17:42:08,How do I export my data,91.0,1402.1333333333334,,False,False,False,False,False,1
TK62738,20230512,20230513,2,1,2,2023-05-12 19:25:00,2023-05-13 17:09:36,Question about two-factor authentication,13.0,1304.6,,False,False,False,False,False,1
TK63730,20230512,20230513,2,1,3,2023-05-12 20:31:00,2023-05-13 01:34:19,How do I add a teammate,6.0,303.31666666666666,,False,False,False,False,False,1
TK60909,20230512,20230513,2,5,1,2023-05-12 21:40:00,2023-05-13 10:00:43,Unable to a duplicate charge,180.0,740.7166666666667,,False,False,False,False,False,1
TK63564,20230512,20230513,3,2,2,2023-05-12 22:22:00,2023-05-13 05:56:41,Issue with export my data,,454.6833333333333,3.0,False,True,True,False,False,1
TK63926,20230512,20230514,1,1,1,2023-05-12 23:12:00,2023-05-14 18:48:23,Question about the API rate limit,144.0,2616.383333333333,,False,False,False,False,False,1
TK62336,20230513,20230513,2,2,3,2023-05-13 00:01:00,2023-05-13 13:19:40,Error when a duplicate charge,18.0,798.6666666666666,,False,False,True,False,False,1
TK62096,20230513,20230514,3,2,2,2023-05-13 06:03:00,2023-05-14 07:39:13,Issue with log in after password reset,862.0,1536.2166666666667,,False,False,False,True,False,1
TK62463,20230513,20230513,3,2,2,2023-05-13 06:15:00,2023-05-13 13:02:57,Error when a refund for an annual plan,121.0,407.95,,False,False,False,False,False,1
TK62896,20230513,20230513,1,5,2,2023-05-13 08:50:00,2023-05-13 22:37:14,Issue with a refund for an annual plan,86.0,827.2333333333333,,False,False,False,False,False,1
TK63645,20230513,20230513,3,4,2,2023-05-13 13:21:00,2023-05-13 21:34:41,Error when two-factor authentication,30.0,493.6833333333333,,False,False,False,False,False,1
TK63745,20230513,20230522,2,3,2,2023-05-13 20:38:00,2023-05-22 15:39:58,Cannot connecting the Snowflake sync,251.0,12661.966666666667,,False,False,False,False,True,1
TK61988,20230513,20230515,1,5,2,2023-05-13 20:57:00,2023-05-15 19:03:32,Question about two-factor authentication,531.0,2766.5333333333333,,False,False,False,True,False,1
TK63232,20230513,20230514,3,4,2,2023-05-13 20:58:00,2023-05-14 13:30:14,Unable to connecting the Snowflake sync,57.0,992.2333333333332,,False,False,False,False,False,1
TK62792,20230513,20230514,2,2,1,2023-05-13 21:55:00,2023-05-14 13:43:08,Unable to webhook deliveries failing,301.0,948.1333333333332,5.0,False,True,False,False,False,1
TK63747,20230514,20230514,2,2,4,2023-05-14 04:54:00,2023-05-14 05:09:43,Question about downgrade my plan,29.0,15.716666666666669,,False,False,False,False,False,1
TK60089,20230514,20230516,4,3,2,2023-05-14 06:42:00,2023-05-16 21:20:41,Question about webhook deliveries failing,227.0,3758.683333333333,4.0,False,True,True,False,False,1
TK61915,20230514,20230515,1,3,2,2023-05-14 07:31:00,2023-05-15 15:25:27,Unable to two-factor authentication,484.0,1914.45,,False,False,False,True,False,1
TK62291,20230514,20230516,2,5,2,2023-05-14 08:57:00,2023-05-16 01:31:10,Issue with a refund for an annual plan,195.0,2434.1666666666665,,False,False,False,False,False,1
TK63765,20230514,20230519,1,1,2,2023-05-14 11:30:00,2023-05-19 18:43:10,Error when export my data,275.0,7633.166666666667,,False,False,False,False,False,1
TK62506,20230514,20230519,1,2,1,2023-05-14 13:01:00,2023-05-19 11:53:17,Cannot add a teammate,101.0,7132.283333333334,,False,False,False,False,False,1
TK62697,20230514,20230516,1,2,2,2023-05-14 13:19:00,2023-05-16 15:46:09,Cannot a duplicate charge,7.0,3027.15,,False,False,False,False,False,1
TK60195,20230514,20230515,4,2,2,2023-05-14 17:38:00,2023-05-15 22:59:04,Cannot add a teammate,261.0,1761.0666666666666,,False,False,False,False,False,1
TK62888,20230514,20230518,3,3,2,2023-05-14 19:55:00,2023-05-18 06:15:20,Request to downgrade my plan,221.0,4940.333333333333,,False,False,False,False,False,1
TK63470,20230514,20230516,3,4,3,2023-05-14 20:44:00,2023-05-16 01:28:57,Question about connecting the Snowflake sync,,1724.95,,False,False,False,False,False,1
TK62068,20230514,20230516,3,4,1,2023-05-14 23:26:00,2023-05-16 08:43:49,Issue with add a teammate,83.0,1997.8166666666664,,False,False,False,False,False,1
TK61237,20230514,20230515,4,2,2,2023-05-14 23:35:00,2023-05-15 23:18:01,Request to two-factor authentication,115.0,1423.0166666666669,,False,False,False,False,False,1
TK63997,20230515,20230515,1,5,1,2023-05-15 00:32:00,2023-05-15 19:21:40,Cannot the invoice for last month,419.0,1129.6666666666667,2.0,False,True,False,True,False,1
TK61250,20230515,20230515,3,2,3,2023-05-15 02:48:00,2023-05-15 22:21:09,Question about a refund for an annual plan,89.0,1173.15,,False,False,False,False,False,1
TK60762,20230515,20230516,3,1,2,2023-05-15 02:57:00,2023-05-16 16:47:40,Error when the invoice for last month,38.0,2270.6666666666665,5.0,False,True,False,False,False,1
TK62021,20230515,20230515,2,3,2,2023-05-15 03:49:00,2023-05-15 04:52:21,Request to a refund for an annual plan,474.0,63.35,,False,False,False,True,False,1
TK61436,20230515,20230521,2,5,1,2023-05-15 05:39:00,2023-05-21 14:15:07,Error when the invoice for last month,751.0,9156.116666666669,,False,False,True,True,True,1
TK62161,20230515,20230515,3,4,4,2023-05-15 17:53:00,2023-05-15 19:30:19,Request to the invoice for last month,19.0,97.31666666666666,,False,False,False,False,False,1
TK62470,20230515,20230517,4,2,1,2023-05-15 20:34:00,2023-05-17 04:32:59,Request to two-factor authentication,34.0,1918.9833333333331,,False,False,False,False,False,1
TK63885,20230516,20230516,1,4,3,2023-05-16 03:37:00,2023-05-16 07:30:57,Error when downgrade my plan,162.0,233.95,,False,False,True,False,False,1
TK63273,20230516,20230517,3,5,2,2023-05-16 04:59:00,2023-05-17 04:15:30,Error when two-factor authentication,74.0,1396.5,,False,False,False,False,False,1
TK62003,20230516,,3,1,2,2023-05-16 06:44:00,,Unable to the API rate limit,141.0,,,True,False,False,False,False,1
TK62745,20230516,20230518,2,5,3,2023-05-16 12:06:00,2023-05-18 16:31:13,Error when add a teammate,127.0,3145.2166666666667,,False,False,False,False,False,1
TK60821,20230516,20230520,3,1,2,2023-05-16 13:17:00,2023-05-20 22:21:35,Question about webhook deliveries failing,184.0,6304.583333333333,5.0,False,True,False,False,False,1
TK63687,20230516,20230519,1,3,2,2023-05-16 16:15:00,2023-05-19 22:43:21,Request to webhook deliveries failing,278.0,4708.35,,False,False,False,False,False,1
TK63405,20230516,20230519,1,2,2,2023-05-16 18:16:00,2023-05-19 18:11:45,Request to downgrade my plan,106.0,4315.75,,False,False,False,False,False,1
TK63075,20230516,20230517,1,2,2,2023-05-16 21:58:00,2023-05-17 02:10:29,How do I two-factor authentication,38.0,252.4833333333333,,False,False,False,False,False,1
TK63603,20230517,20230528,3,5,1,2023-05-17 04:39:00,2023-05-28 12:56:02,Cannot log in after password reset,989.0,16337.033333333333,,False,False,False,True,True,1
TK61188,20230517,20230517,1,1,3,2023-05-17 05:19:00,2023-05-17 08:54:11,Question about connecting the Snowflake sync,15.0,215.1833333333333,,False,False,False,False,False,1
TK61314,20230517,,2,5,3,2023-05-17 06:39:00,,Cannot the dashboard loading slowly,79.0,,,True,False,False,False,False,1
TK62777,20230517,20230517,3,2,4,2023-05-17 08:19:00,2023-05-17 17:12:37,Cannot export my data,12.0,533.6166666666667,,False,False,False,False,False,1
TK61008,20230517,20230518,2,5,2,2023-05-17 11:06:00,2023-05-18 06:54:01,Cannot a duplicate charge,39.0,1188.0166666666669,,False,False,False,False,False,1
TK63019,20230517,20230518,2,1,3,2023-05-17 15:00:00,2023-05-18 02:17:38,Error when log in after password reset,150.0,677.6333333333333,,False,False,False,False,False,1
TK60630,20230517,20230517,2,1,3,2023-05-17 15:31:00,2023-05-17 15:54:22,Unable to the dashboard loading slowly,105.0,23.366666666666667,,False,False,False,False,False,1
TK60474,20230517,20230517,1,2,2,2023-05-17 15:36:00,2023-05-17 20:57:15,Issue with a refund for an annual plan,36.0,321.25,4.0,False,True,False,False,False,1
TK62060,20230517,20230517,3,4,4,2023-05-17 16:10:00,2023-05-17 17:08:43,Issue with export my data,4.0,58.71666666666667,3.0,False,True,True,False,False,1
TK60969,20230517,20230518,2,4,1,2023-05-17 16:41:00,2023-05-18 21:53:27,Request to the dashboard loading slowly,397.0,1752.45,3.0,False,True,False,True,False,1
TK60777,20230517,20230517,1,2,2,2023-05-17 16:42:00,2023-05-17 21:47:07,Error when the dashboard loading slowly,129.0,305.1166666666667,,False,False,False,False,False,1
TK63560,20230517,20230531,2,3,1,2023-05-17 17:35:00,2023-05-31 05:53:34,Cannot export my data,222.0,19458.566666666666,3.0,False,True,False,False,True,1
TK63191,20230517,20230518,3,2,2,2023-05-17 18:46:00,2023-05-18 16:28:07,Cannot downgrade my plan,15.0,1302.1166666666666,,False,False,False,False,False,1
TK61949,20230517,20230518,2,3,4,2023-05-17 21:11:00,2023-05-18 10:29:31,Cannot webhook deliveries failing,9.0,798.5166666666667,,False,False,False,False,False,1
TK60968,20230517,20230518,3,3,3,2023-05-17 22:07:00,2023-05-18 23:33:03,Error when export my data,16.0,1526.05,,False,False,False,False,False,1
TK61580,20230517,20230519,1,2,1,2023-05-17 23:44:00,2023-05-19 18:09:11,Cannot the invoice for last month,54.0,2545.1833333333334,5.0,False,True,True,False,False,1
TK63231,20230518,20230519,1,3,2,2023-05-18 00:50:00,2023-05-19 03:18:38,Question about a duplicate charge,196.0,1588.6333333333334,,False,False,False,False,False,1
TK62037,20230518,20230528,1,3,2,2023-05-18 04:53:00,2023-05-28 12:49:09,Unable to log in after password reset,287.0,14876.15,,False,False,False,False,True,1
TK61198,20230518,20230522,3,4,2,2023-05-18 07:22:00,2023-05-22 16:38:18,Request to downgrade my plan,13.0,6316.3,,False,False,False,False,False,1
TK63352,20230518,20230520,2,5,1,2023-05-18 10:28:00,2023-05-20 22:02:34,How do I two-factor authentication,368.0,3574.5666666666666,,False,False,False,False,False,1
TK62824,20230518,20230522,2,5,2,2023-05-18 13:41:00,2023-05-22 06:24:13,How do I export my data,35.0,5323.216666666666,,False,False,False,False,False,1
TK61173,20230518,20230518,2,2,4,2023-05-18 14:22:00,2023-05-18 15:56:52,Issue with the API rate limit,7.0,94.86666666666666,,False,False,True,False,False,1
TK63716,20230518,20230521,2,5,2,2023-05-18 17:44:00,2023-05-21 07:19:21,Issue with connecting the Snowflake sync,133.0,3695.35,5.0,False,True,False,False,False,1
TK60900,20230519,20230520,2,5,2,2023-05-19 00:30:00,2023-05-20 22:22:41,Issue with connecting the Snowflake sync,14.0,2752.6833333333334,,False,False,False,False,False,1
TK61039,20230519,20230526,1,5,2,2023-05-19 01:22:00,2023-05-26 03:37:41,Issue with the API rate limit,14.0,10215.683333333332,5.0,False,True,False,False,True,1
TK63501,20230519,20230522,2,5,2,2023-05-19 02:15:00,2023-05-22 13:15:45,Cannot webhook deliveries failing,29.0,4980.75,,False,False,False,False,False,1
TK63500,20230519,20230519,2,2,2,2023-05-19 02:58:00,2023-05-19 18:21:57,Question about a duplicate charge,204.0,923.95,3.0,False,True,False,False,False,1
TK61797,20230519,20230519,1,1,2,2023-05-19 03:42:00,2023-05-19 12:17:37,Question about the API rate limit,18.0,515.6166666666667,,False,False,False,False,False,1
TK61177,20230519,20230521,1,3,3,2023-05-19 05:44:00,2023-05-21 06:00:44,Cannot two-factor authentication,52.0,2896.733333333333,,False,False,False,False,False,1
TK61421,20230519,20230520,2,2,2,2023-05-19 07:35:00,2023-05-20 19:16:36,Issue with the dashboard loading slowly,30.0,2141.6,,False,False,False,False,False,1
TK61881,20230519,20230519,4,2,1,2023-05-19 07:47:00,2023-05-19 23:02:53,Question about the dashboard loading slowly,89.0,915.8833333333332,,False,False,False,False,False,1
TK62451,20230519,20230520,1,4,3,2023-05-19 10:05:00,2023-05-20 03:25:36,Unable to the invoice for last month,25.0,1040.6,5.0,False,True,False,False,False,1
TK62132,20230519,20230520,2,5,3,2023-05-19 10:34:00,2023-05-20 01:31:22,Question about connecting the Snowflake sync,79.0,897.3666666666667,,False,False,False,False,False,1
TK61119,20230519,20230520,2,2,2,2023-05-19 12:37:00,2023-05-20 21:54:10,How do I two-factor authentication,227.0,1997.1666666666667,,False,False,False,False,False,1
TK60668,20230519,20230520,2,1,2,2023-05-19 20:25:00,2023-05-20 23:59:24,How do I a duplicate charge,64.0,1654.4,2.0,False,True,False,False,False,1
TK60381,20230519,20230523,4,4,2,2023-05-19 20:36:00,2023-05-23 02:28:20,Cannot connecting the Snowflake sync,251.0,4672.333333333333,,False,False,False,False,False,1
TK63770,20230519,20230519,2,3,4,2023-05-19 22:47:00,2023-05-19 23:50:38,How do I log in after password reset,41.0,63.63333333333333,,False,False,True,False,False,1
TK61658,20230519,20230520,2,5,2,2023-05-19 23:35:00,2023-05-20 18:09:52,Error when the dashboard loading slowly,78.0,1114.8666666666666,,False,False,True,False,False,1
TK63948,20230520,20230522,2,2,2,2023-05-20 00:03:00,2023-05-22 12:17:21,Unable to connecting the Snowflake sync,11.0,3614.35,5.0,False,True,False,False,False,1
TK62135,20230520,20230521,3,2,1,2023-05-20 14:54:00,2023-05-21 17:05:15,Unable to two-factor authentication,705.0,1571.25,2.0,False,True,False,True,False,1
TK61625,20230520,20230522,3,3,2,2023-05-20 17:18:00,2023-05-22 05:35:12,Unable to downgrade my plan,146.0,2177.2,,False,False,False,False,False,1
TK60538,20230520,20230521,1,5,4,2023-05-20 18:19:00,2023-05-21 02:37:02,Question about the invoice for last month,41.0,498.03333333333336,4.0,False,True,False,False,False,1
TK60594,20230521,20230524,1,5,1,2023-05-21 06:13:00,2023-05-24 17:09:49,Question about the API rate limit,114.0,4976.816666666667,,False,False,False,False,False,1
TK60887,20230521,20230522,2,1,1,2023-05-21 10:52:00,2023-05-22 06:48:56,Issue with connecting the Snowflake sync,157.0,1196.9333333333334,,False,False,False,False,False,1
TK60500,20230521,20230523,3,3,2,2023-05-21 13:04:00,2023-05-23 03:01:27,Question about connecting the Snowflake sync,355.0,2277.45,,False,False,False,False,False,1
TK60518,20230521,20230522,2,1,3,2023-05-21 14:42:00,2023-05-22 00:03:25,How do I two-factor authentication,130.0,561.4166666666666,,False,False,False,False,False,1
TK62059,20230521,20230523,2,5,2,2023-05-21 18:30:00,2023-05-23 12:25:14,Issue with log in after password reset,,2515.233333333333,5.0,False,True,False,False,False,1
TK63800,20230522,20230522,1,3,2,2023-05-22 02:31:00,2023-05-22 08:48:20,Cannot downgrade my plan,657.0,377.3333333333333,,False,False,False,True,False,1
TK62964,20230522,20230522,2,1,2,2023-05-22 03:22:00,2023-05-22 07:00:21,How do I log in after password reset,127.0,218.35,4.0,False,True,False,False,False,1
TK60300,20230522,20230523,3,2,2,2023-05-22 06:15:00,2023-05-23 04:17:53,Cannot add a teammate,49.0,1322.8833333333334,,False,False,False,False,False,1
TK62980,20230522,20230525,1,2,2,2023-05-22 09:50:00,2023-05-25 04:02:53,Question about the invoice for last month,18.0,3972.883333333333,,False,False,False,False,False,1
TK60236,20230522,20230528,2,3,3,2023-05-22 11:27:00,2023-05-28 17:49:04,Issue with export my data,309.0,9022.066666666668,,False,False,False,False,True,1
TK63432,20230522,20230522,3,2,2,2023-05-22 15:13:00,2023-05-22 21:34:58,Cannot add a teammate,270.0,381.9666666666666,,False,False,False,False,False,1
TK61983,20230522,20230523,4,1,2,2023-05-22 15:40:00,2023-05-23 16:24:44,Issue with export my data,571.0,1484.7333333333331,,False,False,False,True,False,1
TK63287,20230522,20230524,1,4,1,2023-05-22 21:07:00,2023-05-24 16:17:18,Question about add a teammate,33.0,2590.3,,False,False,False,False,False,1
TK63370,20230522,20230530,4,5,2,2023-05-22 21:44:00,2023-05-30 06:24:39,How do I webhook deliveries failing,20.0,10600.65,5.0,False,True,False,False,True,1
TK62552,20230522,20230523,1,1,2,2023-05-22 21:59:00,2023-05-23 06:52:29,Issue with the invoice for last month,556.0,533.4833333333333,4.0,False,True,False,True,False,1
TK63079,20230522,20230524,2,1,1,2023-05-22 22:29:00,2023-05-24 01:57:13,Request to export my data,158.0,1648.2166666666667,,False,False,False,False,False,1
TK63195,20230523,20230531,2,5,3,2023-05-23 02:59:00,2023-05-31 02:22:37,How do I webhook deliveries failing,7.0,11483.616666666669,,False,False,False,False,True,1
TK62083,20230523,20230524,2,2,3,2023-05-23 06:35:00,2023-05-24 05:16:02,Request to a refund for an annual plan,11.0,1361.0333333333333,,False,False,False,False,False,1
TK62687,20230523,20230531,1,2,2,2023-05-23 09:26:00,2023-05-31 16:01:12,Error when the invoice for last month,112.0,11915.2,4.0,False,True,False,False,True,1
TK60833,20230523,20230523,4,5,4,2023-05-23 10:28:00,2023-05-23 13:08:38,Question about webhook deliveries failing,20.0,160.63333333333333,3.0,False,True,False,False,False,1
TK61235,20230523,20230523,2,4,3,2023-05-23 17:22:00,2023-05-23 19:19:21,Question about the invoice for last month,126.0,117.35,,False,False,False,False,False,1
TK61987,20230523,20230523,2,4,1,2023-05-23 17:48:00,2023-05-23 20:15:43,Request to connecting the Snowflake sync,113.0,147.71666666666667,,False,False,False,False,False,1
TK63430,20230523,20230528,2,3,3,2023-05-23 18:00:00,2023-05-28 12:57:02,How do I add a teammate,31.0,6897.033333333334,,False,False,False,False,False,1
TK63515,20230523,20230526,2,3,2,2023-05-23 20:51:00,2023-05-26 09:57:39,Question about webhook deliveries failing,382.0,3666.65,5.0,False,True,False,False,False,1
TK63776,20230524,20230524,3,5,2,2023-05-24 01:08:00,2023-05-24 22:04:23,How do I the API rate limit,30.0,1256.3833333333334,5.0,False,True,False,False,False,1
TK61992,20230524,20230526,3,5,1,2023-05-24 01:58:00,2023-05-26 03:09:16,Unable to the invoice for last month,183.0,2951.266666666667,3.0,False,True,False,False,False,1
TK63179,20230524,20230524,2,5,3,2023-05-24 03:13:00,2023-05-24 07:06:49,Unable to the invoice for last month,215.0,233.81666666666663,2.0,False,True,False,False,False,1
TK63475,20230524,20230531,3,5,2,2023-05-24 07:07:00,2023-05-31 10:03:24,Question about the dashboard loading slowly,124.0,10256.4,,False,False,False,False,True,1
TK62144,20230524,,2,2,2,2023-05-24 07:09:00,,Unable to a refund for an annual plan,,,,True,False,False,False,False,1
TK63718,20230525,20230527,2,5,3,2023-05-25 09:23:00,2023-05-27 11:24:49,Error when the dashboard loading slowly,474.0,3001.8166666666666,,False,False,False,True,False,1
TK62238,20230525,20230609,3,5,1,2023-05-25 10:15:00,2023-06-09 17:28:17,Error when two-factor authentication,65.0,22033.283333333333,5.0,False,True,False,False,True,1
TK62235,20230525,20230525,3,4,4,2023-05-25 14:50:00,2023-05-25 17:11:40,Error when the dashboard loading slowly,136.0,141.66666666666666,4.0,False,True,False,False,False,1
TK62017,20230525,20230602,1,3,1,2023-05-25 15:55:00,2023-06-02 01:15:31,Question about downgrade my plan,76.0,10640.516666666666,,False,False,False,False,True,1
TK63044,20230525,20230604,3,3,3,2023-05-25 16:30:00,2023-06-04 12:39:43,Question about the invoice for last month,129.0,14169.716666666667,,False,False,False,False,True,1
TK63298,20230526,20230529,4,5,2,2023-05-26 01:29:00,2023-05-29 16:29:49,Question about the dashboard loading slowly,124.0,5220.816666666667,,False,False,False,False,False,1
TK60973,20230526,20230526,3,2,1,2023-05-26 02:58:00,2023-05-26 09:04:38,Cannot a duplicate charge,432.0,366.6333333333333,3.0,False,True,False,True,False,1
TK61888,20230526,20230526,2,4,2,2023-05-26 04:16:00,2023-05-26 21:07:57,Error when downgrade my plan,83.0,1011.95,,False,False,False,False,False,1
TK62156,20230526,20230527,1,4,2,2023-05-26 10:04:00,2023-05-27 15:00:46,Error when webhook deliveries failing,261.0,1736.7666666666669,,False,False,False,False,False,1
TK62489,20230526,20230528,4,1,1,2023-05-26 14:13:00,2023-05-28 14:30:48,Question about the API rate limit,407.0,2897.8,4.0,False,True,True,True,False,1
TK61234,20230526,20230526,3,3,3,2023-05-26 17:03:00,2023-05-26 23:16:57,Question about the API rate limit,35.0,373.95,4.0,False,True,False,False,False,1
TK63024,20230526,20230531,1,3,1,2023-05-26 19:17:00,2023-05-31 13:31:16,Request to the dashboard loading slowly,102.0,6854.266666666666,5.0,False,True,False,False,False,1
TK62403,20230526,20230527,2,1,2,2023-05-26 20:27:00,2023-05-27 23:32:16,Issue with log in after password reset,197.0,1625.2666666666669,5.0,False,True,True,False,False,1
TK60513,20230526,20230527,1,2,2,2023-05-26 22:33:00,2023-05-27 02:12:48,Unable to two-factor authentication,457.0,219.8,,False,False,False,True,False,1
TK60642,20230526,20230527,2,3,4,2023-05-26 22:55:00,2023-05-27 03:13:13,Question about connecting the Snowflake sync,48.0,258.21666666666664,,False,False,False,False,False,1
TK60264,20230527,20230530,3,1,2,2023-05-27 00:13:00,2023-05-30 13:25:52,Issue with a duplicate charge,50.0,5112.866666666667,2.0,False,True,False,False,False,1
TK61756,20230527,20230528,2,4,3,2023-05-27 03:44:00,2023-05-28 22:09:55,Unable to a refund for an annual plan,13.0,2545.9166666666665,,False,False,False,False,False,1
TK62800,20230527,20230527,2,4,4,2023-05-27 04:14:00,2023-05-27 06:02:30,Issue with webhook deliveries failing,13.0,108.5,,False,False,False,False,False,1
TK63822,20230527,20230527,1,5,2,2023-05-27 05:59:00,2023-05-27 13:02:03,Cannot connecting the Snowflake sync,21.0,423.05,,False,False,False,False,False,1
TK61825,20230527,20230529,1,5,3,2023-05-27 07:37:00,2023-05-29 00:06:56,Issue with two-factor authentication,27.0,2429.9333333333334,2.0,False,True,False,False,False,1
TK60778,20230527,20230528,4,4,2,2023-05-27 13:23:00,2023-05-28 08:15:29,How do I the invoice for last month,110.0,1132.4833333333331,5.0,False,True,False,False,False,1
TK63965,20230527,20230528,1,5,2,2023-05-27 18:14:00,2023-05-28 05:50:54,Cannot two-factor authentication,93.0,696.9,,False,False,False,False,False,1
TK63594,20230527,20230528,3,3,3,2023-05-27 21:24:00,2023-05-28 02:51:48,How do I the dashboard loading slowly,54.0,327.8,,False,False,False,False,False,1
TK61540,20230528,20230616,1,3,2,2023-05-28 01:28:00,2023-06-16 12:02:11,Error when connecting the Snowflake sync,59.0,27994.18333333333,,False,False,False,False,True,1
TK63184,20230528,,1,5,2,2023-05-28 01:42:00,,Unable to a duplicate charge,28.0,,,True,False,False,False,False,1
TK63536,20230528,20230528,2,4,2,2023-05-28 02:08:00,2023-05-28 10:01:45,Request to downgrade my plan,25.0,473.75,2.0,False,True,False,False,False,1
TK63100,20230528,20230528,3,4,4,2023-05-28 06:29:00,2023-05-28 07:30:05,How do I downgrade my plan,67.0,61.083333333333336,,False,False,False,False,False,1
TK60877,20230528,20230529,3,5,1,2023-05-28 10:53:00,2023-05-29 13:03:30,Question about the dashboard loading slowly,244.0,1570.5,,False,False,False,False,False,1
TK60649,20230528,20230529,3,4,1,2023-05-28 12:22:00,2023-05-29 12:58:11,Error when export my data,337.0,1476.1833333333334,,False,False,False,False,False,1
TK63149,20230528,20230528,2,3,3,2023-05-28 14:08:00,2023-05-28 16:02:41,Issue with log in after password reset,11.0,114.68333333333334,4.0,False,True,False,False,False,1
TK63218,20230528,20230529,2,2,2,2023-05-28 17:05:00,2023-05-29 10:41:53,Error when downgrade my plan,34.0,1056.8833333333334,,False,False,False,False,False,1
TK60191,20230528,20230530,1,3,1,2023-05-28 22:16:00,2023-05-30 17:51:48,Issue with downgrade my plan,19.0,2615.8,,False,False,False,False,False,1
TK63534,20230528,20230529,2,1,3,2023-05-28 23:47:00,2023-05-29 03:15:23,Error when the dashboard loading slowly,7.0,208.38333333333333,,False,False,False,False,False,1
TK61597,20230529,20230530,4,5,2,2023-05-29 00:41:00,2023-05-30 00:17:13,Issue with the invoice for last month,529.0,1416.2166666666667,,False,False,False,True,False,1
TK60634,20230529,20230529,1,2,3,2023-05-29 04:15:00,2023-05-29 14:55:40,Issue with log in after password reset,51.0,640.6666666666666,,False,False,False,False,False,1
TK63396,20230529,20230530,4,1,1,2023-05-29 08:05:00,2023-05-30 05:46:43,Error when the API rate limit,446.0,1301.7166666666667,,False,False,False,True,False,1
TK62264,20230529,20230530,4,5,3,2023-05-29 10:45:00,2023-05-30 15:58:35,How do I the dashboard loading slowly,23.0,1753.5833333333333,,False,False,False,False,False,1
TK61332,20230529,20230603,1,1,2,2023-05-29 11:09:00,2023-06-03 03:12:55,Request to the API rate limit,25.0,6723.916666666667,,False,False,False,False,False,1
TK61120,20230529,,1,3,1,2023-05-29 11:42:00,,Error when the dashboard loading slowly,567.0,,,True,False,False,True,False,1
TK62205,20230529,20230530,2,5,2,2023-05-29 15:58:00,2023-05-30 21:09:18,Unable to the API rate limit,18.0,1751.3,,False,False,False,False,False,1
TK61424,20230529,20230605,1,4,1,2023-05-29 18:58:00,2023-06-05 08:39:15,Issue with log in after password reset,225.0,9461.25,,False,False,False,False,True,1
TK60068,20230529,20230529,3,3,3,2023-05-29 19:06:00,2023-05-29 21:34:04,Issue with a duplicate charge,18.0,148.06666666666666,4.0,False,True,False,False,False,1
TK62262,20230529,20230530,2,4,2,2023-05-29 19:13:00,2023-05-30 09:33:51,How do I the API rate limit,27.0,860.85,4.0,False,True,False,False,False,1
TK62278,20230529,20230529,2,2,3,2023-05-29 19:14:00,2023-05-29 20:52:39,Error when log in after password reset,58.0,98.65,5.0,False,True,False,False,False,1
TK63924,20230529,20230601,2,3,2,2023-05-29 21:37:00,2023-06-01 12:58:40,Issue with connecting the Snowflake sync,132.0,3801.6666666666665,1.0,False,True,False,False,False,1
TK62667,20230530,20230530,3,4,4,2023-05-30 05:01:00,2023-05-30 07:23:43,Request to add a teammate,11.0,142.71666666666667,5.0,False,True,False,False,False,1
TK62047,20230530,20230602,2,5,2,2023-05-30 07:25:00,2023-06-02 17:15:12,Question about the dashboard loading slowly,39.0,4910.2,,False,False,True,False,False,1
TK61430,20230530,20230602,4,5,1,2023-05-30 07:57:00,2023-06-02 09:53:33,Cannot connecting the Snowflake sync,159.0,4436.55,,False,False,False,False,False,1
TK60543,20230530,20230602,4,5,2,2023-05-30 08:32:00,2023-06-02 14:14:19,Issue with a refund for an annual plan,310.0,4662.316666666667,,False,False,False,False,False,1
TK60285,20230530,20230601,1,4,2,2023-05-30 08:56:00,2023-06-01 22:09:58,How do I the invoice for last month,74.0,3673.9666666666662,,False,False,False,False,False,1
TK62664,20230530,20230530,2,4,2,2023-05-30 13:13:00,2023-05-30 20:02:26,How do I a duplicate charge,16.0,409.4333333333333,,False,False,False,False,False,1
TK60699,20230530,20230531,1,3,2,2023-05-30 14:43:00,2023-05-31 23:05:04,Unable to two-factor authentication,,1942.0666666666664,,False,False,False,False,False,1
TK62969,20230530,20230531,3,4,2,2023-05-30 15:37:00,2023-05-31 03:46:42,Unable to log in after password reset,50.0,729.7,,False,False,False,False,False,1
TK61685,20230530,20230531,2,3,1,2023-05-30 19:17:00,2023-05-31 04:27:51,Request to a refund for an annual plan,82.0,550.85,,False,False,False,False,False,1
TK62958,20230531,20230606,3,2,1,2023-05-31 04:10:00,2023-06-06 23:10:49,Error when downgrade my plan,189.0,9780.816666666668,1.0,False,True,False,False,True,1
TK60674,20230531,20230601,4,2,2,2023-05-31 04:33:00,2023-06-01 01:18:29,Request to a refund for an annual plan,368.0,1245.4833333333331,3.0,False,True,False,False,False,1
TK60570,20230531,20230601,2,2,2,2023-05-31 05:12:00,2023-06-01 13:12:22,Question about two-factor authentication,27.0,1920.3666666666663,,False,False,False,False,False,1
TK60957,20230531,20230531,3,5,3,2023-05-31 07:26:00,2023-05-31 11:57:31,How do I export my data,81.0,271.51666666666665,,False,False,False,False,False,1
TK62086,20230531,20230603,3,5,3,2023-05-31 08:26:00,2023-06-03 01:00:16,Issue with the API rate limit,32.0,3874.266666666667,,False,False,False,False,False,1
TK62114,20230531,20230602,3,1,2,2023-05-31 11:36:00,2023-06-02 01:09:06,Request to export my data,194.0,2253.1,,False,False,False,False,False,1
TK63410,20230531,20230601,1,1,4,2023-05-31 19:18:00,2023-06-01 03:10:35,Unable to two-factor authentication,35.0,472.5833333333333,,False,False,False,False,False,1
TK61598,20230531,20230531,2,1,2,2023-05-31 19:28:00,2023-05-31 22:51:39,Question about the dashboard loading slowly,31.0,203.65,,False,False,False,False,False,1
TK62875,20230531,20230602,3,2,3,2023-05-31 21:17:00,2023-06-02 00:17:44,Issue with a duplicate charge,35.0,1620.7333333333331,,False,False,False,False,False,1
TK60607,20230601,20230602,1,5,3,2023-06-01 01:06:00,2023-06-02 15:51:05,Unable to the dashboard loading slowly,3.0,2325.083333333333,5.0,False,True,False,False,False,1
TK60604,20230601,20230602,3,4,2,2023-06-01 02:15:00,2023-06-02 17:12:47,Issue with a duplicate charge,113.0,2337.7833333333333,5.0,False,True,False,False,False,1
TK62087,20230601,20230602,1,5,2,2023-06-01 02:35:00,2023-06-02 17:18:24,Error when the invoice for last month,112.0,2323.4,3.0,False,True,False,False,False,1
TK63801,20230601,20230608,2,5,2,2023-06-01 02:55:00,2023-06-08 11:42:38,Error when two-factor authentication,16.0,10607.633333333331,,False,False,False,False,True,1
TK61493,20230601,20230601,2,1,2,2023-06-01 02:59:00,2023-06-01 18:19:05,Unable to webhook deliveries failing,265.0,920.0833333333334,4.0,False,True,False,False,False,1
TK61056,20230601,,4,3,3,2023-06-01 03:22:00,,How do I a refund for an annual plan,5.0,,,True,False,False,False,False,1
TK61985,20230601,20230601,4,1,3,2023-06-01 06:22:00,2023-06-01 10:06:40,Issue with add a teammate,26.0,224.66666666666663,,False,False,False,False,False,1
TK60278,20230601,20230603,2,1,3,2023-06-01 10:16:00,2023-06-03 09:34:31,Question about a duplicate charge,64.0,2838.516666666667,,False,False,False,False,False,1
TK61615,20230601,20230603,3,3,2,2023-06-01 10:51:00,2023-06-03 12:31:22,How do I export my data,,2980.366666666667,,False,False,False,False,False,1
TK63400,20230601,20230613,3,4,2,2023-06-01 11:05:00,2023-06-13 12:19:13,Error when the invoice for last month,189.0,17354.216666666667,,False,False,False,False,True,1
TK63757,20230601,20230604,2,2,1,2023-06-01 13:36:00,2023-06-04 01:48:32,Issue with the dashboard loading slowly,276.0,3612.533333333333,,False,False,False,False,False,1
TK63230,20230601,20230601,4,5,2,2023-06-01 16:49:00,2023-06-01 21:12:48,Issue with the dashboard loading slowly,81.0,263.8,,False,False,False,False,False,1
TK62095,20230602,20230607,2,4,2,2023-06-02 02:47:00,2023-06-07 19:57:38,Cannot add a teammate,166.0,8230.633333333333,,False,False,False,False,False,1
TK60442,20230602,20230602,3,2,3,2023-06-02 08:32:00,2023-06-02 09:05:59,Issue with webhook deliveries failing,11.0,33.983333333333334,,False,False,False,False,False,1
TK63696,20230602,20230606,4,3,2,2023-06-02 08:44:00,2023-06-06 00:44:56,Error when a refund for an annual plan,202.0,5280.933333333333,,False,False,False,False,False,1
TK62646,20230602,,1,1,2,2023-06-02 11:10:00,,Cannot a refund for an annual plan,48.0,,,True,False,False,False,False,1
TK62242,20230602,20230605,2,5,2,2023-06-02 16:13:00,2023-06-05 03:33:07,Error when a duplicate charge,70.0,3560.116666666667,1.0,False,True,False,False,False,1
TK63646,20230602,20230604,4,5,2,2023-06-02 16:14:00,2023-06-04 20:18:41,Request to the dashboard loading slowly,69.0,3124.6833333333334,,False,False,False,False,False,1
TK63682,20230602,20230606,2,3,2,2023-06-02 16:31:00,2023-06-06 19:11:22,How do I a refund for an annual plan,211.0,5920.366666666667,,False,False,False,False,False,1
TK61251,20230602,20230605,4,1,1,2023-06-02 16:36:00,2023-06-05 04:16:30,Cannot downgrade my plan,249.0,3580.5,,False,False,False,False,False,1
TK63198,20230602,20230602,1,4,3,2023-06-02 17:18:00,2023-06-02 19:53:45,Cannot log in after password reset,24.0,155.75,,False,False,False,False,False,1
TK62377,20230602,20230603,3,5,4,2023-06-02 18:17:00,2023-06-03 18:23:45,Question about webhook deliveries failing,12.0,1446.75,,False,False,False,False,False,1
TK63869,20230602,20230603,1,5,2,2023-06-02 18:18:00,2023-06-03 21:32:10,Request to webhook deliveries failing,71.0,1634.1666666666667,5.0,False,True,False,False,False,1
TK60678,20230603,20230618,2,3,1,2023-06-03 02:50:00,2023-06-18 08:17:46,Request to the dashboard loading slowly,688.0,21927.766666666663,,False,False,False,True,True,1
TK63363,20230603,20230603,3,1,3,2023-06-03 03:07:00,2023-06-03 04:22:43,Unable to downgrade my plan,77.0,75.71666666666667,,False,False,False,False,False,1
TK60086,20230603,20230605,4,4,2,2023-06-03 10:39:00,2023-06-05 17:57:36,Question about a duplicate charge,73.0,3318.6,,False,False,False,False,False,1
TK62387,20230603,20230604,3,1,2,2023-06-03 15:19:00,2023-06-04 02:20:29,Cannot the API rate limit,355.0,661.4833333333333,1.0,False,True,False,False,False,1
TK62866,20230603,20230604,2,1,1,2023-06-03 15:28:00,2023-06-04 04:25:04,Question about add a teammate,210.0,777.0666666666667,,False,False,True,False,False,1
TK62448,20230603,20230604,2,2,1,2023-06-03 16:54:00,2023-06-04 08:51:26,Question about the API rate limit,179.0,957.4333333333332,,False,False,False,False,False,1
TK62312,20230603,20230606,1,1,2,2023-06-03 17:34:00,2023-06-06 02:57:11,Request to the API rate limit,113.0,3443.1833333333334,,False,False,False,False,False,1
TK60003,20230603,20230604,3,2,1,2023-06-03 19:13:00,2023-06-04 03:14:43,Cannot the invoice for last month,188.0,481.7166666666666,3.0,False,True,False,False,False,1
TK61815,20230603,20230604,3,2,3,2023-06-03 22:16:00,2023-06-04 06:17:41,How do I two-factor authentication,37.0,481.6833333333333,,False,False,False,False,False,1
TK62458,20230603,20230604,2,2,3,2023-06-03 22:31:00,2023-06-04 06:04:14,Request to a duplicate charge,229.0,453.23333333333335,,False,False,False,False,False,1
TK60888,20230603,20230604,2,5,3,2023-06-03 23:36:00,2023-06-04 21:50:54,Request to the invoice for last month,68.0,1334.9,,False,False,False,False,False,1
TK63444,20230604,20230605,2,5,1,2023-06-04 01:53:00,2023-06-05 20:31:15,Unable to the invoice for last month,593.0,2558.25,5.0,False,True,False,True,False,1
TK63674,20230604,20230605,2,2,2,2023-06-04 08:03:00,2023-06-05 20:10:05,Issue with the dashboard loading slowly,189.0,2167.083333333333,4.0,False,True,False,False,False,1
TK62674,20230604,20230605,3,2,2,2023-06-04 11:32:00,2023-06-05 23:19:57,Issue with downgrade my plan,324.0,2147.95,,False,False,False,False,False,1
TK60140,20230604,20230609,4,5,2,2023-06-04 13:04:00,2023-06-09 18:29:55,Cannot add a teammate,59.0,7525.916666666667,,False,False,False,False,False,1
TK61404,20230604,20230608,3,5,2,2023-06-04 14:48:00,2023-06-08 19:56:27,How do I downgrade my plan,166.0,6068.45,,False,False,False,False,False,1
TK62522,20230604,20230604,4,2,3,2023-06-04 19:01:00,2023-06-04 21:46:06,Issue with two-factor authentication,86.0,165.1,,False,False,False,False,False,1
TK63078,20230604,20230604,1,5,2,2023-06-04 20:11:00,2023-06-04 20:54:28,Issue with webhook deliveries failing,46.0,43.46666666666667,,False,False,True,False,False,1
TK62052,20230604,20230606,3,3,2,2023-06-04 22:35:00,2023-06-06 21:44:46,Request to the API rate limit,493.0,2829.766666666667,,False,False,True,True,False,1
TK63767,20230605,20230605,1,5,3,2023-06-05 03:11:00,2023-06-05 11:29:22,Issue with two-factor authentication,597.0,498.3666666666667,4.0,False,True,False,True,False,1
TK63283,20230605,20230610,2,2,2,2023-06-05 04:40:00,2023-06-10 06:36:30,How do I webhook deliveries failing,177.0,7316.5,,False,False,True,False,False,1
TK62653,20230605,20230606,1,1,1,2023-06-05 17:00:00,2023-06-06 04:04:14,Unable to add a teammate,115.0,664.2333333333333,,False,False,False,False,False,1
TK61766,20230605,20230609,2,2,2,2023-06-05 22:05:00,2023-06-09 20:41:45,How do I log in after password reset,80.0,5676.75,,False,False,False,False,False,1
TK63942,20230606,20230606,2,5,4,2023-06-06 00:45:00,2023-06-06 14:07:16,How do I a refund for an annual plan,54.0,802.2666666666667,,False,False,False,False,False,1
TK63339,20230606,20230608,3,5,3,2023-06-06 02:51:00,2023-06-08 06:08:17,How do I export my data,47.0,3077.2833333333333,2.0,False,True,False,False,False,1
TK63887,20230606,20230618,1,5,1,2023-06-06 05:29:00,2023-06-18 13:52:40,Request to webhook deliveries failing,314.0,17783.666666666668,,False,False,False,False,True,1
TK61642,20230606,20230606,3,5,1,2023-06-06 06:23:00,2023-06-06 21:42:51,Error when connecting the Snowflake sync,1326.0,919.85,,False,False,True,True,False,1
TK61910,20230606,20230607,1,3,2,2023-06-06 07:59:00,2023-06-07 00:22:34,Error when the dashboard loading slowly,132.0,983.5666666666668,1.0,False,True,True,False,False,1
TK60001,20230606,20230608,2,2,2,2023-06-06 08:42:00,2023-06-08 18:23:25,Question about connecting the Snowflake sync,76.0,3461.4166666666665,,False,False,False,False,False,1
TK61207,20230606,20230606,2,4,2,2023-06-06 12:20:00,2023-06-06 22:03:28,Question about the dashboard loading slowly,90.0,583.4666666666667,5.0,False,True,True,False,False,1
TK63490,20230607,20230608,3,1,1,2023-06-07 01:41:00,2023-06-08 06:29:17,Request to add a teammate,91.0,1728.2833333333333,,False,False,False,False,False,1
TK61485,20230607,20230607,1,2,3,2023-06-07 03:37:00,2023-06-07 09:41:51,How do I webhook deliveries failing,38.0,364.85,,False,False,True,False,False,1
TK62703,20230607,20230615,3,5,1,2023-06-07 05:31:00,2023-06-15 00:41:03,Cannot connecting the Snowflake sync,,11230.05,,False,False,True,False,True,1
TK61677,20230607,20230607,2,4,2,2023-06-07 05:53:00,2023-06-07 12:26:50,How do I connecting the Snowflake sync,92.0,393.8333333333333,,False,False,False,False,False,1
TK60734,20230607,20230611,4,5,2,2023-06-07 08:05:00,2023-06-11 21:06:43,Error when connecting the Snowflake sync,219.0,6541.716666666666,,False,False,False,False,False,1
TK61614,20230607,20230608,1,2,1,2023-06-07 13:27:00,2023-06-08 01:35:33,Question about the API rate limit,127.0,728.55,,False,False,False,False,False,1
TK63539,20230607,,2,1,4,2023-06-07 13:58:00,,Error when two-factor authentication,3.0,,,True,False,False,False,False,1
TK61618,20230607,20230614,1,5,2,2023-06-07 15:35:00,2023-06-14 07:33:35,Cannot connecting the Snowflake sync,59.0,9598.583333333334,5.0,False,True,False,False,True,1
TK63055,20230607,20230607,2,3,2,2023-06-07 18:51:00,2023-06-07 21:29:02,Issue with connecting the Snowflake sync,198.0,158.03333333333333,,False,False,False,False,False,1
TK60536,20230607,20230608,3,4,2,2023-06-07 19:33:00,2023-06-08 03:48:57,Error when export my data,59.0,495.95,,False,False,False,False,False,1
TK63650,20230607,20230607,2,1,3,2023-06-07 19:34:00,2023-06-07 22:21:48,Issue with a duplicate charge,23.0,167.8,,False,False,False,False,False,1
TK60555,20230607,20230608,3,2,2,2023-06-07 21:42:00,2023-06-08 12:32:24,Request to connecting the Snowflake sync,24.0,890.4,,False,False,False,False,False,1
TK60305,20230608,20230618,1,3,1,2023-06-08 00:25:00,2023-06-18 01:00:28,Unable to log in after password reset,55.0,14435.466666666667,,False,False,False,False,True,1
TK61435,20230608,20230613,2,5,2,2023-06-08 01:54:00,2023-06-13 15:29:40,Cannot two-factor authentication,54.0,8015.666666666667,4.0,False,True,False,False,False,1
TK61444,20230608,20230608,1,2,4,2023-06-08 05:00:00,2023-06-08 08:04:09,Cannot a duplicate charge,4.0,184.15,,False,False,False,False,False,1
TK63161,20230608,20230609,2,3,1,2023-06-08 06:32:00,2023-06-09 09:14:24,Issue with the API rate limit,69.0,1602.4,,False,False,False,False,False,1
TK63240,20230608,20230615,1,2,1,2023-06-08 08:04:00,2023-06-15 17:38:55,Unable to two-factor authentication,628.0,10654.916666666666,,False,False,False,True,True,1
TK61506,20230608,20230611,1,1,2,2023-06-08 09:10:00,2023-06-11 00:04:25,Cannot a refund for an annual plan,124.0,3774.4166666666665,,False,False,False,False,False,1
TK62632,20230608,20230609,1,3,3,2023-06-08 09:44:00,2023-06-09 22:10:53,Cannot a refund for an annual plan,62.0,2186.883333333333,,False,False,False,False,False,1
TK63816,20230608,20230609,4,3,2,2023-06-08 11:30:00,2023-06-09 01:59:49,How do I downgrade my plan,18.0,869.8166666666667,,False,False,False,False,False,1
TK60100,20230608,20230611,3,5,2,2023-06-08 12:44:00,2023-06-11 00:23:38,How do I the invoice for last month,10.0,3579.633333333333,,False,False,False,False,False,1
TK62325,20230608,20230609,1,3,3,2023-06-08 14:08:00,2023-06-09 09:11:45,Unable to webhook deliveries failing,118.0,1143.75,,False,False,False,False,False,1
TK63068,20230608,20230608,2,1,3,2023-06-08 15:13:00,2023-06-08 16:30:50,Issue with the API rate limit,108.0,77.83333333333333,,False,False,False,False,False,1
TK60439,20230608,20230612,4,2,3,2023-06-08 16:44:00,2023-06-12 05:40:33,Question about the API rate limit,23.0,5096.55,5.0,False,True,False,False,False,1
TK63018,20230608,20230610,2,2,2,2023-06-08 17:33:00,2023-06-10 08:12:29,Unable to two-factor authentication,86.0,2319.483333333333,5.0,False,True,False,False,False,1
TK63889,20230608,20230608,2,2,3,2023-06-08 18:45:00,2023-06-08 21:26:03,How do I export my data,63.0,161.05,,False,False,False,False,False,1
TK61350,20230608,20230609,2,5,2,2023-06-08 20:43:00,2023-06-09 21:04:21,Request to the dashboard loading slowly,454.0,1461.35,4.0,False,True,True,True,False,1
TK62724,20230608,,2,1,3,2023-06-08 22:21:00,,Error when downgrade my plan,22.0,,,True,False,False,False,False,1
TK60652,20230609,20230611,1,5,2,2023-06-09 00:21:00,2023-06-11 22:32:58,Cannot the dashboard loading slowly,,4211.966666666666,1.0,False,True,False,False,False,1
TK60207,20230609,20230609,1,5,3,2023-06-09 00:40:00,2023-06-09 16:17:01,Request to a refund for an annual plan,11.0,937.0166666666668,,False,False,False,False,False,1
TK62283,20230609,20230610,1,5,3,2023-06-09 02:09:00,2023-06-10 16:35:21,Unable to the dashboard loading slowly,135.0,2306.35,,False,False,False,False,False,1
TK61524,20230609,20230609,2,2,3,2023-06-09 02:10:00,2023-06-09 04:44:07,Error when export my data,,154.11666666666667,,False,False,False,False,False,1
TK60413,20230609,20230610,4,1,2,2023-06-09 03:06:00,2023-06-10 10:45:58,Unable to export my data,170.0,1899.9666666666667,,False,False,False,False,False,1
TK63988,20230609,20230610,2,5,2,2023-06-09 04:08:00,2023-06-10 01:10:11,Question about connecting the Snowflake sync,135.0,1262.1833333333334,,False,False,False,False,False,1
TK63641,20230609,20230611,2,2,3,2023-06-09 12:18:00,2023-06-11 21:51:14,Request to the dashboard loading slowly,,3453.233333333333,,False,False,False,False,False,1
TK62410,20230609,,4,5,4,2023-06-09 13:54:00,,Question about the dashboard loading slowly,125.0,,,True,False,False,False,False,1
TK62494,20230609,,2,2,4,2023-06-09 15:40:00,,Error when the invoice for last month,41.0,,,True,False,False,False,False,1
TK61664,20230609,20230610,2,1,3,2023-06-09 21:00:00,2023-06-10 12:20:32,Cannot a refund for an annual plan,41.0,920.5333333333332,5.0,False,True,False,False,False,1
TK62840,20230609,,4,2,3,2023-06-09 22:15:00,,How do I connecting the Snowflake sync,472.0,,,True,False,False,True,False,1
TK63843,20230609,20230615,1,1,2,2023-06-09 23:05:00,2023-06-15 15:25:34,Unable to add a teammate,139.0,8180.566666666667,5.0,False,True,False,False,False,1
TK60388,20230610,20230612,1,1,2,2023-06-10 02:05:00,2023-06-12 15:54:57,Cannot webhook deliveries failing,16.0,3709.95,,False,False,False,False,False,1
TK61360,20230610,20230620,4,5,1,2023-06-10 03:57:00,2023-06-20 22:38:31,Unable to downgrade my plan,220.0,15521.516666666666,5.0,False,True,False,False,True,1
TK60943,20230610,20230612,4,5,2,2023-06-10 04:00:00,2023-06-12 03:12:33,Question about a duplicate charge,91.0,2832.55,,False,False,False,False,False,1
TK61500,20230610,20230613,3,5,2,2023-06-10 05:50:00,2023-06-13 02:31:10,Unable to add a teammate,182.0,4121.166666666667,,False,False,False,False,False,1
TK61406,20230610,20230610,3,1,3,2023-06-10 06:25:00,2023-06-10 13:38:58,Cannot the dashboard loading slowly,46.0,433.9666666666666,,False,False,False,False,False,1
TK62598,20230610,20230610,1,2,2,2023-06-10 09:13:00,2023-06-10 14:07:34,Error when add a teammate,57.0,294.56666666666666,,False,False,False,False,False,1
TK63243,20230610,20230611,1,2,3,2023-06-10 10:38:00,2023-06-11 18:51:26,Unable to export my data,426.0,1933.4333333333332,,False,False,False,True,False,1
TK62301,20230610,20230611,2,2,3,2023-06-10 14:43:00,2023-06-11 04:57:59,How do I two-factor authentication,62.0,854.9833333333333,,False,False,False,False,False,1
TK60599,20230610,20230611,1,4,2,2023-06-10 15:31:00,2023-06-11 08:22:47,Cannot log in after password reset,55.0,1011.7833333333332,5.0,False,True,False,False,False,1
TK61563,20230610,,3,2,3,2023-06-10 18:13:00,,Cannot export my data,28.0,,,True,False,False,False,False,1
TK60884,20230610,20230613,2,1,1,2023-06-10 19:33:00,2023-06-13 22:02:56,Cannot the API rate limit,326.0,4469.933333333333,,False,False,False,False,False,1
TK62438,20230610,20230618,1,1,1,2023-06-10 19:46:00,2023-06-18 10:04:29,Error when connecting the Snowflake sync,40.0,10938.483333333334,,False,False,False,False,True,1
TK61390,20230610,20230611,3,3,4,2023-06-10 22:09:00,2023-06-11 01:57:49,Unable to the API rate limit,11.0,228.81666666666663,5.0,False,True,False,False,False,1
TK61516,20230611,20230611,2,1,1,2023-06-11 00:53:00,2023-06-11 15:19:24,Error when the API rate limit,79.0,866.4,2.0,False,True,False,False,False,1
TK61325,20230611,,4,5,2,2023-06-11 01:06:00,,Error when the invoice for last month,40.0,,,True,False,False,False,False,1
TK61788,20230611,20230611,4,5,3,2023-06-11 02:04:00,2023-06-11 12:16:10,Request to downgrade my plan,50.0,612.1666666666666,,False,False,False,False,False,1
TK61654,20230611,20230613,1,4,2,2023-06-11 06:06:00,2023-06-13 02:48:27,Cannot a duplicate charge,413.0,2682.45,,False,False,False,True,False,1
TK61158,20230611,,3,3,2,2023-06-11 09:31:00,,Question about a refund for an annual plan,47.0,,,True,False,False,False,False,1
TK60048,20230611,20230611,2,2,3,2023-06-11 09:51:00,2023-06-11 17:32:54,Cannot the API rate limit,35.0,461.9,,False,False,False,False,False,1
TK62784,20230611,20230614,1,2,2,2023-06-11 14:31:00,2023-06-14 05:05:16,How do I export my data,112.0,3754.266666666667,,False,False,False,False,False,1
TK62543,20230611,20230613,2,5,2,2023-06-11 16:32:00,2023-06-13 08:43:20,Cannot log in after password reset,64.0,2411.333333333333,5.0,False,True,False,False,False,1
TK61125,20230611,20230612,1,5,3,2023-06-11 16:42:00,2023-06-12 08:18:33,Issue with webhook deliveries failing,15.0,936.55,,False,False,False,False,False,1
TK63321,20230612,20230612,1,5,4,2023-06-12 01:41:00,2023-06-12 03:51:37,Issue with connecting the Snowflake sync,15.0,130.61666666666667,,False,False,False,False,False,1
TK61002,20230612,20230612,2,4,3,2023-06-12 01:55:00,2023-06-12 13:34:41,Request to the API rate limit,135.0,699.6833333333333,,False,False,False,False,False,1
TK62019,20230612,20230612,1,4,3,2023-06-12 02:02:00,2023-06-12 04:27:26,Unable to a refund for an annual plan,57.0,145.43333333333334,5.0,False,True,False,False,False,1
TK62766,20230612,20230613,4,5,2,2023-06-12 04:55:00,2023-06-13 02:32:32,Error when webhook deliveries failing,238.0,1297.5333333333333,,False,False,False,False,False,1
TK61448,20230612,,1,4,3,2023-06-12 06:00:00,,Unable to downgrade my plan,142.0,,,True,False,False,False,False,1
TK63086,20230612,20230612,2,2,3,2023-06-12 06:02:00,2023-06-12 10:36:30,Question about the dashboard loading slowly,91.0,274.5,,False,False,False,False,False,1
TK62678,20230612,20230622,1,5,2,2023-06-12 08:47:00,2023-06-22 04:37:49,Error when a duplicate charge,,14150.816666666668,,False,False,False,False,True,1
TK61854,20230612,,2,1,1,2023-06-12 17:09:00,,Error when two-factor authentication,143.0,,,True,False,False,False,False,1
TK61911,20230612,20230613,2,2,2,2023-06-12 18:29:00,2023-06-13 02:52:42,How do I add a teammate,39.0,503.7,5.0,False,True,False,False,False,1
TK61408,20230612,20230613,4,5,1,2023-06-12 19:45:00,2023-06-13 06:16:13,Request to webhook deliveries failing,200.0,631.2166666666667,,False,False,False,False,False,1
TK61652,20230612,20230613,4,4,4,2023-06-12 21:14:00,2023-06-13 02:51:30,Request to a refund for an annual plan,23.0,337.5,,False,False,False,False,False,1
TK62318,20230612,20230614,3,5,2,2023-06-12 23:51:00,2023-06-14 23:38:29,How do I add a teammate,73.0,2867.483333333333,,False,False,False,False,False,1
TK61927,20230613,20230617,1,2,1,2023-06-13 02:04:00,2023-06-17 04:08:48,Request to webhook deliveries failing,169.0,5884.8,,False,False,False,False,False,1
TK62412,20230613,20230701,3,3,2,2023-06-13 02:04:00,2023-07-01 07:35:07,Request to the API rate limit,186.0,26251.116666666665,5.0,False,True,False,False,True,1
TK63392,20230613,,3,3,3,2023-06-13 07:12:00,,Error when the API rate limit,20.0,,,True,False,False,False,False,1
TK62434,20230613,20230616,1,5,1,2023-06-13 08:52:00,2023-06-16 17:16:00,Issue with a duplicate charge,287.0,4824.0,,False,False,False,False,False,1
TK62717,20230613,20230613,1,4,3,2023-06-13 12:09:00,2023-06-13 13:25:47,Request to log in after password reset,38.0,76.78333333333333,1.0,False,True,False,False,False,1
TK62749,20230613,20230616,1,4,2,2023-06-13 17:52:00,2023-06-16 02:43:22,Unable to a duplicate charge,35.0,3411.366666666667,,False,False,False,False,False,1
TK62407,20230614,20230614,4,1,2,2023-06-14 01:27:00,2023-06-14 22:59:33,Question about a refund for an annual plan,302.0,1292.55,4.0,False,True,False,False,False,1
TK60156,20230614,20230618,1,5,1,2023-06-14 13:16:00,2023-06-18 14:54:55,Unable to the dashboard loading slowly,42.0,5858.916666666667,4.0,False,True,False,False,False,1
TK61426,20230614,20230614,4,2,2,2023-06-14 13:56:00,2023-06-14 17:11:59,Request to downgrade my plan,,195.9833333333333,5.0,False,True,False,False,False,1
TK62193,20230614,20230614,2,1,3,2023-06-14 14:15:00,2023-06-14 18:57:00,Error when a refund for an annual plan,29.0,282.0,,False,False,False,False,False,1
TK62695,20230614,20230617,1,5,2,2023-06-14 17:06:00,2023-06-17 23:33:35,Request to the API rate limit,,4707.583333333333,,False,False,False,False,False,1
TK61450,20230614,20230614,3,2,4,2023-06-14 19:20:00,2023-06-14 21:30:34,Question about a refund for an annual plan,18.0,130.56666666666666,,False,False,False,False,False,1
TK63872,20230614,20230616,2,4,4,2023-06-14 22:52:00,2023-06-16 07:37:14,Unable to the dashboard loading slowly,22.0,1965.2333333333331,,False,False,False,False,False,1
TK60023,20230614,20230615,1,2,4,2023-06-14 22:55:00,2023-06-15 06:36:00,Question about export my data,38.0,461.0,,False,False,False,False,False,1
TK61083,20230614,20230615,2,3,2,2023-06-14 23:51:00,2023-06-15 05:55:09,Error when a duplicate charge,1185.0,364.15,,False,False,False,True,False,1
TK62672,20230615,20230615,2,5,3,2023-06-15 01:33:00,2023-06-15 07:12:50,Cannot the API rate limit,31.0,339.8333333333333,5.0,False,True,False,False,False,1
TK63799,20230615,,2,5,2,2023-06-15 04:15:00,,Unable to two-factor authentication,200.0,,,True,False,False,False,False,1
TK62737,20230615,20230615,1,5,4,2023-06-15 04:38:00,2023-06-15 12:33:48,Question about log in after password reset,51.0,475.8,2.0,False,True,False,False,False,1
TK61122,20230615,20230617,4,2,2,2023-06-15 05:05:00,2023-06-17 08:08:11,How do I log in after password reset,49.0,3063.1833333333334,,False,False,False,False,False,1
TK62177,20230615,20230616,2,2,1,2023-06-15 07:50:00,2023-06-16 07:41:25,Issue with export my data,180.0,1431.4166666666667,,False,False,False,False,False,1
TK62197,20230615,20230617,1,2,2,2023-06-15 08:20:00,2023-06-17 05:38:43,Cannot add a teammate,158.0,2718.7166666666667,5.0,False,True,False,False,False,1
TK62428,20230615,20230615,1,4,3,2023-06-15 08:40:00,2023-06-15 10:28:59,Cannot connecting the Snowflake sync,28.0,108.98333333333332,5.0,False,True,False,False,False,1
TK61386,20230615,20230615,2,2,3,2023-06-15 10:10:00,2023-06-15 17:07:28,Error when the dashboard loading slowly,172.0,417.4666666666666,4.0,False,True,False,False,False,1
TK60703,20230615,20230619,4,5,2,2023-06-15 11:12:00,2023-06-19 12:12:06,Request to log in after password reset,98.0,5820.1,,False,False,False,False,False,1
TK63229,20230615,20230616,2,2,2,2023-06-15 14:10:00,2023-06-16 10:26:12,Error when log in after password reset,238.0,1216.2,,False,False,False,False,False,1
TK60796,20230615,20230616,2,4,4,2023-06-15 16:59:00,2023-06-16 05:04:21,How do I the API rate limit,34.0,725.35,,False,False,False,False,False,1
TK63976,20230615,20230616,3,1,3,2023-06-15 18:10:00,2023-06-16 00:06:07,Unable to webhook deliveries failing,60.0,356.1166666666667,5.0,False,True,False,False,False,1
TK61956,20230615,20230616,2,5,3,2023-06-15 18:52:00,2023-06-16 02:11:54,Error when log in after password reset,,439.9,,False,False,False,False,False,1
TK61231,20230615,20230620,2,5,2,2023-06-15 19:04:00,2023-06-20 09:53:49,Request to the API rate limit,184.0,6649.816666666667,,False,False,False,False,False,1
TK61305,20230615,20230617,2,5,3,2023-06-15 19:40:00,2023-06-17 12:08:53,Unable to a duplicate charge,10.0,2428.883333333333,,False,False,False,False,False,1
TK62882,20230615,20230630,1,3,2,2023-06-15 21:22:00,2023-06-30 13:26:41,Unable to a refund for an annual plan,192.0,21124.68333333333,1.0,False,True,False,False,True,1
TK62188,20230615,20230624,3,3,1,2023-06-15 22:45:00,2023-06-24 14:20:12,Cannot two-factor authentication,52.0,12455.2,3.0,False,True,False,False,True,1
TK60164,20230615,20230616,4,1,1,2023-06-15 23:14:00,2023-06-16 14:51:08,Cannot log in after password reset,1092.0,937.1333333333332,,False,False,False,True,False,1
TK62258,20230616,20230616,4,3,2,2023-06-16 00:03:00,2023-06-16 17:24:07,Cannot the API rate limit,37.0,1041.1166666666666,,False,False,False,False,False,1
TK63434,20230616,20230617,2,5,2,2023-06-16 00:46:00,2023-06-17 07:53:27,Request to the API rate limit,50.0,1867.45,,False,False,False,False,False,1
TK60745,20230616,20230621,4,5,2,2023-06-16 06:19:00,2023-06-21 09:43:39,Issue with the invoice for last month,161.0,7404.65,,False,False,False,False,False,1
TK62790,20230616,,1,2,3,2023-06-16 08:41:00,,Error when two-factor authentication,16.0,,,True,False,False,False,False,1
TK62450,20230616,20230617,2,2,4,2023-06-16 12:52:00,2023-06-17 02:08:50,Cannot two-factor authentication,26.0,796.8333333333334,,False,False,False,False,False,1
TK62718,20230616,20230616,3,2,2,2023-06-16 16:24:00,2023-06-16 17:11:43,Error when webhook deliveries failing,,47.71666666666667,4.0,False,True,False,False,False,1
TK60398,20230616,20230618,2,5,2,2023-06-16 16:48:00,2023-06-18 05:22:26,Cannot connecting the Snowflake sync,98.0,2194.4333333333334,,False,False,False,False,False,1
TK60255,20230616,20230617,3,1,2,2023-06-16 18:42:00,2023-06-17 02:54:04,Error when the invoice for last month,927.0,492.06666666666666,,False,False,False,True,False,1
TK63436,20230617,20230618,1,3,3,2023-06-17 00:42:00,2023-06-18 01:13:46,Unable to downgrade my plan,27.0,1471.7666666666669,,False,False,False,False,False,1
TK63208,20230617,20230617,1,4,3,2023-06-17 02:10:00,2023-06-17 07:16:07,Issue with add a teammate,49.0,306.1166666666667,5.0,False,True,False,False,False,1
TK62753,20230617,20230619,4,2,1,2023-06-17 03:59:00,2023-06-19 21:44:43,How do I a duplicate charge,1082.0,3945.7166666666662,,False,False,False,True,False,1
TK62860,20230617,20230618,3,2,2,2023-06-17 05:00:00,2023-06-18 05:58:24,Issue with webhook deliveries failing,14.0,1498.4,,False,False,False,False,False,1
TK62661,20230617,20230620,2,2,2,2023-06-17 11:15:00,2023-06-20 03:42:59,Cannot connecting the Snowflake sync,750.0,3867.983333333333,,False,False,False,True,False,1
TK61645,20230617,20230618,2,4,4,2023-06-17 12:34:00,2023-06-18 04:41:08,How do I two-factor authentication,26.0,967.1333333333332,,False,False,False,False,False,1
TK61330,20230617,,2,3,2,2023-06-17 12:39:00,,Unable to the dashboard loading slowly,56.0,,,True,False,False,False,False,1
TK61531,20230617,20230618,1,2,2,2023-06-17 17:38:00,2023-06-18 02:19:24,Cannot two-factor authentication,240.0,521.4,,False,False,True,False,False,1
TK62274,20230617,20230620,3,5,2,2023-06-17 23:26:00,2023-06-20 01:05:50,Request to export my data,298.0,2979.833333333333,,False,False,False,False,False,1
TK60132,20230618,20230618,3,5,2,2023-06-18 00:18:00,2023-06-18 05:00:18,Unable to the dashboard loading slowly,50.0,282.3,,False,False,True,False,False,1
TK60636,20230618,20230618,4,1,2,2023-06-18 02:51:00,2023-06-18 12:41:42,Unable to export my data,367.0,590.7,4.0,False,True,False,False,False,1
TK60898,20230618,20230623,3,3,2,2023-06-18 05:07:00,2023-06-23 02:29:42,Question about downgrade my plan,508.0,7042.7,,False,False,True,True,False,1
TK60391,20230618,20230619,1,4,3,2023-06-18 08:33:00,2023-06-19 19:17:12,Error when a duplicate charge,32.0,2084.2,4.0,False,True,False,False,False,1
TK62102,20230618,20230619,2,2,2,2023-06-18 13:08:00,2023-06-19 01:35:10,How do I the dashboard loading slowly,34.0,747.1666666666666,4.0,False,True,False,False,False,1
TK63901,20230618,20230621,3,5,1,2023-06-18 14:03:00,2023-06-21 14:13:19,Issue with add a teammate,363.0,4330.316666666667,,False,False,True,False,False,1
TK61323,20230618,,3,1,3,2023-06-18 18:42:00,,Cannot a refund for an annual plan,4.0,,,True,False,False,False,False,1
TK63717,20230618,20230622,1,1,2,2023-06-18 23:49:00,2023-06-22 00:38:40,Request to connecting the Snowflake sync,78.0,4369.666666666667,,False,False,True,False,False,1
TK62184,20230619,20230620,1,2,2,2023-06-19 02:14:00,2023-06-20 10:48:13,Unable to log in after password reset,90.0,1954.2166666666667,,False,False,False,False,False,1
TK61142,20230619,20230620,3,4,2,2023-06-19 04:40:00,2023-06-20 14:31:38,Error when log in after password reset,236.0,2031.6333333333332,,False,False,False,False,False,1
TK62296,20230619,20230619,4,2,3,2023-06-19 05:56:00,2023-06-19 06:28:16,Unable to a refund for an annual plan,,32.266666666666666,1.0,False,True,False,False,False,1
TK63254,20230619,20230624,3,2,1,2023-06-19 06:04:00,2023-06-24 01:39:10,Cannot add a teammate,150.0,6935.166666666667,2.0,False,True,True,False,False,1
TK60002,20230619,20230620,3,5,2,2023-06-19 07:33:00,2023-06-20 11:32:21,Error when the dashboard loading slowly,93.0,1679.35,,False,False,False,False,False,1
TK60648,20230619,20230620,2,5,3,2023-06-19 07:55:00,2023-06-20 11:05:55,How do I the dashboard loading slowly,89.0,1630.9166666666667,3.0,False,True,False,False,False,1
TK61900,20230619,20230625,2,4,3,2023-06-19 08:28:00,2023-06-25 09:36:48,Error when add a teammate,22.0,8708.8,,False,False,False,False,True,1
TK62236,20230619,20230619,1,4,1,2023-06-19 14:45:00,2023-06-19 20:30:28,Unable to add a teammate,307.0,345.46666666666664,4.0,False,True,False,False,False,1
TK63096,20230619,20230622,3,2,2,2023-06-19 14:51:00,2023-06-22 03:30:19,Issue with a refund for an annual plan,262.0,3639.3166666666666,,False,False,True,False,False,1
TK60335,20230619,20230620,1,4,2,2023-06-19 16:17:00,2023-06-20 22:04:52,Cannot connecting the Snowflake sync,23.0,1787.8666666666666,1.0,False,True,False,False,False,1
TK60098,20230619,20230621,3,1,3,2023-06-19 20:38:00,2023-06-21 08:05:09,How do I export my data,36.0,2127.15,,False,False,False,False,False,1
TK62867,20230619,20230621,1,2,2,2023-06-19 22:46:00,2023-06-21 23:52:43,Unable to the invoice for last month,54.0,2946.7166666666667,,False,False,False,False,False,1
TK60764,20230620,20230620,2,1,2,2023-06-20 08:28:00,2023-06-20 15:21:59,Error when downgrade my plan,46.0,413.98333333333335,3.0,False,True,False,False,False,1
TK63328,20230620,20230627,2,5,3,2023-06-20 09:10:00,2023-06-27 19:55:01,Unable to connecting the Snowflake sync,52.0,10725.016666666666,,False,False,False,False,True,1
TK62422,20230620,20230621,1,5,2,2023-06-20 10:46:00,2023-06-21 01:03:48,Unable to add a teammate,160.0,857.8,,False,False,False,False,False,1
TK62976,20230620,20230621,2,2,1,2023-06-20 12:12:00,2023-06-21 18:35:08,Error when connecting the Snowflake sync,1179.0,1823.1333333333332,5.0,False,True,False,True,False,1
TK61518,20230620,20230620,3,2,4,2023-06-20 14:26:00,2023-06-20 14:28:32,Cannot export my data,20.0,2.533333333333333,,False,False,False,False,False,1
TK62768,20230620,20230622,3,2,2,2023-06-20 18:22:00,2023-06-22 10:17:51,Unable to a duplicate charge,104.0,2395.85,,False,False,False,False,False,1
TK60593,20230620,20230622,3,5,3,2023-06-20 19:33:00,2023-06-22 04:32:27,Unable to the dashboard loading slowly,31.0,1979.45,,False,False,False,False,False,1
TK62035,20230620,20230621,3,4,2,2023-06-20 23:31:00,2023-06-21 17:32:07,Question about the API rate limit,224.0,1081.1166666666666,1.0,False,True,False,False,False,1
TK63157,20230620,20230621,2,4,2,2023-06-20 23:31:00,2023-06-21 15:06:55,Cannot two-factor authentication,174.0,935.9166666666666,,False,False,False,False,False,1
TK62822,20230621,20230621,2,4,3,2023-06-21 05:17:00,2023-06-21 16:41:46,Issue with connecting the Snowflake sync,226.0,684.7666666666667,,False,False,False,False,False,1
TK60279,20230621,20230621,2,2,4,2023-06-21 08:36:00,2023-06-21 09:30:16,Error when downgrade my plan,23.0,54.266666666666666,,False,False,False,False,False,1
TK60141,20230621,,2,5,1,2023-06-21 08:37:00,,Issue with two-factor authentication,109.0,,,True,False,False,False,False,1
TK62006,20230621,20230625,4,4,1,2023-06-21 10:50:00,2023-06-25 06:46:03,Question about the invoice for last month,310.0,5516.05,,False,False,False,False,False,1
TK62992,20230621,20230629,1,3,2,2023-06-21 15:16:00,2023-06-29 23:16:00,Question about a refund for an annual plan,144.0,12000.0,4.0,False,True,False,False,True,1
TK62353,20230621,20230622,1,1,1,2023-06-21 17:33:00,2023-06-22 15:00:33,Question about log in after password reset,71.0,1287.55,,False,False,False,False,False,1
TK62082,20230621,20230627,2,3,1,2023-06-21 18:26:00,2023-06-27 23:49:37,How do I downgrade my plan,148.0,8963.616666666667,,False,False,False,False,True,1
TK61156,20230622,20230624,3,3,2,2023-06-22 00:55:00,2023-06-24 02:33:52,Unable to a duplicate charge,101.0,2978.866666666667,,False,False,False,False,False,1
TK61629,20230622,20230622,4,5,2,2023-06-22 07:34:00,2023-06-22 23:40:54,Question about the dashboard loading slowly,32.0,966.9,3.0,False,True,True,False,False,1
TK60377,20230622,20230627,1,5,1,2023-06-22 14:18:00,2023-06-27 15:38:21,Unable to log in after password reset,909.0,7280.35,,False,False,False,True,False,1
TK61462,20230622,,2,5,1,2023-06-22 14:40:00,,Error when export my data,187.0,,,True,False,False,False,False,1
TK63155,20230622,20230625,2,3,2,2023-06-22 14:48:00,2023-06-25 05:16:08,Request to the dashboard loading slowly,157.0,3748.133333333333,,False,False,False,False,False,1
TK61446,20230622,20230704,3,2,1,2023-06-22 14:53:00,2023-07-04 03:49:00,Request to downgrade my plan,133.0,16616.0,4.0,False,True,False,False,True,1
TK61571,20230622,20230622,1,2,2,2023-06-22 15:19:00,2023-06-22 23:26:58,Cannot export my data,230.0,487.9666666666666,2.0,False,True,False,False,False,1
TK60997,20230622,20230623,2,1,2,2023-06-22 17:18:00,2023-06-23 00:38:29,Issue with log in after password reset,24.0,440.48333333333335,,False,False,False,False,False,1
TK63416,20230622,,1,3,2,2023-06-22 21:21:00,,Error when a refund for an annual plan,322.0,,,True,False,False,False,False,1
TK60194,20230623,20230623,4,5,2,2023-06-23 03:12:00,2023-06-23 19:19:57,How do I the invoice for last month,33.0,967.95,,False,False,False,False,False,1
TK63141,20230623,20230623,3,2,2,2023-06-23 03:51:00,2023-06-23 12:03:44,Error when downgrade my plan,123.0,492.73333333333335,,False,False,True,False,False,1
TK61093,20230623,20230623,1,4,2,2023-06-23 04:40:00,2023-06-23 08:28:02,Unable to add a teammate,161.0,228.03333333333333,,False,False,False,False,False,1
TK61377,20230623,20230623,4,2,2,2023-06-23 09:51:00,2023-06-23 15:24:24,Error when the dashboard loading slowly,1191.0,333.4,,False,False,False,True,False,1
TK60645,20230623,20230626,1,3,1,2023-06-23 10:21:00,2023-06-26 00:50:30,Question about a refund for an annual plan,126.0,3749.5,,False,False,False,False,False,1
TK62408,20230623,20230629,1,2,2,2023-06-23 12:13:00,2023-06-29 11:59:10,Question about export my data,44.0,8626.166666666666,,False,False,False,False,True,1
TK63518,20230623,20230623,1,1,3,2023-06-23 13:24:00,2023-06-23 18:03:47,How do I the invoice for last month,40.0,279.78333333333336,,False,False,False,False,False,1
TK63427,20230623,20230623,1,1,2,2023-06-23 16:11:00,2023-06-23 18:53:53,Cannot the API rate limit,211.0,162.88333333333333,,False,False,False,False,False,1
TK63178,20230623,20230627,3,3,3,2023-06-23 16:33:00,2023-06-27 12:46:37,Request to a duplicate charge,64.0,5533.616666666667,,False,False,False,False,False,1
TK62837,20230623,20230624,4,5,2,2023-06-23 23:25:00,2023-06-24 14:55:56,Question about the dashboard loading slowly,6.0,930.9333333333332,5.0,False,True,False,False,False,1
TK62930,20230624,20230626,3,2,2,2023-06-24 00:31:00,2023-06-26 11:58:33,Unable to connecting the Snowflake sync,29.0,3567.55,,False,False,True,False,False,1
TK62040,20230624,20230625,2,3,4,2023-06-24 07:23:00,2023-06-25 03:05:04,Unable to the invoice for last month,16.0,1182.0666666666666,,False,False,False,False,False,1
TK62253,20230624,20230625,2,2,1,2023-06-24 08:16:00,2023-06-25 08:32:48,Cannot add a teammate,55.0,1456.8,,False,False,False,False,False,1
TK63310,20230624,20230624,1,1,2,2023-06-24 09:18:00,2023-06-24 13:30:46,Question about a duplicate charge,174.0,252.76666666666668,,False,False,False,False,False,1
TK62633,20230624,20230624,1,4,1,2023-06-24 14:01:00,2023-06-24 23:13:42,Cannot a refund for an annual plan,113.0,552.7,5.0,False,True,False,False,False,1
TK63306,20230624,20230624,3,5,3,2023-06-24 14:40:00,2023-06-24 23:35:50,Issue with two-factor authentication,27.0,535.8333333333334,,False,False,False,False,False,1
TK60055,20230625,20230626,3,1,1,2023-06-25 02:23:00,2023-06-26 03:01:54,Request to the API rate limit,1577.0,1478.9,,False,False,False,True,False,1
TK63570,20230625,20230625,1,1,2,2023-06-25 03:16:00,2023-06-25 11:22:19,Question about a refund for an annual plan,135.0,486.31666666666666,,False,False,True,False,False,1
TK63810,20230625,20230627,2,4,2,2023-06-25 06:24:00,2023-06-27 06:54:53,Request to downgrade my plan,126.0,2910.883333333333,5.0,False,True,False,False,False,1
TK60320,20230625,20230625,1,4,2,2023-06-25 06:57:00,2023-06-25 21:10:45,Unable to webhook deliveries failing,41.0,853.75,,False,False,False,False,False,1
TK60661,20230625,20230625,4,1,1,2023-06-25 18:48:00,2023-06-25 21:57:00,How do I the dashboard loading slowly,57.0,189.0,,False,False,False,False,False,1
TK61953,20230625,20230626,1,5,2,2023-06-25 21:52:00,2023-06-26 16:45:56,Unable to the API rate limit,68.0,1133.9333333333334,,False,False,False,False,False,1
TK62394,20230626,20230626,2,1,4,2023-06-26 00:20:00,2023-06-26 02:23:40,Cannot connecting the Snowflake sync,15.0,123.66666666666669,,False,False,False,False,False,1
TK60714,20230626,20230629,2,1,2,2023-06-26 02:38:00,2023-06-29 05:33:19,Unable to export my data,9.0,4495.316666666667,5.0,False,True,False,False,False,1
TK63771,20230626,,2,1,1,2023-06-26 07:54:00,,How do I two-factor authentication,203.0,,,True,False,False,False,False,1
TK62911,20230626,20230627,1,3,2,2023-06-26 08:38:00,2023-06-27 23:39:20,Unable to the invoice for last month,101.0,2341.333333333333,,False,False,False,False,False,1
TK60724,20230626,20230626,2,4,3,2023-06-26 09:33:00,2023-06-26 19:43:40,Issue with the invoice for last month,57.0,610.6666666666666,,False,False,False,False,False,1
TK60116,20230626,20230626,1,4,1,2023-06-26 09:41:00,2023-06-26 12:51:28,Question about a duplicate charge,499.0,190.46666666666667,,False,False,False,True,False,1
TK63215,20230626,20230626,4,5,2,2023-06-26 12:36:00,2023-06-26 22:15:52,Unable to downgrade my plan,81.0,579.8666666666667,3.0,False,True,False,False,False,1
TK63127,20230626,20230627,1,1,1,2023-06-26 12:53:00,2023-06-27 07:04:13,Error when a duplicate charge,820.0,1091.2166666666667,,False,False,False,True,False,1
TK62020,20230626,20230712,3,2,1,2023-06-26 14:29:00,2023-07-12 03:17:39,Error when the API rate limit,195.0,22368.65,,False,False,False,False,True,1
TK60592,20230626,20230627,1,2,3,2023-06-26 18:11:00,2023-06-27 06:45:38,How do I two-factor authentication,58.0,754.6333333333333,,False,False,False,False,False,1
TK61109,20230626,20230701,4,5,1,2023-06-26 19:21:00,2023-07-01 13:37:06,Issue with add a teammate,178.0,6856.1,5.0,False,True,False,False,False,1
TK63707,20230626,20230712,3,5,2,2023-06-26 21:30:00,2023-07-12 05:19:24,Cannot two-factor authentication,34.0,22069.4,3.0,False,True,False,False,True,1
TK62313,20230627,20230803,2,5,2,2023-06-27 01:02:00,2023-08-03 07:24:20,Unable to the invoice for last month,81.0,53662.333333333336,,False,False,False,False,True,1
TK61856,20230627,20230705,1,3,2,2023-06-27 03:02:00,2023-07-05 15:17:25,Question about two-factor authentication,150.0,12255.416666666666,5.0,False,True,False,False,True,1
TK62514,20230627,20230628,2,2,1,2023-06-27 04:08:00,2023-06-28 22:42:15,How do I the API rate limit,289.0,2554.25,,False,False,False,False,False,1
TK61346,20230627,20230628,3,5,2,2023-06-27 04:15:00,2023-06-28 22:37:03,Issue with webhook deliveries failing,201.0,2542.05,,False,False,False,False,False,1
TK61310,20230627,20230627,1,5,3,2023-06-27 07:49:00,2023-06-27 09:05:34,Cannot export my data,121.0,76.56666666666666,,False,False,False,False,False,1
TK62529,20230627,20230627,1,2,3,2023-06-27 11:45:00,2023-06-27 20:51:46,Cannot a refund for an annual plan,88.0,546.7666666666667,,False,False,False,False,False,1
TK60034,20230627,20230701,3,2,1,2023-06-27 12:58:00,2023-07-01 20:44:35,Error when export my data,237.0,6226.583333333333,,False,False,False,False,False,1
TK61411,20230627,20230629,2,1,2,2023-06-27 15:00:00,2023-06-29 16:10:18,Request to connecting the Snowflake sync,290.0,2950.3,3.0,False,True,False,False,False,1
TK61058,20230627,20230702,1,5,1,2023-06-27 16:09:00,2023-07-02 05:09:33,Cannot webhook deliveries failing,187.0,6540.55,,False,False,False,False,False,1
TK61475,20230627,20230628,3,1,2,2023-06-27 21:51:00,2023-06-28 17:31:02,Request to connecting the Snowflake sync,23.0,1180.0333333333333,3.0,False,True,False,False,False,1
TK63618,20230627,20230628,2,2,2,2023-06-27 23:49:00,2023-06-28 13:49:53,Unable to connecting the Snowflake sync,46.0,840.8833333333333,,False,False,False,False,False,1
TK62668,20230628,20230628,3,4,3,2023-06-28 00:36:00,2023-06-28 23:26:44,Request to export my data,34.0,1370.7333333333331,5.0,False,True,False,False,False,1
TK63828,20230628,20230702,2,5,2,2023-06-28 01:06:00,2023-07-02 11:34:38,Request to webhook deliveries failing,110.0,6388.633333333333,,False,False,False,False,False,1
TK62607,20230628,20230628,3,3,1,2023-06-28 05:52:00,2023-06-28 20:03:07,Issue with add a teammate,89.0,851.1166666666667,4.0,False,True,False,False,False,1
TK61162,20230628,20230629,4,4,2,2023-06-28 06:32:00,2023-06-29 06:43:16,How do I webhook deliveries failing,30.0,1451.2666666666669,,False,False,True,False,False,1
TK61913,20230628,20230630,1,2,1,2023-06-28 11:09:00,2023-06-30 18:58:19,Question about webhook deliveries failing,1024.0,3349.3166666666666,5.0,False,True,True,True,False,1
TK63632,20230628,20230630,3,3,2,2023-06-28 15:54:00,2023-06-30 16:59:05,Cannot two-factor authentication,70.0,2945.083333333333,,False,False,False,False,False,1
TK63881,20230628,20230703,1,2,2,2023-06-28 19:19:00,2023-07-03 20:39:03,Issue with add a teammate,152.0,7280.05,,False,False,False,False,False,1
TK61509,20230628,20230629,2,4,3,2023-06-28 19:27:00,2023-06-29 00:53:16,Request to connecting the Snowflake sync,34.0,326.26666666666665,,False,False,False,False,False,1
TK62704,20230628,20230629,1,5,3,2023-06-28 20:20:00,2023-06-29 18:59:03,How do I a refund for an annual plan,76.0,1359.05,,False,False,True,False,False,1
TK63334,20230628,20230629,2,2,4,2023-06-28 21:40:00,2023-06-29 00:19:11,Issue with downgrade my plan,21.0,159.18333333333334,,False,False,False,False,False,1
TK63409,20230628,20230630,1,1,2,2023-06-28 21:40:00,2023-06-30 04:47:15,Cannot the API rate limit,169.0,1867.25,,False,False,False,False,False,1
TK62480,20230628,20230701,2,1,1,2023-06-28 22:06:00,2023-07-01 06:14:55,Issue with webhook deliveries failing,343.0,3368.9166666666665,,False,False,False,False,False,1
TK61174,20230629,20230720,2,1,2,2023-06-29 05:14:00,2023-07-20 04:23:22,Cannot a refund for an annual plan,128.0,30189.366666666665,,False,False,False,False,True,1
TK60746,20230629,20230629,4,2,4,2023-06-29 06:56:00,2023-06-29 08:00:17,Unable to export my data,52.0,64.28333333333333,,False,False,False,False,False,1
TK63325,20230629,20230629,2,5,2,2023-06-29 08:18:00,2023-06-29 21:24:53,Cannot export my data,77.0,786.8833333333333,2.0,False,True,False,False,False,1
TK62444,20230629,20230630,1,5,2,2023-06-29 15:00:00,2023-06-30 00:38:11,Issue with connecting the Snowflake sync,,578.1833333333333,5.0,False,True,True,False,False,1
TK60247,20230629,20230630,3,5,2,2023-06-29 21:59:00,2023-06-30 15:27:22,Unable to downgrade my plan,13.0,1048.3666666666666,,False,False,False,False,False,1
TK62675,20230629,20230630,3,2,2,2023-06-29 22:56:00,2023-06-30 20:23:27,Question about the invoice for last month,253.0,1287.45,,False,False,False,False,False,1
TK62107,20230629,20230708,2,3,3,2023-06-29 23:50:00,2023-07-08 07:07:32,Request to a duplicate charge,,11957.533333333333,,False,False,False,False,True,1
TK62863,20230630,20230630,2,5,2,2023-06-30 01:09:00,2023-06-30 12:57:52,How do I the API rate limit,37.0,708.8666666666667,,False,False,True,False,False,1
TK62686,20230630,20230705,2,5,3,2023-06-30 02:49:00,2023-07-05 18:58:17,Issue with the API rate limit,31.0,8169.283333333334,,False,False,False,False,False,1
TK60608,20230630,20230701,1,5,3,2023-06-30 03:24:00,2023-07-01 04:57:12,Error when the invoice for last month,53.0,1533.2,,False,False,False,False,False,1
TK61782,20230630,,1,3,3,2023-06-30 03:49:00,,Question about connecting the Snowflake sync,119.0,,,True,False,False,False,False,1
TK61449,20230630,20230707,2,2,1,2023-06-30 05:48:00,2023-07-07 06:08:55,Cannot the invoice for last month,164.0,10100.916666666666,,False,False,False,False,True,1
TK61463,20230630,20230701,1,3,3,2023-06-30 09:37:00,2023-07-01 04:47:34,Question about the API rate limit,184.0,1150.5666666666666,,False,False,False,False,False,1
TK62304,20230630,20230630,1,4,2,2023-06-30 13:41:00,2023-06-30 17:18:04,Error when export my data,117.0,217.06666666666663,,False,False,False,False,False,1
TK61901,20230630,20230702,1,3,2,2023-06-30 15:04:00,2023-07-02 10:12:54,Request to a duplicate charge,23.0,2588.9,5.0,False,True,False,False,False,1
TK62781,20230630,20230630,3,2,2,2023-06-30 16:56:00,2023-06-30 22:27:17,Issue with log in after password reset,115.0,331.28333333333336,2.0,False,True,False,False,False,1
TK61459,20230630,20230630,3,4,1,2023-06-30 18:44:00,2023-06-30 23:25:53,How do I downgrade my plan,94.0,281.8833333333333,,False,False,False,False,False,1
TK61741,20230630,20230704,1,5,2,2023-06-30 20:40:00,2023-07-04 19:36:59,Unable to the API rate limit,65.0,5696.983333333334,,False,False,False,False,False,1
TK60527,20230701,20230702,4,4,2,2023-07-01 03:40:00,2023-07-02 05:51:35,Request to two-factor authentication,141.0,1571.5833333333333,,False,False,False,False,False,1
TK60620,20230701,20230702,3,1,1,2023-07-01 06:34:00,2023-07-02 09:10:19,Request to export my data,,1596.3166666666666,,False,False,False,False,False,1
TK62832,20230701,20230712,2,5,1,2023-07-01 09:07:00,2023-07-12 04:57:40,Error when add a teammate,162.0,15590.666666666666,5.0,False,True,False,False,True,1
TK61863,20230701,20230723,3,5,1,2023-07-01 09:35:00,2023-07-23 16:28:21,Issue with a duplicate charge,644.0,32093.35,5.0,False,True,False,True,True,1
TK61466,20230701,20230702,2,2,3,2023-07-01 11:49:00,2023-07-02 06:02:20,Request to export my data,14.0,1093.3333333333333,3.0,False,True,False,False,False,1
TK62936,20230701,20230702,1,2,1,2023-07-01 12:37:00,2023-07-02 20:25:14,Request to the invoice for last month,105.0,1908.2333333333331,5.0,False,True,False,False,False,1
TK63052,20230701,20230702,2,2,1,2023-07-01 13:32:00,2023-07-02 03:08:00,Issue with connecting the Snowflake sync,1244.0,816.0,,False,False,True,True,False,1
TK60522,20230701,20230703,2,5,2,2023-07-01 19:10:00,2023-07-03 05:01:09,Cannot downgrade my plan,109.0,2031.15,,False,False,False,False,False,1
TK61194,20230701,20230702,1,1,1,2023-07-01 19:55:00,2023-07-02 07:39:01,How do I webhook deliveries failing,76.0,704.0166666666667,,False,False,False,False,False,1
TK60944,20230701,20230703,2,2,3,2023-07-01 21:05:00,2023-07-03 02:29:09,Question about downgrade my plan,,1764.15,,False,False,False,False,False,1
TK61393,20230701,20230702,3,5,3,2023-07-01 21:20:00,2023-07-02 01:13:51,Question about add a teammate,38.0,233.85,,False,False,False,False,False,1
TK63083,20230701,20230702,2,4,2,2023-07-01 22:06:00,2023-07-02 05:16:41,Question about export my data,191.0,430.6833333333333,5.0,False,True,False,False,False,1
TK61608,20230701,20230702,1,2,3,2023-07-01 22:15:00,2023-07-02 00:14:39,Request to the API rate limit,134.0,119.65,,False,False,False,False,False,1
TK61228,20230701,20230703,2,4,2,2023-07-01 23:50:00,2023-07-03 15:33:30,How do I two-factor authentication,6.0,2383.5,4.0,False,True,False,False,False,1
TK63648,20230702,20230702,2,4,3,2023-07-02 09:31:00,2023-07-02 13:30:43,Unable to the dashboard loading slowly,22.0,239.71666666666667,,False,False,False,False,False,1
TK60613,20230702,20230711,3,5,2,2023-07-02 10:27:00,2023-07-11 08:57:15,Error when connecting the Snowflake sync,44.0,12870.25,,False,False,False,False,True,1
TK61882,20230702,20230702,3,2,2,2023-07-02 11:39:00,2023-07-02 16:05:25,Cannot webhook deliveries failing,90.0,266.4166666666667,,False,False,False,False,False,1
TK60270,20230702,20230709,2,1,2,2023-07-02 13:16:00,2023-07-09 18:31:30,How do I a duplicate charge,95.0,10395.5,1.0,False,True,False,False,True,1
TK62812,20230702,20230711,4,5,1,2023-07-02 15:47:00,2023-07-11 17:44:24,Issue with add a teammate,640.0,13077.4,,False,False,False,True,True,1
TK61020,20230702,20230702,2,2,4,2023-07-02 18:20:00,2023-07-02 18:41:03,Request to downgrade my plan,20.0,21.05,5.0,False,True,False,False,False,1
TK61049,20230703,20230703,3,1,1,2023-07-03 00:13:00,2023-07-03 17:57:01,Request to a duplicate charge,204.0,1064.0166666666669,,False,False,False,False,False,1
TK62744,20230703,20230706,3,3,2,2023-07-03 00:39:00,2023-07-06 20:00:22,Unable to a refund for an annual plan,54.0,5481.366666666667,1.0,False,True,False,False,False,1
TK62801,20230703,20230705,2,5,2,2023-07-03 05:51:00,2023-07-05 10:26:58,Question about log in after password reset,105.0,3155.9666666666667,,False,False,False,False,False,1
TK60160,20230703,20230707,1,3,2,2023-07-03 06:03:00,2023-07-07 11:38:17,Cannot log in after password reset,416.0,6095.283333333334,,False,False,False,True,False,1
TK63383,20230703,20230703,1,5,2,2023-07-03 09:49:00,2023-07-03 13:33:18,Request to two-factor authentication,36.0,224.3,5.0,False,True,True,False,False,1
TK63692,20230703,20230707,4,5,1,2023-07-03 10:05:00,2023-07-07 00:31:54,Error when downgrade my plan,165.0,5186.9,,False,False,False,False,False,1
TK60512,20230703,20230704,3,5,2,2023-07-03 10:24:00,2023-07-04 12:16:28,Cannot the API rate limit,35.0,1552.4666666666667,,False,False,False,False,False,1
TK62855,20230703,20230704,3,5,2,2023-07-03 12:55:00,2023-07-04 12:05:58,Request to a duplicate charge,180.0,1390.9666666666667,,False,False,False,False,False,1
TK63679,20230703,20230703,1,2,2,2023-07-03 13:13:00,2023-07-03 16:26:30,Question about a refund for an annual plan,64.0,193.5,4.0,False,True,False,False,False,1
TK60296,20230703,20230714,1,5,1,2023-07-03 18:42:00,2023-07-14 13:05:42,Unable to downgrade my plan,110.0,15503.7,,False,False,False,False,True,1
TK63964,20230703,20230703,1,2,4,2023-07-03 19:40:00,2023-07-03 22:11:16,Request to webhook deliveries failing,3.0,151.26666666666668,,False,False,False,False,False,1
TK61480,20230703,20230704,3,4,3,2023-07-03 22:28:00,2023-07-04 01:24:22,Issue with two-factor authentication,184.0,176.36666666666667,3.0,False,True,False,False,False,1
TK62728,20230703,20230707,1,2,2,2023-07-03 22:40:00,2023-07-07 15:04:52,Error when two-factor authentication,155.0,5304.866666666667,,False,False,False,False,False,1
TK61076,20230703,20230704,1,1,2,2023-07-03 23:00:00,2023-07-04 17:40:14,Error when connecting the Snowflake sync,237.0,1120.2333333333331,,False,False,True,False,False,1
TK62338,20230704,20230705,1,4,1,2023-07-04 07:30:00,2023-07-05 22:10:03,How do I the dashboard loading slowly,252.0,2320.05,5.0,False,True,False,False,False,1
TK62334,20230704,20230704,2,5,4,2023-07-04 10:41:00,2023-07-04 17:04:41,Issue with two-factor authentication,13.0,383.6833333333333,5.0,False,True,True,False,False,1
TK60954,20230704,20230714,2,3,2,2023-07-04 19:20:00,2023-07-14 10:35:44,Unable to connecting the Snowflake sync,,13875.733333333334,,False,False,False,False,True,1
TK61267,20230704,20230712,2,1,2,2023-07-04 19:48:00,2023-07-12 15:47:38,Request to a refund for an annual plan,416.0,11279.633333333331,,False,False,False,True,True,1
TK60913,20230705,20230706,3,2,2,2023-07-05 01:47:00,2023-07-06 08:51:35,Unable to log in after password reset,88.0,1864.5833333333333,,False,False,False,False,False,1
TK63076,20230705,20230810,2,5,1,2023-07-05 02:24:00,2023-08-10 18:43:36,Issue with add a teammate,562.0,52819.6,,False,False,False,True,True,1
TK61644,20230705,20230705,3,5,3,2023-07-05 05:30:00,2023-07-05 11:50:33,How do I downgrade my plan,29.0,380.55,,False,False,False,False,False,1
TK62061,20230705,20230711,2,1,2,2023-07-05 05:51:00,2023-07-11 07:05:11,Request to log in after password reset,107.0,8714.183333333332,5.0,False,True,False,False,True,1
TK61328,20230705,20230711,4,5,1,2023-07-05 06:32:00,2023-07-11 08:11:18,Request to two-factor authentication,119.0,8739.3,4.0,False,True,False,False,True,1
TK60505,20230705,20230707,1,5,3,2023-07-05 07:22:00,2023-07-07 08:29:17,Question about a refund for an annual plan,19.0,2947.2833333333333,,False,False,False,False,False,1
TK62123,20230705,20230709,3,5,3,2023-07-05 08:58:00,2023-07-09 16:00:55,Question about two-factor authentication,17.0,6182.916666666667,,False,False,False,False,False,1
TK63330,20230705,20230708,1,5,1,2023-07-05 11:14:00,2023-07-08 00:28:16,Request to log in after password reset,355.0,3674.266666666667,,False,False,False,False,False,1
TK62657,20230705,,2,3,2,2023-07-05 15:54:00,,Question about add a teammate,353.0,,,True,False,False,False,False,1
TK62895,20230705,20230712,2,4,1,2023-07-05 16:16:00,2023-07-12 02:28:14,Issue with a duplicate charge,122.0,9252.233333333334,,False,False,False,False,True,1
TK63708,20230705,20230710,2,5,3,2023-07-05 16:29:00,2023-07-10 10:36:48,Request to add a teammate,19.0,6847.8,,False,False,False,False,False,1
TK62842,20230705,20230706,4,2,2,2023-07-05 22:43:00,2023-07-06 02:15:17,Issue with connecting the Snowflake sync,59.0,212.28333333333333,,False,False,False,False,False,1
TK61065,20230706,,2,5,4,2023-07-06 03:15:00,,Question about a refund for an annual plan,49.0,,,True,False,False,False,False,1
TK62771,20230706,,4,5,3,2023-07-06 05:20:00,,How do I webhook deliveries failing,15.0,,,True,False,False,False,False,1
TK62225,20230706,20230708,1,3,3,2023-07-06 05:57:00,2023-07-08 07:49:02,Error when downgrade my plan,178.0,2992.0333333333333,,False,False,False,False,False,1
TK60693,20230706,20230709,2,5,2,2023-07-06 08:28:00,2023-07-09 05:00:50,Error when log in after password reset,177.0,4112.833333333333,,False,False,False,False,False,1
TK62290,20230706,20230707,3,1,2,2023-07-06 10:25:00,2023-07-07 02:29:52,Cannot webhook deliveries failing,32.0,964.8666666666668,,False,False,False,False,False,1
TK62912,20230706,20230709,2,2,1,2023-07-06 16:13:00,2023-07-09 05:22:59,Cannot connecting the Snowflake sync,,3669.983333333333,5.0,False,True,True,False,False,1
TK63380,20230706,20230710,4,5,1,2023-07-06 17:57:00,2023-07-10 22:25:23,Question about the invoice for last month,136.0,6028.383333333333,,False,False,False,False,False,1
TK62486,20230706,20230707,4,5,3,2023-07-06 21:18:00,2023-07-07 10:52:57,Error when the invoice for last month,28.0,814.95,,False,False,False,False,False,1
TK63611,20230706,,4,5,1,2023-07-06 21:46:00,,Issue with log in after password reset,1615.0,,,True,False,False,True,False,1
TK63043,20230706,20230708,2,4,3,2023-07-06 22:36:00,2023-07-08 04:43:09,Request to export my data,98.0,1807.15,4.0,False,True,False,False,False,1
TK62838,20230706,20230706,3,4,2,2023-07-06 22:50:00,2023-07-06 23:11:18,Unable to the invoice for last month,771.0,21.3,5.0,False,True,False,True,False,1
TK63151,20230707,20230725,1,5,2,2023-07-07 00:53:00,2023-07-25 16:44:57,Question about the API rate limit,66.0,26871.95,4.0,False,True,False,False,True,1
TK63880,20230707,20230728,1,3,2,2023-07-07 03:54:00,2023-07-28 08:48:05,Unable to a duplicate charge,63.0,30534.08333333333,5.0,False,True,True,False,True,1
TK60843,20230707,20230707,2,3,4,2023-07-07 03:58:00,2023-07-07 05:12:04,Issue with the API rate limit,5.0,74.06666666666666,,False,False,False,False,False,1
TK60697,20230707,20230707,3,2,3,2023-07-07 07:50:00,2023-07-07 14:04:08,Unable to downgrade my plan,8.0,374.1333333333333,,False,False,False,False,False,1
TK61566,20230707,,3,1,1,2023-07-07 08:01:00,,Question about add a teammate,350.0,,,True,False,False,False,False,1
TK61671,20230707,20230707,2,2,2,2023-07-07 09:38:00,2023-07-07 11:07:26,Error when webhook deliveries failing,22.0,89.43333333333334,,False,False,False,False,False,1
TK62157,20230707,20230720,1,5,2,2023-07-07 10:18:00,2023-07-20 15:50:45,How do I downgrade my plan,96.0,19052.75,,False,False,False,False,True,1
TK61862,20230707,20230707,2,4,3,2023-07-07 11:40:00,2023-07-07 16:44:10,Issue with connecting the Snowflake sync,12.0,304.1666666666667,4.0,False,True,False,False,False,1
TK62071,20230707,20230710,1,3,2,2023-07-07 13:26:00,2023-07-10 17:56:40,Cannot add a teammate,394.0,4590.666666666667,5.0,False,True,False,True,False,1
TK61768,20230707,20230708,1,1,1,2023-07-07 18:53:00,2023-07-08 22:56:13,Question about export my data,394.0,1683.2166666666667,5.0,False,True,False,True,False,1
TK60662,20230707,20230713,4,5,1,2023-07-07 19:05:00,2023-07-13 11:32:28,How do I the dashboard loading slowly,529.0,8187.466666666666,,False,False,False,True,False,1
TK60420,20230708,20230708,2,1,2,2023-07-08 02:08:00,2023-07-08 04:51:08,Error when a refund for an annual plan,175.0,163.13333333333333,5.0,False,True,False,False,False,1
TK63472,20230708,,2,3,2,2023-07-08 03:06:00,,How do I webhook deliveries failing,138.0,,,True,False,False,False,False,1
TK60215,20230708,20230710,2,3,2,2023-07-08 04:29:00,2023-07-10 07:36:51,Question about export my data,28.0,3067.85,,False,False,False,False,False,1
TK60349,20230708,20230708,2,1,3,2023-07-08 05:55:00,2023-07-08 06:32:32,Unable to log in after password reset,133.0,37.53333333333333,,False,False,False,False,False,1
TK63399,20230708,20230710,2,1,3,2023-07-08 07:48:00,2023-07-10 02:47:36,Unable to a duplicate charge,245.0,2579.6,,False,False,False,False,False,1
TK63355,20230708,20230710,4,1,2,2023-07-08 13:54:00,2023-07-10 11:06:41,Question about a refund for an annual plan,242.0,2712.6833333333334,,False,False,False,False,False,1
TK63180,20230708,20230709,1,4,2,2023-07-08 14:30:00,2023-07-09 05:41:59,Unable to the API rate limit,114.0,911.9833333333332,,False,False,False,False,False,1
TK62778,20230708,20230709,3,1,4,2023-07-08 15:09:00,2023-07-09 14:17:43,Issue with downgrade my plan,74.0,1388.7166666666667,,False,False,False,False,False,1
TK61468,20230708,20230713,4,1,1,2023-07-08 17:19:00,2023-07-13 15:49:56,How do I webhook deliveries failing,106.0,7110.933333333333,1.0,False,True,False,False,False,1
TK60424,20230708,20230711,4,5,3,2023-07-08 19:56:00,2023-07-11 04:11:02,Request to the API rate limit,72.0,3375.0333333333333,5.0,False,True,False,False,False,1
TK62152,20230708,20230709,1,2,3,2023-07-08 21:38:00,2023-07-09 21:45:43,Cannot webhook deliveries failing,,1447.7166666666667,4.0,False,True,False,False,False,1
TK62982,20230708,20230709,2,5,2,2023-07-08 22:46:00,2023-07-09 19:18:15,Request to webhook deliveries failing,35.0,1232.25,5.0,False,True,False,False,False,1
TK61299,20230709,20230709,1,4,4,2023-07-09 00:13:00,2023-07-09 01:59:35,Unable to log in after password reset,9.0,106.58333333333331,,False,False,False,False,False,1
TK61960,20230709,20230709,2,4,1,2023-07-09 00:21:00,2023-07-09 04:15:59,Request to log in after password reset,217.0,234.9833333333333,,False,False,False,False,False,1
TK62853,20230709,20230711,3,4,1,2023-07-09 01:11:00,2023-07-11 06:39:57,Cannot a duplicate charge,126.0,3208.95,5.0,False,True,False,False,False,1
TK62589,20230709,20230711,2,2,2,2023-07-09 06:44:00,2023-07-11 16:41:25,Question about downgrade my plan,79.0,3477.4166666666665,,False,False,False,False,False,1
TK60443,20230709,20230711,1,2,2,2023-07-09 08:14:00,2023-07-11 05:20:00,Error when the invoice for last month,117.0,2706.0,5.0,False,True,True,False,False,1
TK60092,20230709,20230710,1,4,2,2023-07-09 12:50:00,2023-07-10 17:02:50,How do I export my data,126.0,1692.8333333333333,,False,False,False,False,False,1
TK60574,20230709,20230709,1,1,3,2023-07-09 12:56:00,2023-07-09 14:38:06,Cannot the invoice for last month,55.0,102.1,,False,False,False,False,False,1
TK63169,20230709,20230710,1,5,2,2023-07-09 14:20:00,2023-07-10 00:06:55,Cannot log in after password reset,102.0,586.9166666666666,,False,False,False,False,False,1
TK60254,20230709,20230710,1,5,3,2023-07-09 15:11:00,2023-07-10 12:30:59,Request to connecting the Snowflake sync,56.0,1279.9833333333331,,False,False,False,False,False,1
TK61396,20230710,20230713,2,1,2,2023-07-10 00:09:00,2023-07-13 07:55:08,Error when log in after password reset,76.0,4786.133333333333,,False,False,False,False,False,1
TK61740,20230710,20230710,4,5,3,2023-07-10 06:41:00,2023-07-10 16:54:42,Error when a duplicate charge,32.0,613.7,,False,False,False,False,False,1
TK62244,20230710,20230712,1,1,1,2023-07-10 14:56:00,2023-07-12 13:48:30,How do I downgrade my plan,114.0,2812.5,,False,False,False,False,False,1
TK62248,20230710,20230711,2,1,2,2023-07-10 15:23:00,2023-07-11 00:40:12,Question about a duplicate charge,119.0,557.2,5.0,False,True,False,False,False,1
TK61111,20230710,20230710,2,4,3,2023-07-10 15:26:00,2023-07-10 17:28:13,Cannot downgrade my plan,18.0,122.21666666666668,,False,False,True,False,False,1
TK60921,20230710,20230714,3,5,1,2023-07-10 17:51:00,2023-07-14 21:56:43,Unable to connecting the Snowflake sync,106.0,6005.716666666666,4.0,False,True,False,False,False,1
TK63511,20230710,20230715,2,5,3,2023-07-10 20:47:00,2023-07-15 02:29:52,Issue with a refund for an annual plan,109.0,6102.866666666667,5.0,False,True,False,False,False,1
TK63565,20230711,20230712,3,5,2,2023-07-11 09:29:00,2023-07-12 09:48:11,Request to the dashboard loading slowly,64.0,1459.1833333333334,,False,False,False,False,False,1
TK63447,20230711,20230713,4,5,3,2023-07-11 10:23:00,2023-07-13 00:04:56,Request to log in after password reset,12.0,2261.9333333333334,,False,False,False,False,False,1
TK62519,20230711,20230711,3,2,2,2023-07-11 12:28:00,2023-07-11 15:55:46,Request to the API rate limit,39.0,207.76666666666668,,False,False,False,False,False,1
TK63332,20230711,20230712,1,1,2,2023-07-11 18:01:00,2023-07-12 01:17:54,Issue with a duplicate charge,80.0,436.9,,False,False,False,False,False,1
TK63868,20230711,20230715,3,5,1,2023-07-11 21:37:00,2023-07-15 15:50:39,Request to log in after password reset,84.0,5413.65,4.0,False,True,False,False,False,1
TK61420,20230712,20230712,1,1,3,2023-07-12 04:13:00,2023-07-12 14:10:45,Question about a duplicate charge,14.0,597.75,,False,False,False,False,False,1
TK62427,20230712,20230717,2,5,2,2023-07-12 04:54:00,2023-07-17 07:11:46,Issue with export my data,7.0,7337.766666666666,,False,False,False,False,False,1
TK62669,20230712,,1,5,2,2023-07-12 05:44:00,,Unable to export my data,213.0,,,True,False,False,False,False,1
TK60371,20230712,20230715,1,1,2,2023-07-12 06:49:00,2023-07-15 04:50:13,Cannot the dashboard loading slowly,45.0,4201.216666666666,,False,False,False,False,False,1
TK62155,20230712,20230712,3,5,2,2023-07-12 06:55:00,2023-07-12 21:57:29,How do I the API rate limit,34.0,902.4833333333332,,False,False,False,False,False,1
TK60036,20230712,20230714,3,2,1,2023-07-12 07:24:00,2023-07-14 16:58:27,How do I downgrade my plan,,3454.45,,False,False,False,False,False,1
TK63666,20230712,20230712,1,1,3,2023-07-12 10:20:00,2023-07-12 19:38:44,Issue with the invoice for last month,290.0,558.7333333333333,5.0,False,True,False,False,False,1
TK61764,20230712,20230715,4,1,2,2023-07-12 11:16:00,2023-07-15 19:39:13,Question about log in after password reset,49.0,4823.216666666666,,False,False,False,False,False,1
TK60216,20230712,20230712,2,4,3,2023-07-12 12:16:00,2023-07-12 13:12:14,Cannot the invoice for last month,46.0,56.23333333333333,,False,False,True,False,False,1
TK63089,20230712,20230724,4,5,1,2023-07-12 12:24:00,2023-07-24 03:22:47,Request to webhook deliveries failing,179.0,16738.783333333333,,False,False,False,False,True,1
TK60188,20230712,20230717,1,4,2,2023-07-12 16:27:00,2023-07-17 20:25:59,Unable to log in after password reset,125.0,7438.983333333334,,False,False,True,False,False,1
TK63520,20230712,20230713,2,5,1,2023-07-12 19:56:00,2023-07-13 20:48:19,Error when a duplicate charge,,1492.3166666666666,,False,False,False,False,False,1
TK63760,20230712,20230713,1,4,2,2023-07-12 20:03:00,2023-07-13 11:51:42,Cannot log in after password reset,117.0,948.7,5.0,False,True,False,False,False,1
TK63309,20230712,20230714,4,4,2,2023-07-12 22:59:00,2023-07-14 18:58:51,Question about export my data,42.0,2639.85,,False,False,False,False,False,1
TK62864,20230713,20230713,1,5,3,2023-07-13 00:07:00,2023-07-13 13:23:29,Question about the dashboard loading slowly,79.0,796.4833333333333,,False,False,False,False,False,1
TK62396,20230713,20230715,1,4,1,2023-07-13 03:37:00,2023-07-15 09:03:10,How do I downgrade my plan,161.0,3206.1666666666665,,False,False,False,False,False,1
TK62620,20230713,20230714,2,5,2,2023-07-13 05:14:00,2023-07-14 09:40:37,Cannot the API rate limit,40.0,1706.6166666666666,,False,False,False,False,False,1
TK63789,20230713,20230713,4,5,3,2023-07-13 05:52:00,2023-07-13 11:57:52,Error when export my data,4.0,365.8666666666667,5.0,False,True,False,False,False,1
TK63823,20230713,20230719,3,1,2,2023-07-13 06:26:00,2023-07-19 23:55:49,How do I connecting the Snowflake sync,293.0,9689.816666666668,,False,False,False,False,True,1
TK61353,20230713,20230713,1,4,2,2023-07-13 08:06:00,2023-07-13 19:38:26,Issue with a duplicate charge,89.0,692.4333333333333,2.0,False,True,False,False,False,1
TK63792,20230713,20230714,2,3,1,2023-07-13 15:53:00,2023-07-14 10:18:37,How do I a duplicate charge,246.0,1105.6166666666666,5.0,False,True,False,False,False,1
TK62568,20230713,20230717,2,5,2,2023-07-13 16:50:00,2023-07-17 02:44:48,Issue with the dashboard loading slowly,205.0,4914.8,,False,False,True,False,False,1
TK61262,20230713,20230716,2,5,2,2023-07-13 18:48:00,2023-07-16 21:10:07,Question about log in after password reset,273.0,4462.116666666667,,False,False,False,False,False,1
TK62876,20230713,20230714,4,1,3,2023-07-13 18:55:00,2023-07-14 07:53:08,Error when the invoice for last month,212.0,778.1333333333333,4.0,False,True,False,False,False,1
TK60567,20230713,20230716,3,5,1,2023-07-13 19:58:00,2023-07-16 23:06:48,How do I a duplicate charge,126.0,4508.8,,False,False,False,False,False,1
TK63893,20230713,20230718,1,5,2,2023-07-13 22:16:00,2023-07-18 00:48:33,Error when two-factor authentication,209.0,5912.55,,False,False,False,False,False,1
TK60460,20230714,20230714,2,4,1,2023-07-14 02:52:00,2023-07-14 13:19:44,Cannot downgrade my plan,727.0,627.7333333333333,,False,False,True,True,False,1
TK63051,20230714,20230715,4,2,1,2023-07-14 05:11:00,2023-07-15 19:19:34,Question about webhook deliveries failing,306.0,2288.5666666666666,,False,False,False,False,False,1
TK60759,20230714,20230724,3,4,1,2023-07-14 11:00:00,2023-07-24 12:10:39,Issue with connecting the Snowflake sync,400.0,14470.65,3.0,False,True,False,True,True,1
TK63275,20230714,20230715,1,4,1,2023-07-14 17:01:00,2023-07-15 05:50:55,How do I two-factor authentication,66.0,769.9166666666666,,False,False,False,False,False,1
TK62223,20230714,20230715,3,5,3,2023-07-14 17:59:00,2023-07-15 23:54:37,Error when a refund for an annual plan,,1795.6166666666666,,False,False,False,False,False,1
TK63663,20230714,20230717,3,3,1,2023-07-14 19:50:00,2023-07-17 04:46:00,Cannot a refund for an annual plan,175.0,3416.0,,False,False,False,False,False,1
TK60250,20230714,20230716,3,2,1,2023-07-14 21:38:00,2023-07-16 04:40:04,Issue with the API rate limit,117.0,1862.0666666666664,,False,False,False,False,False,1
TK63702,20230714,20230715,2,2,2,2023-07-14 22:37:00,2023-07-15 02:05:58,Question about a refund for an annual plan,83.0,208.96666666666667,1.0,False,True,False,False,False,1
TK62546,20230715,20230715,3,2,1,2023-07-15 00:21:00,2023-07-15 20:59:11,Unable to a duplicate charge,63.0,1238.1833333333334,,False,False,False,False,False,1
TK63637,20230715,20230716,3,5,4,2023-07-15 03:03:00,2023-07-16 03:57:36,Error when a duplicate charge,18.0,1494.6,5.0,False,True,False,False,False,1
TK61229,20230715,20230716,3,1,3,2023-07-15 04:12:00,2023-07-16 16:57:48,How do I add a teammate,237.0,2205.8,,False,False,False,False,False,1
TK60859,20230715,20230715,1,4,1,2023-07-15 05:07:00,2023-07-15 12:13:33,Error when the dashboard loading slowly,45.0,426.55,,False,False,False,False,False,1
TK60744,20230715,20230716,2,3,3,2023-07-15 05:15:00,2023-07-16 04:02:45,Unable to export my data,13.0,1367.75,3.0,False,True,False,False,False,1
TK60731,20230715,20230715,2,1,2,2023-07-15 08:05:00,2023-07-15 15:01:50,Question about a refund for an annual plan,1054.0,416.8333333333333,,False,False,False,True,False,1
TK62445,20230715,20230717,1,2,1,2023-07-15 10:19:00,2023-07-17 02:36:35,Issue with webhook deliveries failing,707.0,2417.583333333333,,False,False,False,True,False,1
TK63090,20230715,20230720,3,2,1,2023-07-15 13:13:00,2023-07-20 10:33:09,Issue with add a teammate,256.0,7040.15,,False,False,False,False,False,1
TK62516,20230715,20230716,3,1,3,2023-07-15 13:36:00,2023-07-16 14:34:09,Issue with export my data,304.0,1498.15,,False,False,False,False,False,1
TK63192,20230715,20230717,2,5,2,2023-07-15 18:34:00,2023-07-17 19:33:38,Error when two-factor authentication,603.0,2939.633333333333,,False,False,False,True,False,1
TK60595,20230715,20230719,1,5,2,2023-07-15 22:45:00,2023-07-19 20:00:40,Error when the invoice for last month,48.0,5595.666666666667,,False,False,False,False,False,1
TK63852,20230716,20230716,4,5,4,2023-07-16 00:19:00,2023-07-16 10:34:43,Request to two-factor authentication,23.0,615.7166666666667,,False,False,False,False,False,1
TK60326,20230716,20230716,2,4,2,2023-07-16 01:39:00,2023-07-16 21:06:03,Question about log in after password reset,67.0,1167.05,,False,False,False,False,False,1
TK62207,20230716,20230716,1,5,2,2023-07-16 05:21:00,2023-07-16 08:22:03,How do I the invoice for last month,155.0,181.05,5.0,False,True,False,False,False,1
TK63276,20230716,20230716,4,2,4,2023-07-16 07:57:00,2023-07-16 09:01:30,Cannot export my data,17.0,64.5,,False,False,False,False,False,1
TK60928,20230716,20230717,2,5,3,2023-07-16 12:27:00,2023-07-17 08:49:29,Unable to add a teammate,76.0,1222.4833333333331,,False,False,False,False,False,1
TK61705,20230716,20230716,3,2,3,2023-07-16 13:11:00,2023-07-16 14:05:17,Request to export my data,57.0,54.28333333333333,,False,False,False,False,False,1
TK62194,20230716,20230718,1,5,2,2023-07-16 15:14:00,2023-07-18 13:32:15,Question about the API rate limit,10.0,2778.25,2.0,False,True,False,False,False,1
TK60060,20230716,20230718,3,5,1,2023-07-16 16:56:00,2023-07-18 18:48:55,Unable to a duplicate charge,868.0,2992.9166666666665,5.0,False,True,False,True,False,1
TK61596,20230716,20230717,1,5,3,2023-07-16 21:26:00,2023-07-17 17:54:30,Error when two-factor authentication,32.0,1228.5,,False,False,False,False,False,1
TK60287,20230716,20230807,2,3,1,2023-07-16 22:12:00,2023-08-07 13:39:28,How do I a duplicate charge,104.0,31167.466666666667,,False,False,False,False,True,1
TK60856,20230717,20230717,2,1,2,2023-07-17 00:43:00,2023-07-17 09:50:14,Error when export my data,53.0,547.2333333333333,,False,False,False,False,False,1
TK63122,20230717,20230717,2,2,2,2023-07-17 01:09:00,2023-07-17 06:17:48,Unable to add a teammate,73.0,308.8,,False,False,False,False,False,1
TK63473,20230717,20230717,2,3,4,2023-07-17 01:16:00,2023-07-17 04:54:35,Request to export my data,17.0,218.58333333333331,,False,False,False,False,False,1
TK60933,20230717,20230717,1,3,3,2023-07-17 07:16:00,2023-07-17 08:23:02,Unable to connecting the Snowflake sync,29.0,67.03333333333333,,False,False,False,False,False,1
TK61873,20230717,20230719,1,3,1,2023-07-17 08:17:00,2023-07-19 01:08:18,Unable to export my data,1074.0,2451.3,,False,False,False,True,False,1
TK63267,20230717,20230726,2,4,3,2023-07-17 18:45:00,2023-07-26 13:02:00,Unable to the API rate limit,33.0,12617.0,5.0,False,True,False,False,True,1
TK61165,20230717,20230718,4,2,2,2023-07-17 21:55:00,2023-07-18 09:34:59,Unable to the API rate limit,65.0,699.9833333333333,,False,False,False,False,False,1
TK62230,20230717,20230720,3,3,1,2023-07-17 22:45:00,2023-07-20 21:34:35,Question about a duplicate charge,306.0,4249.583333333333,,False,False,False,False,False,1
TK62634,20230718,20230718,3,2,2,2023-07-18 00:13:00,2023-07-18 07:10:18,Unable to log in after password reset,133.0,417.3,,False,False,False,False,False,1
TK61693,20230718,20230720,2,3,2,2023-07-18 02:18:00,2023-07-20 18:40:28,Request to connecting the Snowflake sync,148.0,3862.4666666666662,,False,False,False,False,False,1
TK62926,20230718,20230718,2,2,2,2023-07-18 03:08:00,2023-07-18 19:39:58,Error when webhook deliveries failing,,991.9666666666668,,False,False,False,False,False,1
TK62688,20230718,20230722,1,4,2,2023-07-18 11:18:00,2023-07-22 02:08:35,Issue with connecting the Snowflake sync,137.0,5210.583333333333,,False,False,False,False,False,1
TK63442,20230718,20230721,3,3,2,2023-07-18 11:55:00,2023-07-21 00:07:23,How do I a refund for an annual plan,133.0,3612.383333333333,,False,False,False,False,False,1
TK60677,20230718,20230718,3,3,2,2023-07-18 14:52:00,2023-07-18 20:55:39,Issue with two-factor authentication,88.0,363.65,4.0,False,True,False,False,False,1
TK60874,20230718,20230719,2,4,2,2023-07-18 14:54:00,2023-07-19 08:53:20,Request to a duplicate charge,21.0,1079.3333333333333,,False,False,False,False,False,1
TK62405,20230718,20230723,1,1,1,2023-07-18 15:54:00,2023-07-23 08:44:20,Cannot export my data,59.0,6770.333333333333,,False,False,False,False,False,1
TK60248,20230718,20230725,2,5,1,2023-07-18 18:35:00,2023-07-25 16:36:44,Unable to a refund for an annual plan,,9961.733333333334,,False,False,False,False,True,1
TK60405,20230718,20230719,4,4,3,2023-07-18 20:54:00,2023-07-19 08:01:33,Error when log in after password reset,59.0,667.55,,False,False,True,False,False,1
TK61632,20230718,20230724,1,5,1,2023-07-18 22:13:00,2023-07-24 05:39:41,Request to downgrade my plan,21.0,7646.683333333333,,False,False,False,False,False,1
TK62643,20230719,20230720,2,5,3,2023-07-19 04:08:00,2023-07-20 21:14:55,Error when webhook deliveries failing,69.0,2466.9166666666665,,False,False,True,False,False,1
TK60501,20230719,20230719,2,5,3,2023-07-19 10:52:00,2023-07-19 16:36:40,Question about connecting the Snowflake sync,481.0,344.6666666666667,5.0,False,True,False,True,False,1
TK61729,20230719,20230719,4,2,2,2023-07-19 14:29:00,2023-07-19 23:35:12,How do I two-factor authentication,135.0,546.2,1.0,False,True,False,False,False,1
TK60453,20230719,20230720,2,5,3,2023-07-19 15:48:00,2023-07-20 03:47:37,Issue with the API rate limit,50.0,719.6166666666667,,False,False,False,False,False,1
TK60139,20230719,20230725,3,5,1,2023-07-19 15:59:00,2023-07-25 14:14:52,How do I two-factor authentication,483.0,8535.866666666667,2.0,False,True,True,True,True,1
TK61324,20230719,20230721,3,5,3,2023-07-19 16:09:00,2023-07-21 17:42:15,Request to log in after password reset,10.0,2973.25,,False,False,False,False,False,1
TK62214,20230719,20230722,2,5,1,2023-07-19 18:16:00,2023-07-22 13:19:09,Unable to add a teammate,473.0,4023.15,,False,False,False,True,False,1
TK63905,20230719,20230720,3,1,2,2023-07-19 20:42:00,2023-07-20 10:33:21,Error when add a teammate,63.0,831.35,,False,False,False,False,False,1
TK61640,20230719,20230720,3,5,2,2023-07-19 20:50:00,2023-07-20 01:54:18,Unable to export my data,82.0,304.3,,False,False,False,False,False,1
TK63533,20230719,20230723,3,2,2,2023-07-19 21:47:00,2023-07-23 18:13:42,How do I webhook deliveries failing,20.0,5546.7,,False,False,False,False,False,1
TK63522,20230719,20230723,1,5,3,2023-07-19 22:13:00,2023-07-23 10:41:01,Question about the API rate limit,57.0,5068.016666666666,,False,False,False,False,False,1
TK60798,20230720,,1,3,2,2023-07-20 05:36:00,,Error when the dashboard loading slowly,84.0,,,True,False,False,False,False,1
TK61967,20230720,20230721,2,5,2,2023-07-20 06:56:00,2023-07-21 02:14:46,How do I downgrade my plan,366.0,1158.7666666666669,,False,False,False,False,False,1
TK62880,20230720,20230720,4,1,2,2023-07-20 07:06:00,2023-07-20 21:34:12,Question about two-factor authentication,34.0,868.2,2.0,False,True,False,False,False,1
TK62023,20230720,20230720,4,5,2,2023-07-20 07:47:00,2023-07-20 13:29:22,Request to connecting the Snowflake sync,78.0,342.3666666666667,4.0,False,True,False,False,False,1
TK62508,20230720,20230720,2,1,4,2023-07-20 12:04:00,2023-07-20 14:25:47,Question about two-factor authentication,9.0,141.78333333333333,,False,False,False,False,False,1
TK60488,20230720,20230720,1,4,2,2023-07-20 12:10:00,2023-07-20 14:01:45,Cannot log in after password reset,270.0,111.75,,False,False,False,False,False,1
TK62292,20230720,20230721,3,5,2,2023-07-20 12:17:00,2023-07-21 07:17:30,Issue with a duplicate charge,102.0,1140.5,,False,False,False,False,False,1
TK61445,20230720,20230720,2,2,4,2023-07-20 15:22:00,2023-07-20 20:58:31,Issue with add a teammate,4.0,336.51666666666665,,False,False,False,False,False,1
TK61254,20230720,20230722,2,5,2,2023-07-20 18:10:00,2023-07-22 16:43:18,Error when the dashboard loading slowly,41.0,2793.3,5.0,False,True,False,False,False,1
TK61338,20230720,,1,2,3,2023-07-20 19:35:00,,Question about the API rate limit,81.0,,,True,False,False,False,False,1
TK63250,20230720,20230721,4,4,2,2023-07-20 23:08:00,2023-07-21 04:35:59,Error when two-factor authentication,59.0,327.9833333333333,,False,False,False,False,False,1
TK61558,20230720,20230721,4,4,3,2023-07-20 23:17:00,2023-07-21 08:59:04,Cannot a duplicate charge,37.0,582.0666666666667,,False,False,False,False,False,1
TK60171,20230720,20230721,2,1,3,2023-07-20 23:38:00,2023-07-21 18:07:26,Unable to connecting the Snowflake sync,16.0,1109.4333333333334,,False,False,False,False,False,1
TK61070,20230721,20230721,2,5,2,2023-07-21 05:01:00,2023-07-21 13:11:53,Issue with a duplicate charge,39.0,490.8833333333333,5.0,False,True,False,False,False,1
TK62684,20230721,20230729,1,5,2,2023-07-21 08:06:00,2023-07-29 19:45:20,Error when the dashboard loading slowly,9.0,12219.333333333334,,False,False,False,False,True,1
TK62601,20230721,20230721,4,4,4,2023-07-21 16:10:00,2023-07-21 17:43:08,Unable to a refund for an annual plan,24.0,93.13333333333334,3.0,False,True,False,False,False,1
TK61872,20230721,20230721,1,2,3,2023-07-21 16:17:00,2023-07-21 22:57:31,How do I a duplicate charge,83.0,400.51666666666665,,False,False,True,False,False,1
TK62261,20230721,20230728,1,5,1,2023-07-21 19:23:00,2023-07-28 00:14:34,Question about two-factor authentication,506.0,8931.566666666668,,False,False,False,True,True,1
TK62977,20230721,20230722,2,2,2,2023-07-21 19:50:00,2023-07-22 00:45:21,Issue with a refund for an annual plan,321.0,295.35,5.0,False,True,False,False,False,1
TK62689,20230721,20230722,3,5,3,2023-07-21 20:15:00,2023-07-22 21:39:09,How do I downgrade my plan,78.0,1524.15,,False,False,False,False,False,1
TK62553,20230722,20230722,2,1,2,2023-07-22 01:47:00,2023-07-22 16:01:01,Request to a refund for an annual plan,93.0,854.0166666666667,5.0,False,True,False,False,False,1
TK61619,20230722,20230724,2,3,3,2023-07-22 02:54:00,2023-07-24 11:32:52,Error when webhook deliveries failing,107.0,3398.866666666667,,False,False,False,False,False,1
TK63906,20230722,20230724,2,5,1,2023-07-22 09:40:00,2023-07-24 02:53:41,Error when add a teammate,131.0,2473.6833333333334,,False,False,False,False,False,1
TK61495,20230722,20230723,4,2,2,2023-07-22 12:36:00,2023-07-23 01:59:15,Request to webhook deliveries failing,132.0,803.25,,False,False,False,False,False,1
TK63695,20230722,20230723,3,1,2,2023-07-22 14:42:00,2023-07-23 13:54:50,Cannot the API rate limit,,1392.8333333333333,,False,False,True,False,False,1
TK61750,20230722,,3,5,3,2023-07-22 15:02:00,,Error when a duplicate charge,70.0,,,True,False,False,False,False,1
TK63170,20230722,20230810,2,2,2,2023-07-22 19:40:00,2023-08-10 14:19:10,How do I log in after password reset,361.0,27039.166666666668,,False,False,False,False,True,1
TK61425,20230723,20230724,1,4,2,2023-07-23 00:46:00,2023-07-24 14:28:56,How do I connecting the Snowflake sync,45.0,2262.9333333333334,,False,False,False,False,False,1
TK62446,20230723,20230723,2,4,4,2023-07-23 03:57:00,2023-07-23 19:07:49,Question about webhook deliveries failing,160.0,910.8166666666668,5.0,False,True,False,False,False,1
TK61072,20230723,20230723,3,4,3,2023-07-23 05:13:00,2023-07-23 09:30:49,Error when connecting the Snowflake sync,51.0,257.81666666666666,5.0,False,True,False,False,False,1
TK62834,20230723,20230725,1,5,3,2023-07-23 10:23:00,2023-07-25 03:58:02,How do I a refund for an annual plan,40.0,2495.0333333333333,,False,False,False,False,False,1
TK61807,20230723,,3,4,2,2023-07-23 10:54:00,,Question about webhook deliveries failing,34.0,,,True,False,False,False,False,1
TK63728,20230723,20230724,1,1,2,2023-07-23 15:34:00,2023-07-24 00:20:04,Question about the invoice for last month,142.0,526.0666666666667,,False,False,False,False,False,1
TK60179,20230723,20230723,2,5,2,2023-07-23 16:26:00,2023-07-23 22:37:47,Error when connecting the Snowflake sync,76.0,371.78333333333336,,False,False,False,False,False,1
TK63621,20230723,20230725,2,5,2,2023-07-23 16:46:00,2023-07-25 21:55:58,Question about two-factor authentication,24.0,3189.9666666666667,4.0,False,True,False,False,False,1
TK61312,20230723,20230729,3,4,2,2023-07-23 18:40:00,2023-07-29 10:36:10,Error when two-factor authentication,27.0,8156.166666666667,,False,False,False,False,False,1
TK60114,20230723,20230728,1,5,2,2023-07-23 22:57:00,2023-07-28 01:59:31,Request to a refund for an annual plan,53.0,5942.516666666666,,False,False,False,False,False,1
TK62116,20230724,20230724,1,1,2,2023-07-24 00:00:00,2023-07-24 02:31:07,How do I a refund for an annual plan,77.0,151.11666666666667,,False,False,False,False,False,1
TK60458,20230724,20230724,3,3,4,2023-07-24 03:37:00,2023-07-24 16:40:13,Error when add a teammate,21.0,783.2166666666667,,False,False,False,False,False,1
TK63995,20230724,20230801,4,2,2,2023-07-24 05:25:00,2023-08-01 13:38:53,Unable to connecting the Snowflake sync,129.0,12013.883333333331,5.0,False,True,True,False,True,1
TK61499,20230724,20230724,2,3,4,2023-07-24 07:54:00,2023-07-24 19:22:52,Error when the dashboard loading slowly,41.0,688.8666666666667,,False,False,False,False,False,1
TK60747,20230724,20230724,1,5,4,2023-07-24 08:54:00,2023-07-24 12:26:31,Error when the dashboard loading slowly,58.0,212.51666666666668,5.0,False,True,False,False,False,1
TK61806,20230724,20230728,3,4,2,2023-07-24 14:39:00,2023-07-28 07:59:06,How do I the dashboard loading slowly,94.0,5360.1,,False,False,False,False,False,1
TK60468,20230724,20230726,1,2,2,2023-07-24 16:46:00,2023-07-26 00:47:18,Question about add a teammate,356.0,1921.3,,False,False,False,False,False,1
TK62180,20230724,20230725,2,1,2,2023-07-24 20:35:00,2023-07-25 21:38:09,How do I export my data,18.0,1503.15,,False,False,False,False,False,1
TK60994,20230724,20230725,1,5,2,2023-07-24 20:38:00,2023-07-25 19:38:12,Unable to connecting the Snowflake sync,217.0,1380.2,,False,False,False,False,False,1
TK62638,20230724,20230725,2,2,2,2023-07-24 21:04:00,2023-07-25 07:55:58,Issue with a duplicate charge,25.0,651.9666666666667,,False,False,False,False,False,1
TK60128,20230724,20230724,1,2,4,2023-07-24 23:11:00,2023-07-24 23:56:32,Request to export my data,44.0,45.53333333333333,,False,False,False,False,False,1
TK62457,20230725,,1,4,3,2023-07-25 07:01:00,,Question about add a teammate,14.0,,,True,False,False,False,False,1
TK61890,20230725,20230726,3,1,2,2023-07-25 10:27:00,2023-07-26 19:48:32,Unable to downgrade my plan,582.0,2001.5333333333333,,False,False,False,True,False,1
TK63796,20230725,20230725,1,1,3,2023-07-25 11:41:00,2023-07-25 15:06:04,Request to the invoice for last month,101.0,205.06666666666663,4.0,False,True,False,False,False,1
TK63004,20230725,20230727,4,2,2,2023-07-25 15:12:00,2023-07-27 16:19:05,Question about connecting the Snowflake sync,62.0,2947.083333333333,5.0,False,True,False,False,False,1
TK60695,20230725,20230727,3,1,2,2023-07-25 15:30:00,2023-07-27 19:54:30,How do I the invoice for last month,123.0,3144.5,5.0,False,True,False,False,False,1
TK63329,20230725,20230726,1,5,2,2023-07-25 17:45:00,2023-07-26 19:22:59,Error when downgrade my plan,338.0,1537.9833333333331,5.0,False,True,False,False,False,1
TK63319,20230725,20230727,3,4,2,2023-07-25 18:18:00,2023-07-27 22:12:50,Question about the API rate limit,26.0,3114.833333333333,,False,False,False,False,False,1
TK63144,20230725,20230726,1,1,2,2023-07-25 19:17:00,2023-07-26 10:50:18,Unable to the dashboard loading slowly,167.0,933.3,,False,False,False,False,False,1
TK61293,20230725,20230728,1,5,1,2023-07-25 20:48:00,2023-07-28 20:16:50,How do I the dashboard loading slowly,61.0,4288.833333333333,,False,False,False,False,False,1
TK62240,20230725,20230803,2,5,1,2023-07-25 21:56:00,2023-08-03 21:20:44,Question about log in after password reset,,12924.733333333334,,False,False,False,False,True,1
TK61532,20230725,20230726,1,4,3,2023-07-25 23:26:00,2023-07-26 04:29:56,Request to the invoice for last month,34.0,303.93333333333334,,False,False,False,False,False,1
TK63741,20230725,20230726,3,4,3,2023-07-25 23:40:00,2023-07-26 23:39:24,Error when log in after password reset,22.0,1439.4,4.0,False,True,False,False,False,1
TK61711,20230726,20230726,1,1,2,2023-07-26 00:26:00,2023-07-26 06:41:19,Request to the invoice for last month,74.0,375.31666666666666,,False,False,False,False,False,1
TK63614,20230726,20230726,2,3,4,2023-07-26 00:48:00,2023-07-26 12:33:23,Cannot the dashboard loading slowly,21.0,705.3833333333333,5.0,False,True,False,False,False,1
TK63654,20230726,20230726,2,1,2,2023-07-26 04:08:00,2023-07-26 07:41:03,Request to a duplicate charge,89.0,213.05,,False,False,False,False,False,1
TK63634,20230726,20230726,4,1,1,2023-07-26 08:32:00,2023-07-26 18:29:12,How do I export my data,70.0,597.2,4.0,False,True,False,False,False,1
TK60469,20230726,20230727,4,1,1,2023-07-26 09:09:00,2023-07-27 03:07:25,Question about the invoice for last month,186.0,1078.4166666666667,,False,False,False,False,False,1
TK62625,20230726,20230728,3,5,2,2023-07-26 12:27:00,2023-07-28 16:34:25,How do I log in after password reset,23.0,3127.4166666666665,,False,False,False,False,False,1
TK61575,20230726,20230726,4,5,3,2023-07-26 13:48:00,2023-07-26 17:34:40,How do I the invoice for last month,25.0,226.66666666666663,,False,False,False,False,False,1
TK62656,20230726,20230729,4,1,2,2023-07-26 19:33:00,2023-07-29 02:27:22,Request to export my data,47.0,3294.366666666667,,False,False,False,False,False,1
TK61624,20230726,20230729,1,5,2,2023-07-26 20:18:00,2023-07-29 08:26:16,Error when add a teammate,69.0,3608.266666666667,,False,False,False,False,False,1
TK63610,20230726,20230727,2,5,3,2023-07-26 20:40:00,2023-07-27 02:49:21,Request to the invoice for last month,76.0,369.35,,False,False,False,False,False,1
TK63017,20230727,20230728,1,5,1,2023-07-27 01:28:00,2023-07-28 06:30:16,Unable to the dashboard loading slowly,470.0,1742.2666666666669,5.0,False,True,False,True,False,1
TK60936,20230727,20230730,2,1,2,2023-07-27 03:21:00,2023-07-30 11:52:46,Issue with add a teammate,65.0,4831.766666666666,,False,False,False,False,False,1
TK60831,20230727,20230727,3,5,3,2023-07-27 10:13:00,2023-07-27 20:27:20,Question about downgrade my plan,66.0,614.3333333333334,,False,False,False,False,False,1
TK63620,20230727,20230728,1,1,3,2023-07-27 15:29:00,2023-07-28 03:11:27,Issue with a duplicate charge,29.0,702.45,,False,False,True,False,False,1
TK63142,20230727,20230730,4,1,2,2023-07-27 15:56:00,2023-07-30 06:51:35,Request to export my data,296.0,3775.5833333333335,,False,False,False,False,False,1
TK60457,20230727,20230728,1,2,2,2023-07-27 18:53:00,2023-07-28 15:41:09,Issue with add a teammate,69.0,1248.15,,False,False,False,False,False,1
TK62960,20230727,20230730,1,1,1,2023-07-27 19:57:00,2023-07-30 16:20:21,Cannot export my data,670.0,4103.35,,False,False,False,True,False,1
TK63557,20230727,,2,2,2,2023-07-27 22:55:00,,How do I the API rate limit,223.0,,,True,False,False,False,False,1
TK60685,20230728,20230802,2,4,3,2023-07-28 05:53:00,2023-08-02 21:19:06,Unable to connecting the Snowflake sync,37.0,8126.1,3.0,False,True,False,False,False,1
TK63966,20230728,20230730,3,5,3,2023-07-28 07:09:00,2023-07-30 00:49:49,Error when the invoice for last month,61.0,2500.8166666666666,,False,False,False,False,False,1
TK61582,20230728,20230805,2,5,2,2023-07-28 08:24:00,2023-08-05 06:16:28,Request to webhook deliveries failing,626.0,11392.466666666667,,False,False,False,True,True,1
TK63837,20230728,20230729,3,5,2,2023-07-28 10:38:00,2023-07-29 13:35:40,Cannot a duplicate charge,90.0,1617.6666666666667,,False,False,False,False,False,1
TK63456,20230728,20230728,3,4,3,2023-07-28 11:40:00,2023-07-28 13:47:34,Error when export my data,61.0,127.56666666666666,,False,False,False,False,False,1
TK63733,20230728,20230812,4,2,2,2023-07-28 18:14:00,2023-08-12 02:39:56,Error when two-factor authentication,77.0,20665.93333333333,,False,False,False,False,True,1
TK62196,20230728,20230731,3,5,1,2023-07-28 18:22:00,2023-07-31 20:59:42,Error when webhook deliveries failing,131.0,4477.7,1.0,False,True,False,False,False,1
TK62566,20230728,20230730,4,1,3,2023-07-28 22:39:00,2023-07-30 05:00:01,Error when a duplicate charge,93.0,1821.0166666666669,,False,False,True,False,False,1
TK63981,20230729,20230804,3,3,2,2023-07-29 01:12:00,2023-08-04 18:28:52,Issue with the invoice for last month,72.0,9676.866666666669,,False,False,False,False,True,1
TK60465,20230729,20230802,1,1,1,2023-07-29 04:15:00,2023-08-02 10:22:59,Question about add a teammate,146.0,6127.983333333334,5.0,False,True,False,False,False,1
TK63584,20230729,20230730,2,2,3,2023-07-29 04:18:00,2023-07-30 05:03:30,Cannot the dashboard loading slowly,234.0,1485.5,5.0,False,True,False,False,False,1
TK62858,20230729,20230729,2,5,3,2023-07-29 06:56:00,2023-07-29 20:22:33,Cannot a duplicate charge,27.0,806.55,,False,False,False,False,False,1
TK60368,20230729,20230729,1,4,2,2023-07-29 12:49:00,2023-07-29 16:23:26,Request to the dashboard loading slowly,20.0,214.4333333333333,,False,False,False,False,False,1
TK62805,20230729,20230802,2,5,2,2023-07-29 14:29:00,2023-08-02 08:21:26,Question about a duplicate charge,132.0,5392.433333333333,,False,False,False,False,False,1
TK60761,20230729,20230730,1,5,2,2023-07-29 16:26:00,2023-07-30 17:03:40,Question about connecting the Snowflake sync,24.0,1477.6666666666667,5.0,False,True,False,False,False,1
TK60903,20230729,20230804,4,5,2,2023-07-29 20:15:00,2023-08-04 00:04:19,Cannot connecting the Snowflake sync,141.0,7429.316666666667,,False,False,False,False,False,1
TK61544,20230729,20230803,4,2,2,2023-07-29 20:28:00,2023-08-03 22:06:32,Error when export my data,158.0,7298.533333333334,3.0,False,True,False,False,False,1
TK60964,20230730,20230730,1,5,3,2023-07-30 01:46:00,2023-07-30 12:53:33,Issue with log in after password reset,35.0,667.55,,False,False,True,False,False,1
TK62972,20230730,20230730,2,4,3,2023-07-30 01:54:00,2023-07-30 23:42:43,How do I downgrade my plan,28.0,1308.7166666666667,,False,False,False,False,False,1
TK60159,20230730,20230807,4,5,3,2023-07-30 11:47:00,2023-08-07 17:46:06,How do I the API rate limit,54.0,11879.1,5.0,False,True,False,False,True,1
TK60408,20230730,20230801,2,5,1,2023-07-30 12:01:00,2023-08-01 12:20:04,Unable to connecting the Snowflake sync,130.0,2899.0666666666666,,False,False,False,False,False,1
TK60105,20230730,20230731,2,4,2,2023-07-30 14:16:00,2023-07-31 22:01:04,Cannot the API rate limit,232.0,1905.0666666666664,,False,False,False,False,False,1
TK61528,20230730,20230730,2,2,2,2023-07-30 15:46:00,2023-07-30 18:45:35,Error when the invoice for last month,45.0,179.58333333333334,4.0,False,True,False,False,False,1
TK63417,20230730,20230731,4,4,2,2023-07-30 15:51:00,2023-07-31 10:28:59,How do I the invoice for last month,91.0,1117.9833333333331,,False,False,False,False,False,1
TK62655,20230730,20230730,1,2,3,2023-07-30 16:09:00,2023-07-30 23:17:21,Unable to the API rate limit,103.0,428.35,,False,False,True,False,False,1
TK61053,20230730,20230731,4,4,2,2023-07-30 20:56:00,2023-07-31 07:10:00,Request to a refund for an annual plan,39.0,614.0,,False,False,False,False,False,1
TK61793,20230730,20230808,4,5,1,2023-07-30 23:01:00,2023-08-08 05:52:34,Unable to add a teammate,75.0,11931.566666666668,2.0,False,True,False,False,True,1
TK63619,20230730,20231001,3,3,2,2023-07-30 23:52:00,2023-10-01 11:16:11,Issue with two-factor authentication,56.0,89964.18333333333,,False,False,False,False,True,1
TK63496,20230731,20230731,2,2,3,2023-07-31 01:05:00,2023-07-31 03:52:01,Issue with downgrade my plan,385.0,167.01666666666668,,False,False,True,False,False,1
TK60822,20230731,,1,5,1,2023-07-31 04:42:00,,Question about a refund for an annual plan,21.0,,,True,False,False,False,False,1
TK60030,20230731,20230801,3,2,4,2023-07-31 07:21:00,2023-08-01 01:56:51,Cannot connecting the Snowflake sync,48.0,1115.85,,False,False,False,False,False,1
TK60788,20230731,20230731,1,4,3,2023-07-31 10:13:00,2023-07-31 13:47:07,Issue with a refund for an annual plan,39.0,214.11666666666667,2.0,False,True,False,False,False,1
TK63554,20230731,20230731,2,2,2,2023-07-31 13:39:00,2023-07-31 14:50:36,How do I add a teammate,112.0,71.6,,False,False,False,False,False,1
TK60540,20230731,20230731,2,3,3,2023-07-31 14:59:00,2023-07-31 17:28:57,Unable to the invoice for last month,52.0,149.95,5.0,False,True,False,False,False,1
TK63640,20230731,20230801,3,2,3,2023-07-31 23:21:00,2023-08-01 02:32:52,Unable to log in after password reset,67.0,191.86666666666667,,False,False,False,False,False,1
TK62610,20230801,20230803,2,5,2,2023-08-01 01:36:00,2023-08-03 08:00:06,How do I connecting the Snowflake sync,453.0,3264.1,2.0,False,True,True,True,False,1
TK62081,20230801,20230812,2,3,1,2023-08-01 03:53:00,2023-08-12 23:28:52,Question about log in after password reset,75.0,17015.866666666665,,False,False,False,False,True,1
TK61742,20230801,20230806,1,2,3,2023-08-01 05:53:00,2023-08-06 23:01:14,Cannot a refund for an annual plan,54.0,8228.233333333334,5.0,False,True,False,False,False,1
TK62933,20230801,20230826,3,5,1,2023-08-01 07:20:00,2023-08-26 21:25:47,Error when webhook deliveries failing,226.0,36845.78333333333,,False,False,False,False,True,1
TK61767,20230801,20230802,1,2,2,2023-08-01 08:28:00,2023-08-02 02:37:09,Question about log in after password reset,64.0,1089.15,,False,False,False,False,False,1
TK61372,20230801,20230802,3,2,1,2023-08-01 09:10:00,2023-08-02 09:28:54,Issue with the API rate limit,620.0,1458.9,,False,False,False,True,False,1
TK63257,20230801,20230801,2,2,3,2023-08-01 12:07:00,2023-08-01 14:25:25,Error when connecting the Snowflake sync,21.0,138.41666666666666,,False,False,False,False,False,1
TK62510,20230801,20230811,4,5,1,2023-08-01 12:41:00,2023-08-11 07:53:06,Request to two-factor authentication,63.0,14112.1,,False,False,False,False,True,1
TK61962,20230801,,3,5,1,2023-08-01 13:58:00,,Issue with export my data,81.0,,,True,False,False,False,False,1
TK61613,20230801,20230803,3,5,2,2023-08-01 16:08:00,2023-08-03 10:25:48,Question about webhook deliveries failing,85.0,2537.8,4.0,False,True,False,False,False,1
TK60664,20230801,20230801,1,2,4,2023-08-01 18:50:00,2023-08-01 19:08:35,Error when a refund for an annual plan,8.0,18.58333333333333,5.0,False,True,False,False,False,1
TK60299,20230801,20230803,1,3,3,2023-08-01 20:42:00,2023-08-03 07:03:49,Request to the API rate limit,204.0,2061.8166666666666,,False,False,False,False,False,1
TK60558,20230802,20230803,2,4,2,2023-08-02 08:09:00,2023-08-03 03:39:57,Error when downgrade my plan,142.0,1170.95,,False,False,False,False,False,1
TK60600,20230802,20230803,4,4,2,2023-08-02 10:38:00,2023-08-03 09:23:49,Issue with export my data,58.0,1365.8166666666666,,False,False,False,False,False,1
TK60735,20230802,20230807,1,5,1,2023-08-02 10:41:00,2023-08-07 22:09:42,Request to a duplicate charge,,7888.7,4.0,False,True,False,False,False,1
TK60091,20230802,20230804,1,2,3,2023-08-02 12:29:00,2023-08-04 17:03:10,Request to export my data,49.0,3154.1666666666665,,False,False,False,False,False,1
TK63206,20230802,20230805,3,3,1,2023-08-02 12:44:00,2023-08-05 08:22:37,Unable to the invoice for last month,186.0,4058.616666666667,,False,False,False,False,False,1
TK60663,20230802,20230803,2,2,2,2023-08-02 13:02:00,2023-08-03 20:26:25,Issue with two-factor authentication,44.0,1884.4166666666667,1.0,False,True,False,False,False,1
TK61616,20230802,20230802,4,5,2,2023-08-02 13:08:00,2023-08-02 16:27:15,How do I webhook deliveries failing,113.0,199.25,,False,False,False,False,False,1
TK62841,20230803,20230803,1,2,4,2023-08-03 01:03:00,2023-08-03 02:32:03,Error when a duplicate charge,23.0,89.05,,False,False,False,False,False,1
TK63032,20230803,20230803,2,5,3,2023-08-03 03:58:00,2023-08-03 12:34:53,Error when the API rate limit,26.0,516.8833333333333,,False,False,False,False,False,1
TK60107,20230803,20230808,3,1,2,2023-08-03 04:39:00,2023-08-08 02:47:28,Unable to the API rate limit,94.0,7088.466666666666,,False,False,False,False,False,1
TK63423,20230803,20230804,3,1,3,2023-08-03 06:02:00,2023-08-04 19:50:20,Question about two-factor authentication,139.0,2268.333333333333,,False,False,False,False,False,1
TK63314,20230803,20230803,1,2,3,2023-08-03 07:55:00,2023-08-03 15:54:36,Issue with connecting the Snowflake sync,89.0,479.6,,False,False,False,False,False,1
TK61151,20230803,20230803,3,4,3,2023-08-03 09:38:00,2023-08-03 12:28:24,Request to the API rate limit,37.0,170.4,5.0,False,True,False,False,False,1
TK62741,20230803,20230804,2,5,4,2023-08-03 11:33:00,2023-08-04 20:34:18,Unable to the dashboard loading slowly,51.0,1981.3,,False,False,False,False,False,1
TK60952,20230803,20230808,4,5,1,2023-08-03 12:39:00,2023-08-08 01:37:22,Request to webhook deliveries failing,69.0,6538.366666666667,,False,False,False,False,False,1
TK61918,20230803,20230805,3,5,1,2023-08-03 14:55:00,2023-08-05 16:38:28,Question about a refund for an annual plan,455.0,2983.4666666666667,,False,False,False,True,False,1
TK61009,20230803,20230806,2,5,2,2023-08-03 21:04:00,2023-08-06 06:35:55,How do I a refund for an annual plan,229.0,3451.9166666666665,,False,False,False,False,False,1
TK61620,20230803,20230818,4,5,1,2023-08-03 23:09:00,2023-08-18 17:16:05,Issue with a refund for an annual plan,396.0,21247.08333333333,,False,False,False,True,True,1
TK61594,20230804,20230804,2,5,3,2023-08-04 01:41:00,2023-08-04 15:05:14,Unable to webhook deliveries failing,50.0,804.2333333333333,,False,False,False,False,False,1
TK63656,20230804,20230805,2,5,4,2023-08-04 02:32:00,2023-08-05 05:37:38,How do I a refund for an annual plan,19.0,1625.6333333333334,1.0,False,True,False,False,False,1
TK60403,20230804,20230804,4,5,2,2023-08-04 03:20:00,2023-08-04 21:12:32,Cannot add a teammate,196.0,1072.5333333333333,,False,False,False,False,False,1
TK61131,20230804,20230807,2,5,2,2023-08-04 06:40:00,2023-08-07 13:32:42,Request to a duplicate charge,,4732.7,,False,False,False,False,False,1
TK60067,20230804,20230808,2,1,2,2023-08-04 07:26:00,2023-08-08 09:20:51,Request to connecting the Snowflake sync,416.0,5874.85,,False,False,False,True,False,1
TK62712,20230804,20230807,1,5,2,2023-08-04 08:09:00,2023-08-07 21:22:41,Question about a duplicate charge,72.0,5113.683333333333,,False,False,False,False,False,1
TK63737,20230804,20230804,2,1,3,2023-08-04 09:24:00,2023-08-04 15:46:42,How do I connecting the Snowflake sync,33.0,382.7,,False,False,False,False,False,1
TK60017,20230804,20230804,2,5,3,2023-08-04 11:45:00,2023-08-04 20:06:57,Error when add a teammate,23.0,501.95,,False,False,False,False,False,1
TK61659,20230804,20230805,2,5,3,2023-08-04 15:48:00,2023-08-05 02:36:14,Cannot add a teammate,47.0,648.2333333333333,,False,False,True,False,False,1
TK61866,20230804,20230806,3,5,2,2023-08-04 16:26:00,2023-08-06 23:11:22,Unable to add a teammate,23.0,3285.366666666667,,False,False,False,False,False,1
TK62857,20230804,20230805,3,2,1,2023-08-04 17:29:00,2023-08-05 16:35:04,Unable to the invoice for last month,316.0,1386.0666666666666,4.0,False,True,False,False,False,1
TK62360,20230804,20230804,2,2,2,2023-08-04 19:26:00,2023-08-04 23:06:14,Error when a duplicate charge,64.0,220.2333333333333,,False,False,False,False,False,1
TK63955,20230804,20230805,1,5,1,2023-08-04 22:38:00,2023-08-05 10:31:08,Unable to webhook deliveries failing,103.0,713.1333333333333,4.0,False,True,False,False,False,1
TK63466,20230804,20230807,1,5,1,2023-08-04 23:12:00,2023-08-07 02:04:43,Issue with the API rate limit,247.0,3052.7166666666667,,False,False,False,False,False,1
TK60955,20230805,20230805,3,2,4,2023-08-05 02:20:00,2023-08-05 07:04:22,Question about webhook deliveries failing,10.0,284.3666666666667,4.0,False,True,False,False,False,1
TK62364,20230805,20230807,1,5,1,2023-08-05 03:03:00,2023-08-07 04:22:03,Question about log in after password reset,731.0,2959.05,,False,False,False,True,False,1
TK63567,20230805,20230810,3,5,2,2023-08-05 06:17:00,2023-08-10 02:18:05,How do I webhook deliveries failing,74.0,6961.083333333333,,False,False,False,False,False,1
TK63521,20230805,20230808,1,3,1,2023-08-05 07:42:00,2023-08-08 06:42:02,Issue with a refund for an annual plan,65.0,4260.033333333334,,False,False,False,False,False,1
TK60392,20230805,20230806,3,2,1,2023-08-05 09:52:00,2023-08-06 04:08:55,Question about log in after password reset,90.0,1096.9166666666667,,False,False,False,False,False,1
TK61204,20230805,20230807,2,5,1,2023-08-05 17:59:00,2023-08-07 13:28:33,Cannot webhook deliveries failing,33.0,2609.55,4.0,False,True,False,False,False,1
TK61061,20230805,20230807,4,2,2,2023-08-05 18:19:00,2023-08-07 06:53:51,Issue with the invoice for last month,234.0,2194.85,3.0,False,True,False,False,False,1
TK60074,20230805,20230806,3,5,2,2023-08-05 19:04:00,2023-08-06 08:31:33,Request to export my data,32.0,807.55,5.0,False,True,False,False,False,1
TK61317,20230805,,2,5,2,2023-08-05 19:05:00,,Cannot a duplicate charge,79.0,,,True,False,False,False,False,1
TK61924,20230805,20230806,2,2,3,2023-08-05 23:23:00,2023-08-06 09:29:26,Cannot two-factor authentication,17.0,606.4333333333333,2.0,False,True,False,False,False,1
TK61115,20230806,20230806,1,1,3,2023-08-06 02:23:00,2023-08-06 08:20:21,Unable to add a teammate,15.0,357.35,,False,False,False,False,False,1
TK60011,20230806,20230807,1,2,1,2023-08-06 08:20:00,2023-08-07 09:22:25,Question about connecting the Snowflake sync,,1502.4166666666667,,False,False,False,False,False,1
TK63861,20230806,20230812,3,4,1,2023-08-06 09:08:00,2023-08-12 20:32:38,Cannot add a teammate,305.0,9324.633333333331,1.0,False,True,False,False,True,1
TK60979,20230806,20230806,4,1,2,2023-08-06 10:27:00,2023-08-06 16:40:12,Question about webhook deliveries failing,113.0,373.2,,False,False,False,False,False,1
TK60950,20230806,20230808,2,5,2,2023-08-06 13:03:00,2023-08-08 17:43:53,Error when webhook deliveries failing,325.0,3160.883333333333,5.0,False,True,False,False,False,1
TK62630,20230806,20230806,1,4,3,2023-08-06 13:17:00,2023-08-06 20:32:50,Cannot webhook deliveries failing,22.0,435.8333333333333,,False,False,False,False,False,1
TK63668,20230806,20230807,4,3,3,2023-08-06 14:40:00,2023-08-07 16:02:13,Issue with a refund for an annual plan,22.0,1522.2166666666667,,False,False,False,False,False,1
TK60651,20230806,20230810,2,5,2,2023-08-06 18:50:00,2023-08-10 03:51:05,Question about webhook deliveries failing,198.0,4861.083333333333,,False,False,False,False,False,1
TK62191,20230807,20230807,2,2,4,2023-08-07 01:35:00,2023-08-07 05:50:49,Question about a refund for an annual plan,53.0,255.81666666666663,,False,False,False,False,False,1
TK63124,20230807,20230808,1,3,2,2023-08-07 01:37:00,2023-08-08 22:56:13,Request to webhook deliveries failing,21.0,2719.2166666666667,,False,False,False,False,False,1
TK62996,20230807,20230817,1,3,1,2023-08-07 05:25:00,2023-08-17 12:54:10,Issue with the dashboard loading slowly,420.0,14849.166666666666,1.0,False,True,False,True,True,1
TK61244,20230807,,3,5,2,2023-08-07 05:50:00,,Error when a refund for an annual plan,114.0,,,True,False,False,False,False,1
TK63975,20230807,20230808,1,2,2,2023-08-07 08:19:00,2023-08-08 12:49:26,Request to connecting the Snowflake sync,192.0,1710.4333333333334,,False,False,False,False,False,1
TK62373,20230807,20230808,2,1,3,2023-08-07 10:14:00,2023-08-08 20:31:10,Error when webhook deliveries failing,43.0,2057.1666666666665,,False,False,False,False,False,1
TK62592,20230807,20230808,1,1,3,2023-08-07 17:10:00,2023-08-08 02:09:06,Error when two-factor authentication,42.0,539.1,,False,False,False,False,False,1
TK60948,20230807,20230809,1,3,2,2023-08-07 17:11:00,2023-08-09 12:37:20,How do I two-factor authentication,394.0,2606.333333333333,,False,False,False,True,False,1
TK63453,20230807,20230808,1,2,3,2023-08-07 17:36:00,2023-08-08 09:15:47,Question about add a teammate,103.0,939.7833333333332,,False,False,False,False,False,1
TK61601,20230807,20230808,1,1,3,2023-08-07 22:11:00,2023-08-08 01:53:16,Unable to a refund for an annual plan,29.0,222.26666666666668,,False,False,False,False,False,1
TK62072,20230808,20230809,4,5,2,2023-08-08 04:25:00,2023-08-09 10:17:33,Question about the API rate limit,149.0,1792.55,5.0,False,True,False,False,False,1
TK60970,20230808,20230810,2,4,2,2023-08-08 08:47:00,2023-08-10 07:32:40,Question about downgrade my plan,37.0,2805.6666666666665,5.0,False,True,False,False,False,1
TK63996,20230808,20230808,3,2,2,2023-08-08 09:28:00,2023-08-08 16:59:50,Question about the dashboard loading slowly,174.0,451.8333333333333,,False,False,True,False,False,1
TK63877,20230808,20230809,2,2,2,2023-08-08 11:37:00,2023-08-09 06:30:22,Question about a duplicate charge,26.0,1133.3666666666666,,False,False,True,False,False,1
TK60387,20230808,20230808,3,5,3,2023-08-08 12:11:00,2023-08-08 17:15:13,Issue with the invoice for last month,38.0,304.21666666666664,,False,False,False,False,False,1
TK60467,20230808,20230814,1,3,1,2023-08-08 12:13:00,2023-08-14 04:06:26,Question about the API rate limit,74.0,8153.433333333333,,False,False,False,False,False,1
TK60869,20230808,20230811,1,1,1,2023-08-08 14:38:00,2023-08-11 00:53:33,How do I a refund for an annual plan,985.0,3495.55,,False,False,False,True,False,1
TK60692,20230808,20230809,2,3,2,2023-08-08 16:37:00,2023-08-09 04:36:36,Error when a duplicate charge,86.0,719.6,,False,False,False,False,False,1
TK61651,20230808,20230809,3,1,1,2023-08-08 18:25:00,2023-08-09 19:01:41,Cannot a duplicate charge,1611.0,1476.6833333333334,,False,False,False,True,False,1
TK61322,20230808,20230811,1,1,1,2023-08-08 19:13:00,2023-08-11 04:07:40,Cannot the API rate limit,106.0,3414.6666666666665,,False,False,False,False,False,1
TK61203,20230808,20230808,1,2,3,2023-08-08 20:06:00,2023-08-08 22:03:51,How do I webhook deliveries failing,32.0,117.85,,False,False,False,False,False,1
TK61410,20230809,20230813,2,5,2,2023-08-09 00:16:00,2023-08-13 08:37:45,Request to two-factor authentication,558.0,6261.75,,False,False,False,True,False,1
TK61926,20230809,20230811,3,2,2,2023-08-09 03:03:00,2023-08-11 15:22:43,Unable to the dashboard loading slowly,37.0,3619.7166666666662,,False,False,False,False,False,1
TK60438,20230809,20230809,2,1,2,2023-08-09 06:48:00,2023-08-09 17:01:07,Cannot two-factor authentication,17.0,613.1166666666667,,False,False,False,False,False,1
TK61236,20230809,20230824,3,3,1,2023-08-09 08:12:00,2023-08-24 16:18:43,Error when log in after password reset,505.0,22086.716666666667,,False,False,False,True,True,1
TK61245,20230809,20230810,2,2,2,2023-08-09 09:38:00,2023-08-10 23:09:12,Question about connecting the Snowflake sync,25.0,2251.2,,False,False,False,False,False,1
TK62828,20230809,20230810,1,5,2,2023-08-09 14:42:00,2023-08-10 18:47:58,Cannot add a teammate,79.0,1685.9666666666667,,False,False,False,False,False,1
TK63130,20230809,20230809,2,1,4,2023-08-09 14:51:00,2023-08-09 16:48:39,Issue with the dashboard loading slowly,10.0,117.65,5.0,False,True,False,False,False,1
TK62542,20230809,20230816,1,1,2,2023-08-09 14:53:00,2023-08-16 07:11:45,Unable to a refund for an annual plan,413.0,9618.75,3.0,False,True,False,True,True,1
TK61311,20230809,20230810,2,3,3,2023-08-09 16:49:00,2023-08-10 05:13:55,Request to the API rate limit,138.0,744.9166666666666,5.0,False,True,False,False,False,1
TK63686,20230809,,2,5,2,2023-08-09 17:55:00,,Cannot connecting the Snowflake sync,156.0,,,True,False,False,False,False,1
TK61921,20230809,20230812,4,5,2,2023-08-09 17:57:00,2023-08-12 14:15:54,Issue with a duplicate charge,71.0,4098.9,5.0,False,True,False,False,False,1
TK60227,20230809,20230814,2,3,1,2023-08-09 22:40:00,2023-08-14 18:41:59,Issue with connecting the Snowflake sync,120.0,6961.983333333334,,False,False,False,False,False,1
TK62599,20230809,20230811,4,3,2,2023-08-09 23:06:00,2023-08-11 00:41:25,Cannot webhook deliveries failing,73.0,1535.4166666666667,4.0,False,True,False,False,False,1
TK62305,20230810,20230810,2,5,3,2023-08-10 01:37:00,2023-08-10 15:42:30,Cannot the invoice for last month,58.0,845.5,,False,False,True,False,False,1
TK60310,20230810,20230811,4,5,3,2023-08-10 02:16:00,2023-08-11 01:13:38,How do I a duplicate charge,12.0,1377.6333333333334,,False,False,False,False,False,1
TK62819,20230810,20230815,1,5,2,2023-08-10 05:12:00,2023-08-15 15:36:43,Error when a refund for an annual plan,851.0,7824.716666666666,5.0,False,True,True,True,False,1
TK62183,20230810,20230810,3,5,2,2023-08-10 05:28:00,2023-08-10 23:16:57,Error when the API rate limit,272.0,1068.95,,False,False,False,False,False,1
TK61724,20230810,20230810,4,2,1,2023-08-10 07:03:00,2023-08-10 14:08:15,Unable to downgrade my plan,872.0,425.25,,False,False,False,True,False,1
TK60127,20230810,20230821,1,3,2,2023-08-10 18:58:00,2023-08-21 02:55:19,Request to downgrade my plan,250.0,14877.316666666668,,False,False,False,False,True,1
TK63732,20230810,20230811,3,2,1,2023-08-10 19:00:00,2023-08-11 01:27:40,Cannot the invoice for last month,83.0,387.6666666666667,4.0,False,True,False,False,False,1
TK62618,20230810,20230818,4,2,2,2023-08-10 20:18:00,2023-08-18 08:13:34,Error when downgrade my plan,107.0,10795.566666666668,5.0,False,True,False,False,True,1
TK63282,20230811,20230813,1,5,2,2023-08-11 01:40:00,2023-08-13 05:49:51,Question about connecting the Snowflake sync,338.0,3129.85,2.0,False,True,False,False,False,1
TK62994,20230811,20230814,3,5,2,2023-08-11 01:50:00,2023-08-14 07:04:18,Error when log in after password reset,,4634.3,,False,False,False,False,False,1
TK60239,20230811,20230811,2,2,2,2023-08-11 05:40:00,2023-08-11 16:03:45,Request to export my data,10.0,623.75,,False,False,False,False,False,1
TK62383,20230811,20230811,4,5,4,2023-08-11 07:00:00,2023-08-11 11:19:41,Cannot webhook deliveries failing,10.0,259.68333333333334,,False,False,True,False,False,1
TK62456,20230811,20230813,3,5,2,2023-08-11 12:51:00,2023-08-13 01:39:17,Request to a duplicate charge,85.0,2208.2833333333333,,False,False,False,False,False,1
TK62075,20230811,20230812,2,4,2,2023-08-11 13:16:00,2023-08-12 06:22:41,How do I a refund for an annual plan,83.0,1026.6833333333334,,False,False,False,False,False,1
TK62485,20230811,20230814,1,5,1,2023-08-11 13:51:00,2023-08-14 09:30:03,Question about log in after password reset,221.0,4059.05,,False,False,False,False,False,1
TK61433,20230811,20230813,2,4,1,2023-08-11 14:11:00,2023-08-13 14:39:50,Unable to two-factor authentication,67.0,2908.833333333333,,False,False,False,False,False,1
TK60502,20230811,20230812,3,3,4,2023-08-11 18:15:00,2023-08-12 01:09:04,Issue with the invoice for last month,25.0,414.06666666666666,,False,False,False,False,False,1
TK63659,20230811,20230923,1,2,1,2023-08-11 18:29:00,2023-09-23 17:09:55,Request to webhook deliveries failing,346.0,61840.91666666666,,False,False,False,False,True,1
TK60466,20230812,20230812,1,4,1,2023-08-12 06:00:00,2023-08-12 23:39:58,Cannot log in after password reset,42.0,1059.9666666666667,,False,False,False,False,False,1
TK61512,20230812,20230814,4,2,1,2023-08-12 11:43:00,2023-08-14 21:35:18,Issue with log in after password reset,169.0,3472.3,,False,False,False,False,False,1
TK60446,20230812,20230814,2,2,1,2023-08-12 18:55:00,2023-08-14 08:44:04,Cannot a refund for an annual plan,305.0,2269.0666666666666,5.0,False,True,False,False,False,1
TK63064,20230812,,3,5,2,2023-08-12 20:12:00,,Cannot a duplicate charge,49.0,,,True,False,False,False,False,1
TK61037,20230812,20230813,1,5,4,2023-08-12 21:41:00,2023-08-13 15:27:28,Cannot a refund for an annual plan,7.0,1066.4666666666667,5.0,False,True,False,False,False,1
TK61494,20230812,20230813,1,2,2,2023-08-12 22:24:00,2023-08-13 01:30:38,Request to the dashboard loading slowly,53.0,186.63333333333333,,False,False,False,False,False,1
TK62869,20230813,20230813,1,3,3,2023-08-13 00:39:00,2023-08-13 18:54:15,Error when downgrade my plan,48.0,1095.25,,False,False,False,False,False,1
TK61422,20230813,20230813,3,4,2,2023-08-13 05:31:00,2023-08-13 19:53:27,Unable to log in after password reset,11.0,862.45,4.0,False,True,False,False,False,1
TK63097,20230813,20230813,1,4,2,2023-08-13 05:58:00,2023-08-13 23:04:00,Unable to the invoice for last month,206.0,1026.0,,False,False,False,False,False,1
TK61966,20230813,20230815,1,1,2,2023-08-13 07:03:00,2023-08-15 04:26:35,Cannot export my data,91.0,2723.583333333333,4.0,False,True,False,False,False,1
TK63471,20230813,20230814,3,3,2,2023-08-13 08:38:00,2023-08-14 09:59:38,Issue with export my data,321.0,1521.6333333333334,,False,False,False,False,False,1
TK63291,20230813,,2,4,1,2023-08-13 13:06:00,,Error when add a teammate,404.0,,,True,False,False,True,False,1
TK63689,20230813,20230814,3,5,2,2023-08-13 17:02:00,2023-08-14 15:18:55,Question about the invoice for last month,53.0,1336.9166666666667,,False,False,False,False,False,1
TK61155,20230813,20230816,1,5,2,2023-08-13 21:20:00,2023-08-16 05:18:11,Issue with the invoice for last month,843.0,3358.1833333333334,,False,False,True,True,False,1
TK63541,20230813,20230815,2,5,3,2023-08-13 22:40:00,2023-08-15 11:40:35,Request to downgrade my plan,,2220.583333333333,,False,False,False,False,False,1
TK63738,20230814,20230814,3,5,3,2023-08-14 01:39:00,2023-08-14 14:32:52,Question about a refund for an annual plan,53.0,773.8666666666667,,False,False,False,False,False,1
TK60929,20230814,20230817,3,3,2,2023-08-14 08:06:00,2023-08-17 09:37:08,Issue with downgrade my plan,109.0,4411.133333333333,,False,False,False,False,False,1
TK62535,20230814,20230818,3,4,2,2023-08-14 08:48:00,2023-08-18 05:13:24,Cannot downgrade my plan,140.0,5545.4,,False,False,False,False,False,1
TK62500,20230814,20230814,1,5,4,2023-08-14 10:57:00,2023-08-14 15:04:56,Cannot the invoice for last month,12.0,247.9333333333333,,False,False,False,False,False,1
TK61669,20230814,20230814,1,1,2,2023-08-14 11:52:00,2023-08-14 16:04:09,Question about add a teammate,57.0,252.15,5.0,False,True,False,False,False,1
TK62575,20230814,20230814,2,1,4,2023-08-14 12:04:00,2023-08-14 12:49:42,Cannot the dashboard loading slowly,40.0,45.7,,False,False,False,False,False,1
TK61765,20230814,,2,5,3,2023-08-14 12:25:00,,Question about log in after password reset,135.0,,,True,False,False,False,False,1
TK62064,20230814,20230816,1,5,2,2023-08-14 13:02:00,2023-08-16 23:13:11,Issue with the dashboard loading slowly,268.0,3491.1833333333334,,False,False,True,False,False,1
TK60094,20230814,20230815,1,4,3,2023-08-14 14:52:00,2023-08-15 00:30:39,Cannot log in after password reset,69.0,578.65,,False,False,False,False,False,1
TK61145,20230814,20230814,3,3,3,2023-08-14 18:54:00,2023-08-14 21:20:15,Question about a refund for an annual plan,100.0,146.25,4.0,False,True,True,False,False,1
TK61743,20230814,20230820,4,2,1,2023-08-14 19:23:00,2023-08-20 09:18:54,Request to export my data,127.0,8035.9,4.0,False,True,False,False,False,1
TK60085,20230814,20230815,1,2,3,2023-08-14 20:23:00,2023-08-15 10:48:54,Error when connecting the Snowflake sync,24.0,865.9,,False,False,False,False,False,1
TK63113,20230814,,1,5,1,2023-08-14 23:39:00,,Cannot downgrade my plan,71.0,,,True,False,False,False,False,1
TK62628,20230815,20230823,2,3,2,2023-08-15 00:05:00,2023-08-23 18:48:14,Issue with export my data,93.0,12643.233333333334,,False,False,False,False,True,1
TK62310,20230815,20230828,2,5,1,2023-08-15 01:16:00,2023-08-28 17:07:24,Request to connecting the Snowflake sync,176.0,19671.4,,False,False,False,False,True,1
TK63968,20230815,20230815,1,2,1,2023-08-15 02:24:00,2023-08-15 10:20:36,Error when two-factor authentication,110.0,476.6,,False,False,False,False,False,1
TK60535,20230815,20230815,3,2,3,2023-08-15 03:57:00,2023-08-15 22:11:20,Error when the API rate limit,40.0,1094.3333333333333,5.0,False,True,False,False,False,1
TK62099,20230815,20230816,2,5,3,2023-08-15 04:42:00,2023-08-16 06:56:08,Question about connecting the Snowflake sync,73.0,1574.1333333333334,,False,False,False,False,False,1
TK62298,20230815,20230816,1,2,2,2023-08-15 04:52:00,2023-08-16 23:32:47,How do I a refund for an annual plan,286.0,2560.7833333333333,,False,False,False,False,False,1
TK63285,20230815,20230815,4,5,4,2023-08-15 06:44:00,2023-08-15 12:25:16,How do I export my data,7.0,341.26666666666665,,False,False,False,False,False,1
TK63437,20230815,20230815,2,4,3,2023-08-15 08:43:00,2023-08-15 17:58:41,Question about add a teammate,63.0,555.6833333333333,,False,False,False,False,False,1
TK60799,20230815,20230821,1,1,2,2023-08-15 09:01:00,2023-08-21 15:32:33,Issue with the dashboard loading slowly,44.0,9031.55,5.0,False,True,False,False,True,1
TK61553,20230815,20230815,3,1,2,2023-08-15 10:33:00,2023-08-15 16:40:52,Error when downgrade my plan,1095.0,367.8666666666667,,False,False,False,True,False,1
TK60760,20230815,20230815,2,2,4,2023-08-15 11:43:00,2023-08-15 13:31:42,Unable to export my data,50.0,108.7,,False,False,False,False,False,1
TK60306,20230815,20230816,1,5,2,2023-08-15 17:11:00,2023-08-16 04:50:11,Request to the API rate limit,52.0,699.1833333333333,5.0,False,True,False,False,False,1
TK61660,20230815,20230816,1,1,2,2023-08-15 17:32:00,2023-08-16 01:46:26,Unable to connecting the Snowflake sync,38.0,494.4333333333333,,False,False,False,False,False,1
TK63193,20230815,20230816,1,5,3,2023-08-15 17:48:00,2023-08-16 01:45:36,Cannot a refund for an annual plan,21.0,477.6,4.0,False,True,False,False,False,1
TK63782,20230815,20230816,2,5,2,2023-08-15 18:33:00,2023-08-16 09:59:23,Question about a refund for an annual plan,108.0,926.3833333333332,,False,False,False,False,False,1
TK60879,20230815,20230820,4,3,1,2023-08-15 20:28:00,2023-08-20 07:37:27,Cannot connecting the Snowflake sync,136.0,6429.45,4.0,False,True,False,False,False,1
TK62149,20230815,20230816,2,2,4,2023-08-15 21:40:00,2023-08-16 08:48:08,Cannot the invoice for last month,17.0,668.1333333333333,,False,False,False,False,False,1
TK62198,20230815,20230816,2,2,4,2023-08-15 23:01:00,2023-08-16 04:57:07,Error when a refund for an annual plan,19.0,356.1166666666667,,False,False,False,False,False,1
TK60032,20230816,20230816,1,2,4,2023-08-16 08:18:00,2023-08-16 09:16:24,Cannot log in after password reset,35.0,58.4,5.0,False,True,False,False,False,1
TK61412,20230816,20230819,2,1,1,2023-08-16 08:29:00,2023-08-19 08:21:14,Unable to downgrade my plan,84.0,4312.233333333334,,False,False,False,False,False,1
TK61944,20230816,20230824,3,2,1,2023-08-16 11:07:00,2023-08-24 05:21:48,Request to webhook deliveries failing,2271.0,11174.8,,False,False,False,True,True,1
TK61916,20230816,20230817,2,1,2,2023-08-16 11:57:00,2023-08-17 10:16:29,Error when a duplicate charge,284.0,1339.4833333333331,5.0,False,True,False,False,False,1
TK62142,20230816,20230816,3,4,2,2023-08-16 12:25:00,2023-08-16 19:42:13,Issue with the dashboard loading slowly,40.0,437.2166666666666,5.0,False,True,False,False,False,1
TK60245,20230816,20230822,1,2,2,2023-08-16 13:27:00,2023-08-22 04:26:32,Question about two-factor authentication,35.0,8099.533333333334,5.0,False,True,False,False,False,1
TK63681,20230816,20230820,1,2,1,2023-08-16 14:22:00,2023-08-20 18:04:16,Error when log in after password reset,58.0,5982.266666666666,,False,False,False,False,False,1
TK60918,20230816,20230817,1,5,4,2023-08-16 16:16:00,2023-08-17 00:22:15,Request to a duplicate charge,3.0,486.25,,False,False,False,False,False,1
TK60148,20230816,20230820,2,3,2,2023-08-16 16:32:00,2023-08-20 08:52:08,Cannot a duplicate charge,184.0,5300.133333333333,,False,False,False,False,False,1
TK62092,20230816,,2,5,2,2023-08-16 22:25:00,,Unable to a refund for an annual plan,44.0,,,True,False,False,False,False,1
TK60883,20230816,20230817,3,2,3,2023-08-16 23:18:00,2023-08-17 02:37:43,Issue with log in after password reset,142.0,199.71666666666667,3.0,False,True,False,False,False,1
TK62203,20230817,20230817,2,2,4,2023-08-17 00:21:00,2023-08-17 02:29:44,Question about two-factor authentication,11.0,128.73333333333332,,False,False,False,False,False,1
TK61260,20230817,20230817,1,5,3,2023-08-17 01:24:00,2023-08-17 04:01:11,How do I a refund for an annual plan,34.0,157.18333333333334,,False,False,False,False,False,1
TK62511,20230817,20230817,2,1,4,2023-08-17 02:29:00,2023-08-17 03:28:37,Error when downgrade my plan,31.0,59.61666666666667,,False,False,False,False,False,1
TK62085,20230817,20230817,2,2,3,2023-08-17 05:58:00,2023-08-17 07:54:25,Issue with log in after password reset,28.0,116.41666666666669,,False,False,False,False,False,1
TK61692,20230817,20230817,3,1,1,2023-08-17 06:29:00,2023-08-17 13:00:41,Issue with two-factor authentication,61.0,391.6833333333333,4.0,False,True,False,False,False,1
TK61850,20230817,20230817,2,4,2,2023-08-17 09:40:00,2023-08-17 16:33:01,Question about a duplicate charge,120.0,413.01666666666665,,False,False,False,False,False,1
TK60323,20230817,20230822,1,5,3,2023-08-17 11:06:00,2023-08-22 23:13:22,Cannot downgrade my plan,28.0,7927.366666666667,,False,False,False,False,False,1
TK61521,20230817,,2,3,3,2023-08-17 14:30:00,,Cannot the dashboard loading slowly,25.0,,,True,False,False,False,False,1
TK62286,20230817,20230826,2,2,1,2023-08-17 14:55:00,2023-08-26 00:14:14,How do I the dashboard loading slowly,212.0,12079.233333333334,,False,False,False,False,True,1
TK62647,20230817,20230822,3,1,1,2023-08-17 19:16:00,2023-08-22 06:19:02,Request to webhook deliveries failing,157.0,6423.033333333334,,False,False,False,False,False,1
TK60493,20230817,20230821,1,5,2,2023-08-17 22:55:00,2023-08-21 15:03:14,Cannot the dashboard loading slowly,52.0,5288.233333333334,5.0,False,True,False,False,False,1
TK63128,20230817,20230818,1,1,2,2023-08-17 23:35:00,2023-08-18 07:15:45,Error when a refund for an annual plan,52.0,460.75,,False,False,False,False,False,1
TK63041,20230818,20230818,4,5,4,2023-08-18 00:03:00,2023-08-18 07:27:55,Error when add a teammate,21.0,444.9166666666667,,False,False,False,False,False,1
TK63795,20230818,20230818,2,2,2,2023-08-18 00:58:00,2023-08-18 05:26:00,Question about connecting the Snowflake sync,124.0,268.0,,False,False,False,False,False,1
TK62654,20230818,20230929,2,5,1,2023-08-18 02:27:00,2023-09-29 00:13:46,Error when webhook deliveries failing,118.0,60346.76666666667,,False,False,False,False,True,1
TK62922,20230818,20230819,1,5,2,2023-08-18 03:12:00,2023-08-19 07:39:25,How do I webhook deliveries failing,27.0,1707.4166666666667,,False,False,False,False,False,1
TK62357,20230818,20230819,3,1,2,2023-08-18 05:36:00,2023-08-19 22:25:55,Error when the invoice for last month,25.0,2449.9166666666665,,False,False,True,False,False,1
TK61833,20230818,,1,5,1,2023-08-18 08:00:00,,Cannot a refund for an annual plan,101.0,,,True,False,False,False,False,1
TK60318,20230818,20230820,1,5,2,2023-08-18 09:26:00,2023-08-20 13:08:20,Issue with two-factor authentication,138.0,3102.333333333333,4.0,False,True,False,False,False,1
TK62507,20230818,20230822,1,4,2,2023-08-18 12:54:00,2023-08-22 02:41:26,Request to connecting the Snowflake sync,205.0,5147.433333333333,5.0,False,True,False,False,False,1
TK63698,20230818,20230820,2,2,2,2023-08-18 15:01:00,2023-08-20 08:03:02,Issue with a duplicate charge,268.0,2462.0333333333333,,False,False,False,False,False,1
TK63664,20230818,,4,5,3,2023-08-18 15:04:00,,Issue with log in after password reset,37.0,,,True,False,False,False,False,1
TK61394,20230818,20230819,3,5,2,2023-08-18 15:38:00,2023-08-19 22:18:59,Question about a duplicate charge,167.0,1840.9833333333331,,False,False,False,False,False,1
TK60962,20230818,20230818,2,2,3,2023-08-18 17:03:00,2023-08-18 18:45:23,Issue with the dashboard loading slowly,62.0,102.38333333333334,,False,False,False,False,False,1
TK62606,20230818,20230820,2,5,3,2023-08-18 21:04:00,2023-08-20 19:19:57,Question about connecting the Snowflake sync,33.0,2775.95,1.0,False,True,False,False,False,1
TK63697,20230818,20230819,1,2,3,2023-08-18 21:22:00,2023-08-19 00:01:28,Request to a refund for an annual plan,36.0,159.46666666666667,,False,False,False,False,False,1
TK61078,20230818,20230819,1,2,2,2023-08-18 22:31:00,2023-08-19 06:22:14,Issue with export my data,161.0,471.23333333333335,,False,False,False,False,False,1
TK63754,20230818,20230819,1,4,2,2023-08-18 23:09:00,2023-08-19 23:17:55,Unable to webhook deliveries failing,194.0,1448.9166666666667,3.0,False,True,False,False,False,1
TK63038,20230819,20230820,2,2,4,2023-08-19 07:18:00,2023-08-20 06:59:39,Request to the API rate limit,11.0,1421.65,,False,False,False,False,False,1
TK60315,20230819,20230821,2,3,2,2023-08-19 09:10:00,2023-08-21 02:35:01,Error when webhook deliveries failing,248.0,2485.016666666667,5.0,False,True,False,False,False,1
TK61140,20230819,20230820,1,5,1,2023-08-19 14:24:00,2023-08-20 12:51:14,How do I a duplicate charge,133.0,1347.2333333333331,,False,False,False,False,False,1
TK62088,20230819,20230822,3,4,2,2023-08-19 15:37:00,2023-08-22 14:23:18,Question about a refund for an annual plan,132.0,4246.3,,False,False,True,False,False,1
TK60491,20230819,20230820,3,4,3,2023-08-19 16:39:00,2023-08-20 09:39:31,Cannot webhook deliveries failing,34.0,1020.5166666666668,4.0,False,True,True,False,False,1
TK60569,20230819,20230819,3,5,3,2023-08-19 17:44:00,2023-08-19 21:18:59,Issue with webhook deliveries failing,50.0,214.9833333333333,,False,False,False,False,False,1
TK63675,20230819,20230820,3,3,3,2023-08-19 18:11:00,2023-08-20 01:10:08,Error when the API rate limit,24.0,419.1333333333333,,False,False,False,False,False,1
TK61209,20230820,20230822,1,4,2,2023-08-20 01:28:00,2023-08-22 11:16:21,Question about webhook deliveries failing,109.0,3468.35,4.0,False,True,False,False,False,1
TK62043,20230820,20230821,1,3,2,2023-08-20 02:52:00,2023-08-21 15:45:35,Cannot a refund for an annual plan,25.0,2213.583333333333,3.0,False,True,False,False,False,1
TK61556,20230820,20230821,3,5,2,2023-08-20 04:06:00,2023-08-21 17:25:50,Unable to log in after password reset,50.0,2239.833333333333,,False,False,False,False,False,1
TK60809,20230820,20230821,1,5,2,2023-08-20 05:08:00,2023-08-21 09:16:01,Question about two-factor authentication,209.0,1688.0166666666669,,False,False,False,False,False,1
TK62851,20230820,20230820,2,2,2,2023-08-20 08:32:00,2023-08-20 17:35:44,Cannot the invoice for last month,140.0,543.7333333333333,5.0,False,True,False,False,False,1
TK62210,20230820,20230821,3,2,1,2023-08-20 09:54:00,2023-08-21 20:09:33,Cannot a duplicate charge,157.0,2055.55,,False,False,False,False,False,1
TK60723,20230820,20230820,3,2,2,2023-08-20 11:07:00,2023-08-20 22:26:04,Cannot two-factor authentication,151.0,679.0666666666667,,False,False,False,False,False,1
TK61452,20230820,20230822,3,1,2,2023-08-20 11:38:00,2023-08-22 13:29:30,Request to log in after password reset,43.0,2991.5,,False,False,False,False,False,1
TK61456,20230820,20230820,2,2,4,2023-08-20 13:28:00,2023-08-20 16:28:24,Cannot the dashboard loading slowly,71.0,180.4,,False,False,False,False,False,1
TK60390,20230820,20230907,2,5,1,2023-08-20 14:50:00,2023-09-07 20:17:48,How do I the dashboard loading slowly,270.0,26247.8,,False,False,False,False,True,1
TK62073,20230820,20230821,2,3,4,2023-08-20 16:54:00,2023-08-21 13:55:58,How do I log in after password reset,10.0,1261.9666666666667,,False,False,False,False,False,1
TK63074,20230820,20230823,4,2,1,2023-08-20 21:54:00,2023-08-23 23:44:06,Unable to the invoice for last month,436.0,4430.1,,False,False,False,True,False,1
TK60013,20230821,20230822,1,2,2,2023-08-21 02:28:00,2023-08-22 00:24:28,How do I webhook deliveries failing,269.0,1316.4666666666667,,False,False,False,False,False,1
TK60906,20230821,20230821,2,3,2,2023-08-21 02:41:00,2023-08-21 09:32:37,Question about add a teammate,44.0,411.6166666666667,,False,False,False,False,False,1
TK63684,20230821,20230821,3,5,4,2023-08-21 10:10:00,2023-08-21 18:30:34,Request to add a teammate,11.0,500.56666666666666,5.0,False,True,True,False,False,1
TK63228,20230821,,3,3,2,2023-08-21 11:52:00,,Error when the API rate limit,124.0,,,True,False,False,False,False,1
TK62007,20230821,20230822,1,5,2,2023-08-21 15:27:00,2023-08-22 07:25:17,Error when log in after password reset,243.0,958.2833333333332,4.0,False,True,False,False,False,1
TK62185,20230821,20230822,1,5,2,2023-08-21 21:47:00,2023-08-22 23:49:31,Question about connecting the Snowflake sync,69.0,1562.5166666666669,,False,False,False,False,False,1
TK62742,20230822,20230823,1,4,1,2023-08-22 04:12:00,2023-08-23 14:21:40,Question about log in after password reset,422.0,2049.6666666666665,,False,False,False,True,False,1
TK60858,20230822,20230823,3,2,2,2023-08-22 08:42:00,2023-08-23 15:27:04,Cannot webhook deliveries failing,132.0,1845.0666666666664,5.0,False,True,False,False,False,1
TK60977,20230822,20230824,3,2,2,2023-08-22 09:19:00,2023-08-24 11:54:52,Issue with log in after password reset,398.0,3035.866666666667,4.0,False,True,False,True,False,1
TK63308,20230822,20230823,1,4,3,2023-08-22 12:56:00,2023-08-23 03:22:32,How do I webhook deliveries failing,47.0,866.5333333333333,,False,False,True,False,False,1
TK62942,20230822,20230822,1,2,3,2023-08-22 15:33:00,2023-08-22 16:42:10,Cannot webhook deliveries failing,20.0,69.16666666666667,,False,False,False,False,False,1
TK60332,20230822,20230822,4,5,4,2023-08-22 15:52:00,2023-08-22 20:49:12,How do I add a teammate,51.0,297.2,,False,False,False,False,False,1
TK62211,20230822,20230823,3,1,3,2023-08-22 17:39:00,2023-08-23 04:20:10,Issue with webhook deliveries failing,,641.1666666666666,,False,False,False,False,False,1
TK62354,20230822,20230824,4,5,2,2023-08-22 17:53:00,2023-08-24 05:53:21,Request to a duplicate charge,61.0,2160.35,3.0,False,True,False,False,False,1
TK61507,20230822,20230826,2,5,1,2023-08-22 22:25:00,2023-08-26 00:42:26,Unable to export my data,291.0,4457.433333333333,,False,False,False,False,False,1
TK61980,20230822,20230823,2,1,4,2023-08-22 23:04:00,2023-08-23 04:04:15,Error when the invoice for last month,10.0,300.25,,False,False,False,False,False,1
TK62904,20230822,20230825,1,5,2,2023-08-22 23:11:00,2023-08-25 22:27:54,Cannot the dashboard loading slowly,38.0,4276.9,,False,False,False,False,False,1
TK60242,20230823,20230824,2,5,1,2023-08-23 05:12:00,2023-08-24 18:33:16,Question about a duplicate charge,144.0,2241.266666666667,,False,False,False,False,False,1
TK62946,20230823,20230824,2,2,2,2023-08-23 08:35:00,2023-08-24 01:03:22,Request to the API rate limit,111.0,988.3666666666668,5.0,False,True,False,False,False,1
TK60559,20230823,20230823,4,5,1,2023-08-23 10:39:00,2023-08-23 22:11:43,Request to the dashboard loading slowly,174.0,692.7166666666667,,False,False,False,False,False,1
TK60722,20230823,20230824,3,5,1,2023-08-23 10:51:00,2023-08-24 19:39:40,Question about add a teammate,,1968.6666666666667,,False,False,False,False,False,1
TK60729,20230823,20230825,1,2,3,2023-08-23 13:38:00,2023-08-25 01:25:08,Cannot log in after password reset,166.0,2147.133333333333,3.0,False,True,False,False,False,1
TK61266,20230823,20230825,1,3,1,2023-08-23 17:20:00,2023-08-25 18:12:06,How do I webhook deliveries failing,1079.0,2932.1,,False,False,False,True,False,1
TK60656,20230823,,1,5,2,2023-08-23 17:52:00,,Unable to connecting the Snowflake sync,32.0,,,True,False,False,False,False,1
TK61936,20230823,20230828,2,3,1,2023-08-23 18:00:00,2023-08-28 02:19:11,Error when the API rate limit,2045.0,6259.183333333333,,False,False,False,True,False,1
TK61626,20230823,20230824,2,3,2,2023-08-23 18:48:00,2023-08-24 07:34:45,Cannot the API rate limit,50.0,766.75,5.0,False,True,False,False,False,1
TK63814,20230823,20230825,3,5,2,2023-08-23 18:56:00,2023-08-25 07:16:00,Request to connecting the Snowflake sync,140.0,2180.0,5.0,False,True,True,False,False,1
TK63677,20230823,20230908,3,5,2,2023-08-23 19:31:00,2023-09-08 16:37:46,Question about two-factor authentication,74.0,22866.766666666663,,False,False,False,False,True,1
TK62174,20230823,20230825,2,5,2,2023-08-23 19:52:00,2023-08-25 14:46:07,Issue with a duplicate charge,38.0,2574.116666666667,5.0,False,True,False,False,False,1
TK61171,20230823,20230824,2,4,1,2023-08-23 20:31:00,2023-08-24 00:31:18,Request to a duplicate charge,1125.0,240.3,,False,False,False,True,False,1
TK61946,20230823,20230827,3,2,1,2023-08-23 22:27:00,2023-08-27 01:22:57,Error when the API rate limit,104.0,4495.95,,False,False,False,False,False,1
TK61821,20230824,20230916,3,5,1,2023-08-24 04:42:00,2023-09-16 18:53:59,Unable to connecting the Snowflake sync,175.0,33971.98333333333,1.0,False,True,False,False,True,1
TK60682,20230824,20230829,2,2,1,2023-08-24 04:54:00,2023-08-29 10:04:28,Error when webhook deliveries failing,392.0,7510.466666666666,,False,False,False,True,False,1
TK62136,20230824,20230824,3,3,2,2023-08-24 06:49:00,2023-08-24 12:38:21,How do I downgrade my plan,199.0,349.35,,False,False,False,False,False,1
TK60154,20230824,20230825,4,3,2,2023-08-24 07:01:00,2023-08-25 03:50:01,Cannot the invoice for last month,448.0,1249.0166666666669,,False,False,False,True,False,1
TK62652,20230824,20230825,3,5,2,2023-08-24 09:56:00,2023-08-25 12:41:15,How do I connecting the Snowflake sync,128.0,1605.25,5.0,False,True,False,False,False,1
TK63867,20230824,20230825,1,3,2,2023-08-24 10:20:00,2023-08-25 09:13:23,Question about two-factor authentication,55.0,1373.3833333333334,,False,False,False,False,False,1
TK63376,20230824,20230825,1,5,3,2023-08-24 11:58:00,2023-08-25 12:02:21,How do I export my data,35.0,1444.35,5.0,False,True,False,False,False,1
TK61630,20230824,20230825,4,5,3,2023-08-24 12:25:00,2023-08-25 12:17:35,Question about export my data,264.0,1432.5833333333333,,False,False,False,False,False,1
TK63510,20230824,20230828,4,2,2,2023-08-24 12:28:00,2023-08-28 04:19:21,Request to the API rate limit,132.0,5271.35,,False,False,False,False,False,1
TK62587,20230824,20230824,2,2,3,2023-08-24 15:23:00,2023-08-24 17:48:08,Cannot the dashboard loading slowly,121.0,145.13333333333333,,False,False,False,False,False,1
TK61718,20230824,20230824,1,2,3,2023-08-24 15:55:00,2023-08-24 20:09:37,Request to add a teammate,34.0,254.61666666666667,,False,False,False,False,False,1
TK61351,20230824,20230831,3,5,1,2023-08-24 20:08:00,2023-08-31 21:04:59,How do I log in after password reset,231.0,10136.983333333334,5.0,False,True,False,False,True,1
TK61955,20230824,20230825,1,4,2,2023-08-24 20:53:00,2023-08-25 14:30:24,Cannot export my data,75.0,1057.4,,False,False,False,False,False,1
TK61771,20230824,20230825,2,4,2,2023-08-24 22:53:00,2023-08-25 13:05:12,Request to export my data,36.0,852.2,5.0,False,True,False,False,False,1
TK63672,20230824,20230825,2,4,3,2023-08-24 23:09:00,2023-08-25 12:23:57,Error when webhook deliveries failing,19.0,794.95,,False,False,False,False,False,1
TK61297,20230825,20230825,4,1,2,2023-08-25 01:22:00,2023-08-25 07:23:03,Issue with log in after password reset,142.0,361.05,3.0,False,True,False,False,False,1
TK61196,20230825,20230906,1,3,2,2023-08-25 03:45:00,2023-09-06 09:55:20,Unable to connecting the Snowflake sync,,17650.333333333332,,False,False,False,False,True,1
TK62442,20230825,20230825,3,4,1,2023-08-25 05:29:00,2023-08-25 11:07:30,How do I downgrade my plan,110.0,338.5,2.0,False,True,False,False,False,1
TK63450,20230825,20230830,4,3,2,2023-08-25 07:31:00,2023-08-30 14:20:02,Issue with the dashboard loading slowly,27.0,7609.033333333334,4.0,False,True,False,False,False,1
TK60322,20230825,20230825,3,2,3,2023-08-25 07:52:00,2023-08-25 11:06:02,Unable to two-factor authentication,80.0,194.03333333333333,,False,False,False,False,False,1
TK60885,20230825,20230825,3,2,2,2023-08-25 08:48:00,2023-08-25 14:18:28,Request to export my data,22.0,330.46666666666664,,False,False,False,False,False,1
TK60503,20230825,20230828,3,3,1,2023-08-25 10:00:00,2023-08-28 15:58:35,How do I the API rate limit,461.0,4678.583333333333,,False,False,False,True,False,1
TK63071,20230825,20230825,3,4,3,2023-08-25 10:14:00,2023-08-25 14:04:49,Request to the dashboard loading slowly,18.0,230.81666666666663,,False,False,False,False,False,1
TK62559,20230825,20230826,2,2,2,2023-08-25 12:04:00,2023-08-26 20:02:50,Question about the dashboard loading slowly,119.0,1918.8333333333333,,False,False,False,False,False,1
TK60811,20230825,20230827,1,4,1,2023-08-25 19:16:00,2023-08-27 06:21:23,Request to the API rate limit,146.0,2105.383333333333,,False,False,False,False,False,1
TK62884,20230825,20230825,2,5,2,2023-08-25 20:17:00,2023-08-25 23:56:37,How do I a refund for an annual plan,38.0,219.61666666666667,2.0,False,True,False,False,False,1
TK61641,20230826,20230828,1,3,3,2023-08-26 05:09:00,2023-08-28 13:55:08,Issue with the dashboard loading slowly,26.0,3406.133333333333,5.0,False,True,False,False,False,1
TK62276,20230826,20230827,2,5,3,2023-08-26 05:46:00,2023-08-27 07:24:29,Error when export my data,38.0,1538.4833333333331,4.0,False,True,False,False,False,1
TK63605,20230826,20230826,1,1,4,2023-08-26 11:21:00,2023-08-26 14:22:14,How do I connecting the Snowflake sync,9.0,181.2333333333333,,False,False,False,False,False,1
TK60709,20230826,20230827,3,2,3,2023-08-26 12:02:00,2023-08-27 10:41:56,Issue with downgrade my plan,238.0,1359.9333333333334,4.0,False,True,True,False,False,1
TK63063,20230826,20230826,1,2,2,2023-08-26 13:29:00,2023-08-26 16:56:15,Request to the API rate limit,231.0,207.25,5.0,False,True,False,False,False,1
TK60119,20230826,20230829,4,2,2,2023-08-26 16:14:00,2023-08-29 12:09:13,Request to the invoice for last month,638.0,4075.2166666666662,,False,False,False,True,False,1
TK62916,20230826,20230826,2,2,3,2023-08-26 17:53:00,2023-08-26 18:06:26,Cannot a refund for an annual plan,16.0,13.433333333333334,,False,False,False,False,False,1
TK63506,20230826,20230828,4,1,2,2023-08-26 18:46:00,2023-08-28 19:01:10,Issue with the API rate limit,176.0,2895.1666666666665,,False,False,False,False,False,1
TK62984,20230826,20230827,2,1,2,2023-08-26 20:38:00,2023-08-27 08:22:52,Unable to export my data,186.0,704.8666666666667,,False,False,False,False,False,1
TK60926,20230826,20230826,3,5,3,2023-08-26 21:14:00,2023-08-26 22:40:55,Unable to a refund for an annual plan,93.0,86.91666666666667,,False,False,False,False,False,1
TK61073,20230826,20230828,4,5,2,2023-08-26 22:54:00,2023-08-28 14:22:37,Issue with export my data,,2368.616666666667,,False,False,False,False,False,1
TK60878,20230827,20230913,2,5,1,2023-08-27 00:11:00,2023-09-13 19:56:59,Request to a duplicate charge,1359.0,25665.983333333334,5.0,False,True,False,True,True,1
TK63953,20230827,20230827,3,4,2,2023-08-27 01:15:00,2023-08-27 04:45:42,Unable to webhook deliveries failing,67.0,210.7,,False,False,False,False,False,1
TK60894,20230827,20230827,3,5,2,2023-08-27 02:42:00,2023-08-27 23:45:34,Request to the invoice for last month,128.0,1263.5666666666666,,False,False,False,False,False,1
TK62701,20230827,20230828,1,2,2,2023-08-27 05:11:00,2023-08-28 04:00:42,Question about two-factor authentication,225.0,1369.7,,False,False,False,False,False,1
TK63991,20230827,20230915,1,5,2,2023-08-27 06:09:00,2023-09-15 20:48:51,Unable to the dashboard loading slowly,113.0,28239.85,2.0,False,True,False,False,True,1
TK62887,20230827,20230827,2,2,2,2023-08-27 07:52:00,2023-08-27 15:45:07,How do I the API rate limit,29.0,473.1166666666667,,False,False,False,False,False,1
TK62759,20230827,20230830,2,1,1,2023-08-27 14:26:00,2023-08-30 08:41:58,Request to export my data,1419.0,3975.9666666666662,,False,False,False,True,False,1
TK62583,20230827,,4,2,2,2023-08-27 14:42:00,,Request to downgrade my plan,59.0,,,True,False,False,False,False,1
TK60842,20230827,20230828,2,1,2,2023-08-27 15:36:00,2023-08-28 16:53:17,Question about a duplicate charge,202.0,1517.2833333333333,,False,False,False,False,False,1
TK60771,20230827,20230827,2,2,1,2023-08-27 15:52:00,2023-08-27 23:13:19,Unable to a duplicate charge,58.0,441.31666666666666,5.0,False,True,False,False,False,1
TK63331,20230827,20230829,1,3,2,2023-08-27 17:26:00,2023-08-29 07:00:28,Request to the API rate limit,38.0,2254.4666666666667,4.0,False,True,False,False,False,1
TK60854,20230827,20230829,2,1,2,2023-08-27 19:31:00,2023-08-29 05:28:23,Cannot the dashboard loading slowly,84.0,2037.3833333333332,3.0,False,True,False,False,False,1
TK60625,20230828,20230828,1,5,4,2023-08-28 01:12:00,2023-08-28 11:31:39,Cannot connecting the Snowflake sync,61.0,619.65,5.0,False,True,False,False,False,1
TK60241,20230828,20230828,2,5,1,2023-08-28 01:20:00,2023-08-28 15:29:15,Request to add a teammate,833.0,849.25,,False,False,False,True,False,1
TK61166,20230828,20230828,3,4,3,2023-08-28 06:59:00,2023-08-28 09:07:54,Request to two-factor authentication,9.0,128.9,4.0,False,True,False,False,False,1
TK61653,20230828,20230828,3,1,3,2023-08-28 08:58:00,2023-08-28 14:32:14,Unable to the API rate limit,6.0,334.2333333333333,,False,False,False,False,False,1
TK60044,20230828,20230828,2,1,3,2023-08-28 09:46:00,2023-08-28 19:05:52,Request to two-factor authentication,23.0,559.8666666666667,,False,False,False,False,False,1
TK60982,20230828,20230903,1,3,2,2023-08-28 10:51:00,2023-09-03 16:11:28,Request to a refund for an annual plan,145.0,8960.466666666667,4.0,False,True,False,False,True,1
TK62923,20230828,20230828,1,5,3,2023-08-28 14:10:00,2023-08-28 17:46:14,Request to two-factor authentication,35.0,216.2333333333333,,False,False,False,False,False,1
TK61710,20230828,20230829,2,5,2,2023-08-28 21:05:00,2023-08-29 21:59:46,Issue with add a teammate,174.0,1494.7666666666669,,False,False,False,False,False,1
TK60949,20230828,20230830,2,1,2,2023-08-28 23:11:00,2023-08-30 12:20:21,Unable to the invoice for last month,60.0,2229.35,5.0,False,True,False,False,False,1
TK62569,20230829,20230831,1,5,1,2023-08-29 03:47:00,2023-08-31 04:02:29,Cannot downgrade my plan,71.0,2895.483333333333,,False,False,False,False,False,1
TK61829,20230829,20230830,2,5,3,2023-08-29 04:05:00,2023-08-30 21:20:00,Issue with the invoice for last month,30.0,2475.0,,False,False,False,False,False,1
TK62084,20230829,20230901,1,5,2,2023-08-29 08:02:00,2023-09-01 04:08:00,Issue with a duplicate charge,90.0,4086.0,,False,False,False,False,False,1
TK61149,20230829,20230906,2,5,1,2023-08-29 08:05:00,2023-09-06 21:34:23,Error when two-factor authentication,269.0,12329.383333333331,,False,False,False,False,True,1
TK63825,20230829,20230902,2,5,1,2023-08-29 12:11:00,2023-09-02 08:11:05,Issue with downgrade my plan,116.0,5520.083333333333,,False,False,False,False,False,1
TK63912,20230829,20230829,1,1,3,2023-08-29 12:48:00,2023-08-29 20:20:09,How do I two-factor authentication,105.0,452.15,4.0,False,True,False,False,False,1
TK60585,20230829,20230830,2,3,2,2023-08-29 17:05:00,2023-08-30 01:39:13,Error when webhook deliveries failing,105.0,514.2166666666667,,False,False,False,False,False,1
TK63569,20230829,20230830,2,4,3,2023-08-29 19:07:00,2023-08-30 03:14:59,Question about connecting the Snowflake sync,43.0,487.98333333333335,,False,False,False,False,False,1
TK62173,20230829,20230830,3,1,3,2023-08-29 22:48:00,2023-08-30 02:19:27,Question about downgrade my plan,73.0,211.45,,False,False,False,False,False,1
TK60082,20230830,20230830,3,1,3,2023-08-30 02:01:00,2023-08-30 23:19:21,Error when the dashboard loading slowly,24.0,1278.35,4.0,False,True,False,False,False,1
TK62066,20230830,20230831,1,2,2,2023-08-30 03:23:00,2023-08-31 14:01:31,Issue with the invoice for last month,50.0,2078.516666666667,5.0,False,True,True,False,False,1
TK60966,20230830,20230906,2,5,1,2023-08-30 03:51:00,2023-09-06 21:35:33,How do I webhook deliveries failing,19.0,11144.55,,False,False,False,False,True,1
TK62886,20230830,20230830,2,2,3,2023-08-30 07:42:00,2023-08-30 14:23:49,Error when log in after password reset,38.0,401.81666666666666,,False,False,False,False,False,1
TK63581,20230830,20230831,2,2,4,2023-08-30 09:04:00,2023-08-31 01:12:44,Question about webhook deliveries failing,2.0,968.7333333333332,4.0,False,True,False,False,False,1
TK61441,20230830,20230831,2,4,1,2023-08-30 11:40:00,2023-08-31 06:06:15,Error when the invoice for last month,195.0,1106.25,5.0,False,True,False,False,False,1
TK62333,20230830,20230901,1,3,3,2023-08-30 16:02:00,2023-09-01 05:03:14,Issue with a refund for an annual plan,37.0,2221.233333333333,,False,False,False,False,False,1
TK61567,20230830,20230901,1,1,3,2023-08-30 16:45:00,2023-09-01 18:37:47,Request to webhook deliveries failing,14.0,2992.7833333333333,,False,False,False,False,False,1
TK61991,20230830,20230831,1,1,2,2023-08-30 23:37:00,2023-08-31 04:06:09,Error when downgrade my plan,64.0,269.15,5.0,False,True,False,False,False,1
TK62133,20230831,20230831,3,1,1,2023-08-31 01:07:00,2023-08-31 17:42:16,How do I the dashboard loading slowly,105.0,995.2666666666668,,False,False,False,False,False,1
TK61570,20230831,20230831,2,2,2,2023-08-31 01:29:00,2023-08-31 06:24:03,Question about a duplicate charge,397.0,295.05,,False,False,False,True,False,1
TK62554,20230831,20230831,2,4,2,2023-08-31 03:31:00,2023-08-31 09:06:58,Request to downgrade my plan,87.0,335.96666666666664,,False,False,False,False,False,1
TK63662,20230831,20230902,2,5,2,2023-08-31 05:41:00,2023-09-02 17:54:25,How do I add a teammate,194.0,3613.4166666666665,,False,False,False,False,False,1
TK61839,20230831,20230831,2,4,4,2023-08-31 17:03:00,2023-08-31 19:30:51,Issue with webhook deliveries failing,13.0,147.85,,False,False,False,False,False,1
TK61457,20230831,20230831,4,4,2,2023-08-31 18:23:00,2023-08-31 21:13:04,Cannot downgrade my plan,56.0,170.06666666666666,,False,False,False,False,False,1
TK61716,20230831,20230831,3,4,2,2023-08-31 20:21:00,2023-08-31 23:38:18,Request to two-factor authentication,168.0,197.3,,False,False,False,False,False,1
TK60886,20230831,20230901,2,2,3,2023-08-31 21:23:00,2023-09-01 12:37:23,Cannot two-factor authentication,150.0,914.3833333333332,,False,False,False,False,False,1
TK62038,20230901,20230902,3,3,1,2023-09-01 04:23:00,2023-09-02 07:39:44,Cannot connecting the Snowflake sync,352.0,1636.7333333333331,5.0,False,True,False,False,False,1
TK61102,20230901,20230902,3,5,3,2023-09-01 06:10:00,2023-09-02 09:02:26,How do I downgrade my plan,20.0,1612.4333333333334,3.0,False,True,False,False,False,1
TK60363,20230901,20230901,2,1,3,2023-09-01 06:31:00,2023-09-01 17:58:43,Unable to the dashboard loading slowly,6.0,687.7166666666667,,False,False,False,False,False,1
TK61215,20230901,20230907,1,3,1,2023-09-01 07:32:00,2023-09-07 15:20:32,How do I downgrade my plan,1176.0,9108.533333333333,4.0,False,True,False,True,True,1
TK61684,20230901,20230901,1,5,3,2023-09-01 09:47:00,2023-09-01 15:14:06,How do I export my data,17.0,327.1,,False,False,False,False,False,1
TK63340,20230901,20230904,2,4,2,2023-09-01 11:49:00,2023-09-04 20:03:17,Cannot a duplicate charge,223.0,4814.283333333334,,False,False,False,False,False,1
TK63338,20230901,20230902,4,2,2,2023-09-01 17:26:00,2023-09-02 21:27:49,Error when the dashboard loading slowly,,1681.8166666666666,,False,False,True,False,False,1
TK62382,20230901,20230902,3,2,1,2023-09-01 19:55:00,2023-09-02 23:29:27,Request to connecting the Snowflake sync,70.0,1654.45,,False,False,False,False,False,1
TK63237,20230901,20230902,1,1,3,2023-09-01 20:04:00,2023-09-02 18:32:35,Issue with add a teammate,15.0,1348.5833333333333,,False,False,False,False,False,1
TK62190,20230901,20230902,2,2,4,2023-09-01 21:47:00,2023-09-02 00:44:01,Unable to the invoice for last month,10.0,177.01666666666668,,False,False,False,False,False,1
TK63834,20230901,20230905,3,1,2,2023-09-01 23:20:00,2023-09-05 07:19:58,Request to two-factor authentication,183.0,4799.966666666666,4.0,False,True,False,False,False,1
TK62955,20230901,20230904,1,3,2,2023-09-01 23:37:00,2023-09-04 13:15:13,Error when log in after password reset,,3698.2166666666662,5.0,False,True,False,False,False,1
TK60785,20230901,20230902,1,1,4,2023-09-01 23:45:00,2023-09-02 01:58:45,Unable to a duplicate charge,15.0,133.75,5.0,False,True,False,False,False,1
TK61609,20230902,20230903,2,5,2,2023-09-02 05:53:00,2023-09-03 02:52:07,Request to two-factor authentication,66.0,1259.1166666666666,,False,False,False,False,False,1
TK62527,20230902,20230905,4,4,2,2023-09-02 06:08:00,2023-09-05 20:36:54,How do I two-factor authentication,318.0,5188.9,,False,False,False,False,False,1
TK61502,20230902,20230902,2,2,2,2023-09-02 06:35:00,2023-09-02 09:28:55,Error when two-factor authentication,274.0,173.91666666666666,,False,False,False,False,False,1
TK62232,20230902,20230903,1,5,2,2023-09-02 11:10:00,2023-09-03 09:44:02,Request to the invoice for last month,26.0,1354.0333333333333,,False,False,False,False,False,1
TK62567,20230902,20230903,1,2,2,2023-09-02 12:30:00,2023-09-03 18:26:55,Unable to add a teammate,37.0,1796.9166666666667,,False,False,False,False,False,1
TK62030,20230902,20230904,4,1,2,2023-09-02 13:49:00,2023-09-04 12:42:40,Cannot a duplicate charge,176.0,2813.6666666666665,5.0,False,True,False,False,False,1
TK60975,20230902,20230904,3,1,2,2023-09-02 16:43:00,2023-09-04 07:44:33,Issue with webhook deliveries failing,292.0,2341.55,,False,False,False,False,False,1
TK61714,20230902,20230903,1,5,3,2023-09-02 20:58:00,2023-09-03 04:12:42,How do I two-factor authentication,27.0,434.7,,False,False,False,False,False,1
TK62806,20230902,20230903,2,2,1,2023-09-02 21:44:00,2023-09-03 17:56:51,Request to a refund for an annual plan,13.0,1212.85,5.0,False,True,False,False,False,1
TK63773,20230903,20230904,4,5,2,2023-09-03 01:16:00,2023-09-04 10:59:14,Request to a refund for an annual plan,34.0,2023.2333333333331,4.0,False,True,False,False,False,1
TK61762,20230903,20230910,2,1,1,2023-09-03 02:06:00,2023-09-10 08:11:21,Issue with downgrade my plan,965.0,10445.35,5.0,False,True,False,True,True,1
TK60275,20230903,20230904,1,1,3,2023-09-03 02:44:00,2023-09-04 18:45:17,Request to connecting the Snowflake sync,12.0,2401.2833333333333,5.0,False,True,False,False,False,1
TK61029,20230903,20230908,2,3,2,2023-09-03 03:22:00,2023-09-08 06:43:48,Question about the API rate limit,27.0,7401.8,,False,False,False,False,False,1
TK63842,20230903,20230904,4,3,1,2023-09-03 08:06:00,2023-09-04 11:04:28,Cannot connecting the Snowflake sync,95.0,1618.4666666666667,4.0,False,True,False,False,False,1
TK63590,20230903,20230903,2,4,2,2023-09-03 12:06:00,2023-09-03 17:55:51,Error when log in after password reset,367.0,349.85,4.0,False,True,False,False,False,1
TK60046,20230903,20230904,3,5,2,2023-09-03 12:34:00,2023-09-04 02:04:04,Cannot the invoice for last month,75.0,810.0666666666667,1.0,False,True,False,False,False,1
TK63652,20230903,20230905,3,2,2,2023-09-03 15:41:00,2023-09-05 03:41:51,How do I the invoice for last month,71.0,2160.85,,False,False,False,False,False,1
TK61392,20230903,20230903,1,4,3,2023-09-03 17:42:00,2023-09-03 19:10:08,How do I webhook deliveries failing,16.0,88.13333333333334,4.0,False,True,False,False,False,1
TK63386,20230903,20230905,3,3,2,2023-09-03 18:06:00,2023-09-05 22:05:28,Error when a refund for an annual plan,69.0,3119.4666666666667,5.0,False,True,False,False,False,1
TK62967,20230903,20230904,1,5,3,2023-09-03 22:32:00,2023-09-04 02:17:37,Error when the dashboard loading slowly,98.0,225.61666666666667,,False,False,False,False,False,1
TK63527,20230904,20230904,3,3,2,2023-09-04 03:47:00,2023-09-04 23:48:33,Request to the invoice for last month,40.0,1201.55,,False,False,False,False,False,1
TK63153,20230904,20230905,2,1,3,2023-09-04 19:10:00,2023-09-05 19:06:56,Unable to export my data,25.0,1436.9333333333334,5.0,False,True,False,False,False,1
TK62471,20230904,20230908,1,3,2,2023-09-04 19:19:00,2023-09-08 10:16:00,Unable to add a teammate,47.0,5217.0,,False,False,False,False,False,1
TK62234,20230904,20230904,2,2,3,2023-09-04 20:19:00,2023-09-04 21:14:14,Request to webhook deliveries failing,40.0,55.23333333333333,,False,False,False,False,False,1
TK61220,20230904,20230906,2,3,2,2023-09-04 21:27:00,2023-09-06 01:03:57,Question about the API rate limit,202.0,1656.95,,False,False,False,False,False,1
TK60849,20230904,20230906,3,1,2,2023-09-04 23:38:00,2023-09-06 17:52:31,Issue with the API rate limit,81.0,2534.516666666667,,False,False,True,False,False,1
TK63967,20230905,20230905,3,2,3,2023-09-05 01:07:00,2023-09-05 06:58:04,Unable to add a teammate,19.0,351.06666666666666,5.0,False,True,False,False,False,1
TK60660,20230905,20230907,1,3,4,2023-09-05 01:34:00,2023-09-07 05:59:15,Request to downgrade my plan,58.0,3145.25,5.0,False,True,False,False,False,1
TK60537,20230905,20230906,1,5,3,2023-09-05 02:19:00,2023-09-06 01:03:24,How do I connecting the Snowflake sync,10.0,1364.4,,False,False,False,False,False,1
TK62644,20230905,20230908,4,2,1,2023-09-05 08:38:00,2023-09-08 10:31:19,Cannot a duplicate charge,856.0,4433.316666666667,4.0,False,True,False,True,False,1
TK60375,20230905,20230909,2,3,1,2023-09-05 09:53:00,2023-09-09 07:11:01,How do I two-factor authentication,138.0,5598.016666666666,,False,False,False,False,False,1
TK63753,20230905,20230905,4,5,3,2023-09-05 10:05:00,2023-09-05 12:38:14,Cannot the invoice for last month,80.0,153.23333333333332,,False,False,False,False,False,1
TK61059,20230905,20230909,3,3,1,2023-09-05 12:12:00,2023-09-09 07:21:06,Cannot the invoice for last month,544.0,5469.1,4.0,False,True,False,True,False,1
TK63525,20230905,20230913,2,4,1,2023-09-05 13:46:00,2023-09-13 04:58:47,Question about a refund for an annual plan,390.0,10992.783333333333,,False,False,False,True,True,1
TK61413,20230905,20230906,1,3,2,2023-09-05 15:12:00,2023-09-06 01:51:55,Request to export my data,48.0,639.9166666666666,,False,False,False,False,False,1
TK63710,20230905,20230906,1,5,2,2023-09-05 17:34:00,2023-09-06 03:51:59,Unable to the invoice for last month,48.0,617.9833333333333,2.0,False,True,False,False,False,1
TK63061,20230905,20230914,1,4,1,2023-09-05 19:27:00,2023-09-14 09:37:38,Error when the invoice for last month,156.0,12370.633333333331,5.0,False,True,False,False,True,1
TK62941,20230905,20230907,4,2,2,2023-09-05 23:30:00,2023-09-07 03:16:40,Issue with downgrade my plan,305.0,1666.6666666666667,5.0,False,True,False,False,False,1
TK60185,20230905,20230906,2,4,1,2023-09-05 23:38:00,2023-09-06 06:23:31,Cannot add a teammate,115.0,405.51666666666665,,False,False,False,False,False,1
TK61047,20230906,20230906,3,4,3,2023-09-06 01:05:00,2023-09-06 18:45:24,Question about add a teammate,45.0,1060.4,4.0,False,True,False,False,False,1
TK60800,20230906,20230906,1,1,2,2023-09-06 09:09:00,2023-09-06 10:18:58,Question about a refund for an annual plan,85.0,69.96666666666667,5.0,False,True,False,False,False,1
TK61591,20230906,20230906,1,4,4,2023-09-06 09:59:00,2023-09-06 21:12:35,Cannot the API rate limit,77.0,673.5833333333334,,False,False,False,False,False,1
TK62452,20230906,20230907,2,5,2,2023-09-06 20:24:00,2023-09-07 11:54:13,Question about the dashboard loading slowly,25.0,930.2166666666668,3.0,False,True,False,False,False,1
TK60435,20230906,,1,5,3,2023-09-06 21:47:00,,Error when add a teammate,17.0,,,True,False,False,False,False,1
TK62186,20230907,20230908,1,5,3,2023-09-07 03:38:00,2023-09-08 12:10:12,Cannot the dashboard loading slowly,49.0,1952.2,1.0,False,True,False,False,False,1
TK61295,20230907,20230908,3,2,2,2023-09-07 10:29:00,2023-09-08 09:22:37,Unable to a refund for an annual plan,22.0,1373.6166666666666,,False,False,False,False,False,1
TK61482,20230907,20230910,2,1,2,2023-09-07 16:58:00,2023-09-10 22:33:40,Issue with a refund for an annual plan,56.0,4655.666666666667,4.0,False,True,False,False,False,1
TK63595,20230907,20230915,2,2,1,2023-09-07 17:49:00,2023-09-15 17:02:22,Issue with connecting the Snowflake sync,218.0,11473.366666666669,5.0,False,True,False,False,True,1
TK60841,20230907,20230908,3,5,4,2023-09-07 19:57:00,2023-09-08 02:02:22,Unable to a duplicate charge,12.0,365.3666666666667,,False,False,False,False,False,1
TK61908,20230907,20230909,3,4,1,2023-09-07 21:31:00,2023-09-09 07:55:57,How do I downgrade my plan,433.0,2064.95,,False,False,False,True,False,1
TK62447,20230908,20230908,3,1,2,2023-09-08 05:17:00,2023-09-08 22:48:22,Unable to log in after password reset,37.0,1051.3666666666666,,False,False,False,False,False,1
TK63904,20230908,20230909,2,4,2,2023-09-08 06:42:00,2023-09-09 00:16:38,Unable to export my data,240.0,1054.6333333333334,,False,False,False,False,False,1
TK61649,20230908,20230909,1,1,2,2023-09-08 11:27:00,2023-09-09 01:29:01,Cannot a refund for an annual plan,223.0,842.0166666666667,,False,False,False,False,False,1
TK60243,20230909,20230910,2,4,2,2023-09-09 00:41:00,2023-09-10 00:37:54,Unable to the invoice for last month,40.0,1436.9,,False,False,False,False,False,1
TK62206,20230909,20230909,2,4,1,2023-09-09 01:03:00,2023-09-09 03:42:45,Issue with export my data,418.0,159.75,,False,False,False,True,False,1
TK62721,20230909,20230911,3,1,1,2023-09-09 10:44:00,2023-09-11 02:37:09,Question about connecting the Snowflake sync,423.0,2393.15,4.0,False,True,False,True,False,1
TK61486,20230909,20230909,2,5,3,2023-09-09 11:17:00,2023-09-09 20:05:59,Request to the API rate limit,89.0,528.9833333333333,,False,False,False,False,False,1
TK62195,20230909,20230918,1,5,2,2023-09-09 17:52:00,2023-09-18 17:09:17,Question about log in after password reset,57.0,12917.283333333333,5.0,False,True,False,False,True,1
TK61665,20230909,20230912,2,5,3,2023-09-09 19:44:00,2023-09-12 08:39:02,How do I a refund for an annual plan,28.0,3655.033333333333,,False,False,False,False,False,1
TK60725,20230909,20230913,1,5,2,2023-09-09 22:14:00,2023-09-13 15:05:45,Question about the invoice for last month,102.0,5331.75,2.0,False,True,False,False,False,1
TK61818,20230909,20230920,2,2,1,2023-09-09 22:56:00,2023-09-20 10:25:45,Request to a refund for an annual plan,151.0,15089.75,4.0,False,True,False,False,True,1
TK60157,20230909,20230912,1,4,2,2023-09-09 23:25:00,2023-09-12 16:02:12,Unable to the invoice for last month,7.0,3877.2,,False,False,True,False,False,1
TK63647,20230910,20230911,1,1,3,2023-09-10 08:39:00,2023-09-11 00:52:00,Request to the dashboard loading slowly,51.0,973.0,,False,False,False,False,False,1
TK61030,20230910,20230910,3,2,1,2023-09-10 09:25:00,2023-09-10 23:23:16,Question about add a teammate,69.0,838.2666666666667,2.0,False,True,False,False,False,1
TK61150,20230910,20230911,4,5,2,2023-09-10 20:32:00,2023-09-11 01:10:19,Question about a refund for an annual plan,196.0,278.31666666666666,,False,False,False,False,False,1
TK60563,20230910,20230930,2,5,1,2023-09-10 21:13:00,2023-09-30 07:20:15,Unable to the dashboard loading slowly,231.0,27967.25,,False,False,False,False,True,1
TK62723,20230911,20230911,1,2,4,2023-09-11 01:37:00,2023-09-11 03:41:18,Error when the dashboard loading slowly,9.0,124.3,,False,False,True,False,False,1
TK61809,20230911,20231015,3,4,1,2023-09-11 05:13:00,2023-10-15 02:24:09,Issue with a duplicate charge,102.0,48791.15,5.0,False,True,True,False,True,1
TK60025,20230911,20230912,2,2,2,2023-09-11 07:47:00,2023-09-12 09:28:51,Issue with downgrade my plan,283.0,1541.85,,False,False,False,False,False,1
TK60314,20230911,20230915,4,3,2,2023-09-11 09:02:00,2023-09-15 11:40:35,Unable to downgrade my plan,190.0,5918.583333333333,,False,False,False,False,False,1
TK62605,20230911,20230913,1,2,2,2023-09-11 12:21:00,2023-09-13 10:37:17,Cannot log in after password reset,59.0,2776.2833333333333,5.0,False,True,False,False,False,1
TK61795,20230911,20230912,1,1,3,2023-09-11 13:07:00,2023-09-12 09:37:28,Question about the invoice for last month,40.0,1230.4666666666667,2.0,False,True,False,False,False,1
TK61054,20230911,20230912,1,5,3,2023-09-11 16:18:00,2023-09-12 03:52:22,Error when connecting the Snowflake sync,46.0,694.3666666666667,,False,False,False,False,False,1
TK61276,20230912,20230914,3,5,1,2023-09-12 01:42:00,2023-09-14 21:18:45,Unable to the API rate limit,104.0,4056.75,,False,False,False,False,False,1
TK60257,20230912,20230918,3,5,2,2023-09-12 01:57:00,2023-09-18 08:09:15,Cannot log in after password reset,489.0,9012.25,,False,False,False,True,True,1
TK63360,20230912,20230913,1,3,2,2023-09-12 07:46:00,2023-09-13 05:03:51,Error when log in after password reset,,1277.85,,False,False,False,False,False,1
TK60916,20230912,20230913,3,3,3,2023-09-12 12:39:00,2023-09-13 00:48:11,Request to export my data,36.0,729.1833333333333,5.0,False,True,False,False,False,1
TK61461,20230912,20230915,2,5,1,2023-09-12 19:31:00,2023-09-15 09:07:56,Unable to the dashboard loading slowly,69.0,3696.933333333333,5.0,False,True,False,False,False,1
TK61600,20230912,20230913,4,2,2,2023-09-12 21:04:00,2023-09-13 05:48:17,Issue with connecting the Snowflake sync,641.0,524.2833333333333,,False,False,True,True,False,1
TK62821,20230912,20230914,2,1,1,2023-09-12 23:18:00,2023-09-14 04:22:03,Request to connecting the Snowflake sync,333.0,1744.05,,False,False,False,False,False,1
TK61633,20230913,20230913,2,5,2,2023-09-13 00:05:00,2023-09-13 03:38:45,Unable to the dashboard loading slowly,38.0,213.75,,False,False,False,False,False,1
TK61686,20230913,20230913,2,1,1,2023-09-13 01:33:00,2023-09-13 03:57:53,Cannot a refund for an annual plan,50.0,144.88333333333333,4.0,False,True,False,False,False,1
TK60754,20230913,20230913,1,4,4,2023-09-13 10:39:00,2023-09-13 20:49:02,How do I the API rate limit,5.0,610.0333333333333,,False,False,False,False,False,1
TK63351,20230913,,1,2,4,2023-09-13 12:42:00,,Unable to two-factor authentication,57.0,,,True,False,False,False,False,1
TK62939,20230913,20230913,1,5,4,2023-09-13 14:09:00,2023-09-13 21:20:21,Request to export my data,11.0,431.35,,False,False,False,False,False,1
TK62208,20230913,20230913,1,2,1,2023-09-13 14:29:00,2023-09-13 17:25:50,How do I the invoice for last month,291.0,176.83333333333334,,False,False,False,False,False,1
TK61989,20230913,20230914,1,5,1,2023-09-13 16:09:00,2023-09-14 10:42:58,Cannot webhook deliveries failing,56.0,1113.9666666666667,,False,False,False,False,False,1
TK60112,20230913,20230916,1,2,1,2023-09-13 18:17:00,2023-09-16 18:37:50,Request to the dashboard loading slowly,254.0,4340.833333333333,,False,False,False,False,False,1
TK63150,20230913,20230914,1,5,2,2023-09-13 21:05:00,2023-09-14 09:57:39,How do I two-factor authentication,569.0,772.65,,False,False,False,True,False,1
TK63701,20230913,20230914,1,1,2,2023-09-13 23:20:00,2023-09-14 05:01:51,Question about log in after password reset,27.0,341.85,4.0,False,True,False,False,False,1
TK63047,20230913,20230914,4,5,4,2023-09-13 23:42:00,2023-09-14 00:13:50,How do I the invoice for last month,11.0,31.83333333333333,5.0,False,True,False,False,False,1
TK60426,20230914,20230914,2,1,2,2023-09-14 04:46:00,2023-09-14 11:03:00,Issue with the invoice for last month,114.0,377.0,,False,False,False,False,False,1
TK61698,20230914,,2,5,2,2023-09-14 04:46:00,,Request to connecting the Snowflake sync,223.0,,,True,False,False,False,False,1
TK63553,20230914,20230915,3,4,2,2023-09-14 05:24:00,2023-09-15 14:47:47,How do I the dashboard loading slowly,53.0,2003.7833333333333,,False,False,False,False,False,1
TK61243,20230914,20230916,2,5,1,2023-09-14 09:07:00,2023-09-16 05:31:12,Question about the API rate limit,191.0,2664.2,,False,False,False,False,False,1
TK63866,20230914,20230914,2,1,3,2023-09-14 09:59:00,2023-09-14 12:37:05,Question about connecting the Snowflake sync,31.0,158.08333333333334,,False,False,False,False,False,1
TK61136,20230915,20230915,1,4,4,2023-09-15 08:01:00,2023-09-15 09:39:05,Cannot the API rate limit,7.0,98.08333333333331,5.0,False,True,True,False,False,1
TK60021,20230915,20230918,4,5,2,2023-09-15 11:59:00,2023-09-18 12:29:10,Request to the API rate limit,47.0,4350.166666666667,,False,False,False,False,False,1
TK63377,20230915,20230916,1,5,3,2023-09-15 12:33:00,2023-09-16 09:14:44,Cannot log in after password reset,6.0,1241.7333333333331,,False,False,False,False,False,1
TK61315,20230915,20230921,4,1,2,2023-09-15 12:46:00,2023-09-21 20:47:17,Request to two-factor authentication,406.0,9121.283333333333,3.0,False,True,False,True,True,1
TK60934,20230915,20230916,3,1,2,2023-09-15 15:35:00,2023-09-16 03:50:59,Unable to log in after password reset,436.0,735.9833333333333,4.0,False,True,False,True,False,1
TK60519,20230915,20230916,3,5,3,2023-09-15 17:17:00,2023-09-16 23:55:04,Unable to two-factor authentication,46.0,1838.0666666666664,,False,False,False,False,False,1
TK63482,20230916,,3,3,2,2023-09-16 05:51:00,,Request to add a teammate,2076.0,,,True,False,False,True,False,1
TK63062,20230916,20230925,2,5,1,2023-09-16 07:20:00,2023-09-25 00:37:24,Cannot downgrade my plan,150.0,12557.4,,False,False,False,False,True,1
TK60611,20230916,20230920,4,4,1,2023-09-16 08:31:00,2023-09-20 08:45:51,How do I the dashboard loading slowly,187.0,5774.85,,False,False,False,False,False,1
TK63209,20230916,20230917,2,5,3,2023-09-16 11:02:00,2023-09-17 03:55:49,Cannot the invoice for last month,24.0,1013.8166666666668,,False,False,False,False,False,1
TK62999,20230916,20230918,2,2,2,2023-09-16 12:29:00,2023-09-18 02:40:42,Error when the dashboard loading slowly,56.0,2291.7,4.0,False,True,False,False,False,1
TK60217,20230916,20230919,2,1,1,2023-09-16 18:10:00,2023-09-19 19:15:02,Request to a duplicate charge,92.0,4385.033333333334,4.0,False,True,False,False,False,1
TK63752,20230916,20230917,4,2,2,2023-09-16 18:35:00,2023-09-17 07:05:41,Cannot add a teammate,341.0,750.6833333333333,5.0,False,True,False,False,False,1
TK60231,20230916,,1,5,3,2023-09-16 20:56:00,,Issue with the invoice for last month,171.0,,,True,False,False,False,False,1
TK62080,20230916,20230920,1,2,3,2023-09-16 22:30:00,2023-09-20 08:00:53,Error when webhook deliveries failing,306.0,4890.883333333333,,False,False,False,False,False,1
TK60665,20230916,20230922,2,2,2,2023-09-16 22:46:00,2023-09-22 00:15:54,How do I the invoice for last month,271.0,7289.9,,False,False,True,False,False,1
TK60431,20230916,,1,3,2,2023-09-16 23:25:00,,Cannot a duplicate charge,162.0,,,True,False,False,False,False,1
TK60756,20230917,20230917,3,5,2,2023-09-17 03:33:00,2023-09-17 20:43:09,Unable to two-factor authentication,424.0,1030.15,,False,False,False,True,False,1
TK61180,20230917,20230918,2,5,2,2023-09-17 05:12:00,2023-09-18 13:51:57,Unable to the dashboard loading slowly,271.0,1959.95,,False,False,False,False,False,1
TK62993,20230917,20230918,1,4,2,2023-09-17 06:35:00,2023-09-18 10:23:54,Issue with a refund for an annual plan,92.0,1668.9,5.0,False,True,False,False,False,1
TK63464,20230917,20230919,2,5,2,2023-09-17 09:23:00,2023-09-19 14:13:06,Question about two-factor authentication,25.0,3170.1,3.0,False,True,False,False,False,1
TK60774,20230917,20230919,3,4,2,2023-09-17 17:21:00,2023-09-19 12:00:41,Error when the invoice for last month,215.0,2559.6833333333334,4.0,False,True,False,False,False,1
TK61676,20230917,20230918,1,1,2,2023-09-17 18:58:00,2023-09-18 02:51:08,How do I a duplicate charge,50.0,473.1333333333333,5.0,False,True,False,False,False,1
TK61343,20230917,20230918,1,2,3,2023-09-17 23:24:00,2023-09-18 05:32:47,Error when downgrade my plan,37.0,368.78333333333336,,False,False,False,False,False,1
TK60456,20230918,20230918,1,2,3,2023-09-18 02:17:00,2023-09-18 12:44:27,Issue with log in after password reset,141.0,627.45,,False,False,False,False,False,1
TK61790,20230918,20230919,2,5,3,2023-09-18 17:16:00,2023-09-19 09:59:58,Request to webhook deliveries failing,96.0,1003.9666666666668,5.0,False,True,False,False,False,1
TK62315,20230918,20230919,3,2,2,2023-09-18 18:31:00,2023-09-19 05:37:30,Cannot add a teammate,55.0,666.5,4.0,False,True,False,False,False,1
TK61974,20230918,20230918,2,2,2,2023-09-18 18:34:00,2023-09-18 21:12:24,Issue with a duplicate charge,70.0,158.4,,False,False,True,False,False,1
TK60168,20230919,20231006,1,5,1,2023-09-19 01:44:00,2023-10-06 12:50:27,Issue with a duplicate charge,450.0,25146.45,,False,False,False,True,True,1
TK62487,20230919,20230928,2,5,2,2023-09-19 06:21:00,2023-09-28 11:08:38,Issue with the dashboard loading slowly,66.0,13247.633333333331,,False,False,False,False,True,1
TK62366,20230919,20230930,2,3,2,2023-09-19 07:20:00,2023-09-30 03:33:15,Error when log in after password reset,23.0,15613.25,,False,False,False,False,True,1
TK63098,20230919,20230919,3,4,4,2023-09-19 11:12:00,2023-09-19 12:56:23,Unable to the dashboard loading slowly,21.0,104.38333333333334,,False,False,False,False,False,1
TK62226,20230919,20230919,2,2,4,2023-09-19 12:29:00,2023-09-19 15:35:25,Cannot a refund for an annual plan,32.0,186.41666666666663,,False,False,False,False,False,1
TK63341,20230919,20230921,2,2,2,2023-09-19 16:02:00,2023-09-21 04:13:57,Issue with the API rate limit,89.0,2171.95,,False,False,False,False,False,1
TK63821,20230919,20230925,3,5,1,2023-09-19 18:29:00,2023-09-25 13:28:52,Request to the invoice for last month,,8339.866666666667,,False,False,True,False,False,1
TK63838,20230919,20230920,2,2,4,2023-09-19 20:26:00,2023-09-20 00:18:13,Unable to add a teammate,25.0,232.21666666666667,,False,False,False,False,False,1
TK63253,20230919,20230920,1,2,2,2023-09-19 21:14:00,2023-09-20 09:47:58,Error when downgrade my plan,70.0,753.9666666666667,4.0,False,True,False,False,False,1
TK60209,20230919,20230920,2,3,2,2023-09-19 21:26:00,2023-09-20 18:40:05,Question about the dashboard loading slowly,756.0,1274.0833333333333,,False,False,False,True,False,1
TK63016,20230920,20230921,2,5,2,2023-09-20 01:24:00,2023-09-21 11:28:58,Issue with export my data,303.0,2044.9666666666667,,False,False,False,False,False,1
TK60106,20230920,20230921,2,4,2,2023-09-20 05:51:00,2023-09-21 04:15:33,Question about downgrade my plan,67.0,1344.55,2.0,False,True,False,False,False,1
TK60183,20230920,,1,3,2,2023-09-20 06:14:00,,How do I the invoice for last month,79.0,,,True,False,False,False,False,1
TK62031,20230920,20230926,3,2,2,2023-09-20 08:13:00,2023-09-26 22:09:28,Error when a refund for an annual plan,154.0,9476.466666666667,3.0,False,True,False,False,True,1
TK63946,20230920,20230924,1,2,1,2023-09-20 08:26:00,2023-09-24 02:30:42,Cannot two-factor authentication,300.0,5404.7,,False,False,False,False,False,1
TK61805,20230920,20230920,1,2,2,2023-09-20 08:27:00,2023-09-20 18:37:41,Unable to export my data,162.0,610.6833333333333,,False,False,False,False,False,1
TK60711,20230920,20230921,2,5,2,2023-09-20 08:46:00,2023-09-21 04:08:01,How do I a duplicate charge,41.0,1162.0166666666669,,False,False,False,False,False,1
TK60626,20230920,20230921,1,4,2,2023-09-20 12:18:00,2023-09-21 09:35:47,Request to log in after password reset,85.0,1277.7833333333333,4.0,False,True,False,False,False,1
TK62870,20230920,20230921,2,4,2,2023-09-20 14:36:00,2023-09-21 07:54:04,Error when the dashboard loading slowly,78.0,1038.0666666666666,,False,False,False,False,False,1
TK63284,20230920,20230922,2,1,1,2023-09-20 17:27:00,2023-09-22 03:46:55,Cannot export my data,458.0,2059.9166666666665,,False,False,False,True,False,1
TK61776,20230920,20230921,1,4,3,2023-09-20 20:15:00,2023-09-21 01:36:52,Request to the dashboard loading slowly,30.0,321.8666666666667,4.0,False,True,False,False,False,1
TK61369,20230920,20230921,4,2,2,2023-09-20 22:54:00,2023-09-21 04:26:12,How do I export my data,51.0,332.2,5.0,False,True,False,False,False,1
TK62899,20230921,20230922,1,1,1,2023-09-21 00:45:00,2023-09-22 07:29:14,Issue with add a teammate,547.0,1844.2333333333331,,False,False,False,True,False,1
TK61589,20230921,20230922,2,5,2,2023-09-21 00:49:00,2023-09-22 05:00:34,Cannot log in after password reset,27.0,1691.5666666666666,,False,False,False,False,False,1
TK60556,20230921,20230921,1,5,4,2023-09-21 01:39:00,2023-09-21 06:43:47,Unable to connecting the Snowflake sync,17.0,304.78333333333336,5.0,False,True,False,False,False,1
TK60251,20230921,20230924,2,1,3,2023-09-21 03:43:00,2023-09-24 07:54:12,Unable to webhook deliveries failing,32.0,4571.2,,False,False,False,False,False,1
TK61292,20230921,20230923,2,5,1,2023-09-21 04:11:00,2023-09-23 07:26:28,Request to downgrade my plan,465.0,3075.4666666666667,,False,False,False,True,False,1
TK63941,20230921,20230924,2,2,1,2023-09-21 08:50:00,2023-09-24 13:39:12,Issue with two-factor authentication,1031.0,4609.2,,False,False,False,True,False,1
TK63704,20230921,20230922,1,5,2,2023-09-21 12:11:00,2023-09-22 18:15:21,Request to the invoice for last month,214.0,1804.35,,False,False,False,False,False,1
TK60733,20230921,20231003,1,3,2,2023-09-21 15:12:00,2023-10-03 18:42:07,How do I a duplicate charge,103.0,17490.116666666665,3.0,False,True,False,False,True,1
TK62699,20230921,20230922,2,4,2,2023-09-21 18:06:00,2023-09-22 23:12:16,How do I a refund for an annual plan,,1746.2666666666669,5.0,False,True,False,False,False,1
TK62252,20230922,20230923,1,3,1,2023-09-22 01:50:00,2023-09-23 00:29:45,Cannot downgrade my plan,122.0,1359.75,5.0,False,True,False,False,False,1
TK60931,20230922,20230922,4,2,3,2023-09-22 02:43:00,2023-09-22 05:32:58,Unable to export my data,29.0,169.96666666666667,,False,False,False,False,False,1
TK60840,20230922,20230922,2,2,1,2023-09-22 07:51:00,2023-09-22 19:33:34,Unable to the dashboard loading slowly,55.0,702.5666666666667,4.0,False,True,False,False,False,1
TK61621,20230922,20230924,1,5,1,2023-09-22 09:28:00,2023-09-24 14:40:47,Cannot a refund for an annual plan,386.0,3192.7833333333333,,False,False,False,False,False,1
TK63109,20230922,20230922,4,5,3,2023-09-22 11:14:00,2023-09-22 17:18:30,Error when downgrade my plan,21.0,364.5,5.0,False,True,False,False,False,1
TK63606,20230922,,1,1,1,2023-09-22 12:25:00,,Unable to the invoice for last month,115.0,,,True,False,False,False,False,1
TK62243,20230922,20230925,2,5,1,2023-09-22 13:48:00,2023-09-25 18:59:46,Cannot the API rate limit,526.0,4631.766666666666,,False,False,False,True,False,1
TK62119,20230922,20230928,3,5,1,2023-09-22 14:13:00,2023-09-28 22:21:51,Error when downgrade my plan,73.0,9128.85,5.0,False,True,False,False,True,1
TK61471,20230922,20230922,2,4,1,2023-09-22 15:21:00,2023-09-22 20:18:14,Issue with connecting the Snowflake sync,138.0,297.2333333333333,,False,False,False,False,False,1
TK63186,20230922,20230924,4,4,1,2023-09-22 21:22:00,2023-09-24 09:56:57,Issue with export my data,26.0,2194.95,,False,False,False,False,False,1
TK60006,20230922,20230923,2,2,2,2023-09-22 23:37:00,2023-09-23 11:29:14,Question about a refund for an annual plan,104.0,712.2333333333333,,False,False,False,False,False,1
TK60081,20230923,20230924,2,2,2,2023-09-23 04:29:00,2023-09-24 10:36:43,Unable to the invoice for last month,233.0,1807.7166666666667,,False,False,False,False,False,1
TK62762,20230923,20230923,3,2,3,2023-09-23 15:42:00,2023-09-23 21:11:19,Request to add a teammate,50.0,329.31666666666666,2.0,False,True,False,False,False,1
TK62254,20230923,20230923,4,1,1,2023-09-23 15:47:00,2023-09-23 19:41:33,How do I the API rate limit,209.0,234.55,5.0,False,True,True,False,False,1
TK61128,20230923,20230924,3,5,2,2023-09-23 16:14:00,2023-09-24 21:20:58,Unable to connecting the Snowflake sync,359.0,1746.9666666666667,5.0,False,True,False,False,False,1
TK62349,20230923,20230926,1,4,2,2023-09-23 19:38:00,2023-09-26 05:10:27,Error when downgrade my plan,153.0,3452.45,4.0,False,True,False,False,False,1
TK61995,20230924,,4,3,1,2023-09-24 00:29:00,,Error when a refund for an annual plan,248.0,,,True,False,False,False,False,1
TK63546,20230924,20230928,3,4,2,2023-09-24 06:27:00,2023-09-28 03:24:10,Question about the dashboard loading slowly,46.0,5577.166666666667,,False,False,False,False,False,1
TK62752,20230924,20230924,1,5,4,2023-09-24 07:22:00,2023-09-24 16:14:47,Cannot two-factor authentication,51.0,532.7833333333333,,False,False,False,False,False,1
TK63683,20230924,20231001,3,5,2,2023-09-24 07:53:00,2023-10-01 15:27:50,Issue with log in after password reset,84.0,10534.833333333334,4.0,False,True,False,False,True,1
TK61812,20230924,20230925,1,2,2,2023-09-24 08:52:00,2023-09-25 14:55:33,Request to webhook deliveries failing,436.0,1803.55,,False,False,False,True,False,1
TK61981,20230924,20230926,3,5,2,2023-09-24 11:15:00,2023-09-26 22:18:17,Cannot a duplicate charge,88.0,3543.2833333333333,,False,False,False,False,False,1
TK62952,20230924,20230926,2,5,4,2023-09-24 13:27:00,2023-09-26 02:00:09,Question about the invoice for last month,25.0,2193.15,,False,False,False,False,False,1
TK62961,20230924,20230925,2,2,3,2023-09-24 14:44:00,2023-09-25 18:34:18,Error when downgrade my plan,54.0,1670.3,3.0,False,True,True,False,False,1
TK62795,20230924,20230924,2,2,2,2023-09-24 15:03:00,2023-09-24 17:11:18,How do I a refund for an annual plan,,128.3,,False,False,False,False,False,1
TK60422,20230924,20230925,2,1,2,2023-09-24 15:05:00,2023-09-25 15:04:10,Error when the API rate limit,60.0,1439.1666666666667,,False,False,False,False,False,1
TK61586,20230924,20230924,1,2,2,2023-09-24 15:12:00,2023-09-24 21:54:54,Question about the dashboard loading slowly,82.0,402.9,5.0,False,True,False,False,False,1
TK61201,20230924,20230925,1,1,4,2023-09-24 17:05:00,2023-09-25 06:09:29,Request to downgrade my plan,55.0,784.4833333333333,,False,False,True,False,False,1
TK61876,20230924,20230924,3,5,3,2023-09-24 17:27:00,2023-09-24 18:57:12,Request to downgrade my plan,150.0,90.2,4.0,False,True,False,False,False,1
TK63048,20230924,20230925,2,4,2,2023-09-24 20:29:00,2023-09-25 00:39:57,Unable to export my data,161.0,250.95,1.0,False,True,False,False,False,1
TK63259,20230924,20230925,1,5,2,2023-09-24 20:50:00,2023-09-25 03:57:47,Issue with the invoice for last month,133.0,427.78333333333336,4.0,False,True,False,False,False,1
TK62713,20230924,20230925,4,2,2,2023-09-24 23:54:00,2023-09-25 22:33:00,Request to downgrade my plan,207.0,1359.0,,False,False,False,False,False,1
TK63978,20230925,20230927,3,2,2,2023-09-25 00:36:00,2023-09-27 15:44:19,Issue with the dashboard loading slowly,35.0,3788.3166666666666,,False,False,False,False,False,1
TK62931,20230925,,3,5,3,2023-09-25 02:08:00,,Unable to the invoice for last month,112.0,,,True,False,False,False,False,1
TK63059,20230925,20230926,2,5,3,2023-09-25 05:16:00,2023-09-26 05:59:48,Error when the invoice for last month,131.0,1483.8,1.0,False,True,False,False,False,1
TK62233,20230925,20230925,1,3,4,2023-09-25 08:38:00,2023-09-25 11:46:50,Issue with export my data,12.0,188.83333333333331,,False,False,False,False,False,1
TK62097,20230925,20230925,4,4,2,2023-09-25 11:33:00,2023-09-25 19:57:44,Unable to export my data,62.0,504.73333333333335,,False,False,False,False,False,1
TK60632,20230925,20230925,3,2,2,2023-09-25 13:12:00,2023-09-25 19:14:49,Error when the API rate limit,194.0,362.81666666666666,,False,False,True,False,False,1
TK61986,20230925,20230925,3,2,3,2023-09-25 13:56:00,2023-09-25 21:11:35,Issue with log in after password reset,54.0,435.5833333333333,,False,False,False,False,False,1
TK62609,20230925,20230925,1,4,2,2023-09-25 14:14:00,2023-09-25 18:28:47,Error when connecting the Snowflake sync,29.0,254.78333333333333,5.0,False,True,False,False,False,1
TK62162,20230925,20230926,1,5,3,2023-09-25 16:16:00,2023-09-26 18:45:34,Error when the invoice for last month,144.0,1589.5666666666666,,False,False,False,False,False,1
TK62381,20230925,20230926,2,4,2,2023-09-25 16:21:00,2023-09-26 08:51:15,Request to downgrade my plan,117.0,990.25,,False,False,True,False,False,1
TK63850,20230925,20230926,3,2,1,2023-09-25 21:36:00,2023-09-26 20:00:08,Cannot add a teammate,383.0,1344.1333333333334,,False,False,False,False,False,1
TK63764,20230926,20230927,1,1,2,2023-09-26 00:57:00,2023-09-27 00:41:41,Cannot connecting the Snowflake sync,28.0,1424.6833333333334,4.0,False,True,False,False,False,1
TK60696,20230926,20230926,4,1,2,2023-09-26 08:18:00,2023-09-26 17:58:41,Request to webhook deliveries failing,14.0,580.6833333333333,2.0,False,True,False,False,False,1
TK61105,20230926,20230926,2,5,2,2023-09-26 09:20:00,2023-09-26 12:06:58,Unable to two-factor authentication,105.0,166.96666666666667,5.0,False,True,False,False,False,1
TK60235,20230926,20230927,1,2,2,2023-09-26 10:06:00,2023-09-27 22:29:44,How do I log in after password reset,122.0,2183.733333333333,5.0,False,True,False,False,False,1
TK63121,20230926,20230927,1,4,2,2023-09-26 11:20:00,2023-09-27 22:16:49,Request to webhook deliveries failing,109.0,2096.8166666666666,5.0,False,True,False,False,False,1
TK63373,20230926,20230926,1,3,3,2023-09-26 11:29:00,2023-09-26 15:35:00,Error when webhook deliveries failing,90.0,246.0,3.0,False,True,False,False,False,1
TK63413,20230926,20230926,3,2,2,2023-09-26 12:16:00,2023-09-26 20:34:42,Cannot the invoice for last month,1432.0,498.7,,False,False,False,True,False,1
TK60016,20230926,20230928,2,5,2,2023-09-26 12:34:00,2023-09-28 08:14:41,Question about the invoice for last month,209.0,2620.6833333333334,,False,False,False,False,False,1
TK60444,20230926,20230926,1,4,3,2023-09-26 17:01:00,2023-09-26 20:29:00,Cannot export my data,41.0,208.0,,False,False,False,False,False,1
TK62115,20230926,20230926,2,4,2,2023-09-26 17:19:00,2023-09-26 23:36:56,Error when connecting the Snowflake sync,33.0,377.9333333333333,,False,False,False,False,False,1
TK61588,20230926,20230927,1,5,3,2023-09-26 18:21:00,2023-09-27 05:03:59,Question about log in after password reset,71.0,642.9833333333333,5.0,False,True,True,False,False,1
TK62416,20230926,20230929,3,1,1,2023-09-26 20:18:00,2023-09-29 17:39:07,How do I a refund for an annual plan,48.0,4161.116666666667,,False,False,False,False,False,1
TK60581,20230927,20230927,2,2,3,2023-09-27 02:16:00,2023-09-27 08:29:31,Cannot the API rate limit,115.0,373.51666666666665,2.0,False,True,False,False,False,1
TK61763,20230927,20231016,3,3,2,2023-09-27 03:42:00,2023-10-16 08:57:13,Unable to the dashboard loading slowly,180.0,27675.216666666667,5.0,False,True,False,False,True,1
TK60482,20230927,20230927,1,1,2,2023-09-27 04:08:00,2023-09-27 23:46:42,Question about webhook deliveries failing,29.0,1178.7,,False,False,False,False,False,1
TK62131,20230927,20230928,2,4,1,2023-09-27 07:28:00,2023-09-28 11:25:14,Request to a duplicate charge,40.0,1677.2333333333331,,False,False,True,False,False,1
TK61877,20230927,20231107,2,5,2,2023-09-27 08:46:00,2023-11-07 13:03:34,Issue with a refund for an annual plan,14.0,59297.566666666666,,False,False,False,False,True,1
TK63688,20230927,20230930,1,4,1,2023-09-27 14:52:00,2023-09-30 16:37:19,Question about the API rate limit,350.0,4425.316666666667,,False,False,False,False,False,1
TK61637,20230927,20231008,3,5,2,2023-09-27 19:18:00,2023-10-08 10:28:10,Unable to the invoice for last month,163.0,15310.166666666666,3.0,False,True,False,False,True,1
TK62515,20230927,20230929,1,5,1,2023-09-27 21:06:00,2023-09-29 21:50:38,Error when log in after password reset,197.0,2924.633333333333,,False,False,False,False,False,1
TK63488,20230927,20230928,1,1,2,2023-09-27 22:15:00,2023-09-28 02:43:37,Request to export my data,64.0,268.6166666666667,,False,False,False,False,False,1
TK60121,20230927,20230928,1,4,1,2023-09-27 22:16:00,2023-09-28 16:35:37,Issue with webhook deliveries failing,420.0,1099.6166666666666,,False,False,False,True,False,1
TK62431,20230927,20230928,1,2,2,2023-09-27 23:06:00,2023-09-28 10:09:27,Issue with the invoice for last month,118.0,663.45,4.0,False,True,False,False,False,1
TK60404,20230928,20231010,1,3,2,2023-09-28 02:46:00,2023-10-10 15:37:27,Question about a duplicate charge,32.0,18051.45,5.0,False,True,False,False,True,1
TK62545,20230928,20231001,2,2,1,2023-09-28 08:07:00,2023-10-01 07:39:54,How do I log in after password reset,346.0,4292.9,,False,False,False,False,False,1
TK61796,20230928,20230928,1,2,2,2023-09-28 11:33:00,2023-09-28 19:38:33,Error when add a teammate,92.0,485.55,,False,False,False,False,False,1
TK63644,20230928,20231003,3,3,2,2023-09-28 11:42:00,2023-10-03 20:40:04,Error when export my data,90.0,7738.066666666667,,False,False,False,False,False,1
TK63102,20230928,20231012,1,5,1,2023-09-28 14:51:00,2023-10-12 12:41:48,Issue with a duplicate charge,352.0,20030.8,4.0,False,True,False,False,True,1
TK61399,20230928,20231017,1,5,3,2023-09-28 20:41:00,2023-10-17 08:40:44,Unable to export my data,145.0,26639.733333333334,,False,False,False,False,True,1
TK60210,20230928,20230928,2,2,3,2023-09-28 21:08:00,2023-09-28 22:46:00,Unable to connecting the Snowflake sync,21.0,98.0,,False,False,False,False,False,1
TK62702,20230928,20231001,2,1,1,2023-09-28 21:19:00,2023-10-01 18:42:07,Request to a refund for an annual plan,219.0,4163.116666666667,,False,False,False,False,False,1
TK63080,20230929,,2,5,2,2023-09-29 01:30:00,,Cannot webhook deliveries failing,,,,True,False,False,False,False,1
TK62924,20230929,20230930,3,5,1,2023-09-29 04:53:00,2023-09-30 12:59:12,Error when the API rate limit,129.0,1926.2,,False,False,False,False,False,1
TK63875,20230929,,1,5,2,2023-09-29 07:13:00,,Question about connecting the Snowflake sync,104.0,,,True,False,False,False,False,1
TK61157,20230929,20231003,3,5,2,2023-09-29 08:54:00,2023-10-03 20:02:36,Unable to connecting the Snowflake sync,,6428.6,,False,False,False,False,False,1
TK63945,20230930,20231002,3,5,2,2023-09-30 06:08:00,2023-10-02 15:57:23,Question about add a teammate,94.0,3469.383333333333,,False,False,False,False,False,1
TK63424,20230930,20231006,4,2,2,2023-09-30 09:27:00,2023-10-06 13:21:14,Error when log in after password reset,23.0,8874.233333333334,,False,False,False,False,True,1
TK63249,20230930,20231002,1,1,2,2023-09-30 14:49:00,2023-10-02 14:20:24,Question about add a teammate,39.0,2851.4,,False,False,False,False,False,1
TK60005,20230930,20230930,3,2,2,2023-09-30 16:04:00,2023-09-30 22:16:15,Unable to add a teammate,1613.0,372.25,5.0,False,True,False,True,False,1
TK61051,20230930,20231001,2,1,2,2023-09-30 16:45:00,2023-10-01 05:37:57,Question about a duplicate charge,65.0,772.95,,False,False,False,False,False,1
TK62802,20230930,20231005,2,3,1,2023-09-30 16:53:00,2023-10-05 04:52:57,Request to add a teammate,115.0,6479.95,,False,False,True,False,False,1
TK63433,20230930,20231001,3,1,2,2023-09-30 18:53:00,2023-10-01 11:38:01,Cannot a duplicate charge,210.0,1005.0166666666668,3.0,False,True,False,False,False,1
TK60238,20230930,20231001,4,1,2,2023-09-30 22:24:00,2023-10-01 03:28:56,Question about a duplicate charge,135.0,304.93333333333334,,False,False,False,False,False,1
TK61342,20230930,20231001,1,4,2,2023-09-30 23:33:00,2023-10-01 00:56:12,Unable to connecting the Snowflake sync,147.0,83.2,4.0,False,True,False,False,False,1
TK61896,20231001,20231001,2,5,2,2023-10-01 00:17:00,2023-10-01 09:32:37,Request to webhook deliveries failing,28.0,555.6166666666667,5.0,False,True,False,False,False,1
TK61813,20231001,20231003,1,2,3,2023-10-01 03:16:00,2023-10-03 05:15:16,Cannot a refund for an annual plan,9.0,2999.266666666667,,False,False,False,False,False,1
TK60506,20231001,20231001,1,5,2,2023-10-01 11:10:00,2023-10-01 22:46:39,How do I two-factor authentication,374.0,696.65,,False,False,False,False,False,1
TK62680,20231001,20231022,3,3,1,2023-10-01 14:48:00,2023-10-22 18:47:24,Request to the invoice for last month,83.0,30479.4,,False,False,False,False,True,1
TK62138,20231001,20231003,4,5,2,2023-10-01 15:00:00,2023-10-03 07:06:14,Cannot downgrade my plan,118.0,2406.233333333333,,False,False,False,False,False,1
TK61013,20231001,20231003,2,5,3,2023-10-01 15:26:00,2023-10-03 20:25:32,Unable to the invoice for last month,38.0,3179.5333333333333,4.0,False,True,False,False,False,1
TK62079,20231001,20231006,3,3,1,2023-10-01 16:17:00,2023-10-06 00:51:04,Question about connecting the Snowflake sync,74.0,6274.066666666667,5.0,False,True,False,False,False,1
TK63005,20231001,,3,3,2,2023-10-01 16:26:00,,How do I two-factor authentication,52.0,,,True,False,False,False,False,1
TK60553,20231001,20231001,3,2,4,2023-10-01 19:28:00,2023-10-01 22:39:35,How do I webhook deliveries failing,3.0,191.58333333333331,,False,False,False,False,False,1
TK60272,20231001,20231007,1,5,2,2023-10-01 23:28:00,2023-10-07 22:24:23,Cannot a duplicate charge,234.0,8576.383333333333,,False,False,False,False,True,1
TK61735,20231002,20231003,2,1,2,2023-10-02 01:49:00,2023-10-03 18:30:26,Question about a refund for an annual plan,156.0,2441.4333333333334,,False,False,False,False,False,1
TK60981,20231002,20231006,1,5,1,2023-10-02 03:25:00,2023-10-06 09:34:57,Question about the invoice for last month,160.0,6129.95,,False,False,False,False,False,1
TK63369,20231002,,1,4,1,2023-10-02 06:20:00,,Cannot a refund for an annual plan,158.0,,,True,False,False,False,False,1
TK62692,20231002,20231008,4,3,2,2023-10-02 12:22:00,2023-10-08 00:29:41,Request to downgrade my plan,39.0,7927.683333333333,4.0,False,True,False,False,False,1
TK61476,20231002,20231008,4,2,1,2023-10-02 14:55:00,2023-10-08 17:08:10,Error when connecting the Snowflake sync,743.0,8773.166666666666,,False,False,False,True,True,1
TK60336,20231002,20231027,4,5,1,2023-10-02 15:54:00,2023-10-27 20:56:10,Issue with add a teammate,358.0,36302.16666666666,,False,False,False,False,True,1
TK63724,20231002,20231009,3,5,2,2023-10-02 17:54:00,2023-10-09 15:34:32,Cannot two-factor authentication,8.0,9940.533333333333,,False,False,False,False,True,1
TK63815,20231002,,2,5,2,2023-10-02 17:56:00,,Issue with two-factor authentication,78.0,,,True,False,False,False,False,1
TK60266,20231002,20231003,1,1,3,2023-10-02 23:49:00,2023-10-03 00:51:04,Cannot downgrade my plan,49.0,62.06666666666667,,False,False,False,False,False,1
TK63886,20231003,20231003,3,5,3,2023-10-03 02:07:00,2023-10-03 18:17:29,Question about downgrade my plan,60.0,970.4833333333332,3.0,False,True,False,False,False,1
TK62455,20231003,20231011,2,5,3,2023-10-03 02:13:00,2023-10-11 10:44:13,How do I log in after password reset,64.0,12031.216666666667,,False,False,False,False,True,1
TK61038,20231003,20231004,1,4,2,2023-10-03 03:43:00,2023-10-04 04:40:58,Unable to downgrade my plan,,1497.9666666666667,,False,False,False,False,False,1
TK61938,20231003,20231004,1,5,2,2023-10-03 05:17:00,2023-10-04 18:43:21,Error when downgrade my plan,46.0,2246.35,,False,False,False,False,False,1
TK60730,20231003,,1,5,2,2023-10-03 10:10:00,,Request to connecting the Snowflake sync,53.0,,,True,False,False,False,False,1
TK62750,20231003,20231021,1,5,1,2023-10-03 10:54:00,2023-10-21 03:34:21,Cannot a duplicate charge,373.0,25480.35,,False,False,False,False,True,1
TK63556,20231003,20231004,1,1,2,2023-10-03 19:47:00,2023-10-04 03:06:29,Request to the invoice for last month,,439.48333333333335,,False,False,False,False,False,1
TK62277,20231003,20231004,3,1,3,2023-10-03 21:40:00,2023-10-04 01:58:01,Unable to the API rate limit,78.0,258.01666666666665,,False,False,False,False,False,1
TK61952,20231003,20231006,3,4,1,2023-10-03 22:24:00,2023-10-06 06:37:33,Request to a duplicate charge,103.0,3373.55,,False,False,False,False,False,1
TK61695,20231004,20231004,1,5,3,2023-10-04 00:48:00,2023-10-04 15:05:58,Issue with log in after password reset,30.0,857.9666666666667,,False,False,False,False,False,1
TK61670,20231004,20231005,1,4,2,2023-10-04 01:40:00,2023-10-05 16:29:18,How do I export my data,132.0,2329.3,,False,False,False,False,False,1
TK62526,20231004,20231004,2,1,1,2023-10-04 01:58:00,2023-10-04 11:42:33,Unable to two-factor authentication,285.0,584.55,,False,False,False,False,False,1
TK62074,20231004,20231008,1,1,2,2023-10-04 04:03:00,2023-10-08 05:41:11,Request to webhook deliveries failing,181.0,5858.183333333333,5.0,False,True,False,False,False,1
TK62362,20231004,20231017,4,5,2,2023-10-04 04:29:00,2023-10-17 09:04:08,How do I log in after password reset,52.0,18995.13333333333,,False,False,False,False,True,1
TK60228,20231004,20231012,1,3,2,2023-10-04 07:06:00,2023-10-12 14:35:16,Request to two-factor authentication,1597.0,11969.266666666666,,False,False,False,True,True,1
TK60601,20231004,20231004,1,1,2,2023-10-04 09:28:00,2023-10-04 22:02:41,Issue with a duplicate charge,580.0,754.6833333333333,,False,False,False,True,False,1
TK61308,20231004,20231007,3,5,3,2023-10-04 12:24:00,2023-10-07 08:29:25,Cannot a duplicate charge,121.0,4085.4166666666665,4.0,False,True,False,False,False,1
TK60765,20231004,20231007,1,2,2,2023-10-04 14:05:00,2023-10-07 16:23:51,Unable to a duplicate charge,90.0,4458.85,5.0,False,True,False,False,False,1
TK61704,20231004,20231011,4,4,2,2023-10-04 16:51:00,2023-10-11 01:05:47,Issue with downgrade my plan,22.0,9134.783333333333,,False,False,False,False,True,1
TK63320,20231004,20231004,2,3,2,2023-10-04 18:02:00,2023-10-04 23:27:15,Issue with the API rate limit,60.0,325.25,,False,False,False,False,False,1
TK63260,20231004,20231007,2,5,2,2023-10-04 21:03:00,2023-10-07 13:30:27,Cannot add a teammate,94.0,3867.45,5.0,False,True,False,False,False,1
TK63001,20231005,20231005,3,5,4,2023-10-05 00:23:00,2023-10-05 15:21:54,Cannot webhook deliveries failing,16.0,898.9,,False,False,True,False,False,1
TK61496,20231005,20231009,2,5,2,2023-10-05 01:15:00,2023-10-09 02:19:30,Cannot add a teammate,44.0,5824.5,,False,False,True,False,False,1
TK61176,20231005,20231005,3,4,3,2023-10-05 03:55:00,2023-10-05 14:23:38,Request to a refund for an annual plan,13.0,628.6333333333333,,False,False,False,False,False,1
TK61505,20231005,20231005,2,2,2,2023-10-05 05:23:00,2023-10-05 19:55:08,Unable to a duplicate charge,106.0,872.1333333333333,,False,False,False,False,False,1
TK62045,20231005,20231006,2,1,2,2023-10-05 08:21:00,2023-10-06 09:47:14,Request to the API rate limit,314.0,1526.2333333333331,,False,False,False,False,False,1
TK61233,20231005,20231006,2,5,3,2023-10-05 13:09:00,2023-10-06 18:57:12,Issue with the invoice for last month,8.0,1788.2,,False,False,False,False,False,1
TK63269,20231005,20231006,3,5,2,2023-10-05 14:30:00,2023-10-06 07:01:59,Cannot two-factor authentication,69.0,991.9833333333332,,False,False,False,False,False,1
TK62642,20231005,20231006,1,2,3,2023-10-05 19:52:00,2023-10-06 04:26:51,Error when export my data,162.0,514.85,4.0,False,True,False,False,False,1
TK61778,20231006,20231008,3,3,2,2023-10-06 00:38:00,2023-10-08 08:38:01,Issue with add a teammate,20.0,3360.016666666667,4.0,False,True,False,False,False,1
TK62148,20231006,20231006,1,5,4,2023-10-06 01:35:00,2023-10-06 08:51:00,Cannot two-factor authentication,6.0,436.0,,False,False,False,False,False,1
TK60099,20231006,20231006,3,5,3,2023-10-06 02:00:00,2023-10-06 06:49:43,How do I downgrade my plan,73.0,289.71666666666664,,False,False,False,False,False,1
TK62076,20231006,20231009,3,5,1,2023-10-06 04:22:00,2023-10-09 11:17:46,Question about add a teammate,177.0,4735.766666666666,,False,False,False,False,False,1
TK62826,20231006,20231006,2,4,2,2023-10-06 05:44:00,2023-10-06 16:15:45,Issue with the API rate limit,31.0,631.75,,False,False,False,False,False,1
TK63168,20231006,20231007,1,5,2,2023-10-06 05:48:00,2023-10-07 03:41:39,Request to the invoice for last month,177.0,1313.65,,False,False,False,False,False,1
TK61107,20231006,20231007,3,3,1,2023-10-06 06:56:00,2023-10-07 21:53:52,Issue with a refund for an annual plan,361.0,2337.866666666667,,False,False,False,False,False,1
TK61000,20231006,,2,3,4,2023-10-06 08:38:00,,Question about log in after password reset,31.0,,,True,False,False,False,False,1
TK62055,20231006,20231007,4,5,2,2023-10-06 14:08:00,2023-10-07 06:56:05,Error when export my data,40.0,1008.0833333333334,,False,False,False,False,False,1
TK63403,20231006,20231007,4,2,2,2023-10-06 14:30:00,2023-10-07 19:28:24,Issue with add a teammate,44.0,1738.4,4.0,False,True,False,False,False,1
TK63895,20231006,20231010,1,3,3,2023-10-06 14:33:00,2023-10-10 04:01:19,Request to a duplicate charge,22.0,5128.316666666667,,False,False,False,False,False,1
TK62282,20231006,,2,2,2,2023-10-06 16:14:00,,Error when connecting the Snowflake sync,,,,True,False,False,False,False,1
TK61331,20231006,20231006,1,2,2,2023-10-06 16:16:00,2023-10-06 20:46:56,Unable to connecting the Snowflake sync,252.0,270.93333333333334,5.0,False,True,False,False,False,1
TK61249,20231006,20231006,3,2,3,2023-10-06 17:40:00,2023-10-06 21:59:17,Issue with two-factor authentication,34.0,259.28333333333336,,False,False,False,False,False,1
TK60253,20231006,20231007,3,4,3,2023-10-06 17:43:00,2023-10-07 16:13:49,Issue with connecting the Snowflake sync,35.0,1350.8166666666666,5.0,False,True,False,False,False,1
TK63353,20231006,20231009,4,5,3,2023-10-06 18:32:00,2023-10-09 22:31:59,Issue with a duplicate charge,77.0,4559.983333333334,,False,False,False,False,False,1
TK61846,20231007,20231007,3,2,2,2023-10-07 02:07:00,2023-10-07 03:47:51,Request to a duplicate charge,241.0,100.85,,False,False,False,False,False,1
TK63165,20231007,20231008,1,5,2,2023-10-07 03:45:00,2023-10-08 04:27:38,Request to two-factor authentication,287.0,1482.6333333333334,,False,False,False,False,False,1
TK61830,20231007,20231105,4,3,1,2023-10-07 05:03:00,2023-11-05 23:20:19,Cannot the dashboard loading slowly,290.0,42857.316666666666,5.0,False,True,False,False,True,1
TK63451,20231007,20231102,1,3,1,2023-10-07 08:42:00,2023-11-02 08:15:36,Cannot a duplicate charge,225.0,37413.6,,False,False,False,False,True,1
TK62146,20231007,20231014,2,3,2,2023-10-07 09:35:00,2023-10-14 08:12:41,How do I downgrade my plan,157.0,9997.683333333332,,False,False,False,False,True,1
TK60825,20231007,20231008,2,4,2,2023-10-07 09:49:00,2023-10-08 12:57:35,How do I the invoice for last month,227.0,1628.5833333333333,,False,False,False,False,False,1
TK60302,20231007,20231007,1,5,3,2023-10-07 12:35:00,2023-10-07 17:46:56,Issue with the invoice for last month,61.0,311.93333333333334,,False,False,False,False,False,1
TK60193,20231007,20231009,2,2,1,2023-10-07 13:40:00,2023-10-09 06:35:21,Question about export my data,721.0,2455.35,,False,False,False,True,False,1
TK62437,20231007,20231008,3,2,2,2023-10-07 14:36:00,2023-10-08 01:47:12,Cannot two-factor authentication,238.0,671.2,5.0,False,True,False,False,False,1
TK60892,20231007,20231010,2,3,2,2023-10-07 17:09:00,2023-10-10 08:48:46,Question about the invoice for last month,120.0,3819.766666666667,,False,False,False,False,False,1
TK61336,20231007,20231007,2,2,4,2023-10-07 17:54:00,2023-10-07 18:42:09,How do I the API rate limit,8.0,48.15,,False,False,False,False,False,1
TK62797,20231007,20231009,3,5,2,2023-10-07 17:54:00,2023-10-09 00:28:11,Question about add a teammate,61.0,1834.1833333333332,,False,False,False,False,False,1
TK62367,20231007,20231008,1,1,3,2023-10-07 19:19:00,2023-10-08 12:28:39,Unable to log in after password reset,31.0,1029.65,5.0,False,True,False,False,False,1
TK60875,20231007,20231009,1,2,2,2023-10-07 19:27:00,2023-10-09 05:21:13,Cannot the API rate limit,58.0,2034.2166666666667,5.0,False,True,False,False,False,1
TK60249,20231007,20231008,2,5,3,2023-10-07 20:08:00,2023-10-08 02:20:04,Unable to a refund for an annual plan,44.0,372.06666666666666,,False,False,False,False,False,1
TK63139,20231007,20231008,2,2,3,2023-10-07 20:36:00,2023-10-08 17:57:54,Error when export my data,32.0,1281.9,,False,False,False,False,False,1
TK61511,20231007,20231008,3,2,2,2023-10-07 22:58:00,2023-10-08 05:46:19,Cannot webhook deliveries failing,100.0,408.31666666666666,5.0,False,True,False,False,False,1
TK60476,20231008,20231012,2,1,1,2023-10-08 05:35:00,2023-10-12 00:09:17,Error when the API rate limit,986.0,5434.283333333334,,False,False,False,True,False,1
TK61611,20231008,,1,2,2,2023-10-08 07:19:00,,Error when a refund for an annual plan,55.0,,,True,False,False,False,False,1
TK63119,20231008,20231012,2,1,1,2023-10-08 14:37:00,2023-10-12 13:08:30,Error when the invoice for last month,,5671.5,,False,False,False,False,False,1
TK60911,20231008,20231016,2,3,2,2023-10-08 21:54:00,2023-10-16 06:22:20,Unable to export my data,146.0,10588.333333333334,,False,False,True,False,True,1
TK60851,20231008,,3,5,2,2023-10-08 23:27:00,,Question about a refund for an annual plan,120.0,,,True,False,False,False,False,1
TK60041,20231009,20231009,4,4,2,2023-10-09 00:44:00,2023-10-09 21:31:23,Cannot add a teammate,11.0,1247.3833333333334,,False,False,False,False,False,1
TK61191,20231009,20231010,3,5,1,2023-10-09 04:31:00,2023-10-10 16:11:27,Error when the API rate limit,87.0,2140.45,,False,False,False,False,False,1
TK63592,20231009,20231011,3,5,1,2023-10-09 12:37:00,2023-10-11 16:43:52,How do I log in after password reset,39.0,3126.866666666667,,False,False,False,False,False,1
TK62495,20231009,20231012,1,4,1,2023-10-09 14:16:00,2023-10-12 07:46:11,How do I the dashboard loading slowly,377.0,3930.183333333333,,False,False,False,False,False,1
TK61190,20231009,20231010,1,5,3,2023-10-09 17:10:00,2023-10-10 08:44:54,Issue with the dashboard loading slowly,53.0,934.9,,False,False,False,False,False,1
TK63322,20231009,20231014,1,2,2,2023-10-09 19:45:00,2023-10-14 09:58:31,How do I the dashboard loading slowly,138.0,6613.516666666666,,False,False,False,False,False,1
TK60937,20231009,20231012,1,5,3,2023-10-09 21:28:00,2023-10-12 11:36:56,Unable to connecting the Snowflake sync,82.0,3728.933333333333,,False,False,False,False,False,1
TK61101,20231009,20231010,3,4,2,2023-10-09 22:03:00,2023-10-10 04:12:07,How do I two-factor authentication,26.0,369.1166666666667,,False,False,False,False,False,1
TK62909,20231010,20231010,3,3,2,2023-10-10 00:25:00,2023-10-10 08:28:04,Request to webhook deliveries failing,409.0,483.06666666666666,4.0,False,True,True,True,False,1
TK60007,20231010,20231011,1,1,1,2023-10-10 07:04:00,2023-10-11 19:09:17,Unable to webhook deliveries failing,59.0,2165.2833333333333,,False,False,False,False,False,1
TK60365,20231010,20231010,2,2,3,2023-10-10 07:25:00,2023-10-10 08:54:30,Cannot the invoice for last month,49.0,89.5,,False,False,False,False,False,1
TK61405,20231010,20231012,1,5,2,2023-10-10 07:27:00,2023-10-12 01:15:25,How do I add a teammate,183.0,2508.4166666666665,,False,False,False,False,False,1
TK61144,20231010,20231010,2,1,3,2023-10-10 14:07:00,2023-10-10 17:34:44,Issue with the invoice for last month,8.0,207.7333333333333,,False,False,False,False,False,1
TK63391,20231010,20231010,1,1,3,2023-10-10 15:56:00,2023-10-10 20:41:19,Question about webhook deliveries failing,21.0,285.31666666666666,,False,False,False,False,False,1
TK60639,20231010,20231011,3,2,2,2023-10-10 18:00:00,2023-10-11 01:47:55,Cannot export my data,67.0,467.9166666666667,,False,False,False,False,False,1
TK63140,20231010,20231013,3,1,2,2023-10-10 18:52:00,2023-10-13 06:23:16,Unable to a duplicate charge,81.0,3571.266666666667,,False,False,False,False,False,1
TK62920,20231010,20231012,3,1,1,2023-10-10 19:20:00,2023-10-12 13:31:15,Issue with a duplicate charge,233.0,2531.25,4.0,False,True,False,False,False,1
TK60240,20231011,20231014,1,5,1,2023-10-11 01:52:00,2023-10-14 01:55:22,Issue with connecting the Snowflake sync,162.0,4323.366666666667,4.0,False,True,False,False,False,1
TK62914,20231011,20231011,1,2,2,2023-10-11 02:12:00,2023-10-11 09:11:18,How do I the dashboard loading slowly,,419.3,,False,False,False,False,False,1
TK60938,20231011,,2,2,3,2023-10-11 03:14:00,,Issue with the invoice for last month,24.0,,,True,False,False,False,False,1
TK62062,20231011,20231021,3,5,2,2023-10-11 06:18:00,2023-10-21 07:14:12,Request to webhook deliveries failing,71.0,14456.2,,False,False,False,False,True,1
TK62735,20231011,20231015,3,5,1,2023-10-11 08:06:00,2023-10-15 01:42:58,Question about the dashboard loading slowly,108.0,5376.966666666666,,False,False,False,False,False,1
TK61565,20231011,20231017,1,2,1,2023-10-11 12:17:00,2023-10-17 05:41:13,Issue with add a teammate,62.0,8244.216666666667,2.0,False,True,False,False,False,1
TK60961,20231011,20231011,4,1,2,2023-10-11 12:45:00,2023-10-11 14:31:36,Question about add a teammate,32.0,106.6,,False,False,False,False,False,1
TK61590,20231011,20231012,3,1,2,2023-10-11 14:13:00,2023-10-12 20:50:01,Question about the API rate limit,228.0,1837.0166666666669,,False,False,False,False,False,1
TK63985,20231011,20231028,4,5,2,2023-10-11 14:56:00,2023-10-28 06:42:11,Question about the API rate limit,145.0,23986.18333333333,,False,False,False,False,True,1
TK61542,20231011,20231013,4,4,2,2023-10-11 15:49:00,2023-10-13 04:19:12,Error when a duplicate charge,172.0,2190.2,,False,False,False,False,False,1
TK60494,20231011,20231016,2,5,1,2023-10-11 17:18:00,2023-10-16 20:00:19,Error when export my data,454.0,7362.316666666667,,False,False,False,True,False,1
TK61666,20231011,,3,3,2,2023-10-11 19:55:00,,Request to connecting the Snowflake sync,123.0,,,True,False,False,False,False,1
TK62892,20231011,20231012,1,2,2,2023-10-11 20:17:00,2023-10-12 11:08:27,Unable to connecting the Snowflake sync,54.0,891.45,3.0,False,True,False,False,False,1
TK61551,20231011,20231014,2,5,2,2023-10-11 23:03:00,2023-10-14 08:36:44,How do I webhook deliveries failing,71.0,3453.733333333333,4.0,False,True,False,False,False,1
TK62624,20231012,20231013,2,3,2,2023-10-12 03:24:00,2023-10-13 17:12:21,Issue with two-factor authentication,332.0,2268.35,,False,False,False,False,False,1
TK60417,20231012,20231012,3,4,2,2023-10-12 06:15:00,2023-10-12 20:52:56,Unable to the dashboard loading slowly,200.0,877.9333333333333,5.0,False,True,False,False,False,1
TK63661,20231012,20231013,3,4,1,2023-10-12 09:51:00,2023-10-13 22:17:14,Issue with export my data,194.0,2186.233333333333,,False,False,False,False,False,1
TK60978,20231012,20231015,2,5,1,2023-10-12 11:20:00,2023-10-15 20:31:46,Question about the API rate limit,37.0,4871.766666666666,5.0,False,True,False,False,False,1
TK62793,20231012,20231016,1,3,2,2023-10-12 14:07:00,2023-10-16 16:46:31,Request to a refund for an annual plan,65.0,5919.516666666666,4.0,False,True,False,False,False,1
TK62209,20231012,,3,5,2,2023-10-12 19:22:00,,Question about add a teammate,678.0,,,True,False,False,True,False,1
TK63313,20231012,,3,3,2,2023-10-12 21:16:00,,Issue with downgrade my plan,45.0,,,True,False,False,False,False,1
TK62616,20231012,20231014,2,5,3,2023-10-12 21:36:00,2023-10-14 02:56:42,Request to export my data,183.0,1760.7,,False,False,False,False,False,1
TK63379,20231012,20231013,3,2,1,2023-10-12 22:03:00,2023-10-13 04:50:16,Request to export my data,170.0,407.26666666666665,,False,False,True,False,False,1
TK61977,20231013,20231013,3,2,2,2023-10-13 00:32:00,2023-10-13 15:25:19,Error when a duplicate charge,188.0,893.3166666666667,,False,False,False,False,False,1
TK63729,20231013,20231014,2,2,2,2023-10-13 05:51:00,2023-10-14 13:04:54,Request to the dashboard loading slowly,26.0,1873.9,5.0,False,True,False,False,False,1
TK60120,20231013,20231019,2,3,2,2023-10-13 05:52:00,2023-10-19 16:31:53,Unable to log in after password reset,506.0,9279.883333333331,,False,False,False,True,True,1
TK60394,20231013,20231013,2,1,3,2023-10-13 06:31:00,2023-10-13 11:35:36,Error when add a teammate,19.0,304.6,,False,False,False,False,False,1
TK62641,20231013,20231014,3,5,2,2023-10-13 10:33:00,2023-10-14 14:10:53,How do I add a teammate,444.0,1657.8833333333334,5.0,False,True,False,True,False,1
TK61723,20231013,20231017,3,2,2,2023-10-13 10:55:00,2023-10-17 02:02:21,Request to a refund for an annual plan,18.0,5227.35,,False,False,False,False,False,1
TK61510,20231013,20231015,2,5,2,2023-10-13 14:39:00,2023-10-15 16:40:22,How do I add a teammate,39.0,3001.366666666667,,False,False,False,False,False,1
TK60012,20231013,20231027,2,5,2,2023-10-13 15:59:00,2023-10-27 14:27:23,Unable to export my data,72.0,20068.38333333333,,False,False,False,False,True,1
TK60996,20231013,20231014,2,1,1,2023-10-13 21:56:00,2023-10-14 17:44:53,How do I the API rate limit,514.0,1188.8833333333334,4.0,False,True,False,True,False,1
TK61492,20231013,20231020,1,2,3,2023-10-13 23:01:00,2023-10-20 17:31:39,Error when two-factor authentication,41.0,9750.65,,False,False,True,False,True,1
TK61407,20231014,20231015,2,5,4,2023-10-14 01:45:00,2023-10-15 01:29:11,How do I connecting the Snowflake sync,13.0,1424.1833333333334,4.0,False,True,False,False,False,1
TK62342,20231014,20231014,3,3,4,2023-10-14 01:47:00,2023-10-14 13:50:54,Unable to webhook deliveries failing,33.0,723.9,,False,False,False,False,False,1
TK62012,20231014,20231015,2,5,2,2023-10-14 05:28:00,2023-10-15 09:36:17,Cannot export my data,133.0,1688.2833333333333,,False,False,False,False,False,1
TK61982,20231014,20231014,2,2,2,2023-10-14 06:16:00,2023-10-14 08:52:12,Issue with a refund for an annual plan,438.0,156.2,,False,False,False,True,False,1
TK63033,20231014,20231015,1,2,1,2023-10-14 06:27:00,2023-10-15 00:44:55,Request to the dashboard loading slowly,379.0,1097.9166666666667,,False,False,False,False,False,1
TK62518,20231014,20231018,4,4,2,2023-10-14 06:31:00,2023-10-18 14:13:18,Unable to two-factor authentication,77.0,6222.3,4.0,False,True,False,False,False,1
TK63293,20231014,20231015,4,2,1,2023-10-14 10:41:00,2023-10-15 07:24:57,How do I webhook deliveries failing,47.0,1243.95,5.0,False,True,False,False,False,1
TK60203,20231014,20231014,2,1,3,2023-10-14 11:24:00,2023-10-14 18:44:50,Request to the dashboard loading slowly,93.0,440.8333333333333,,False,False,False,False,False,1
TK60847,20231014,20231016,4,5,2,2023-10-14 16:20:00,2023-10-16 09:50:52,Cannot the dashboard loading slowly,131.0,2490.866666666667,,False,False,False,False,False,1
TK61745,20231014,20231015,4,5,3,2023-10-14 16:32:00,2023-10-15 00:44:51,Question about log in after password reset,45.0,492.85,,False,False,False,False,False,1
TK61864,20231014,20231015,3,5,3,2023-10-14 16:54:00,2023-10-15 01:36:42,Request to connecting the Snowflake sync,494.0,522.7,,False,False,False,True,False,1
TK60963,20231014,20231015,1,1,2,2023-10-14 17:53:00,2023-10-15 10:53:49,Error when log in after password reset,104.0,1020.8166666666668,,False,False,True,False,False,1
TK60222,20231014,20231015,3,2,1,2023-10-14 20:06:00,2023-10-15 21:22:24,Unable to add a teammate,474.0,1516.4,2.0,False,True,False,True,False,1
TK63892,20231014,20231016,3,5,2,2023-10-14 20:08:00,2023-10-16 12:32:46,Cannot the dashboard loading slowly,210.0,2424.766666666667,,False,False,False,False,False,1
TK62472,20231014,20231016,3,1,3,2023-10-14 21:26:00,2023-10-16 17:24:11,How do I export my data,10.0,2638.1833333333334,5.0,False,True,False,False,False,1
TK62572,20231014,20231015,2,1,2,2023-10-14 21:45:00,2023-10-15 06:14:38,Unable to the invoice for last month,35.0,509.6333333333333,5.0,False,True,False,False,False,1
TK60893,20231014,20231019,1,2,1,2023-10-14 23:41:00,2023-10-19 09:19:44,How do I the API rate limit,248.0,6338.733333333334,,False,False,False,False,False,1
TK61239,20231015,20231028,2,5,1,2023-10-15 00:44:00,2023-10-28 01:09:58,Request to the dashboard loading slowly,309.0,18745.966666666667,,False,False,True,False,True,1
TK63421,20231015,20231015,2,3,2,2023-10-15 01:00:00,2023-10-15 08:46:35,Error when the dashboard loading slowly,,466.5833333333333,,False,False,False,False,False,1
TK60713,20231015,20231016,2,5,3,2023-10-15 01:07:00,2023-10-16 02:18:27,Request to a refund for an annual plan,13.0,1511.45,,False,False,False,False,False,1
TK61631,20231015,20231017,1,4,3,2023-10-15 01:15:00,2023-10-17 00:31:57,Question about add a teammate,3.0,2836.95,1.0,False,True,False,False,False,1
TK60234,20231015,20231015,1,1,2,2023-10-15 03:23:00,2023-10-15 12:31:59,Question about export my data,580.0,548.9833333333333,4.0,False,True,False,True,False,1
TK61879,20231015,,1,3,1,2023-10-15 05:27:00,,How do I webhook deliveries failing,149.0,,,True,False,False,False,False,1
TK60510,20231015,20231015,1,5,4,2023-10-15 07:32:00,2023-10-15 10:22:41,Issue with log in after password reset,6.0,170.68333333333334,,False,False,False,False,False,1
TK62613,20231015,20231018,2,5,2,2023-10-15 08:24:00,2023-10-18 19:21:09,Cannot the API rate limit,16.0,4977.15,5.0,False,True,False,False,False,1
TK63958,20231015,20231016,2,2,3,2023-10-15 08:39:00,2023-10-16 12:19:23,Question about log in after password reset,69.0,1660.3833333333334,,False,False,False,False,False,1
TK63295,20231015,20231016,3,3,2,2023-10-15 11:25:00,2023-10-16 01:30:06,Unable to webhook deliveries failing,98.0,845.1,,False,False,False,False,False,1
TK62829,20231015,20231017,1,4,3,2023-10-15 13:49:00,2023-10-17 15:26:04,Question about a refund for an annual plan,21.0,2977.0666666666666,5.0,False,True,False,False,False,1
TK60987,20231015,20231020,1,5,2,2023-10-15 19:37:00,2023-10-20 05:45:04,Request to log in after password reset,27.0,6368.066666666667,,False,False,False,False,False,1
TK61923,20231015,20231017,2,2,2,2023-10-15 20:51:00,2023-10-17 07:53:37,Unable to the invoice for last month,82.0,2102.616666666667,,False,False,False,False,False,1
TK62216,20231015,,2,5,3,2023-10-15 21:32:00,,Request to two-factor authentication,84.0,,,True,False,False,False,False,1
TK60496,20231015,20231016,3,4,2,2023-10-15 22:10:00,2023-10-16 21:31:56,Issue with the dashboard loading slowly,208.0,1401.9333333333334,,False,False,False,False,False,1
TK61979,20231016,20231016,2,1,2,2023-10-16 00:23:00,2023-10-16 16:08:05,Unable to log in after password reset,734.0,945.0833333333334,,False,False,False,True,False,1
TK61099,20231016,20231020,3,3,1,2023-10-16 01:04:00,2023-10-20 20:25:01,Issue with export my data,117.0,6921.016666666666,,False,False,False,False,False,1
TK60523,20231016,,1,2,2,2023-10-16 03:30:00,,Cannot downgrade my plan,55.0,,,True,False,False,False,False,1
TK63439,20231016,20231017,4,2,2,2023-10-16 04:21:00,2023-10-17 02:19:26,Cannot webhook deliveries failing,149.0,1318.4333333333334,,False,False,False,False,False,1
TK62596,20231016,20231016,1,3,2,2023-10-16 04:57:00,2023-10-16 22:22:18,Issue with log in after password reset,128.0,1045.3,,False,False,False,False,False,1
TK63784,20231016,20231019,2,4,2,2023-10-16 05:24:00,2023-10-19 23:57:58,Issue with export my data,19.0,5433.966666666666,,False,False,False,False,False,1
TK61075,20231016,20231029,4,5,3,2023-10-16 05:55:00,2023-10-29 14:50:24,How do I a duplicate charge,49.0,19255.4,5.0,False,True,False,False,True,1
TK62128,20231016,20231017,2,2,3,2023-10-16 07:21:00,2023-10-17 05:13:23,Error when the dashboard loading slowly,53.0,1312.3833333333334,,False,False,False,False,False,1
TK62811,20231016,20231019,1,3,2,2023-10-16 09:16:00,2023-10-19 05:51:23,How do I log in after password reset,277.0,4115.383333333333,,False,False,False,False,False,1
TK61527,20231016,20231017,4,2,2,2023-10-16 09:28:00,2023-10-17 09:06:30,Question about connecting the Snowflake sync,93.0,1418.5,,False,False,False,False,False,1
TK63428,20231016,20231019,1,5,2,2023-10-16 14:07:00,2023-10-19 05:40:39,Unable to a refund for an annual plan,147.0,3813.65,,False,False,False,False,False,1
TK63110,20231016,20231017,2,1,2,2023-10-16 14:22:00,2023-10-17 06:30:10,Request to the dashboard loading slowly,53.0,968.1666666666666,,False,False,True,False,False,1
TK62890,20231016,20231017,2,4,4,2023-10-16 14:52:00,2023-10-17 00:13:33,Question about the API rate limit,24.0,561.55,,False,False,False,False,False,1
TK61959,20231016,20231020,2,5,2,2023-10-16 18:17:00,2023-10-20 10:47:59,Request to connecting the Snowflake sync,290.0,5310.983333333334,,False,False,False,False,False,1
TK61397,20231016,20231017,4,5,4,2023-10-16 18:26:00,2023-10-17 05:36:54,Request to two-factor authentication,34.0,670.9,5.0,False,True,False,False,False,1
TK62051,20231016,20231017,2,2,4,2023-10-16 19:18:00,2023-10-17 09:03:03,Question about export my data,21.0,825.05,4.0,False,True,True,False,False,1
TK60739,20231016,20231018,2,4,1,2023-10-16 23:43:00,2023-10-18 07:21:51,Error when two-factor authentication,93.0,1898.85,,False,False,False,False,False,1
TK62736,20231017,20231020,2,1,2,2023-10-17 05:00:00,2023-10-20 02:23:27,Error when downgrade my plan,,4163.45,4.0,False,True,False,False,False,1
TK60616,20231017,20231018,1,2,2,2023-10-17 05:20:00,2023-10-18 01:23:16,How do I connecting the Snowflake sync,19.0,1203.2666666666669,,False,False,False,False,False,1
TK60133,20231017,20231017,3,3,2,2023-10-17 07:01:00,2023-10-17 17:49:26,Question about downgrade my plan,60.0,648.4333333333333,,False,False,False,False,False,1
TK61106,20231017,20231019,2,5,2,2023-10-17 07:52:00,2023-10-19 03:08:02,Issue with log in after password reset,89.0,2596.0333333333333,,False,False,False,False,False,1
TK60201,20231017,20231018,1,1,2,2023-10-17 14:35:00,2023-10-18 05:21:19,Error when log in after password reset,92.0,886.3166666666667,5.0,False,True,False,False,False,1
TK60974,20231017,20231018,3,2,3,2023-10-17 17:13:00,2023-10-18 04:10:26,How do I downgrade my plan,25.0,657.4333333333333,,False,False,False,False,False,1
TK62320,20231017,20231018,2,5,3,2023-10-17 20:18:00,2023-10-18 08:21:40,Error when a refund for an annual plan,16.0,723.6666666666666,,False,False,False,False,False,1
TK60423,20231017,20231018,1,4,3,2023-10-17 23:09:00,2023-10-18 02:10:52,Question about a refund for an annual plan,77.0,181.86666666666667,,False,False,False,False,False,1
TK63963,20231018,20231019,4,1,2,2023-10-18 01:57:00,2023-10-19 12:36:13,Issue with webhook deliveries failing,277.0,2079.2166666666667,1.0,False,True,False,False,False,1
TK63484,20231018,20231020,2,5,1,2023-10-18 02:15:00,2023-10-20 17:51:26,Unable to add a teammate,41.0,3816.433333333333,,False,False,False,False,False,1
TK62807,20231018,20231021,1,3,3,2023-10-18 03:03:00,2023-10-21 01:48:21,Cannot downgrade my plan,26.0,4245.35,,False,False,False,False,False,1
TK63562,20231018,20231019,3,5,3,2023-10-18 04:34:00,2023-10-19 11:04:01,Question about the API rate limit,13.0,1830.0166666666669,,False,False,True,False,False,1
TK63289,20231018,20231020,4,5,3,2023-10-18 05:44:00,2023-10-20 06:53:56,Error when add a teammate,37.0,2949.9333333333334,4.0,False,True,False,False,False,1
TK63913,20231018,20231018,1,2,4,2023-10-18 12:19:00,2023-10-18 12:59:38,Error when a duplicate charge,3.0,40.63333333333333,,False,False,False,False,False,1
TK60226,20231018,20231019,1,5,2,2023-10-18 16:35:00,2023-10-19 15:07:23,Question about the API rate limit,29.0,1352.3833333333334,2.0,False,True,True,False,False,1
TK63226,20231018,20231020,3,3,1,2023-10-18 17:29:00,2023-10-20 01:48:36,Request to a refund for an annual plan,267.0,1939.6,5.0,False,True,False,False,False,1
TK61520,20231018,20231021,2,5,1,2023-10-18 20:55:00,2023-10-21 09:15:17,How do I webhook deliveries failing,104.0,3620.283333333333,,False,False,False,False,False,1
TK60967,20231018,20231018,3,4,3,2023-10-18 22:21:00,2023-10-18 23:43:15,How do I a duplicate charge,41.0,82.25,,False,False,False,False,False,1
TK61169,20231018,20231027,2,5,3,2023-10-18 22:55:00,2023-10-27 10:29:21,How do I add a teammate,71.0,12214.35,,False,False,False,False,True,1
TK61914,20231019,20231022,2,4,2,2023-10-19 00:35:00,2023-10-22 01:04:06,Error when connecting the Snowflake sync,219.0,4349.1,4.0,False,True,False,False,False,1
TK60177,20231019,20231019,4,2,2,2023-10-19 03:58:00,2023-10-19 18:28:52,Cannot connecting the Snowflake sync,103.0,870.8666666666667,,False,False,False,False,False,1
TK61779,20231019,20231022,2,5,1,2023-10-19 06:01:00,2023-10-22 17:54:56,Error when the invoice for last month,305.0,5033.933333333333,4.0,False,True,False,False,False,1
TK60565,20231019,20231021,3,4,3,2023-10-19 12:29:00,2023-10-21 04:30:11,Error when downgrade my plan,73.0,2401.1833333333334,5.0,False,True,False,False,False,1
TK63181,20231019,20231021,2,1,2,2023-10-19 16:29:00,2023-10-21 13:40:09,Error when connecting the Snowflake sync,240.0,2711.15,,False,False,False,False,False,1
TK63460,20231019,20231019,2,2,3,2023-10-19 16:46:00,2023-10-19 18:13:14,Unable to log in after password reset,22.0,87.23333333333333,4.0,False,True,False,False,False,1
TK62213,20231019,20231022,2,5,3,2023-10-19 18:07:00,2023-10-22 03:44:46,Request to the API rate limit,,3457.766666666667,5.0,False,True,False,False,False,1
TK60385,20231019,20231019,2,1,3,2023-10-19 20:42:00,2023-10-19 23:49:48,Request to a duplicate charge,26.0,187.8,,False,False,False,False,False,1
TK61212,20231019,,3,5,2,2023-10-19 20:43:00,,Question about the invoice for last month,153.0,,,True,False,False,False,False,1
TK61703,20231019,,1,2,2,2023-10-19 23:56:00,,Unable to webhook deliveries failing,79.0,,,True,False,False,False,False,1
TK60576,20231020,20231021,4,4,1,2023-10-20 02:59:00,2023-10-21 07:26:24,Question about downgrade my plan,544.0,1707.4,,False,False,False,True,False,1
TK62013,20231020,20231020,4,3,3,2023-10-20 05:31:00,2023-10-20 12:26:40,Question about log in after password reset,126.0,415.6666666666667,4.0,False,True,False,False,False,1
TK61298,20231020,20231020,3,2,3,2023-10-20 08:01:00,2023-10-20 13:41:13,Request to a refund for an annual plan,232.0,340.21666666666664,,False,False,True,False,False,1
TK60050,20231020,20231028,4,2,2,2023-10-20 16:40:00,2023-10-28 18:40:13,How do I log in after password reset,128.0,11640.216666666667,,False,False,False,False,True,1
TK60437,20231020,20231023,1,5,2,2023-10-20 20:57:00,2023-10-23 02:39:56,Request to a refund for an annual plan,139.0,3222.9333333333334,2.0,False,True,False,False,False,1
TK60389,20231020,20231021,2,4,2,2023-10-20 22:28:00,2023-10-21 04:07:33,Request to connecting the Snowflake sync,143.0,339.55,,False,False,False,False,False,1
TK63971,20231021,20231021,2,1,2,2023-10-21 04:52:00,2023-10-21 20:51:01,Question about a refund for an annual plan,88.0,959.0166666666668,,False,False,False,False,False,1
TK61828,20231021,20231026,2,2,2,2023-10-21 08:53:00,2023-10-26 00:37:39,Issue with the dashboard loading slowly,33.0,6704.65,,False,False,True,False,False,1
TK63440,20231021,20231021,2,1,3,2023-10-21 10:16:00,2023-10-21 20:37:46,Issue with the dashboard loading slowly,31.0,621.7666666666667,2.0,False,True,True,False,False,1
TK60956,20231021,20231022,4,2,3,2023-10-21 11:02:00,2023-10-22 00:29:12,Error when webhook deliveries failing,13.0,807.2,,False,False,False,False,False,1
TK60290,20231021,20231023,2,1,1,2023-10-21 13:47:00,2023-10-23 06:36:10,Question about a duplicate charge,260.0,2449.1666666666665,5.0,False,True,True,False,False,1
TK63156,20231021,20231022,1,3,2,2023-10-21 14:07:00,2023-10-22 01:05:41,How do I downgrade my plan,66.0,658.6833333333333,5.0,False,True,False,False,False,1
TK62042,20231021,20231022,2,4,2,2023-10-21 14:26:00,2023-10-22 02:34:33,Cannot webhook deliveries failing,67.0,728.55,4.0,False,True,False,False,False,1
TK61945,20231021,20231023,2,2,1,2023-10-21 20:16:00,2023-10-23 06:51:43,Issue with log in after password reset,316.0,2075.7166666666667,5.0,False,True,False,False,False,1
TK60342,20231021,20231022,3,2,1,2023-10-21 20:46:00,2023-10-22 16:19:22,Question about two-factor authentication,54.0,1173.3666666666666,,False,False,False,False,False,1
TK63256,20231021,20231023,1,5,2,2023-10-21 23:02:00,2023-10-23 07:58:25,Issue with the dashboard loading slowly,434.0,1976.4166666666667,,False,False,False,True,False,1
TK61147,20231021,20231023,3,3,3,2023-10-21 23:53:00,2023-10-23 03:56:24,Question about two-factor authentication,36.0,1683.4,5.0,False,True,False,False,False,1
TK60580,20231022,20231022,4,5,4,2023-10-22 14:02:00,2023-10-22 19:57:56,Request to log in after password reset,13.0,355.93333333333334,5.0,False,True,False,False,False,1
TK60288,20231022,20231025,2,5,3,2023-10-22 14:27:00,2023-10-25 12:01:11,How do I add a teammate,37.0,4174.183333333333,,False,False,False,False,False,1
TK60097,20231022,20231023,1,5,1,2023-10-22 16:27:00,2023-10-23 20:11:45,Question about connecting the Snowflake sync,259.0,1664.75,,False,False,False,False,False,1
TK63900,20231022,20231022,3,4,4,2023-10-22 19:01:00,2023-10-22 23:01:50,Unable to the API rate limit,32.0,240.83333333333331,,False,False,False,False,False,1
TK63591,20231022,20231022,3,1,3,2023-10-22 20:48:00,2023-10-22 23:20:43,Cannot downgrade my plan,43.0,152.71666666666667,5.0,False,True,False,False,False,1
TK62384,20231022,20231029,1,1,2,2023-10-22 21:37:00,2023-10-29 05:43:49,Cannot a duplicate charge,124.0,9126.816666666668,,False,False,False,False,True,1
TK60059,20231023,20231023,2,2,2,2023-10-23 04:22:00,2023-10-23 09:49:53,Request to the invoice for last month,33.0,327.8833333333333,,False,False,False,False,False,1
TK60912,20231023,20231026,2,2,2,2023-10-23 04:56:00,2023-10-26 06:38:37,Error when add a teammate,20.0,4422.616666666667,,False,False,False,False,False,1
TK62170,20231023,20231024,2,2,2,2023-10-23 07:58:00,2023-10-24 12:13:42,Issue with add a teammate,130.0,1695.7,,False,False,False,False,False,1
TK60143,20231023,20231023,1,2,1,2023-10-23 10:50:00,2023-10-23 21:41:19,Cannot a refund for an annual plan,86.0,651.3166666666667,,False,False,False,False,False,1
TK61662,20231023,20231024,2,3,3,2023-10-23 11:57:00,2023-10-24 11:30:52,Question about add a teammate,17.0,1413.8666666666666,,False,False,False,False,False,1
TK60372,20231023,20231024,1,2,4,2023-10-23 15:06:00,2023-10-24 01:37:46,Error when two-factor authentication,14.0,631.7666666666667,,False,False,False,False,False,1
TK63247,20231023,20231023,2,5,2,2023-10-23 15:36:00,2023-10-23 19:37:30,Unable to export my data,45.0,241.5,,False,False,False,False,False,1
TK61011,20231023,20231026,1,3,4,2023-10-23 17:50:00,2023-10-26 10:03:41,How do I connecting the Snowflake sync,18.0,3853.683333333333,,False,False,False,False,False,1
TK61117,20231023,20231024,2,2,1,2023-10-23 21:48:00,2023-10-24 14:32:56,Request to the invoice for last month,1614.0,1004.9333333333332,,False,False,False,True,False,1
TK61429,20231023,20231024,3,5,2,2023-10-23 22:27:00,2023-10-24 09:54:13,Unable to a duplicate charge,151.0,687.2166666666667,1.0,False,True,False,False,False,1
TK62591,20231024,20231027,2,4,1,2023-10-24 00:08:00,2023-10-27 13:31:36,How do I downgrade my plan,84.0,5123.6,,False,False,False,False,False,1
TK61561,20231024,20231024,1,2,2,2023-10-24 01:31:00,2023-10-24 10:22:54,Issue with the dashboard loading slowly,41.0,531.9,,False,False,False,False,False,1
TK62734,20231024,20231024,2,1,2,2023-10-24 03:05:00,2023-10-24 05:26:59,Error when export my data,289.0,141.98333333333332,3.0,False,True,False,False,False,1
TK61318,20231024,20231024,2,3,3,2023-10-24 03:57:00,2023-10-24 20:34:01,Unable to a duplicate charge,10.0,997.0166666666668,,False,False,True,False,False,1
TK63138,20231024,20231025,3,4,2,2023-10-24 06:29:00,2023-10-25 18:23:14,Issue with the dashboard loading slowly,61.0,2154.233333333333,,False,False,True,False,False,1
TK62706,20231024,20231024,3,2,3,2023-10-24 09:16:00,2023-10-24 13:51:45,Request to downgrade my plan,121.0,275.75,,False,False,False,False,False,1
TK63638,20231024,20231025,2,1,2,2023-10-24 11:10:00,2023-10-25 00:14:11,Error when log in after password reset,45.0,784.1833333333333,,False,False,False,False,False,1
TK63930,20231024,20231110,1,1,2,2023-10-24 13:38:00,2023-11-10 11:51:52,How do I connecting the Snowflake sync,16.0,24373.866666666665,,False,False,False,False,True,1
TK61032,20231024,20231025,1,4,2,2023-10-24 23:49:00,2023-10-25 06:57:51,Error when webhook deliveries failing,79.0,428.85,5.0,False,True,True,False,False,1
TK63187,20231025,20231027,2,5,2,2023-10-25 00:17:00,2023-10-27 20:54:47,How do I two-factor authentication,96.0,4117.783333333334,4.0,False,True,False,False,False,1
TK60358,20231025,20231025,2,5,1,2023-10-25 01:59:00,2023-10-25 04:29:17,Error when add a teammate,60.0,150.28333333333333,1.0,False,True,False,False,False,1
TK62531,20231025,20231025,4,3,3,2023-10-25 06:03:00,2023-10-25 14:23:22,Issue with the invoice for last month,11.0,500.3666666666667,1.0,False,True,False,False,False,1
TK63415,20231025,20231025,3,1,2,2023-10-25 06:36:00,2023-10-25 19:50:45,Error when the invoice for last month,7.0,794.75,,False,False,False,False,False,1
TK61079,20231025,20231026,3,3,2,2023-10-25 09:22:00,2023-10-26 06:58:44,Issue with a refund for an annual plan,204.0,1296.7333333333331,,False,False,False,False,False,1
TK63105,20231025,20231025,3,4,4,2023-10-25 09:39:00,2023-10-25 11:32:01,Request to two-factor authentication,33.0,113.01666666666668,5.0,False,True,False,False,False,1
TK63523,20231025,20231026,3,3,3,2023-10-25 14:24:00,2023-10-26 16:29:06,Question about downgrade my plan,11.0,1565.1,,False,False,False,False,False,1
TK62989,20231025,20231027,1,5,1,2023-10-25 15:25:00,2023-10-27 16:08:33,Unable to two-factor authentication,52.0,2923.55,,False,False,False,False,False,1
TK61133,20231025,20231026,3,2,2,2023-10-25 17:52:00,2023-10-26 10:58:16,Question about export my data,,1026.2666666666669,,False,False,False,False,False,1
TK63292,20231025,,1,5,1,2023-10-25 21:07:00,,Unable to add a teammate,98.0,,,True,False,False,False,False,1
TK62168,20231026,20231028,4,1,2,2023-10-26 03:03:00,2023-10-28 18:12:30,Issue with the dashboard loading slowly,64.0,3789.5,,False,False,False,False,False,1
TK63219,20231026,20231026,3,4,2,2023-10-26 04:21:00,2023-10-26 11:27:55,Unable to a duplicate charge,53.0,426.9166666666667,,False,False,False,False,False,1
TK62406,20231026,20231029,2,5,2,2023-10-26 08:20:00,2023-10-29 01:20:26,Cannot the API rate limit,589.0,3900.433333333333,,False,False,False,True,False,1
TK63625,20231026,20231026,3,2,2,2023-10-26 12:15:00,2023-10-26 22:04:24,How do I a duplicate charge,140.0,589.4,,False,False,False,False,False,1
TK60520,20231026,20231028,3,5,2,2023-10-26 23:27:00,2023-10-28 00:44:11,Request to the dashboard loading slowly,10.0,1517.1833333333334,,False,False,False,False,False,1
TK63731,20231026,20231101,3,5,2,2023-10-26 23:38:00,2023-11-01 19:52:17,Error when a duplicate charge,163.0,8414.283333333333,2.0,False,True,False,False,False,1
TK60273,20231027,20231110,1,5,1,2023-10-27 00:44:00,2023-11-10 10:56:40,Cannot a duplicate charge,3914.0,20772.666666666668,,False,False,False,True,True,1
TK62615,20231027,20231027,4,1,3,2023-10-27 01:00:00,2023-10-27 02:16:47,Issue with connecting the Snowflake sync,16.0,76.78333333333333,5.0,False,True,False,False,False,1
TK62868,20231027,20231028,3,5,2,2023-10-27 01:15:00,2023-10-28 05:42:47,Question about a refund for an annual plan,432.0,1707.7833333333333,,False,False,False,True,False,1
TK62129,20231027,20231108,2,4,1,2023-10-27 01:17:00,2023-11-08 18:07:45,Unable to the invoice for last month,,18290.75,5.0,False,True,False,False,True,1
TK60560,20231027,20231104,2,5,1,2023-10-27 05:02:00,2023-11-04 09:01:33,How do I export my data,93.0,11759.55,5.0,False,True,False,False,True,1
TK63290,20231027,20231030,1,3,1,2023-10-27 06:48:00,2023-10-30 19:57:55,Request to the dashboard loading slowly,82.0,5109.916666666667,5.0,False,True,False,False,False,1
TK63588,20231027,20231028,1,4,2,2023-10-27 09:15:00,2023-10-28 03:29:26,Request to the dashboard loading slowly,162.0,1094.4333333333334,,False,False,False,False,False,1
TK62106,20231027,20231029,4,5,2,2023-10-27 10:18:00,2023-10-29 05:41:57,Question about the API rate limit,179.0,2603.95,,False,False,False,False,False,1
TK61294,20231027,20231029,1,2,1,2023-10-27 12:23:00,2023-10-29 22:17:52,Error when the invoice for last month,77.0,3474.866666666667,,False,False,False,False,False,1
TK63045,20231027,20231028,4,4,2,2023-10-27 16:18:00,2023-10-28 05:36:26,How do I log in after password reset,142.0,798.4333333333333,,False,False,False,False,False,1
TK61560,20231027,20231029,3,1,2,2023-10-27 17:19:00,2023-10-29 14:51:34,Error when a duplicate charge,19.0,2732.5666666666666,,False,False,False,False,False,1
TK63961,20231028,20231030,3,3,1,2023-10-28 00:55:00,2023-10-30 08:27:39,Question about the dashboard loading slowly,800.0,3332.65,4.0,False,True,False,True,False,1
TK63798,20231028,20231101,1,5,2,2023-10-28 07:26:00,2023-11-01 18:33:58,Error when downgrade my plan,219.0,6427.966666666666,5.0,False,True,False,False,False,1
TK63225,20231028,20231029,4,4,2,2023-10-28 11:40:00,2023-10-29 06:43:59,Request to two-factor authentication,11.0,1143.9833333333331,,False,False,False,False,False,1
TK61827,20231028,20231028,1,5,4,2023-10-28 18:56:00,2023-10-28 20:51:55,Issue with log in after password reset,23.0,115.91666666666669,,False,False,False,False,False,1
TK61451,20231028,20231029,1,5,3,2023-10-28 21:10:00,2023-10-29 10:46:06,Question about add a teammate,26.0,816.1,,False,False,False,False,False,1
TK63660,20231029,20231029,4,2,3,2023-10-29 00:09:00,2023-10-29 02:06:44,Error when connecting the Snowflake sync,57.0,117.73333333333332,,False,False,False,False,False,1
TK61603,20231029,20231029,2,3,2,2023-10-29 00:10:00,2023-10-29 06:24:52,Issue with webhook deliveries failing,92.0,374.8666666666667,,False,False,False,False,False,1
TK62810,20231029,20231104,3,5,2,2023-10-29 02:34:00,2023-11-04 15:55:10,Question about the API rate limit,50.0,9441.166666666666,,False,False,False,False,True,1
TK63404,20231029,20231030,3,5,2,2023-10-29 05:53:00,2023-10-30 09:29:58,How do I add a teammate,186.0,1656.9666666666667,,False,False,False,False,False,1
TK60149,20231029,20231029,3,1,4,2023-10-29 11:13:00,2023-10-29 17:25:59,Request to the dashboard loading slowly,56.0,372.98333333333335,2.0,False,True,False,False,False,1
TK61114,20231029,20231029,2,1,4,2023-10-29 11:40:00,2023-10-29 21:15:58,Question about the API rate limit,34.0,575.9666666666667,5.0,False,True,False,False,False,1
TK60726,20231029,20231115,1,5,1,2023-10-29 17:16:00,2023-11-15 08:43:21,Question about the dashboard loading slowly,467.0,23967.35,5.0,False,True,False,True,True,1
TK62854,20231029,20231031,1,4,1,2023-10-29 18:59:00,2023-10-31 17:51:32,Question about log in after password reset,308.0,2812.5333333333333,5.0,False,True,False,False,False,1
TK60813,20231029,20231130,2,4,2,2023-10-29 20:15:00,2023-11-30 11:51:38,Cannot a refund for an annual plan,186.0,45576.63333333333,3.0,False,True,False,False,True,1
TK60627,20231029,,1,5,2,2023-10-29 23:56:00,,Unable to webhook deliveries failing,33.0,,,True,False,False,False,False,1
TK62306,20231030,20231101,2,5,3,2023-10-30 03:16:00,2023-11-01 10:20:23,Question about log in after password reset,123.0,3304.383333333333,5.0,False,True,False,False,False,1
TK60920,20231030,20231031,2,2,2,2023-10-30 04:20:00,2023-10-31 20:51:29,Unable to downgrade my plan,106.0,2431.483333333333,,False,False,False,False,False,1
TK61477,20231030,20231102,2,5,2,2023-10-30 05:50:00,2023-11-02 23:33:58,How do I downgrade my plan,167.0,5383.966666666666,,False,False,False,False,False,1
TK61785,20231030,,3,2,2,2023-10-30 06:32:00,,Question about webhook deliveries failing,98.0,,,True,False,False,False,False,1
TK63224,20231030,20231031,1,5,2,2023-10-30 07:50:00,2023-10-31 10:35:02,Request to two-factor authentication,131.0,1605.0333333333333,1.0,False,True,False,False,False,1
TK60433,20231030,20231031,2,2,1,2023-10-30 13:26:00,2023-10-31 14:16:33,Issue with the dashboard loading slowly,409.0,1490.55,5.0,False,True,True,True,False,1
TK61513,20231030,20231103,2,3,2,2023-10-30 16:39:00,2023-11-03 01:31:38,Unable to a refund for an annual plan,15.0,4852.633333333333,,False,False,False,False,False,1
TK60644,20231030,20231031,3,2,2,2023-10-30 17:11:00,2023-10-31 11:13:48,Request to two-factor authentication,141.0,1082.8,1.0,False,True,False,False,False,1
TK60671,20231030,20231101,3,5,2,2023-10-30 19:20:00,2023-11-01 10:07:21,Cannot the dashboard loading slowly,193.0,2327.35,,False,False,False,False,False,1
TK60262,20231030,20231031,1,5,1,2023-10-30 20:00:00,2023-10-31 08:27:05,Issue with the invoice for last month,119.0,747.0833333333334,,False,False,False,False,False,1
TK63600,20231030,20231104,2,4,1,2023-10-30 23:04:00,2023-11-04 23:43:50,Request to log in after password reset,46.0,7239.833333333333,5.0,False,True,False,False,False,1
TK60145,20231030,20231107,2,3,2,2023-10-30 23:47:00,2023-11-07 13:18:39,How do I downgrade my plan,129.0,10891.65,5.0,False,True,False,False,True,1
TK62376,20231031,20231105,3,3,2,2023-10-31 01:02:00,2023-11-05 02:09:29,Issue with the invoice for last month,193.0,7267.483333333334,,False,False,False,False,False,1
TK62120,20231031,20231108,2,5,2,2023-10-31 01:36:00,2023-11-08 10:54:47,Issue with export my data,32.0,12078.783333333333,,False,False,False,False,True,1
TK60161,20231031,20231108,4,5,1,2023-10-31 02:24:00,2023-11-08 04:45:27,Unable to downgrade my plan,107.0,11661.45,,False,False,False,False,True,1
TK63011,20231031,20231031,3,2,2,2023-10-31 04:22:00,2023-10-31 10:44:04,Cannot the API rate limit,131.0,382.06666666666666,5.0,False,True,False,False,False,1
TK61605,20231031,20231114,1,5,3,2023-10-31 04:38:00,2023-11-14 12:51:42,Error when two-factor authentication,32.0,20653.7,,False,False,False,False,True,1
TK62626,20231031,20231107,4,5,2,2023-10-31 07:42:00,2023-11-07 08:56:03,Error when connecting the Snowflake sync,112.0,10154.05,,False,False,False,False,True,1
TK60057,20231031,20231106,1,3,3,2023-10-31 12:05:00,2023-11-06 04:52:46,Request to the invoice for last month,,8207.766666666666,,False,False,False,False,False,1
TK62536,20231031,20231101,2,2,2,2023-10-31 21:19:00,2023-11-01 12:04:24,Issue with the dashboard loading slowly,130.0,885.4,5.0,False,True,False,False,False,1
TK61258,20231101,20231101,3,2,2,2023-11-01 02:02:00,2023-11-01 06:05:13,Error when the invoice for last month,17.0,243.21666666666667,,False,False,False,False,False,1
TK62796,20231101,20231101,2,2,3,2023-11-01 09:04:00,2023-11-01 16:26:02,Cannot two-factor authentication,58.0,442.03333333333336,4.0,False,True,False,False,False,1
TK61363,20231101,20231101,1,5,4,2023-11-01 10:43:00,2023-11-01 14:17:30,Request to two-factor authentication,15.0,214.5,,False,False,False,False,False,1
TK63220,20231101,20231101,2,4,3,2023-11-01 13:42:00,2023-11-01 16:43:28,Issue with the dashboard loading slowly,205.0,181.46666666666667,,False,False,False,False,False,1
TK60915,20231101,20231101,2,2,3,2023-11-01 14:54:00,2023-11-01 17:43:41,How do I webhook deliveries failing,259.0,169.68333333333334,5.0,False,True,False,False,False,1
TK61052,20231101,20231102,3,2,4,2023-11-01 15:35:00,2023-11-02 08:59:17,Question about the invoice for last month,25.0,1044.2833333333333,,False,False,False,False,False,1
TK60364,20231101,20231101,2,2,2,2023-11-01 15:57:00,2023-11-01 18:48:38,Error when two-factor authentication,207.0,171.63333333333333,3.0,False,True,False,False,False,1
TK63802,20231101,20231102,2,5,3,2023-11-01 16:00:00,2023-11-02 06:24:49,Question about two-factor authentication,55.0,864.8166666666667,,False,False,False,False,False,1
TK60782,20231101,20231103,1,5,2,2023-11-01 16:33:00,2023-11-03 08:36:45,Request to two-factor authentication,55.0,2403.75,,False,False,False,False,False,1
TK62275,20231101,20231101,3,1,1,2023-11-01 17:57:00,2023-11-01 21:15:20,Unable to the API rate limit,114.0,198.33333333333331,4.0,False,True,False,False,False,1
TK62524,20231102,20231102,2,3,3,2023-11-02 04:00:00,2023-11-02 09:59:27,Issue with webhook deliveries failing,12.0,359.45,5.0,False,True,False,False,False,1
TK63630,20231102,20231108,1,3,2,2023-11-02 04:24:00,2023-11-08 19:21:20,Error when the dashboard loading slowly,70.0,9537.333333333334,5.0,False,True,False,False,True,1
TK63786,20231102,20231102,2,5,2,2023-11-02 06:23:00,2023-11-02 20:18:53,Error when connecting the Snowflake sync,,835.8833333333333,,False,False,False,False,False,1
TK60135,20231102,20231104,2,2,2,2023-11-02 07:01:00,2023-11-04 00:22:27,Error when two-factor authentication,26.0,2481.45,,False,False,False,False,False,1
TK61185,20231102,20231129,2,5,1,2023-11-02 07:14:00,2023-11-29 23:14:04,Question about a duplicate charge,296.0,39840.066666666666,4.0,False,True,False,False,True,1
TK60672,20231102,20231103,2,1,2,2023-11-02 08:27:00,2023-11-03 03:09:53,Question about add a teammate,169.0,1122.8833333333334,,False,False,False,False,False,1
TK60200,20231102,20231105,3,5,2,2023-11-02 09:20:00,2023-11-05 11:47:15,Error when add a teammate,167.0,4467.25,1.0,False,True,False,False,False,1
TK61497,20231102,20231102,4,1,3,2023-11-02 09:56:00,2023-11-02 19:17:55,Error when export my data,15.0,561.9166666666666,5.0,False,True,False,False,False,1
TK60459,20231102,20231104,3,5,2,2023-11-02 12:19:00,2023-11-04 14:30:36,Unable to the invoice for last month,210.0,3011.6,,False,False,False,False,False,1
TK60992,20231102,20231107,4,2,2,2023-11-02 12:33:00,2023-11-07 15:58:25,Request to the dashboard loading slowly,374.0,7405.416666666667,,False,False,False,False,False,1
TK61593,20231102,20231104,1,5,2,2023-11-02 14:13:00,2023-11-04 09:42:42,Question about two-factor authentication,63.0,2609.7,,False,False,False,False,False,1
TK60740,20231102,20231109,3,5,2,2023-11-02 15:21:00,2023-11-09 02:07:05,Error when connecting the Snowflake sync,97.0,9286.083333333334,,False,False,False,False,True,1
TK63840,20231102,20231103,1,2,2,2023-11-02 20:20:00,2023-11-03 02:57:14,Cannot export my data,114.0,397.23333333333335,,False,False,False,False,False,1
TK63633,20231103,20231103,1,5,4,2023-11-03 02:25:00,2023-11-03 04:36:20,Error when downgrade my plan,51.0,131.33333333333334,,False,False,False,False,False,1
TK62637,20231103,20231104,1,4,1,2023-11-03 02:34:00,2023-11-04 01:18:37,How do I add a teammate,188.0,1364.6166666666666,,False,False,False,False,False,1
TK62758,20231103,20231109,3,2,2,2023-11-03 06:15:00,2023-11-09 08:37:42,Cannot log in after password reset,83.0,8782.7,,False,False,False,False,True,1
TK63748,20231103,,1,5,2,2023-11-03 06:56:00,,How do I downgrade my plan,504.0,,,True,False,False,True,False,1
TK63233,20231103,20231103,3,4,3,2023-11-03 08:23:00,2023-11-03 16:17:55,Unable to the dashboard loading slowly,34.0,474.9166666666667,4.0,False,True,False,False,False,1
TK60610,20231103,20231103,2,1,2,2023-11-03 11:07:00,2023-11-03 13:46:06,How do I add a teammate,34.0,159.1,,False,False,False,False,False,1
TK60073,20231103,20231103,1,4,3,2023-11-03 11:21:00,2023-11-03 13:24:31,Request to the API rate limit,32.0,123.51666666666668,5.0,False,True,False,False,False,1
TK61789,20231103,20231103,1,3,2,2023-11-03 12:17:00,2023-11-03 19:45:47,Cannot webhook deliveries failing,256.0,448.78333333333336,,False,False,False,False,False,1
TK62127,20231103,20231109,1,2,2,2023-11-03 16:41:00,2023-11-09 07:41:19,Issue with downgrade my plan,196.0,8100.316666666667,1.0,False,True,False,False,False,1
TK62329,20231103,20231104,4,2,3,2023-11-03 19:20:00,2023-11-04 08:18:24,Request to the dashboard loading slowly,12.0,778.4,,False,False,False,False,False,1
TK60828,20231103,20231104,4,5,2,2023-11-03 20:45:00,2023-11-04 16:21:04,Unable to add a teammate,64.0,1176.0666666666666,,False,False,False,False,False,1
TK62032,20231103,20231111,3,5,1,2023-11-03 22:31:00,2023-11-11 18:43:59,Cannot a duplicate charge,77.0,11292.983333333334,1.0,False,True,False,False,True,1
TK62166,20231104,20231114,1,3,2,2023-11-04 00:14:00,2023-11-14 10:03:36,Question about export my data,124.0,14989.6,5.0,False,True,False,False,True,1
TK63505,20231104,20231105,3,2,1,2023-11-04 00:50:00,2023-11-05 02:44:25,Question about connecting the Snowflake sync,213.0,1554.4166666666667,1.0,False,True,True,False,False,1
TK62521,20231104,20231110,1,3,2,2023-11-04 00:53:00,2023-11-10 01:08:14,Error when connecting the Snowflake sync,226.0,8655.233333333334,,False,False,False,False,True,1
TK62940,20231104,20231106,1,5,3,2023-11-04 03:07:00,2023-11-06 15:38:33,Error when the dashboard loading slowly,91.0,3631.55,4.0,False,True,False,False,False,1
TK60534,20231104,20231114,4,5,1,2023-11-04 05:53:00,2023-11-14 05:42:23,Error when add a teammate,53.0,14389.383333333331,5.0,False,True,False,False,True,1
TK61737,20231104,20231107,1,5,3,2023-11-04 06:38:00,2023-11-07 22:23:38,Issue with downgrade my plan,45.0,5265.633333333333,,False,False,False,False,False,1
TK61127,20231104,20231110,4,3,1,2023-11-04 08:29:00,2023-11-10 00:47:28,Question about export my data,27.0,8178.466666666666,,False,False,False,False,False,1
TK63643,20231104,,3,1,2,2023-11-04 08:37:00,,Question about connecting the Snowflake sync,228.0,,,True,False,False,False,False,1
TK63037,20231104,20231105,3,4,2,2023-11-04 09:57:00,2023-11-05 23:29:30,Unable to add a teammate,278.0,2252.5,,False,False,False,False,False,1
TK62039,20231104,20231104,1,3,2,2023-11-04 10:14:00,2023-11-04 22:49:27,Request to a duplicate charge,61.0,755.45,4.0,False,True,False,False,False,1
TK63108,20231104,20231106,4,2,3,2023-11-04 15:48:00,2023-11-06 13:38:50,Cannot downgrade my plan,118.0,2750.833333333333,,False,False,False,False,False,1
TK61634,20231104,20231105,2,2,2,2023-11-04 16:24:00,2023-11-05 06:17:20,Cannot downgrade my plan,102.0,833.3333333333334,,False,False,False,False,False,1
TK63803,20231104,20231105,2,2,1,2023-11-04 17:45:00,2023-11-05 18:55:10,Error when connecting the Snowflake sync,644.0,1510.1666666666667,5.0,False,True,False,True,False,1
TK60514,20231105,20231107,3,2,2,2023-11-05 04:25:00,2023-11-07 00:00:41,Unable to connecting the Snowflake sync,101.0,2615.6833333333334,,False,False,False,False,False,1
TK61709,20231105,20231119,2,5,1,2023-11-05 05:42:00,2023-11-19 17:09:11,How do I connecting the Snowflake sync,251.0,20847.18333333333,,False,False,False,False,True,1
TK62287,20231105,20231105,1,4,3,2023-11-05 09:53:00,2023-11-05 19:45:07,Issue with downgrade my plan,13.0,592.1166666666667,,False,False,False,False,False,1
TK62091,20231105,20231110,3,3,2,2023-11-05 16:06:00,2023-11-10 19:42:36,Issue with two-factor authentication,43.0,7416.6,,False,False,False,False,False,1
TK63933,20231105,20231105,3,1,4,2023-11-05 18:47:00,2023-11-05 20:45:03,Unable to downgrade my plan,19.0,118.05,,False,False,False,False,False,1
TK62028,20231105,20231109,3,5,1,2023-11-05 23:31:00,2023-11-09 22:03:51,How do I export my data,789.0,5672.85,5.0,False,True,False,True,False,1
TK60155,20231106,20231106,3,5,4,2023-11-06 00:06:00,2023-11-06 06:54:24,Unable to a refund for an annual plan,,408.4,,False,False,False,False,False,1
TK61110,20231106,20231108,1,5,2,2023-11-06 05:56:00,2023-11-08 03:47:47,Unable to log in after password reset,34.0,2751.7833333333333,5.0,False,True,False,False,False,1
TK63635,20231106,20231107,3,5,2,2023-11-06 06:04:00,2023-11-07 12:46:37,Unable to webhook deliveries failing,340.0,1842.6166666666663,,False,False,False,False,False,1
TK63402,20231106,20231109,4,1,2,2023-11-06 06:05:00,2023-11-09 07:07:01,Issue with a refund for an annual plan,111.0,4382.016666666666,,False,False,False,False,False,1
TK60881,20231106,20231112,3,5,2,2023-11-06 06:19:00,2023-11-12 16:15:28,Question about two-factor authentication,22.0,9236.466666666667,,False,False,False,False,True,1
TK60590,20231106,20231107,3,5,3,2023-11-06 10:44:00,2023-11-07 11:05:36,How do I export my data,18.0,1461.6,,False,False,True,False,False,1
TK62459,20231106,,1,5,1,2023-11-06 11:42:00,,Request to the dashboard loading slowly,76.0,,,True,False,False,False,False,1
TK63851,20231106,20231107,2,5,2,2023-11-06 12:59:00,2023-11-07 23:42:47,Unable to downgrade my plan,311.0,2083.7833333333333,4.0,False,True,False,False,False,1
TK61303,20231106,20231109,2,2,2,2023-11-06 13:49:00,2023-11-09 12:32:13,Error when export my data,13.0,4243.216666666666,,False,False,False,False,False,1
TK61027,20231106,20231107,1,2,2,2023-11-06 14:31:00,2023-11-07 03:16:17,Unable to the dashboard loading slowly,17.0,765.2833333333333,,False,False,False,False,False,1
TK62951,20231106,20231106,3,2,3,2023-11-06 19:53:00,2023-11-06 23:44:56,Cannot export my data,1196.0,231.9333333333333,,False,False,False,True,False,1
TK61159,20231106,,4,1,2,2023-11-06 20:24:00,,Unable to downgrade my plan,1060.0,,,True,False,False,True,False,1
TK60717,20231106,20231115,1,5,1,2023-11-06 21:02:00,2023-11-15 15:47:26,How do I connecting the Snowflake sync,175.0,12645.433333333332,3.0,False,True,False,False,True,1
TK62666,20231106,20231124,1,5,1,2023-11-06 23:57:00,2023-11-24 11:49:16,Issue with a refund for an annual plan,257.0,25192.266666666663,5.0,False,True,False,False,True,1
TK61247,20231107,20231107,1,5,3,2023-11-07 01:19:00,2023-11-07 08:31:49,Request to a refund for an annual plan,44.0,432.81666666666666,,False,False,False,False,False,1
TK61370,20231107,20231107,4,4,2,2023-11-07 01:35:00,2023-11-07 09:02:05,How do I the API rate limit,24.0,447.0833333333333,,False,False,True,False,False,1
TK62509,20231107,20231111,1,5,2,2023-11-07 10:24:00,2023-11-11 23:10:13,Question about log in after password reset,34.0,6526.216666666666,,False,False,False,False,False,1
TK63509,20231107,20231109,1,2,1,2023-11-07 14:53:00,2023-11-09 23:04:23,How do I the API rate limit,148.0,3371.383333333333,,False,False,False,False,False,1
TK60823,20231107,20231110,3,4,1,2023-11-07 14:59:00,2023-11-10 03:00:34,Cannot downgrade my plan,192.0,3601.5666666666666,,False,False,False,False,False,1
TK62849,20231107,20231107,2,1,3,2023-11-07 17:21:00,2023-11-07 22:21:40,Question about a duplicate charge,,300.6666666666667,,False,False,False,False,False,1
TK62975,20231107,20231112,1,2,2,2023-11-07 19:48:00,2023-11-12 16:52:04,Cannot webhook deliveries failing,74.0,7024.066666666667,5.0,False,True,False,False,False,1
TK63935,20231107,20231109,3,4,3,2023-11-07 21:36:00,2023-11-09 11:41:56,How do I export my data,71.0,2285.9333333333334,3.0,False,True,False,False,False,1
TK62328,20231108,20231108,4,1,4,2023-11-08 01:41:00,2023-11-08 02:16:52,Cannot export my data,14.0,35.86666666666667,,False,False,False,False,False,1
TK62137,20231108,20231112,3,1,3,2023-11-08 07:06:00,2023-11-12 05:43:03,Issue with the API rate limit,326.0,5677.05,,False,False,False,False,False,1
TK63864,20231108,20231112,4,1,2,2023-11-08 17:18:00,2023-11-12 06:21:13,Question about two-factor authentication,38.0,5103.216666666666,,False,False,False,False,False,1
TK63481,20231108,20231109,3,4,3,2023-11-08 17:32:00,2023-11-09 22:43:06,Unable to connecting the Snowflake sync,9.0,1751.1,,False,False,True,False,False,1
TK63143,20231108,20231110,4,5,1,2023-11-08 18:09:00,2023-11-10 05:50:55,Error when downgrade my plan,81.0,2141.9166666666665,,False,False,False,False,False,1
TK61195,20231108,20231110,3,3,1,2023-11-08 19:45:00,2023-11-10 10:21:05,Error when a refund for an annual plan,799.0,2316.083333333333,,False,False,False,True,False,1
TK62986,20231109,20231111,3,1,1,2023-11-09 02:47:00,2023-11-11 02:08:44,Question about add a teammate,72.0,2841.733333333333,,False,False,False,False,False,1
TK63268,20231109,20231110,2,1,2,2023-11-09 04:51:00,2023-11-10 08:05:38,Unable to connecting the Snowflake sync,32.0,1634.6333333333334,,False,False,False,False,False,1
TK60670,20231109,20231109,3,5,3,2023-11-09 06:53:00,2023-11-09 13:42:38,Error when export my data,20.0,409.6333333333333,,False,False,False,False,False,1
TK61224,20231109,20231111,1,3,2,2023-11-09 06:54:00,2023-11-11 10:36:05,Request to add a teammate,244.0,3102.083333333333,,False,False,False,False,False,1
TK63348,20231109,20231115,1,3,2,2023-11-09 07:32:00,2023-11-15 21:49:24,Question about a refund for an annual plan,161.0,9497.4,,False,False,False,False,True,1
TK60256,20231109,20231110,1,1,1,2023-11-09 12:44:00,2023-11-10 10:40:11,Unable to the invoice for last month,109.0,1316.1833333333334,,False,False,False,False,False,1
TK60190,20231109,20231109,1,2,3,2023-11-09 14:20:00,2023-11-09 16:13:30,Unable to the API rate limit,22.0,113.5,3.0,False,True,False,False,False,1
TK61221,20231109,20231110,1,2,3,2023-11-09 18:41:00,2023-11-10 19:20:54,Question about connecting the Snowflake sync,92.0,1479.9,4.0,False,True,False,False,False,1
TK63777,20231109,20231110,4,5,2,2023-11-09 19:50:00,2023-11-10 08:50:31,How do I export my data,16.0,780.5166666666667,4.0,False,True,False,False,False,1
TK63817,20231109,20231110,4,2,3,2023-11-09 20:12:00,2023-11-10 00:33:11,Unable to the invoice for last month,101.0,261.18333333333334,,False,False,False,False,False,1
TK60618,20231109,20231111,1,5,2,2023-11-09 20:58:00,2023-11-11 20:08:37,Error when add a teammate,211.0,2830.616666666667,,False,False,False,False,False,1
TK62260,20231109,20231110,2,5,3,2023-11-09 21:09:00,2023-11-10 02:03:05,Request to the dashboard loading slowly,63.0,294.0833333333333,,False,False,True,False,False,1
TK60118,20231110,20231110,1,5,2,2023-11-10 01:58:00,2023-11-10 17:12:02,Question about two-factor authentication,19.0,914.0333333333332,,False,False,False,False,False,1
TK63938,20231110,20231111,3,3,3,2023-11-10 02:20:00,2023-11-11 08:33:54,Error when a refund for an annual plan,140.0,1813.9,5.0,False,True,False,False,False,1
TK61213,20231110,20231110,2,4,2,2023-11-10 06:34:00,2023-11-10 12:47:11,Error when export my data,83.0,373.1833333333333,,False,False,True,False,False,1
TK60657,20231110,20231116,1,5,2,2023-11-10 09:05:00,2023-11-16 23:12:55,Unable to connecting the Snowflake sync,,9487.916666666666,,False,False,False,False,True,1
TK63073,20231110,20231111,4,4,3,2023-11-10 09:55:00,2023-11-11 13:58:22,Question about connecting the Snowflake sync,39.0,1683.3666666666666,4.0,False,True,True,False,False,1
TK60867,20231110,20231114,1,5,3,2023-11-10 11:33:00,2023-11-14 19:59:06,Question about add a teammate,28.0,6266.1,,False,False,False,False,False,1
TK63455,20231110,20231111,3,5,3,2023-11-10 12:44:00,2023-11-11 14:45:48,Issue with two-factor authentication,56.0,1561.8,,False,False,False,False,False,1
TK60679,20231110,20231118,2,1,1,2023-11-10 16:34:00,2023-11-18 06:35:43,Cannot the dashboard loading slowly,62.0,10921.716666666667,,False,False,False,False,True,1
TK61656,20231110,20231111,3,1,3,2023-11-10 18:32:00,2023-11-11 06:28:30,Question about a duplicate charge,7.0,716.5,,False,False,False,False,False,1
TK62314,20231110,20231112,1,4,1,2023-11-10 19:21:00,2023-11-12 01:06:59,How do I connecting the Snowflake sync,534.0,1785.9833333333331,5.0,False,True,False,True,False,1
TK60812,20231110,20231125,3,5,1,2023-11-10 21:12:00,2023-11-25 22:15:11,Unable to the dashboard loading slowly,217.0,21663.18333333333,,False,False,False,False,True,1
TK62113,20231110,20231111,3,3,2,2023-11-10 21:35:00,2023-11-11 12:44:43,Issue with log in after password reset,,909.7166666666668,,False,False,False,False,False,1
TK60917,20231110,20231114,4,1,2,2023-11-10 22:13:00,2023-11-14 17:16:25,Request to the API rate limit,60.0,5463.416666666667,,False,False,False,False,False,1
TK62299,20231111,20231114,2,5,3,2023-11-11 02:51:00,2023-11-14 19:36:22,How do I a duplicate charge,25.0,5325.366666666667,,False,False,False,False,False,1
TK62597,20231111,20231112,4,1,3,2023-11-11 05:13:00,2023-11-12 08:03:36,Cannot add a teammate,10.0,1610.6,,False,False,False,False,False,1
TK63474,20231111,20231114,1,2,1,2023-11-11 09:11:00,2023-11-14 12:11:53,Question about log in after password reset,37.0,4500.883333333333,,False,False,False,False,False,1
TK63307,20231111,20231112,2,1,3,2023-11-11 18:53:00,2023-11-12 13:48:32,Request to the dashboard loading slowly,5.0,1135.5333333333333,,False,False,False,False,False,1
TK62101,20231111,20231113,3,2,2,2023-11-11 22:49:00,2023-11-13 22:04:24,Issue with a duplicate charge,465.0,2835.4,5.0,False,True,False,True,False,1
TK61948,20231112,20231113,4,1,3,2023-11-12 02:41:00,2023-11-13 23:39:04,Issue with a duplicate charge,4.0,2698.0666666666666,4.0,False,True,False,False,False,1
TK63344,20231112,20231113,2,1,2,2023-11-12 04:24:00,2023-11-13 04:54:18,Unable to connecting the Snowflake sync,123.0,1470.3,4.0,False,True,False,False,False,1
TK63551,20231112,20231113,4,2,2,2023-11-12 04:30:00,2023-11-13 11:35:46,Unable to log in after password reset,,1865.7666666666669,3.0,False,True,False,False,False,1
TK62859,20231112,20231116,1,3,2,2023-11-12 08:30:00,2023-11-16 08:40:01,Request to the API rate limit,173.0,5770.016666666666,5.0,False,True,False,False,False,1
TK60374,20231112,20231112,3,2,3,2023-11-12 14:13:00,2023-11-12 23:59:25,Error when webhook deliveries failing,81.0,586.4166666666666,,False,False,False,False,False,1
TK62889,20231112,20231115,3,5,1,2023-11-12 20:22:00,2023-11-15 03:09:14,Cannot add a teammate,673.0,3287.233333333333,5.0,False,True,False,True,False,1
TK63281,20231112,20231117,1,3,2,2023-11-12 22:12:00,2023-11-17 17:52:09,Issue with a duplicate charge,74.0,6940.15,,False,False,False,False,False,1
TK62671,20231112,20231113,2,5,3,2023-11-12 22:53:00,2023-11-13 14:23:11,Issue with connecting the Snowflake sync,26.0,930.1833333333332,,False,False,False,False,False,1
TK62436,20231112,20231117,2,5,1,2023-11-12 23:20:00,2023-11-17 15:08:30,Unable to downgrade my plan,138.0,6708.5,,False,False,False,False,False,1
TK63531,20231113,20231115,1,3,3,2023-11-13 00:46:00,2023-11-15 16:37:31,Unable to connecting the Snowflake sync,55.0,3831.516666666667,5.0,False,True,False,False,False,1
TK63891,20231113,20231114,2,4,1,2023-11-13 03:03:00,2023-11-14 14:21:21,Error when add a teammate,543.0,2118.35,,False,False,False,True,False,1
TK62957,20231113,20231118,1,5,1,2023-11-13 04:52:00,2023-11-18 00:15:23,Cannot downgrade my plan,65.0,6923.383333333333,,False,False,False,False,False,1
TK62928,20231113,,1,5,3,2023-11-13 12:12:00,,Question about the API rate limit,46.0,,,True,False,False,False,False,1
TK60830,20231113,,3,5,2,2023-11-13 15:18:00,,Unable to a refund for an annual plan,123.0,,,True,False,False,False,False,1
TK62257,20231113,20231114,2,3,4,2023-11-13 16:01:00,2023-11-14 11:54:55,Request to a refund for an annual plan,36.0,1193.9166666666667,,False,False,False,False,False,1
TK63890,20231113,20231117,1,3,2,2023-11-13 17:11:00,2023-11-17 13:24:38,Cannot a duplicate charge,162.0,5533.633333333333,,False,False,False,False,False,1
TK60704,20231113,20231114,4,2,2,2023-11-13 17:46:00,2023-11-14 04:16:49,Cannot the invoice for last month,68.0,630.8166666666667,5.0,False,True,False,False,False,1
TK61104,20231113,20231119,3,1,2,2023-11-13 18:28:00,2023-11-19 08:03:55,How do I a duplicate charge,42.0,8015.916666666667,,False,False,False,False,False,1
TK63378,20231113,20231114,2,3,2,2023-11-13 19:23:00,2023-11-14 23:07:32,Request to two-factor authentication,73.0,1664.5333333333333,,False,False,False,False,False,1
TK60598,20231113,20231114,3,5,2,2023-11-13 22:23:00,2023-11-14 12:38:51,Issue with two-factor authentication,60.0,855.85,,False,False,False,False,False,1
TK60402,20231113,20231114,2,3,2,2023-11-13 22:26:00,2023-11-14 07:14:23,Cannot two-factor authentication,10.0,528.3833333333333,,False,False,True,False,False,1
TK61943,20231114,20231114,1,3,3,2023-11-14 00:01:00,2023-11-14 06:26:54,Unable to the invoice for last month,11.0,385.9,,False,False,False,False,False,1
TK63160,20231114,20231128,3,5,2,2023-11-14 10:29:00,2023-11-28 14:23:55,Unable to export my data,158.0,20394.916666666668,5.0,False,True,False,False,True,1
TK63397,20231114,,3,4,2,2023-11-14 13:20:00,,Unable to a duplicate charge,137.0,,,True,False,False,False,False,1
TK62979,20231114,20231114,3,4,2,2023-11-14 13:34:00,2023-11-14 17:35:09,Error when a duplicate charge,65.0,241.15,4.0,False,True,False,False,False,1
TK61025,20231114,20231115,4,2,1,2023-11-14 14:52:00,2023-11-15 17:14:36,Error when add a teammate,92.0,1582.6,,False,False,False,False,False,1
TK61919,20231114,,1,3,2,2023-11-14 16:28:00,,How do I the dashboard loading slowly,127.0,,,True,False,False,False,False,1
TK60609,20231114,20231213,1,3,2,2023-11-14 18:30:00,2023-12-13 01:38:10,Request to two-factor authentication,378.0,40748.16666666666,,False,False,False,False,True,1
TK63394,20231114,20231116,2,2,1,2023-11-14 20:07:00,2023-11-16 19:16:54,Unable to a duplicate charge,174.0,2829.9,,False,False,False,False,False,1
TK60061,20231114,20231115,1,5,1,2023-11-14 21:14:00,2023-11-15 16:17:03,Question about the invoice for last month,395.0,1143.05,,False,False,False,True,False,1
TK61835,20231115,20231115,2,4,3,2023-11-15 00:16:00,2023-11-15 18:44:45,Issue with two-factor authentication,120.0,1108.75,4.0,False,True,False,False,False,1
TK62026,20231115,20231118,3,3,2,2023-11-15 03:01:00,2023-11-18 23:37:15,Question about a duplicate charge,214.0,5556.25,5.0,False,True,False,False,False,1
TK62158,20231115,20231116,1,5,2,2023-11-15 03:41:00,2023-11-16 03:44:52,Question about two-factor authentication,40.0,1443.8666666666666,3.0,False,True,False,False,False,1
TK60617,20231115,20231117,2,1,1,2023-11-15 04:22:00,2023-11-17 01:08:10,Error when downgrade my plan,122.0,2686.1666666666665,,False,False,False,False,False,1
TK60539,20231115,20231116,1,2,1,2023-11-15 05:07:00,2023-11-16 00:12:01,Cannot two-factor authentication,200.0,1145.0166666666669,,False,False,False,False,False,1
TK63414,20231115,20231117,2,4,2,2023-11-15 06:14:00,2023-11-17 15:55:05,Issue with log in after password reset,190.0,3461.083333333333,5.0,False,True,False,False,False,1
TK60551,20231115,20231118,2,4,1,2023-11-15 07:31:00,2023-11-18 06:39:24,Request to two-factor authentication,39.0,4268.4,,False,False,False,False,False,1
TK60680,20231115,20231117,1,2,2,2023-11-15 08:16:00,2023-11-17 03:19:23,Issue with the API rate limit,62.0,2583.383333333333,5.0,False,True,False,False,False,1
TK61006,20231115,20231115,2,5,2,2023-11-15 09:42:00,2023-11-15 13:41:18,Request to the API rate limit,179.0,239.3,,False,False,False,False,False,1
TK60393,20231115,20231117,2,5,4,2023-11-15 11:11:00,2023-11-17 06:23:07,Request to export my data,11.0,2592.116666666667,,False,False,False,False,False,1
TK61416,20231115,20231116,4,5,1,2023-11-15 12:37:00,2023-11-16 22:20:32,How do I the dashboard loading slowly,264.0,2023.5333333333333,,False,False,False,False,False,1
TK63703,20231115,20231205,3,1,2,2023-11-15 12:57:00,2023-12-05 09:54:23,Issue with a duplicate charge,163.0,28617.38333333333,,False,False,False,False,True,1
TK63483,20231115,20231116,1,1,1,2023-11-15 15:01:00,2023-11-16 12:33:23,How do I a duplicate charge,440.0,1292.3833333333334,4.0,False,True,False,True,False,1
TK60122,20231115,20231121,2,5,1,2023-11-15 17:41:00,2023-11-21 22:44:57,Unable to a duplicate charge,126.0,8943.95,,False,False,False,False,True,1
TK63888,20231115,20231124,2,5,1,2023-11-15 20:12:00,2023-11-24 22:47:34,Error when the invoice for last month,183.0,13115.566666666668,,False,False,False,False,True,1
TK62813,20231115,,2,5,3,2023-11-15 20:32:00,,Error when downgrade my plan,71.0,,,True,False,False,False,False,1
TK62711,20231115,20231116,2,3,3,2023-11-15 21:10:00,2023-11-16 06:00:23,Request to two-factor authentication,120.0,530.3833333333333,5.0,False,True,False,False,False,1
TK60043,20231116,20231116,2,1,2,2023-11-16 03:53:00,2023-11-16 17:47:31,Request to log in after password reset,80.0,834.5166666666667,,False,False,False,False,False,1
TK60716,20231116,20231116,3,2,1,2023-11-16 07:30:00,2023-11-16 20:35:03,How do I connecting the Snowflake sync,60.0,785.05,,False,False,False,False,False,1
TK63093,20231116,20231118,4,4,2,2023-11-16 09:18:00,2023-11-18 08:45:50,How do I log in after password reset,53.0,2847.833333333333,4.0,False,True,False,False,False,1
TK60807,20231116,20231116,2,1,3,2023-11-16 11:06:00,2023-11-16 13:50:27,How do I log in after password reset,50.0,164.45,,False,False,False,False,False,1
TK61023,20231116,20231118,3,1,2,2023-11-16 13:14:00,2023-11-18 13:54:37,Issue with log in after password reset,90.0,2920.616666666667,5.0,False,True,False,False,False,1
TK63425,20231116,20231118,2,4,2,2023-11-16 17:33:00,2023-11-18 06:09:43,Unable to connecting the Snowflake sync,154.0,2196.7166666666667,5.0,False,True,False,False,False,1
TK63928,20231116,20231116,3,1,2,2023-11-16 17:49:00,2023-11-16 20:43:43,How do I export my data,56.0,174.71666666666667,5.0,False,True,False,False,False,1
TK60071,20231116,20231117,1,5,3,2023-11-16 18:08:00,2023-11-17 02:34:37,Question about the API rate limit,108.0,506.6166666666667,,False,False,False,False,False,1
TK62221,20231116,20231117,3,2,2,2023-11-16 19:02:00,2023-11-17 09:19:27,Error when add a teammate,45.0,857.45,3.0,False,True,False,False,False,1
TK63368,20231116,20231117,1,5,3,2023-11-16 19:57:00,2023-11-17 22:09:24,Unable to two-factor authentication,77.0,1572.4,2.0,False,True,False,False,False,1
TK62201,20231116,,1,5,2,2023-11-16 20:36:00,,Unable to two-factor authentication,251.0,,,True,False,False,False,False,1
TK63354,20231116,20231122,1,3,1,2023-11-16 20:42:00,2023-11-22 07:46:44,Cannot a refund for an annual plan,206.0,7864.733333333334,,False,False,False,False,False,1
TK63578,20231116,20231117,4,2,3,2023-11-16 22:52:00,2023-11-17 10:11:05,Error when a refund for an annual plan,11.0,679.0833333333334,,False,False,False,False,False,1
TK62757,20231117,,4,5,3,2023-11-17 00:24:00,,Issue with the API rate limit,428.0,,,True,False,False,True,False,1
TK62645,20231117,20231117,1,5,4,2023-11-17 00:44:00,2023-11-17 10:50:45,Error when connecting the Snowflake sync,6.0,606.75,,False,False,True,False,False,1
TK63558,20231117,20231120,4,3,2,2023-11-17 06:08:00,2023-11-20 05:10:37,Error when downgrade my plan,535.0,4262.616666666667,4.0,False,True,False,True,False,1
TK60802,20231117,20231117,4,5,3,2023-11-17 07:23:00,2023-11-17 18:49:52,Error when webhook deliveries failing,34.0,686.8666666666667,,False,False,False,False,False,1
TK63337,20231117,20231210,3,5,1,2023-11-17 10:40:00,2023-12-10 00:18:40,Request to a duplicate charge,116.0,32498.666666666668,,False,False,False,False,True,1
TK62560,20231117,20231117,2,5,2,2023-11-17 11:02:00,2023-11-17 15:45:31,How do I a refund for an annual plan,65.0,283.51666666666665,,False,False,False,False,False,1
TK60319,20231117,20231117,1,4,3,2023-11-17 11:19:00,2023-11-17 23:15:21,Issue with a refund for an annual plan,147.0,716.35,5.0,False,True,False,False,False,1
TK62677,20231117,20231127,2,5,2,2023-11-17 13:35:00,2023-11-27 21:00:28,How do I a duplicate charge,126.0,14845.466666666667,3.0,False,True,False,False,True,1
TK60069,20231117,20231118,3,3,2,2023-11-17 16:07:00,2023-11-18 23:10:58,Error when two-factor authentication,30.0,1863.9666666666667,,False,False,False,False,False,1
TK62791,20231117,20231118,4,1,3,2023-11-17 16:32:00,2023-11-18 04:03:17,Issue with a duplicate charge,65.0,691.2833333333333,,False,False,False,False,False,1
TK62429,20231117,20231118,2,1,2,2023-11-17 17:06:00,2023-11-18 19:14:14,Question about the invoice for last month,230.0,1568.2333333333331,,False,False,False,False,False,1
TK62902,20231117,20231120,1,1,2,2023-11-17 17:45:00,2023-11-20 19:56:51,Cannot downgrade my plan,42.0,4451.85,,False,False,False,False,False,1
TK60286,20231117,20231123,2,3,2,2023-11-17 20:09:00,2023-11-23 01:53:48,Question about the invoice for last month,54.0,7544.8,4.0,False,True,True,False,False,1
TK60000,20231117,20231121,2,1,2,2023-11-17 20:59:00,2023-11-21 03:45:19,How do I export my data,40.0,4726.316666666667,4.0,False,True,False,False,False,1
TK63568,20231117,20231118,2,5,1,2023-11-17 22:50:00,2023-11-18 23:39:51,Issue with a duplicate charge,494.0,1489.85,3.0,False,True,False,True,False,1
TK62368,20231118,20231128,4,5,1,2023-11-18 03:28:00,2023-11-28 17:20:03,Issue with downgrade my plan,245.0,15232.05,5.0,False,True,False,False,True,1
TK61547,20231118,20231118,1,2,3,2023-11-18 07:34:00,2023-11-18 19:19:43,Issue with the API rate limit,6.0,705.7166666666667,,False,False,False,False,False,1
TK63878,20231118,20231118,3,1,1,2023-11-18 08:02:00,2023-11-18 22:11:41,Request to two-factor authentication,458.0,849.6833333333333,4.0,False,True,False,True,False,1
TK61437,20231118,20231121,2,5,2,2023-11-18 13:15:00,2023-11-21 07:41:57,How do I two-factor authentication,260.0,3986.95,4.0,False,True,False,False,False,1
TK60346,20231118,,1,2,2,2023-11-18 13:32:00,,Cannot export my data,21.0,,,True,False,False,False,False,1
TK61834,20231118,20231120,3,2,2,2023-11-18 15:06:00,2023-11-20 20:34:07,Question about webhook deliveries failing,106.0,3208.116666666667,,False,False,False,False,False,1
TK63780,20231118,20231118,4,5,4,2023-11-18 18:29:00,2023-11-18 21:53:35,Issue with the API rate limit,,204.58333333333331,,False,False,False,False,False,1
TK62938,20231118,20231119,1,2,3,2023-11-18 19:56:00,2023-11-19 01:05:58,Issue with add a teammate,,309.96666666666664,4.0,False,True,False,False,False,1
TK61483,20231118,20231121,2,5,2,2023-11-18 21:10:00,2023-11-21 02:16:51,Unable to a duplicate charge,86.0,3186.85,4.0,False,True,False,False,False,1
TK63480,20231118,20231119,4,5,2,2023-11-18 23:17:00,2023-11-19 15:44:45,How do I two-factor authentication,51.0,987.75,,False,False,False,False,False,1
TK60766,20231119,20231119,3,2,2,2023-11-19 02:09:00,2023-11-19 11:35:24,Cannot the dashboard loading slowly,,566.4,3.0,False,True,False,False,False,1
TK62730,20231119,20231120,2,4,3,2023-11-19 04:36:00,2023-11-20 17:41:25,How do I the API rate limit,59.0,2225.4166666666665,,False,False,False,False,False,1
TK62878,20231119,20231119,1,5,3,2023-11-19 06:39:00,2023-11-19 20:28:04,Question about downgrade my plan,66.0,829.0666666666667,,False,False,True,False,False,1
TK61719,20231119,20231128,1,5,2,2023-11-19 11:19:00,2023-11-28 01:08:57,Question about the dashboard loading slowly,142.0,12349.95,5.0,False,True,True,False,True,1
TK62593,20231119,20231120,2,4,2,2023-11-19 14:21:00,2023-11-20 09:57:01,Request to the dashboard loading slowly,106.0,1176.0166666666669,,False,False,False,False,False,1
TK63959,20231119,,2,3,2,2023-11-19 15:53:00,,Question about log in after password reset,25.0,,,True,False,False,False,False,1
TK62525,20231119,20231121,1,2,1,2023-11-19 16:27:00,2023-11-21 05:38:13,How do I log in after password reset,64.0,2231.2166666666667,,False,False,False,False,False,1
TK60104,20231119,20231122,1,2,2,2023-11-19 16:56:00,2023-11-22 12:54:38,Unable to downgrade my plan,74.0,4078.633333333333,4.0,False,True,False,False,False,1
TK61832,20231119,20231120,3,1,3,2023-11-19 18:15:00,2023-11-20 09:28:59,Cannot the dashboard loading slowly,,913.9833333333332,4.0,False,True,False,False,False,1
TK62893,20231119,20231120,4,1,2,2023-11-19 20:22:00,2023-11-20 06:47:29,Question about export my data,229.0,625.4833333333333,5.0,False,True,False,False,False,1
TK61183,20231119,20231122,3,2,2,2023-11-19 21:24:00,2023-11-22 10:52:07,How do I add a teammate,148.0,3688.116666666667,5.0,False,True,False,False,False,1
TK62189,20231120,20231120,2,2,2,2023-11-20 02:25:00,2023-11-20 04:56:21,Request to the invoice for last month,104.0,151.35,4.0,False,True,False,False,False,1
TK60024,20231120,20231120,3,5,2,2023-11-20 07:30:00,2023-11-20 10:30:41,Unable to two-factor authentication,,180.6833333333333,3.0,False,True,False,False,False,1
TK62603,20231120,20231122,1,3,2,2023-11-20 07:31:00,2023-11-22 14:50:00,Error when a refund for an annual plan,,3319.0,5.0,False,True,False,False,False,1
TK60850,20231120,20231121,2,1,3,2023-11-20 11:30:00,2023-11-21 04:51:32,Question about webhook deliveries failing,45.0,1041.5333333333333,,False,False,False,False,False,1
TK63669,20231120,20231121,4,5,2,2023-11-20 15:47:00,2023-11-21 14:00:43,How do I the dashboard loading slowly,139.0,1333.7166666666667,,False,False,False,False,False,1
TK61810,20231120,20231121,1,2,2,2023-11-20 15:55:00,2023-11-21 05:21:52,Cannot a duplicate charge,81.0,806.8666666666667,,False,False,False,False,False,1
TK60658,20231120,20231121,2,2,2,2023-11-20 18:16:00,2023-11-21 13:44:28,How do I the invoice for last month,138.0,1168.4666666666667,5.0,False,True,False,False,False,1
TK60427,20231120,20231121,1,4,2,2023-11-20 19:31:00,2023-11-21 04:09:08,Request to two-factor authentication,73.0,518.1333333333333,5.0,False,True,False,False,False,1
TK60863,20231120,20231121,3,1,1,2023-11-20 23:34:00,2023-11-21 20:37:37,Question about add a teammate,233.0,1263.6166666666666,5.0,False,True,True,False,False,1
TK63242,20231120,20231121,3,2,2,2023-11-20 23:59:00,2023-11-21 21:39:58,How do I webhook deliveries failing,16.0,1300.9666666666667,,False,False,False,False,False,1
TK63871,20231121,20231122,1,2,2,2023-11-21 00:34:00,2023-11-22 13:34:41,Issue with the invoice for last month,198.0,2220.6833333333334,,False,False,False,False,False,1
TK62767,20231121,,3,5,2,2023-11-21 04:31:00,,Request to add a teammate,127.0,,,True,False,False,False,False,1
TK63115,20231121,20231121,1,1,3,2023-11-21 05:11:00,2023-11-21 10:39:36,Unable to the API rate limit,40.0,328.6,,False,False,False,False,False,1
TK60924,20231121,20231121,1,2,3,2023-11-21 06:20:00,2023-11-21 11:22:12,Question about downgrade my plan,277.0,302.2,,False,False,False,False,False,1
TK61708,20231121,20231121,1,4,4,2023-11-21 08:35:00,2023-11-21 15:05:48,Request to the invoice for last month,38.0,390.8,5.0,False,True,False,False,False,1
TK62943,20231121,20231124,2,3,3,2023-11-21 10:50:00,2023-11-24 00:14:27,Question about the dashboard loading slowly,32.0,3684.45,5.0,False,True,False,False,False,1
TK62000,20231121,20231121,3,2,2,2023-11-21 10:52:00,2023-11-21 19:02:34,Error when the dashboard loading slowly,70.0,490.56666666666666,3.0,False,True,False,False,False,1
TK60324,20231121,20231121,2,5,2,2023-11-21 14:45:00,2023-11-21 16:09:39,Unable to a duplicate charge,189.0,84.65,3.0,False,True,False,False,False,1
TK61697,20231121,20231125,2,3,1,2023-11-21 15:45:00,2023-11-25 13:36:18,Request to the dashboard loading slowly,110.0,5631.3,,False,False,True,False,False,1
TK60637,20231121,,2,5,2,2023-11-21 17:25:00,,How do I a duplicate charge,29.0,,,True,False,False,False,False,1
TK62985,20231121,20231121,2,2,1,2023-11-21 18:04:00,2023-11-21 18:58:50,Question about connecting the Snowflake sync,,54.833333333333336,,False,False,False,False,False,1
TK62395,20231121,20231122,1,2,2,2023-11-21 18:14:00,2023-11-22 07:36:21,Question about a refund for an annual plan,16.0,802.35,5.0,False,True,False,False,False,1
TK61937,20231121,20231121,4,1,3,2023-11-21 18:42:00,2023-11-21 20:12:59,Question about webhook deliveries failing,68.0,90.98333333333332,,False,False,False,False,False,1
TK62385,20231121,20231126,1,4,3,2023-11-21 19:15:00,2023-11-26 09:58:55,Unable to downgrade my plan,75.0,6643.916666666667,,False,False,False,False,False,1
TK63419,20231121,20231123,3,4,2,2023-11-21 23:46:00,2023-11-23 17:17:50,How do I two-factor authentication,22.0,2491.833333333333,4.0,False,True,False,False,False,1
TK63734,20231122,20231125,4,4,3,2023-11-22 08:37:00,2023-11-25 08:43:43,How do I export my data,5.0,4326.716666666666,,False,False,False,False,False,1
TK63751,20231122,20231124,2,4,2,2023-11-22 10:45:00,2023-11-24 10:55:24,Error when export my data,171.0,2890.4,5.0,False,True,False,False,False,1
TK60198,20231122,20231130,3,5,2,2023-11-22 11:27:00,2023-11-30 11:22:43,Question about the dashboard loading slowly,,11515.716666666667,5.0,False,True,False,False,True,1
TK60378,20231122,20231122,1,4,2,2023-11-22 13:53:00,2023-11-22 20:52:35,Cannot downgrade my plan,33.0,419.5833333333333,,False,False,False,False,False,1
TK62273,20231122,20231122,4,5,2,2023-11-22 17:19:00,2023-11-22 20:32:52,Unable to add a teammate,1113.0,193.86666666666667,5.0,False,True,False,True,False,1
TK62231,20231123,,1,5,1,2023-11-23 02:18:00,,Error when downgrade my plan,169.0,,,True,False,False,False,False,1
TK62775,20231123,20231128,2,3,1,2023-11-23 07:12:00,2023-11-28 05:36:32,Unable to the invoice for last month,112.0,7104.533333333334,5.0,False,True,False,False,False,1
TK63919,20231123,20231124,2,5,3,2023-11-23 12:31:00,2023-11-24 00:53:18,Question about add a teammate,,742.3,,False,False,False,False,False,1
TK62929,20231123,20231127,1,1,1,2023-11-23 19:54:00,2023-11-27 21:15:30,Cannot two-factor authentication,279.0,5841.5,4.0,False,True,False,False,False,1
TK60115,20231123,20231129,2,5,1,2023-11-23 23:46:00,2023-11-29 10:31:11,Cannot connecting the Snowflake sync,206.0,7845.183333333333,,False,False,False,False,False,1
TK61875,20231124,20231127,1,5,1,2023-11-24 00:19:00,2023-11-27 16:52:41,Cannot log in after password reset,134.0,5313.683333333333,,False,False,False,False,False,1
TK62391,20231124,20231124,3,2,3,2023-11-24 02:29:00,2023-11-24 13:39:48,Unable to export my data,13.0,670.8,5.0,False,True,False,False,False,1
TK60584,20231124,20231124,2,3,3,2023-11-24 08:05:00,2023-11-24 10:40:43,Cannot a duplicate charge,39.0,155.71666666666667,5.0,False,True,False,False,False,1
TK61635,20231124,20231124,1,2,4,2023-11-24 08:20:00,2023-11-24 11:59:05,Error when export my data,19.0,219.08333333333331,,False,False,False,False,False,1
TK62056,20231124,20231124,1,4,4,2023-11-24 08:47:00,2023-11-24 10:30:08,Issue with export my data,7.0,103.13333333333334,1.0,False,True,False,False,False,1
TK60804,20231124,,2,4,2,2023-11-24 09:53:00,,How do I the invoice for last month,45.0,,,True,False,False,False,False,1
TK61968,20231124,20231125,1,2,1,2023-11-24 10:12:00,2023-11-25 01:38:11,Request to two-factor authentication,49.0,926.1833333333332,4.0,False,True,True,False,False,1
TK61478,20231124,20231125,2,1,2,2023-11-24 10:28:00,2023-11-25 03:04:16,Question about two-factor authentication,73.0,996.2666666666668,,False,False,False,False,False,1
TK63412,20231124,20231124,3,2,3,2023-11-24 12:49:00,2023-11-24 17:16:16,Error when add a teammate,168.0,267.26666666666665,,False,False,False,False,False,1
TK62009,20231124,20231125,1,2,1,2023-11-24 14:03:00,2023-11-25 06:37:55,How do I connecting the Snowflake sync,173.0,994.9166666666666,,False,False,False,False,False,1
TK62255,20231124,20231128,3,5,1,2023-11-24 15:22:00,2023-11-28 17:00:09,Issue with downgrade my plan,92.0,5858.15,5.0,False,True,False,False,False,1
TK60462,20231124,20231126,3,5,2,2023-11-24 20:50:00,2023-11-26 23:33:14,Error when webhook deliveries failing,44.0,3043.233333333333,5.0,False,True,False,False,False,1
TK61822,20231125,,3,4,3,2023-11-25 03:21:00,,Error when log in after password reset,62.0,,,True,False,False,False,False,1
TK63768,20231125,20231129,1,3,2,2023-11-25 05:17:00,2023-11-29 18:23:42,Question about export my data,107.0,6546.7,5.0,False,True,False,False,False,1
TK60131,20231125,20231125,1,1,3,2023-11-25 08:37:00,2023-11-25 18:26:28,Unable to a refund for an annual plan,28.0,589.4666666666667,,False,False,False,False,False,1
TK63896,20231125,20231125,1,3,2,2023-11-25 10:02:00,2023-11-25 15:11:39,Request to log in after password reset,165.0,309.65,,False,False,False,False,False,1
TK61242,20231125,20231125,1,5,3,2023-11-25 10:45:00,2023-11-25 11:57:41,Error when downgrade my plan,18.0,72.68333333333334,,False,False,False,False,False,1
TK61689,20231125,20231202,1,3,1,2023-11-25 12:35:00,2023-12-02 14:47:49,Request to a duplicate charge,301.0,10212.816666666668,,False,False,False,False,True,1
TK62917,20231125,20231127,2,5,3,2023-11-25 17:08:00,2023-11-27 02:21:34,Cannot two-factor authentication,70.0,1993.5666666666664,,False,False,False,False,False,1
TK63713,20231125,20231126,2,4,2,2023-11-25 23:25:00,2023-11-26 13:02:01,How do I a refund for an annual plan,241.0,817.0166666666667,5.0,False,True,False,False,False,1
TK63077,20231126,20231126,1,4,2,2023-11-26 07:08:00,2023-11-26 20:38:26,Error when a duplicate charge,47.0,810.4333333333333,5.0,False,True,True,False,False,1
TK60597,20231126,20231126,1,5,2,2023-11-26 09:24:00,2023-11-26 12:18:29,Cannot downgrade my plan,238.0,174.48333333333332,,False,False,False,False,False,1
TK61870,20231126,20231126,2,5,3,2023-11-26 11:20:00,2023-11-26 12:30:59,Question about add a teammate,18.0,70.98333333333333,,False,False,False,False,False,1
TK63735,20231126,,1,5,2,2023-11-26 13:08:00,,Question about the dashboard loading slowly,632.0,,,True,False,False,True,False,1
TK63406,20231126,,4,5,2,2023-11-26 15:52:00,,Issue with add a teammate,83.0,,,True,False,False,False,False,1
TK61028,20231126,20231126,2,2,3,2023-11-26 17:21:00,2023-11-26 20:02:27,Cannot downgrade my plan,31.0,161.45,,False,False,False,False,False,1
TK60701,20231126,20231127,1,1,4,2023-11-26 17:26:00,2023-11-27 00:11:24,How do I add a teammate,8.0,405.4,4.0,False,True,False,False,False,1
TK62433,20231126,,2,3,2,2023-11-26 20:16:00,,Request to export my data,138.0,,,True,False,False,False,False,1
TK61306,20231126,20231129,2,4,2,2023-11-26 20:46:00,2023-11-29 10:35:52,How do I log in after password reset,35.0,3709.866666666667,,False,False,False,False,False,1
TK62503,20231126,20231127,4,4,2,2023-11-26 22:26:00,2023-11-27 14:28:45,Cannot the dashboard loading slowly,142.0,962.75,,False,False,False,False,False,1
TK63835,20231127,20231127,3,5,4,2023-11-27 02:13:00,2023-11-27 19:41:52,How do I connecting the Snowflake sync,9.0,1048.8666666666666,5.0,False,True,False,False,False,1
TK60064,20231127,20231128,1,1,2,2023-11-27 04:11:00,2023-11-28 17:04:03,Request to the dashboard loading slowly,,2213.05,,False,False,False,False,False,1
TK61018,20231127,20231129,1,1,2,2023-11-27 06:25:00,2023-11-29 16:35:33,Cannot a duplicate charge,129.0,3490.55,4.0,False,True,False,False,False,1
TK60923,20231127,20231127,2,4,4,2023-11-27 07:32:00,2023-11-27 08:22:41,Unable to export my data,4.0,50.68333333333333,,False,False,False,False,False,1
TK60524,20231127,20231129,2,5,3,2023-11-27 11:09:00,2023-11-29 00:02:28,Issue with add a teammate,24.0,2213.4666666666667,,False,False,False,False,False,1
TK61269,20231127,20231203,3,2,2,2023-11-27 11:45:00,2023-12-03 18:51:55,Request to a duplicate charge,,9066.916666666666,,False,False,False,False,True,1
TK60557,20231127,20231221,2,3,2,2023-11-27 12:15:00,2023-12-21 18:19:59,Issue with downgrade my plan,123.0,34924.98333333333,,False,False,False,False,True,1
TK62883,20231127,20231128,3,2,2,2023-11-27 12:16:00,2023-11-28 00:29:32,Request to add a teammate,33.0,733.5333333333333,1.0,False,True,False,False,False,1
TK61515,20231127,20231127,1,2,2,2023-11-27 15:06:00,2023-11-27 21:13:06,Question about webhook deliveries failing,46.0,367.1,,False,False,False,False,False,1
TK63528,20231128,20231128,4,1,3,2023-11-28 00:29:00,2023-11-28 04:55:10,Request to export my data,48.0,266.1666666666667,,False,False,False,False,False,1
TK63007,20231128,20231130,1,5,3,2023-11-28 00:44:00,2023-11-30 05:48:01,Unable to the dashboard loading slowly,12.0,3184.016666666667,,False,False,False,False,False,1
TK60009,20231128,20231128,1,5,4,2023-11-28 12:58:00,2023-11-28 22:59:34,How do I the dashboard loading slowly,22.0,601.5666666666667,5.0,False,True,False,False,False,1
TK61484,20231128,20231129,2,4,3,2023-11-28 15:10:00,2023-11-29 01:42:56,Request to export my data,,632.9333333333333,4.0,False,True,False,False,False,1
TK63585,20231128,20231129,3,4,2,2023-11-28 15:44:00,2023-11-29 19:47:08,How do I the dashboard loading slowly,61.0,1683.1333333333334,,False,False,False,False,False,1
TK62978,20231128,20231130,2,1,2,2023-11-28 17:03:00,2023-11-30 10:05:39,Request to export my data,170.0,2462.65,,False,False,False,False,False,1
TK60508,20231128,20231130,1,5,2,2023-11-28 17:57:00,2023-11-30 18:09:11,Request to two-factor authentication,88.0,2892.1833333333334,2.0,False,True,False,False,False,1
TK60125,20231128,20231129,2,2,2,2023-11-28 19:53:00,2023-11-29 03:13:05,Request to add a teammate,145.0,440.0833333333333,,False,False,False,False,False,1
TK62817,20231128,20231203,3,5,2,2023-11-28 22:18:00,2023-12-03 13:14:55,How do I connecting the Snowflake sync,785.0,6656.916666666667,,False,False,False,True,False,1
TK62465,20231128,20231129,2,1,3,2023-11-28 22:28:00,2023-11-29 06:30:18,How do I export my data,84.0,482.3,,False,False,False,False,False,1
TK62915,20231128,20231129,3,2,3,2023-11-28 23:06:00,2023-11-29 01:03:56,Cannot add a teammate,145.0,117.93333333333334,,False,False,False,False,False,1
TK61217,20231129,20231129,1,4,3,2023-11-29 00:52:00,2023-11-29 10:36:53,Question about the API rate limit,28.0,584.8833333333333,3.0,False,True,False,False,False,1
TK61255,20231129,20231129,3,2,2,2023-11-29 01:27:00,2023-11-29 12:19:00,How do I the invoice for last month,577.0,652.0,,False,False,False,True,False,1
TK62650,20231129,20231202,2,1,2,2023-11-29 04:27:00,2023-12-02 04:49:38,Issue with webhook deliveries failing,231.0,4342.633333333333,,False,False,False,False,False,1
TK62432,20231129,20231201,2,2,2,2023-11-29 05:37:00,2023-12-01 08:53:23,Unable to webhook deliveries failing,54.0,3076.383333333333,,False,False,False,False,False,1
TK62054,20231129,20231129,4,1,3,2023-11-29 07:39:00,2023-11-29 09:37:41,Cannot connecting the Snowflake sync,42.0,118.68333333333334,,False,False,True,False,False,1
TK60546,20231129,20231129,1,1,2,2023-11-29 10:24:00,2023-11-29 12:24:41,Question about webhook deliveries failing,204.0,120.68333333333334,,False,False,False,False,False,1
TK63158,20231129,20231201,4,2,1,2023-11-29 11:07:00,2023-12-01 01:49:52,Error when a refund for an annual plan,53.0,2322.866666666667,,False,False,False,False,False,1
TK63270,20231129,20231217,1,5,2,2023-11-29 15:00:00,2023-12-17 23:38:50,Unable to downgrade my plan,4.0,26438.83333333333,,False,False,False,False,True,1
TK62580,20231129,20231130,3,2,3,2023-11-29 15:40:00,2023-11-30 13:24:21,How do I the invoice for last month,29.0,1304.35,4.0,False,True,False,False,False,1
TK62330,20231129,20231129,2,4,1,2023-11-29 18:17:00,2023-11-29 20:31:14,Error when a duplicate charge,155.0,134.23333333333332,5.0,False,True,False,False,False,1
TK63021,20231129,20231201,1,5,2,2023-11-29 20:45:00,2023-12-01 03:08:44,Cannot two-factor authentication,45.0,1823.7333333333331,,False,False,False,False,False,1
TK62224,20231129,20231130,2,1,4,2023-11-29 23:12:00,2023-11-30 02:48:59,Issue with webhook deliveries failing,38.0,216.9833333333333,5.0,False,True,False,False,False,1
TK61381,20231130,20231130,1,4,3,2023-11-30 02:09:00,2023-11-30 09:15:38,Request to add a teammate,64.0,426.6333333333333,4.0,False,True,True,False,False,1
TK61683,20231130,20231130,3,2,2,2023-11-30 05:07:00,2023-11-30 14:17:39,Question about two-factor authentication,13.0,550.65,,False,False,False,False,False,1
TK61062,20231130,20231130,3,3,2,2023-11-30 05:29:00,2023-11-30 21:01:22,Error when connecting the Snowflake sync,16.0,932.3666666666668,,False,False,False,False,False,1
TK60635,20231130,20231203,1,5,2,2023-11-30 05:42:00,2023-12-03 23:32:38,Cannot two-factor authentication,82.0,5390.633333333333,,False,False,False,False,False,1
TK60801,20231130,20231130,3,5,3,2023-11-30 06:27:00,2023-11-30 21:43:37,Question about the invoice for last month,41.0,916.6166666666668,,False,False,False,False,False,1
TK61286,20231130,20231130,2,4,1,2023-11-30 08:17:00,2023-11-30 12:49:43,Issue with connecting the Snowflake sync,77.0,272.71666666666664,4.0,False,True,False,False,False,1
TK60225,20231130,20231130,3,4,1,2023-11-30 12:47:00,2023-11-30 22:13:40,Request to a duplicate charge,175.0,566.6666666666666,,False,False,False,False,False,1
TK62574,20231130,20231210,1,2,1,2023-11-30 16:43:00,2023-12-10 02:35:53,How do I connecting the Snowflake sync,57.0,13552.883333333331,,False,False,False,False,True,1
TK63431,20231130,20231201,2,5,3,2023-11-30 17:24:00,2023-12-01 08:05:01,Issue with connecting the Snowflake sync,29.0,881.0166666666667,,False,False,False,False,False,1
TK60667,20231130,20231201,1,1,1,2023-11-30 20:08:00,2023-12-01 15:58:17,Cannot a refund for an annual plan,,1190.2833333333333,,False,False,False,False,False,1
TK62990,20231130,20231206,2,3,1,2023-11-30 22:49:00,2023-12-06 05:07:01,Error when the invoice for last month,933.0,7578.016666666666,5.0,False,True,False,True,False,1
TK61769,20231201,20231202,1,2,2,2023-12-01 05:35:00,2023-12-02 22:31:49,Issue with add a teammate,119.0,2456.8166666666666,5.0,False,True,False,False,False,1
TK61902,20231201,20231203,2,5,1,2023-12-01 12:01:00,2023-12-03 23:45:49,Unable to the API rate limit,251.0,3584.8166666666666,,False,False,True,False,False,1
TK62259,20231201,20231201,3,5,3,2023-12-01 12:40:00,2023-12-01 21:58:08,Question about log in after password reset,41.0,558.1333333333333,,False,False,False,False,False,1
TK60728,20231201,20231202,2,3,1,2023-12-01 13:28:00,2023-12-02 23:49:59,Issue with log in after password reset,1187.0,2061.983333333333,,False,False,False,True,False,1
TK62571,20231201,20231202,1,5,1,2023-12-01 13:59:00,2023-12-02 10:36:02,How do I log in after password reset,46.0,1237.0333333333333,,False,False,False,False,False,1
TK63746,20231201,20231201,3,5,3,2023-12-01 15:54:00,2023-12-01 21:52:03,Error when the invoice for last month,53.0,358.05,1.0,False,True,False,False,False,1
TK62147,20231201,20231205,2,5,2,2023-12-01 16:39:00,2023-12-05 19:14:11,How do I two-factor authentication,174.0,5915.183333333333,,False,False,False,False,False,1
TK63538,20231201,20231203,2,2,2,2023-12-01 18:07:00,2023-12-03 13:53:40,How do I connecting the Snowflake sync,115.0,2626.6666666666665,,False,False,False,False,False,1
TK63316,20231201,20231203,3,5,2,2023-12-01 18:55:00,2023-12-03 12:55:26,Cannot export my data,126.0,2520.4333333333334,,False,False,False,False,False,1
TK61282,20231201,20231202,2,4,2,2023-12-01 20:24:00,2023-12-02 08:52:18,How do I a duplicate charge,45.0,748.3,5.0,False,True,False,False,False,1
TK63609,20231201,20231202,3,5,2,2023-12-01 20:24:00,2023-12-02 03:03:41,Unable to downgrade my plan,43.0,399.6833333333333,,False,False,False,False,False,1
TK63882,20231201,20231202,2,2,1,2023-12-01 20:40:00,2023-12-02 17:59:58,Issue with two-factor authentication,185.0,1279.9666666666667,,False,False,False,False,False,1
TK63204,20231201,20231202,2,5,3,2023-12-01 21:24:00,2023-12-02 09:16:27,Question about webhook deliveries failing,208.0,712.45,,False,False,False,False,False,1
TK62300,20231201,20231204,2,5,3,2023-12-01 21:58:00,2023-12-04 16:47:54,Error when webhook deliveries failing,44.0,4009.9,5.0,False,True,False,False,False,1
TK60441,20231201,20231202,2,2,3,2023-12-01 23:21:00,2023-12-02 05:48:13,Question about a refund for an annual plan,62.0,387.2166666666666,,False,False,False,False,False,1
TK61278,20231202,20231203,2,3,3,2023-12-02 00:50:00,2023-12-03 13:42:35,Error when a refund for an annual plan,33.0,2212.583333333333,,False,False,False,False,False,1
TK60654,20231202,20231202,2,1,2,2023-12-02 04:31:00,2023-12-02 12:27:30,Issue with add a teammate,450.0,476.5,,False,False,False,True,False,1
TK63296,20231202,20231202,3,5,2,2023-12-02 08:17:00,2023-12-02 21:48:50,Error when webhook deliveries failing,141.0,811.8333333333334,,False,False,False,False,False,1
TK63202,20231202,20231202,4,5,1,2023-12-02 08:34:00,2023-12-02 14:35:16,Unable to log in after password reset,27.0,361.26666666666665,4.0,False,True,False,False,False,1
TK60507,20231202,20231204,3,5,2,2023-12-02 08:54:00,2023-12-04 07:02:56,Cannot connecting the Snowflake sync,65.0,2768.9333333333334,1.0,False,True,False,False,False,1
TK62326,20231202,20231203,4,2,2,2023-12-02 12:03:00,2023-12-03 03:01:36,Request to connecting the Snowflake sync,138.0,898.6,5.0,False,True,False,False,False,1
TK61005,20231202,20231204,3,2,2,2023-12-02 14:55:00,2023-12-04 03:45:35,Issue with webhook deliveries failing,,2210.583333333333,,False,False,False,False,False,1
TK62925,20231202,20231203,1,5,2,2023-12-02 16:29:00,2023-12-03 22:07:51,Question about a refund for an annual plan,114.0,1778.85,,False,False,False,False,False,1
TK61307,20231202,20231203,1,4,4,2023-12-02 22:40:00,2023-12-03 06:58:02,Request to webhook deliveries failing,9.0,498.03333333333336,,False,False,False,False,False,1
TK61211,20231203,20231204,3,3,1,2023-12-03 01:56:00,2023-12-04 15:07:29,Cannot the API rate limit,140.0,2231.483333333333,5.0,False,True,False,False,False,1
TK63171,20231203,20231204,1,5,4,2023-12-03 11:36:00,2023-12-04 12:19:47,Request to the dashboard loading slowly,34.0,1483.7833333333333,2.0,False,True,False,False,False,1
TK62016,20231203,20231205,2,4,1,2023-12-03 17:05:00,2023-12-05 17:55:39,Request to the invoice for last month,197.0,2930.65,5.0,False,True,False,False,False,1
TK63756,20231203,20231204,4,4,1,2023-12-03 17:08:00,2023-12-04 17:21:44,Issue with two-factor authentication,164.0,1453.7333333333331,4.0,False,True,False,False,False,1
TK63908,20231203,20231204,4,3,4,2023-12-03 20:43:00,2023-12-04 07:58:37,How do I connecting the Snowflake sync,20.0,675.6166666666667,,False,False,False,False,False,1
TK60246,20231203,20231204,2,3,2,2023-12-03 21:58:00,2023-12-04 12:48:05,How do I webhook deliveries failing,490.0,890.0833333333334,,False,False,False,True,False,1
TK61801,20231204,20231204,1,2,4,2023-12-04 00:43:00,2023-12-04 09:00:42,Question about the dashboard loading slowly,4.0,497.7,,False,False,False,False,False,1
TK63318,20231204,20231207,1,2,2,2023-12-04 05:00:00,2023-12-07 04:10:38,Issue with add a teammate,39.0,4270.633333333333,,False,False,True,False,False,1
TK62648,20231204,20231215,4,5,2,2023-12-04 05:45:00,2023-12-15 15:52:26,Issue with webhook deliveries failing,54.0,16447.433333333334,,False,False,False,False,True,1
TK63725,20231204,20231204,4,4,3,2023-12-04 07:55:00,2023-12-04 10:30:52,Unable to the dashboard loading slowly,22.0,155.86666666666667,,False,False,False,False,False,1
TK62272,20231204,20231211,2,5,2,2023-12-04 13:53:00,2023-12-11 08:11:05,Error when the API rate limit,97.0,9738.083333333334,,False,False,False,False,True,1
TK63152,20231204,20231205,3,5,2,2023-12-04 15:15:00,2023-12-05 12:59:20,Unable to downgrade my plan,41.0,1304.3333333333333,4.0,False,True,False,False,False,1
TK62100,20231204,20231204,2,2,4,2023-12-04 16:45:00,2023-12-04 19:09:17,Unable to two-factor authentication,86.0,144.28333333333333,,False,False,False,False,False,1
TK62927,20231204,20231205,3,5,2,2023-12-04 20:33:00,2023-12-05 21:26:04,How do I downgrade my plan,156.0,1493.0666666666666,,False,False,False,False,False,1
TK62053,20231204,20231204,1,2,3,2023-12-04 21:35:00,2023-12-04 23:24:14,How do I the invoice for last month,240.0,109.23333333333332,,False,False,False,False,False,1
TK61387,20231205,20231210,1,5,2,2023-12-05 00:04:00,2023-12-10 03:31:25,Cannot add a teammate,375.0,7407.416666666667,3.0,False,True,False,False,False,1
TK61108,20231205,20231206,2,5,2,2023-12-05 00:55:00,2023-12-06 02:26:28,Cannot connecting the Snowflake sync,113.0,1531.4666666666667,,False,False,False,False,False,1
TK62623,20231205,20231205,1,5,4,2023-12-05 02:02:00,2023-12-05 12:10:12,Cannot webhook deliveries failing,22.0,608.2,3.0,False,True,True,False,False,1
TK63862,20231205,20231209,4,4,2,2023-12-05 02:06:00,2023-12-09 20:24:58,Question about downgrade my plan,193.0,6858.966666666666,,False,False,True,False,False,1
TK60452,20231205,20231205,1,1,3,2023-12-05 07:19:00,2023-12-05 09:42:43,Cannot a duplicate charge,29.0,143.71666666666667,,False,False,False,False,False,1
TK63010,20231205,20231223,1,2,1,2023-12-05 13:14:00,2023-12-23 08:33:58,Question about the invoice for last month,574.0,25639.966666666667,,False,False,False,True,True,1
TK60583,20231205,20231206,1,2,3,2023-12-05 17:36:00,2023-12-06 02:16:33,How do I two-factor authentication,25.0,520.55,4.0,False,True,False,False,False,1
TK60836,20231205,20231207,2,5,2,2023-12-05 19:01:00,2023-12-07 04:40:03,How do I two-factor authentication,,2019.05,,False,False,False,False,False,1
TK62352,20231205,20231205,3,1,4,2023-12-05 19:17:00,2023-12-05 22:19:30,Question about the API rate limit,10.0,182.5,,False,False,False,False,False,1
TK63239,20231205,,3,5,2,2023-12-05 21:47:00,,Request to downgrade my plan,81.0,,,True,False,False,False,False,1
TK63166,20231206,20231206,1,2,4,2023-12-06 03:26:00,2023-12-06 05:21:57,How do I connecting the Snowflake sync,43.0,115.95,,False,False,False,False,False,1
TK62732,20231206,20231207,1,3,1,2023-12-06 06:07:00,2023-12-07 07:55:58,How do I webhook deliveries failing,109.0,1548.9666666666667,,False,False,False,False,False,1
TK63426,20231206,20231215,1,2,2,2023-12-06 08:25:00,2023-12-15 13:49:04,Unable to export my data,360.0,13284.066666666668,,False,False,False,False,True,1
TK63944,20231206,20231206,3,2,2,2023-12-06 09:00:00,2023-12-06 15:51:34,Request to connecting the Snowflake sync,1099.0,411.56666666666666,,False,False,False,True,False,1
TK60757,20231206,20231208,3,5,1,2023-12-06 10:34:00,2023-12-08 15:24:25,Cannot the invoice for last month,203.0,3170.4166666666665,3.0,False,True,False,False,False,1
TK61747,20231206,20231222,1,4,1,2023-12-06 11:41:00,2023-12-22 16:21:37,Request to connecting the Snowflake sync,48.0,23320.616666666665,4.0,False,True,False,False,True,1
TK60749,20231206,20231206,4,5,3,2023-12-06 12:04:00,2023-12-06 20:40:24,Error when webhook deliveries failing,19.0,516.4,,False,False,False,False,False,1
TK61464,20231206,20231207,1,2,2,2023-12-06 16:28:00,2023-12-07 02:52:50,Cannot webhook deliveries failing,196.0,624.8333333333334,,False,False,False,False,False,1
TK62327,20231206,20231207,1,4,2,2023-12-06 17:12:00,2023-12-07 03:27:18,How do I connecting the Snowflake sync,25.0,615.3,1.0,False,True,False,False,False,1
TK63366,20231206,20231207,2,1,2,2023-12-06 20:42:00,2023-12-07 18:25:26,Request to two-factor authentication,58.0,1303.4333333333334,5.0,False,True,False,False,False,1
TK60732,20231207,20231209,3,3,1,2023-12-07 10:40:00,2023-12-09 03:52:14,Request to the invoice for last month,237.0,2472.233333333333,,False,False,False,False,False,1
TK60416,20231207,20231207,1,1,3,2023-12-07 14:07:00,2023-12-07 16:35:52,Error when log in after password reset,64.0,148.86666666666667,,False,False,False,False,False,1
TK61868,20231207,20231208,2,5,2,2023-12-07 15:03:00,2023-12-08 06:04:54,Unable to export my data,56.0,901.9,,False,False,False,False,False,1
TK62103,20231207,20231208,1,2,2,2023-12-07 20:21:00,2023-12-08 11:24:01,Error when the dashboard loading slowly,160.0,903.0166666666668,4.0,False,True,False,False,False,1
TK62499,20231207,20231209,3,1,2,2023-12-07 21:28:00,2023-12-09 02:41:38,Unable to downgrade my plan,20.0,1753.6333333333334,,False,False,False,False,False,1
TK62658,20231208,20231222,2,5,1,2023-12-08 00:24:00,2023-12-22 22:09:32,Unable to webhook deliveries failing,51.0,21465.533333333333,,False,False,False,False,True,1
TK62731,20231208,20231221,3,5,1,2023-12-08 03:32:00,2023-12-21 14:08:59,How do I a refund for an annual plan,207.0,19356.983333333334,,False,False,False,False,True,1
TK63120,20231208,20231209,3,4,1,2023-12-08 03:38:00,2023-12-09 00:47:43,Cannot the API rate limit,177.0,1269.7166666666667,5.0,False,True,False,False,False,1
TK61647,20231208,20231212,2,5,2,2023-12-08 06:51:00,2023-12-12 15:09:42,Question about connecting the Snowflake sync,37.0,6258.7,2.0,False,True,True,False,False,1
TK60490,20231208,20231208,3,4,4,2023-12-08 13:21:00,2023-12-08 18:18:35,Question about add a teammate,4.0,297.5833333333333,,False,False,False,False,False,1
TK62953,20231208,20231208,3,2,3,2023-12-08 14:30:00,2023-12-08 21:35:56,How do I two-factor authentication,163.0,425.9333333333333,2.0,False,True,False,False,False,1
TK60172,20231208,20231214,2,1,2,2023-12-08 19:27:00,2023-12-14 06:56:53,Error when downgrade my plan,32.0,7889.883333333333,,False,False,False,False,False,1
TK62167,20231209,20231212,2,1,2,2023-12-09 07:40:00,2023-12-12 02:33:52,Cannot downgrade my plan,452.0,4013.866666666667,,False,False,False,True,False,1
TK61041,20231209,20231211,3,5,2,2023-12-09 08:42:00,2023-12-11 12:31:19,Unable to add a teammate,73.0,3109.3166666666666,3.0,False,True,False,False,False,1
TK60965,20231209,20231212,1,5,2,2023-12-09 10:41:00,2023-12-12 08:23:20,Request to the invoice for last month,296.0,4182.333333333333,4.0,False,True,False,False,False,1
TK61930,20231209,20231209,2,2,4,2023-12-09 12:23:00,2023-12-09 14:57:15,Error when log in after password reset,,154.25,5.0,False,True,False,False,False,1
TK61577,20231209,20231209,2,4,3,2023-12-09 12:31:00,2023-12-09 20:37:29,How do I two-factor authentication,56.0,486.48333333333335,1.0,False,True,False,False,False,1
TK62371,20231209,,1,3,1,2023-12-09 12:46:00,,Error when log in after password reset,765.0,,,True,False,False,True,False,1
TK62363,20231209,20231210,1,5,4,2023-12-09 13:50:00,2023-12-10 03:24:09,Error when export my data,30.0,814.15,,False,False,False,False,False,1
TK61554,20231209,20231217,2,5,3,2023-12-09 13:56:00,2023-12-17 15:26:24,Question about webhook deliveries failing,173.0,11610.4,,False,False,False,False,True,1
TK61602,20231209,20231212,3,2,1,2023-12-09 16:05:00,2023-12-12 23:45:25,Cannot a duplicate charge,,4780.416666666667,,False,False,False,False,False,1
TK61851,20231209,20231217,2,4,2,2023-12-09 17:07:00,2023-12-17 09:46:10,Question about the API rate limit,48.0,11079.166666666666,,False,False,False,False,True,1
TK61329,20231209,20231213,3,2,2,2023-12-09 17:23:00,2023-12-13 14:50:45,Unable to log in after password reset,582.0,5607.75,,False,False,False,True,False,1
TK63114,20231209,20231210,3,2,1,2023-12-09 19:39:00,2023-12-10 00:41:36,Unable to the API rate limit,78.0,302.6,,False,False,False,False,False,1
TK62947,20231209,20231212,4,1,2,2023-12-09 21:13:00,2023-12-12 23:26:43,Cannot connecting the Snowflake sync,129.0,4453.716666666666,4.0,False,True,False,False,False,1
TK61219,20231209,20231210,3,2,2,2023-12-09 22:10:00,2023-12-10 19:19:11,Cannot webhook deliveries failing,64.0,1269.1833333333334,,False,False,False,False,False,1
TK61238,20231210,20231211,2,3,3,2023-12-10 02:03:00,2023-12-11 09:00:01,Issue with two-factor authentication,52.0,1857.0166666666669,,False,False,False,False,False,1
TK62265,20231210,20231210,2,5,3,2023-12-10 02:17:00,2023-12-10 09:47:26,Issue with log in after password reset,53.0,450.4333333333333,4.0,False,True,False,False,False,1
TK62729,20231210,20231212,1,2,2,2023-12-10 02:30:00,2023-12-12 02:05:27,Cannot the dashboard loading slowly,120.0,2855.45,5.0,False,True,False,False,False,1
TK63324,20231210,20231210,2,1,2,2023-12-10 03:09:00,2023-12-10 17:18:20,Cannot the dashboard loading slowly,168.0,849.3333333333334,,False,False,False,False,False,1
TK61773,20231210,20231210,3,2,3,2023-12-10 04:11:00,2023-12-10 15:57:29,Error when the API rate limit,30.0,706.4833333333333,,False,False,False,False,False,1
TK62372,20231210,20231210,4,2,2,2023-12-10 07:48:00,2023-12-10 14:11:18,Cannot the invoice for last month,68.0,383.3,,False,False,True,False,False,1
TK61738,20231210,20231212,1,5,2,2023-12-10 09:40:00,2023-12-12 23:13:38,Unable to a refund for an annual plan,33.0,3693.633333333333,2.0,False,True,False,False,False,1
TK61826,20231210,20231211,2,2,3,2023-12-10 11:08:00,2023-12-11 17:22:08,Error when the invoice for last month,77.0,1814.1333333333332,3.0,False,True,False,False,False,1
TK61248,20231210,20231210,3,2,2,2023-12-10 11:17:00,2023-12-10 20:36:36,Request to export my data,,559.6,4.0,False,True,False,False,False,1
TK61907,20231210,20231211,4,5,2,2023-12-10 12:44:00,2023-12-11 06:28:57,Unable to the invoice for last month,56.0,1064.95,,False,False,False,False,False,1
TK63036,20231210,20231211,2,5,2,2023-12-10 14:55:00,2023-12-11 02:45:27,How do I add a teammate,67.0,710.45,3.0,False,True,False,False,False,1
TK62441,20231210,20231216,2,5,2,2023-12-10 16:36:00,2023-12-16 09:59:40,Issue with the API rate limit,497.0,8243.666666666666,5.0,False,True,False,True,False,1
TK62295,20231210,20231211,2,1,2,2023-12-10 17:33:00,2023-12-11 16:57:00,Question about webhook deliveries failing,,1404.0,,False,False,False,False,False,1
TK63769,20231210,20231212,1,4,2,2023-12-10 19:56:00,2023-12-12 05:31:12,Question about export my data,139.0,2015.2,,False,False,False,False,False,1
TK60213,20231210,20231213,4,2,2,2023-12-10 20:27:00,2023-12-13 04:52:46,Cannot the dashboard loading slowly,182.0,3385.766666666667,,False,False,False,False,False,1
TK63116,20231210,20231211,2,4,3,2023-12-10 20:41:00,2023-12-11 00:10:27,Cannot log in after password reset,17.0,209.45,4.0,False,True,False,False,False,1
TK60244,20231210,20231211,1,2,2,2023-12-10 21:10:00,2023-12-11 08:20:45,Cannot add a teammate,304.0,670.75,,False,False,False,False,False,1
TK61880,20231211,20231215,1,5,2,2023-12-11 03:50:00,2023-12-15 01:56:46,Request to the invoice for last month,202.0,5646.766666666666,4.0,False,True,False,False,False,1
TK61646,20231211,20231211,2,2,3,2023-12-11 06:21:00,2023-12-11 09:13:40,Request to export my data,12.0,172.66666666666666,5.0,False,True,False,False,False,1
TK62281,20231211,20231212,1,1,1,2023-12-11 06:57:00,2023-12-12 22:59:31,Unable to export my data,19.0,2402.516666666667,5.0,False,True,False,False,False,1
TK60676,20231211,20231213,2,5,4,2023-12-11 08:22:00,2023-12-13 04:38:45,Error when the invoice for last month,21.0,2656.75,,False,False,False,False,False,1
TK60294,20231211,20231212,2,4,1,2023-12-11 11:07:00,2023-12-12 09:25:48,How do I connecting the Snowflake sync,671.0,1338.8,5.0,False,True,False,True,False,1
TK60694,20231211,20231211,3,2,3,2023-12-11 14:50:00,2023-12-11 23:08:27,Request to webhook deliveries failing,29.0,498.45,,False,False,False,False,False,1
TK60384,20231211,20231212,2,5,3,2023-12-11 15:36:00,2023-12-12 08:52:05,Unable to webhook deliveries failing,44.0,1036.0833333333333,,False,False,False,False,False,1
TK63873,20231211,20231211,2,4,4,2023-12-11 16:32:00,2023-12-11 20:56:59,Cannot the API rate limit,14.0,264.9833333333333,,False,False,False,False,False,1
TK60529,20231211,20231212,4,1,2,2023-12-11 19:07:00,2023-12-12 07:50:39,Unable to downgrade my plan,36.0,763.65,4.0,False,True,False,False,False,1
TK61182,20231211,20231212,1,2,1,2023-12-11 19:59:00,2023-12-12 01:13:21,Issue with downgrade my plan,113.0,314.35,,False,False,False,False,False,1
TK62419,20231212,20231213,2,2,1,2023-12-12 00:53:00,2023-12-13 20:57:51,Error when the dashboard loading slowly,188.0,2644.85,,False,False,True,False,False,1
TK61487,20231212,20231212,1,2,3,2023-12-12 01:26:00,2023-12-12 06:14:38,How do I downgrade my plan,34.0,288.6333333333333,5.0,False,True,False,False,False,1
TK63874,20231212,20231213,2,4,2,2023-12-12 06:16:00,2023-12-13 16:57:32,Issue with export my data,12.0,2081.5333333333333,,False,False,True,False,False,1
TK61971,20231212,20231215,1,5,2,2023-12-12 10:35:00,2023-12-15 23:38:20,Error when the invoice for last month,619.0,5103.333333333333,,False,False,False,True,False,1
TK62987,20231212,20231212,3,5,4,2023-12-12 12:26:00,2023-12-12 17:17:38,How do I downgrade my plan,6.0,291.6333333333333,,False,False,False,False,False,1
TK61906,20231212,20231214,4,5,3,2023-12-12 13:35:00,2023-12-14 20:00:19,How do I add a teammate,20.0,3265.3166666666666,5.0,False,True,False,False,False,1
TK60101,20231212,20231213,2,5,1,2023-12-12 14:06:00,2023-12-13 13:27:12,Cannot the invoice for last month,78.0,1401.2,4.0,False,True,False,False,False,1
TK63984,20231212,20231215,1,5,1,2023-12-12 15:23:00,2023-12-15 13:12:28,Question about downgrade my plan,64.0,4189.466666666666,,False,False,False,False,False,1
TK61246,20231212,20231213,2,1,2,2023-12-12 20:34:00,2023-12-13 06:31:34,How do I webhook deliveries failing,20.0,597.5666666666667,5.0,False,True,False,False,False,1
TK62769,20231212,20231213,4,4,2,2023-12-12 21:04:00,2023-12-13 02:10:34,Request to webhook deliveries failing,569.0,306.56666666666666,,False,False,False,True,False,1
TK60464,20231212,20231213,3,3,4,2023-12-12 23:35:00,2023-12-13 08:53:49,Question about webhook deliveries failing,,558.8166666666667,,False,False,False,False,False,1
TK63167,20231213,20231214,3,1,1,2023-12-13 05:50:00,2023-12-14 00:25:43,Question about connecting the Snowflake sync,30.0,1115.7166666666667,,False,False,False,False,False,1
TK62335,20231213,20231213,2,1,3,2023-12-13 08:35:00,2023-12-13 11:10:06,Issue with connecting the Snowflake sync,18.0,155.1,,False,False,True,False,False,1
TK60096,20231213,20231214,3,5,3,2023-12-13 10:13:00,2023-12-14 19:43:13,Request to log in after password reset,27.0,2010.2166666666667,,False,False,False,False,False,1
TK62398,20231213,,2,5,1,2023-12-13 12:11:00,,Error when a duplicate charge,299.0,,,True,False,False,False,False,1
TK61758,20231213,20231214,1,5,4,2023-12-13 12:17:00,2023-12-14 02:16:49,Issue with downgrade my plan,12.0,839.8166666666667,,False,False,False,False,False,1
TK62430,20231213,20231221,2,2,2,2023-12-13 17:51:00,2023-12-21 00:05:07,Unable to log in after password reset,341.0,10454.116666666669,,False,False,False,False,True,1
TK61623,20231213,20240120,3,3,1,2023-12-13 21:45:00,2024-01-20 10:47:49,Error when the API rate limit,124.0,54062.816666666666,,False,False,False,False,True,1
TK62130,20231213,20231214,1,3,1,2023-12-13 23:49:00,2023-12-14 03:04:20,Unable to a refund for an annual plan,92.0,195.33333333333331,,False,False,False,False,False,1
TK61378,20231214,20231215,4,2,2,2023-12-14 03:53:00,2023-12-15 05:11:28,Question about webhook deliveries failing,158.0,1518.4666666666667,5.0,False,True,True,False,False,1
TK62369,20231214,20231214,3,4,2,2023-12-14 14:12:00,2023-12-14 17:35:47,Error when two-factor authentication,139.0,203.78333333333333,2.0,False,True,False,False,False,1
TK60028,20231214,20231217,4,1,2,2023-12-14 18:03:00,2023-12-17 06:03:51,Issue with connecting the Snowflake sync,125.0,3600.85,,False,False,False,False,False,1
TK62533,20231214,20231216,2,1,1,2023-12-14 18:53:00,2023-12-16 14:22:10,Error when the API rate limit,,2609.1666666666665,,False,False,True,False,False,1
TK63029,20231215,20231221,2,2,2,2023-12-15 04:11:00,2023-12-21 15:21:47,Issue with log in after password reset,,9310.783333333333,,False,False,False,False,True,1
TK60815,20231215,20231216,1,1,3,2023-12-15 06:23:00,2023-12-16 01:54:02,Cannot log in after password reset,11.0,1171.0333333333333,,False,False,False,False,False,1
TK60589,20231215,20231216,4,4,3,2023-12-15 11:01:00,2023-12-16 17:48:50,Error when the API rate limit,68.0,1847.8333333333333,4.0,False,True,False,False,False,1
TK61843,20231215,20231217,3,2,1,2023-12-15 13:37:00,2023-12-17 11:41:40,Cannot a refund for an annual plan,264.0,2764.6666666666665,,False,False,False,False,False,1
TK62182,20231215,20231219,3,5,1,2023-12-15 14:31:00,2023-12-19 11:14:22,Request to the API rate limit,618.0,5563.366666666667,4.0,False,True,False,True,False,1
TK63540,20231215,20231215,1,2,3,2023-12-15 17:25:00,2023-12-15 19:06:37,Request to the invoice for last month,71.0,101.61666666666666,,False,False,False,False,False,1
TK63758,20231215,20231216,4,5,4,2023-12-15 20:19:00,2023-12-16 11:00:41,Cannot connecting the Snowflake sync,10.0,881.6833333333333,4.0,False,True,False,False,False,1
TK62956,20231215,20231216,2,5,2,2023-12-15 21:59:00,2023-12-16 06:51:40,Question about webhook deliveries failing,51.0,532.6666666666666,,False,False,False,False,False,1
TK62698,20231216,20231221,3,5,1,2023-12-16 02:46:00,2023-12-21 14:54:34,Cannot downgrade my plan,22.0,7928.566666666667,,False,False,False,False,False,1
TK60137,20231216,20231216,4,5,4,2023-12-16 11:06:00,2023-12-16 14:57:41,Unable to downgrade my plan,83.0,231.6833333333333,3.0,False,True,False,False,False,1
TK61098,20231216,20231217,2,2,2,2023-12-16 13:20:00,2023-12-17 04:18:01,Unable to downgrade my plan,183.0,898.0166666666667,4.0,False,True,False,False,False,1
TK62971,20231216,20231218,1,4,2,2023-12-16 14:22:00,2023-12-18 14:08:15,Issue with add a teammate,69.0,2866.25,,False,False,False,False,False,1
TK60038,20231216,20231216,1,2,2,2023-12-16 14:29:00,2023-12-16 20:24:04,Error when export my data,106.0,355.06666666666666,4.0,False,True,False,False,False,1
TK63418,20231216,20231218,2,2,1,2023-12-16 14:57:00,2023-12-18 21:29:05,Cannot a refund for an annual plan,115.0,3272.083333333333,5.0,False,True,False,False,False,1
TK61418,20231216,,1,5,3,2023-12-16 14:58:00,,Question about the invoice for last month,20.0,,,True,False,False,False,False,1
TK63358,20231216,20231222,3,2,2,2023-12-16 15:02:00,2023-12-22 11:35:51,Cannot downgrade my plan,94.0,8433.85,5.0,False,True,False,False,False,1
TK62512,20231216,20231218,2,2,1,2023-12-16 15:07:00,2023-12-18 07:27:45,Request to downgrade my plan,139.0,2420.75,,False,False,False,False,False,1
TK63027,20231216,20231217,1,2,2,2023-12-16 17:38:00,2023-12-17 18:56:03,Cannot export my data,18.0,1518.05,4.0,False,True,False,False,False,1
TK61384,20231216,20231220,2,5,3,2023-12-16 18:40:00,2023-12-20 04:51:08,Question about two-factor authentication,139.0,4931.133333333333,,False,False,False,False,False,1
TK62862,20231216,20231218,2,5,2,2023-12-16 19:26:00,2023-12-18 12:12:28,Question about log in after password reset,193.0,2446.4666666666667,,False,False,False,False,False,1
TK61529,20231216,20231217,1,2,1,2023-12-16 19:53:00,2023-12-17 16:05:11,Issue with two-factor authentication,1123.0,1212.1833333333334,4.0,False,True,False,True,False,1
TK62715,20231216,,1,2,1,2023-12-16 20:59:00,,Unable to webhook deliveries failing,65.0,,,True,False,False,False,False,1
TK61661,20231217,20231219,1,1,3,2023-12-17 10:46:00,2023-12-19 01:09:16,Request to two-factor authentication,72.0,2303.266666666667,,False,False,False,False,False,1
TK63514,20231217,20231219,2,5,1,2023-12-17 16:34:00,2023-12-19 01:04:37,Error when downgrade my plan,302.0,1950.6166666666663,,False,False,True,False,False,1
TK63054,20231217,,3,3,4,2023-12-17 16:56:00,,Unable to export my data,10.0,,,True,False,False,False,False,1
TK61912,20231217,20231220,1,4,2,2023-12-17 19:56:00,2023-12-20 12:11:28,Issue with a refund for an annual plan,457.0,3855.4666666666662,4.0,False,True,False,True,False,1
TK63723,20231217,20231218,3,2,2,2023-12-17 22:36:00,2023-12-18 08:27:11,Cannot a duplicate charge,124.0,591.1833333333333,,False,False,False,False,False,1
TK61838,20231218,20231221,4,2,1,2023-12-18 00:41:00,2023-12-21 23:59:30,Unable to connecting the Snowflake sync,226.0,5718.5,5.0,False,True,False,False,False,1
TK61357,20231218,20231220,1,5,2,2023-12-18 02:44:00,2023-12-20 09:34:31,Issue with export my data,125.0,3290.516666666667,,False,False,False,False,False,1
TK60971,20231218,20231218,1,3,3,2023-12-18 04:42:00,2023-12-18 07:41:21,Issue with two-factor authentication,93.0,179.35,,False,False,True,False,False,1
TK61893,20231218,20231218,4,4,2,2023-12-18 12:38:00,2023-12-18 17:36:00,Error when the API rate limit,90.0,298.0,4.0,False,True,False,False,False,1
TK61371,20231218,20231221,1,4,2,2023-12-18 12:44:00,2023-12-21 21:13:43,Unable to downgrade my plan,97.0,4829.716666666666,,False,False,False,False,False,1
TK61925,20231218,20231219,4,2,3,2023-12-18 23:53:00,2023-12-19 00:55:40,Cannot a duplicate charge,44.0,62.66666666666666,,False,False,False,False,False,1
TK61894,20231219,20231219,3,2,2,2023-12-19 02:29:00,2023-12-19 10:34:08,Issue with the invoice for last month,,485.1333333333333,,False,False,False,False,False,1
TK60606,20231219,20231219,2,1,3,2023-12-19 03:18:00,2023-12-19 12:31:05,Issue with the invoice for last month,15.0,553.0833333333334,,False,False,False,False,False,1
TK61892,20231219,20231219,2,4,2,2023-12-19 03:46:00,2023-12-19 12:41:45,How do I the API rate limit,173.0,535.75,,False,False,False,False,False,1
TK62714,20231219,,2,5,1,2023-12-19 04:12:00,,How do I export my data,78.0,,,True,False,False,False,False,1
TK62504,20231219,20231219,2,1,3,2023-12-19 05:32:00,2023-12-19 06:50:48,Issue with two-factor authentication,237.0,78.8,,False,False,False,False,False,1
TK62945,20231219,20231220,1,3,2,2023-12-19 05:46:00,2023-12-20 23:08:20,Question about the API rate limit,68.0,2482.333333333333,,False,False,False,False,False,1
TK60383,20231219,20231221,3,5,1,2023-12-19 10:06:00,2023-12-21 09:19:50,Unable to export my data,245.0,2833.833333333333,,False,False,False,False,False,1
TK63658,20231219,20231219,3,4,3,2023-12-19 11:50:00,2023-12-19 17:10:44,Question about the dashboard loading slowly,29.0,320.7333333333333,,False,False,False,False,False,1
TK62058,20231219,20231222,1,5,1,2023-12-19 14:03:00,2023-12-22 18:25:21,How do I the API rate limit,89.0,4582.35,,False,False,False,False,False,1
TK60309,20231219,20231221,2,1,3,2023-12-19 18:02:00,2023-12-21 08:49:55,Error when a refund for an annual plan,62.0,2327.9166666666665,,False,False,False,False,False,1
TK62344,20231219,20231220,1,2,2,2023-12-19 21:16:00,2023-12-20 11:14:30,Unable to the API rate limit,84.0,838.5,,False,False,False,False,False,1
TK61545,20231220,20231227,2,3,2,2023-12-20 00:36:00,2023-12-27 23:23:09,Error when a refund for an annual plan,94.0,11447.15,,False,False,False,False,True,1
TK62627,20231220,20240106,2,3,2,2023-12-20 01:42:00,2024-01-06 19:25:49,How do I webhook deliveries failing,125.0,25543.816666666666,,False,False,False,False,True,1
TK61933,20231220,,4,2,2,2023-12-20 01:56:00,,Cannot connecting the Snowflake sync,55.0,,,True,False,False,False,False,1
TK63841,20231220,,2,3,2,2023-12-20 03:52:00,,Issue with export my data,,,,True,False,False,False,False,1
TK61655,20231220,20231220,3,1,3,2023-12-20 12:13:00,2023-12-20 14:59:34,Cannot downgrade my plan,52.0,166.56666666666666,,False,False,False,False,False,1
TK63939,20231220,20231222,1,1,1,2023-12-20 12:56:00,2023-12-22 07:57:27,Question about the invoice for last month,175.0,2581.45,4.0,False,True,False,False,False,1
TK63530,20231220,20231221,2,5,2,2023-12-20 17:22:00,2023-12-21 18:45:30,Issue with a duplicate charge,79.0,1523.5,5.0,False,True,True,False,False,1
TK62169,20231220,20231220,3,4,2,2023-12-20 17:34:00,2023-12-20 21:33:39,Question about connecting the Snowflake sync,153.0,239.65,,False,False,False,False,False,1
TK61781,20231220,20231222,3,4,2,2023-12-20 22:54:00,2023-12-22 03:08:43,Error when two-factor authentication,71.0,1694.7166666666667,,False,False,False,False,False,1
TK61143,20231221,20231227,1,1,1,2023-12-21 00:43:00,2023-12-27 07:39:10,Request to webhook deliveries failing,107.0,9056.166666666666,3.0,False,True,False,False,True,1
TK60075,20231221,20231222,1,5,3,2023-12-21 00:49:00,2023-12-22 21:26:48,Issue with export my data,16.0,2677.8,,False,False,False,False,False,1
TK60158,20231221,20231221,3,2,3,2023-12-21 01:53:00,2023-12-21 05:40:04,Issue with connecting the Snowflake sync,33.0,227.06666666666663,,False,False,False,False,False,1
TK62358,20231221,20231221,3,1,1,2023-12-21 05:42:00,2023-12-21 18:43:44,Unable to add a teammate,107.0,781.7333333333333,,False,False,False,False,False,1
TK61965,20231221,20231222,3,5,2,2023-12-21 06:36:00,2023-12-22 14:30:30,Cannot export my data,70.0,1914.5,,False,False,False,False,False,1
TK60130,20231221,20231223,3,3,1,2023-12-21 07:18:00,2023-12-23 21:40:36,Unable to the API rate limit,61.0,3742.6,,False,False,False,False,False,1
TK62600,20231221,20231221,2,3,3,2023-12-21 08:03:00,2023-12-21 17:53:38,Cannot log in after password reset,95.0,590.6333333333333,,False,False,False,False,False,1
TK60428,20231221,20231224,2,2,2,2023-12-21 15:41:00,2023-12-24 00:03:24,How do I a refund for an annual plan,102.0,3382.4,,False,False,True,False,False,1
TK63989,20231221,20231222,2,5,2,2023-12-21 16:00:00,2023-12-22 09:42:03,Error when a duplicate charge,21.0,1062.05,3.0,False,True,True,False,False,1
TK63103,20231222,20231222,1,5,3,2023-12-22 00:09:00,2023-12-22 03:26:04,Request to export my data,16.0,197.06666666666663,,False,False,False,False,False,1
TK60922,20231222,20231223,1,5,3,2023-12-22 02:32:00,2023-12-23 11:05:11,How do I two-factor authentication,69.0,1953.1833333333332,1.0,False,True,False,False,False,1
TK61455,20231222,20231222,1,2,2,2023-12-22 03:20:00,2023-12-22 08:52:31,How do I add a teammate,438.0,332.51666666666665,,False,False,False,True,False,1
TK60588,20231222,20231222,2,5,3,2023-12-22 03:58:00,2023-12-22 09:38:08,Question about a refund for an annual plan,45.0,340.1333333333333,,False,False,False,False,False,1
TK61382,20231222,20231225,2,1,2,2023-12-22 04:49:00,2023-12-25 15:57:05,Unable to connecting the Snowflake sync,171.0,4988.083333333333,,False,False,False,False,False,1
TK61681,20231222,20240104,1,5,1,2023-12-22 05:11:00,2024-01-04 21:00:09,Error when log in after password reset,216.0,19669.15,,False,False,False,False,True,1
TK61792,20231222,20240103,4,3,1,2023-12-22 06:03:00,2024-01-03 13:40:25,Question about export my data,628.0,17737.416666666668,,False,False,True,True,True,1
TK62356,20231222,20231225,1,4,2,2023-12-22 08:10:00,2023-12-25 19:01:17,Request to webhook deliveries failing,36.0,4971.283333333334,2.0,False,True,False,False,False,1
TK60373,20231222,20231226,3,3,2,2023-12-22 11:23:00,2023-12-26 01:48:03,Cannot downgrade my plan,93.0,5185.05,,False,False,False,False,False,1
TK62785,20231222,,3,3,2,2023-12-22 12:33:00,,Request to the dashboard loading slowly,111.0,,,True,False,False,False,False,1
TK63148,20231222,,2,5,3,2023-12-22 14:03:00,,How do I downgrade my plan,138.0,,,True,False,False,False,False,1
TK63214,20231222,20231223,4,3,2,2023-12-22 16:16:00,2023-12-23 10:41:43,Question about a duplicate charge,86.0,1105.7166666666667,,False,False,False,False,False,1
TK61849,20231223,20231231,1,5,1,2023-12-23 01:33:00,2023-12-31 14:21:53,Unable to export my data,62.0,12288.883333333331,,False,False,False,False,True,1
TK62420,20231223,20231226,3,4,1,2023-12-23 02:30:00,2023-12-26 15:26:04,Request to two-factor authentication,452.0,5096.066666666667,,False,False,False,True,False,1
TK60166,20231223,20231223,2,1,2,2023-12-23 02:52:00,2023-12-23 04:54:50,Issue with the dashboard loading slowly,63.0,122.83333333333331,,False,False,False,False,False,1
TK60602,20231223,20231228,2,2,1,2023-12-23 06:53:00,2023-12-28 06:39:54,Unable to a duplicate charge,126.0,7186.9,5.0,False,True,False,False,False,1
TK60720,20231223,20231223,3,1,2,2023-12-23 09:42:00,2023-12-23 19:19:08,Unable to two-factor authentication,64.0,577.1333333333333,5.0,False,True,False,False,False,1
TK62539,20231223,20231226,2,5,2,2023-12-23 14:41:00,2023-12-26 07:57:56,Question about a refund for an annual plan,138.0,3916.933333333333,,False,False,False,False,False,1
TK61046,20231223,20231224,3,4,3,2023-12-23 18:10:00,2023-12-24 11:38:06,Unable to the dashboard loading slowly,63.0,1048.1,4.0,False,True,False,False,False,1
TK61569,20231223,20231228,4,3,1,2023-12-23 19:54:00,2023-12-28 04:35:48,How do I export my data,53.0,6281.8,,False,False,False,False,False,1
TK60079,20231223,20231225,3,2,2,2023-12-23 21:33:00,2023-12-25 08:08:35,Error when connecting the Snowflake sync,124.0,2075.583333333333,,False,False,False,False,False,1
TK61889,20231223,20231225,2,2,1,2023-12-23 21:36:00,2023-12-25 23:11:58,How do I a refund for an annual plan,33.0,2975.9666666666667,,False,False,False,False,False,1
TK63035,20231223,20231224,1,3,4,2023-12-23 23:36:00,2023-12-24 10:43:17,Issue with two-factor authentication,49.0,667.2833333333333,5.0,False,True,False,False,False,1
TK61842,20231224,20231224,2,4,3,2023-12-24 11:18:00,2023-12-24 23:39:32,Issue with webhook deliveries failing,32.0,741.5333333333333,1.0,False,True,False,False,False,1
TK62343,20231224,20231225,2,4,2,2023-12-24 12:42:00,2023-12-25 21:09:13,Cannot the API rate limit,117.0,1947.2166666666667,,False,False,False,False,False,1
TK62779,20231224,20231227,3,4,2,2023-12-24 13:42:00,2023-12-27 12:48:35,Question about the dashboard loading slowly,23.0,4266.583333333333,,False,False,False,False,False,1
TK61794,20231224,20231225,4,5,2,2023-12-24 16:52:00,2023-12-25 03:58:57,Error when the API rate limit,,666.95,,False,False,False,False,False,1
TK61761,20231224,20231226,1,5,2,2023-12-24 18:08:00,2023-12-26 15:14:10,Unable to the dashboard loading slowly,18.0,2706.1666666666665,,False,False,False,False,False,1
TK62983,20231224,20231225,4,4,1,2023-12-24 21:19:00,2023-12-25 10:08:18,Question about a duplicate charge,824.0,769.3,,False,False,False,True,False,1
TK63962,20231224,20231225,3,1,2,2023-12-24 22:32:00,2023-12-25 14:01:00,Request to the invoice for last month,112.0,929.0,,False,False,False,False,False,1
TK63070,20231225,20231225,1,3,2,2023-12-25 03:20:00,2023-12-25 20:24:52,Error when export my data,13.0,1024.8666666666666,,False,False,False,False,False,1
TK61777,20231225,20231227,2,4,2,2023-12-25 08:16:00,2023-12-27 14:24:14,How do I connecting the Snowflake sync,23.0,3248.233333333333,,False,False,False,False,False,1
TK60153,20231225,20231225,2,4,2,2023-12-25 08:47:00,2023-12-25 13:14:48,Unable to a refund for an annual plan,10.0,267.8,5.0,False,True,False,False,False,1
TK63463,20231225,20231225,2,5,2,2023-12-25 12:23:00,2023-12-25 20:49:30,Cannot webhook deliveries failing,236.0,506.5,,False,False,False,False,False,1
TK60348,20231225,20240123,2,3,1,2023-12-25 13:04:00,2024-01-23 11:17:45,Unable to a duplicate charge,236.0,41653.75,5.0,False,True,False,False,True,1
TK63598,20231225,20231227,3,5,2,2023-12-25 13:57:00,2023-12-27 20:37:15,Cannot connecting the Snowflake sync,64.0,3280.25,4.0,False,True,False,False,False,1
TK61579,20231225,20231225,2,2,4,2023-12-25 17:43:00,2023-12-25 19:42:11,Issue with two-factor authentication,9.0,119.18333333333334,,False,False,True,False,False,1
TK63999,20231225,20231226,2,4,1,2023-12-25 23:37:00,2023-12-26 19:18:02,Question about two-factor authentication,50.0,1181.0333333333333,5.0,False,True,False,False,False,1
TK61340,20231226,20231226,1,5,4,2023-12-26 01:07:00,2023-12-26 01:54:23,Unable to downgrade my plan,39.0,47.38333333333333,,False,False,False,False,False,1
TK61898,20231226,20231228,2,5,1,2023-12-26 05:00:00,2023-12-28 08:29:51,Question about two-factor authentication,172.0,3089.85,,False,False,False,False,False,1
TK61860,20231226,20231227,3,1,1,2023-12-26 08:19:00,2023-12-27 09:12:23,How do I connecting the Snowflake sync,444.0,1493.3833333333334,5.0,False,True,False,True,False,1
TK62049,20231226,20231228,2,5,2,2023-12-26 09:59:00,2023-12-28 20:56:31,Cannot two-factor authentication,136.0,3537.516666666667,,False,False,False,False,False,1
TK62141,20231226,20231227,3,4,3,2023-12-26 19:53:00,2023-12-27 12:00:44,Question about downgrade my plan,54.0,967.7333333333332,,False,False,False,False,False,1
TK60103,20231226,20231229,4,2,1,2023-12-26 20:56:00,2023-12-29 17:35:41,Question about log in after password reset,536.0,4119.683333333333,2.0,False,True,False,True,False,1
TK61811,20231227,20231231,3,1,3,2023-12-27 01:13:00,2023-12-31 07:24:17,Question about the invoice for last month,112.0,6131.283333333334,,False,False,False,False,False,1
TK62323,20231227,20231231,3,5,1,2023-12-27 02:30:00,2023-12-31 18:00:37,Question about connecting the Snowflake sync,85.0,6690.616666666667,,False,False,True,False,False,1
TK63909,20231227,20231228,2,5,2,2023-12-27 06:26:00,2023-12-28 17:58:47,Question about connecting the Snowflake sync,111.0,2132.7833333333333,,False,False,False,False,False,1
TK61280,20231227,20240101,2,5,1,2023-12-27 07:46:00,2024-01-01 12:01:42,Error when downgrade my plan,255.0,7455.7,,False,False,False,False,False,1
TK62913,20231227,20231227,2,3,3,2023-12-27 08:49:00,2023-12-27 16:36:10,Issue with add a teammate,,467.1666666666667,,False,False,False,False,False,1
TK63323,20231227,20231230,3,4,1,2023-12-27 09:43:00,2023-12-30 00:19:00,Unable to export my data,138.0,3756.0,,False,False,False,False,False,1
TK60341,20231227,20231228,3,3,3,2023-12-27 15:20:00,2023-12-28 02:52:50,Question about webhook deliveries failing,134.0,692.8333333333334,,False,False,False,False,False,1
TK63217,20231227,20231228,2,5,3,2023-12-27 18:18:00,2023-12-28 04:52:36,Issue with the dashboard loading slowly,101.0,634.6,2.0,False,True,False,False,False,1
TK61036,20231227,20231227,1,1,4,2023-12-27 18:39:00,2023-12-27 21:27:36,Error when a duplicate charge,9.0,168.6,,False,False,False,False,False,1
TK60412,20231227,20231229,1,5,2,2023-12-27 20:08:00,2023-12-29 07:10:45,Issue with a duplicate charge,69.0,2102.75,,False,False,False,False,False,1
TK62460,20231227,20231229,1,5,3,2023-12-27 20:14:00,2023-12-29 14:28:12,Question about downgrade my plan,9.0,2534.2,,False,False,False,False,False,1
TK61559,20231228,20231228,4,2,2,2023-12-28 00:29:00,2023-12-28 02:39:16,Question about add a teammate,169.0,130.26666666666668,,False,False,True,False,False,1
TK60775,20231228,20231228,2,1,4,2023-12-28 00:58:00,2023-12-28 13:02:35,Unable to downgrade my plan,5.0,724.5833333333334,,False,False,False,False,False,1
TK61124,20231228,20231229,3,3,1,2023-12-28 01:03:00,2023-12-29 11:06:57,Issue with add a teammate,196.0,2043.95,,False,False,False,False,False,1
TK63639,20231228,20240104,3,5,2,2023-12-28 01:06:00,2024-01-04 17:14:18,Cannot the API rate limit,136.0,11048.3,3.0,False,True,False,False,True,1
TK62417,20231228,20231229,2,2,2,2023-12-28 01:50:00,2023-12-29 07:38:39,Question about log in after password reset,272.0,1788.65,5.0,False,True,False,False,False,1
TK61050,20231228,,3,5,1,2023-12-28 05:39:00,,Request to the dashboard loading slowly,,,,True,False,False,False,False,1
TK63262,20231228,20231229,3,3,4,2023-12-28 07:08:00,2023-12-29 10:21:22,Error when webhook deliveries failing,31.0,1633.3666666666666,,False,False,False,False,False,1
TK63653,20231228,20240101,2,5,1,2023-12-28 09:08:00,2024-01-01 18:58:13,Request to two-factor authentication,166.0,6350.216666666666,,False,False,False,False,False,1
TK62179,20231228,20231228,2,1,2,2023-12-28 10:03:00,2023-12-28 17:44:26,Unable to log in after password reset,177.0,461.4333333333333,,False,False,False,False,False,1
TK63857,20231228,20240104,3,5,1,2023-12-28 11:50:00,2024-01-04 00:10:59,How do I export my data,525.0,9380.983333333334,,False,False,False,True,True,1
TK63512,20231228,20231230,1,1,2,2023-12-28 11:55:00,2023-12-30 13:06:44,Error when the API rate limit,103.0,2951.733333333333,,False,False,False,False,False,1
TK63950,20231228,20231229,1,5,4,2023-12-28 12:49:00,2023-12-29 19:32:01,Cannot log in after password reset,15.0,1843.0166666666669,5.0,False,True,False,False,False,1
TK61116,20231228,20240102,2,5,2,2023-12-28 13:16:00,2024-01-02 15:07:34,Question about log in after password reset,60.0,7311.566666666667,3.0,False,True,False,False,False,1
TK61751,20231228,20240115,1,2,1,2023-12-28 13:57:00,2024-01-15 18:27:58,Cannot export my data,216.0,26190.966666666667,,False,False,True,False,True,1
TK60925,20231228,20231231,1,2,1,2023-12-28 14:29:00,2023-12-31 19:27:01,Request to a duplicate charge,74.0,4618.016666666666,5.0,False,True,False,False,False,1
TK61010,20231228,20231229,2,5,2,2023-12-28 15:49:00,2023-12-29 12:34:16,Question about a duplicate charge,347.0,1245.2666666666669,,False,False,True,False,False,1
TK62001,20231228,20231229,2,5,3,2023-12-28 18:59:00,2023-12-29 13:09:05,Cannot connecting the Snowflake sync,112.0,1090.0833333333333,,False,False,False,False,False,1
TK60088,20231229,20231229,1,1,2,2023-12-29 01:21:00,2023-12-29 10:06:51,Issue with add a teammate,113.0,525.85,,False,False,False,False,False,1
TK60271,20231229,20231229,1,1,1,2023-12-29 04:16:00,2023-12-29 10:36:40,Question about add a teammate,110.0,380.6666666666667,5.0,False,True,False,False,False,1
TK60517,20231229,20231230,3,5,3,2023-12-29 05:01:00,2023-12-30 04:15:40,Request to connecting the Snowflake sync,232.0,1394.6666666666667,,False,False,True,False,False,1
TK63213,20231229,,1,3,1,2023-12-29 07:50:00,,Question about a refund for an annual plan,199.0,,,True,False,False,False,False,1
TK62284,20231229,20240111,1,3,2,2023-12-29 07:57:00,2024-01-11 19:17:42,Issue with a duplicate charge,714.0,19400.7,4.0,False,True,False,True,True,1
TK60715,20231229,20231230,2,5,2,2023-12-29 08:01:00,2023-12-30 13:39:55,Question about downgrade my plan,100.0,1778.9166666666667,4.0,False,True,True,False,False,1
TK60758,20231229,20240102,3,5,2,2023-12-29 08:44:00,2024-01-02 11:41:21,Cannot two-factor authentication,440.0,5937.35,,False,False,False,True,False,1
TK63458,20231229,20231230,2,5,2,2023-12-29 10:12:00,2023-12-30 21:11:33,Question about add a teammate,106.0,2099.55,,False,False,False,False,False,1
TK62612,20231229,20231229,2,2,2,2023-12-29 10:13:00,2023-12-29 23:50:16,Cannot export my data,163.0,817.2666666666667,,False,False,False,False,False,1
TK63205,20231229,20240103,2,5,3,2023-12-29 16:36:00,2024-01-03 20:14:00,Cannot export my data,41.0,7418.0,,False,False,False,False,False,1
TK60165,20231229,20231230,2,1,2,2023-12-29 16:50:00,2023-12-30 02:11:15,Unable to a refund for an annual plan,121.0,561.25,4.0,False,True,False,False,False,1
TK63238,20231229,20231229,3,2,3,2023-12-29 16:51:00,2023-12-29 18:12:49,Issue with log in after password reset,26.0,81.81666666666666,,False,False,False,False,False,1
TK60029,20231229,20231230,2,1,3,2023-12-29 18:25:00,2023-12-30 00:01:12,Question about export my data,690.0,336.2,,False,False,False,True,False,1
TK60211,20231229,20240111,2,3,2,2023-12-29 21:56:00,2024-01-11 03:20:05,Unable to log in after password reset,79.0,17604.083333333332,,False,False,False,False,True,1
TK62748,20231229,20231230,2,5,2,2023-12-29 22:34:00,2023-12-30 15:45:01,Cannot downgrade my plan,111.0,1031.0166666666669,4.0,False,True,False,False,False,1
TK61164,20231230,20240104,1,3,2,2023-12-30 06:23:00,2024-01-04 00:32:50,How do I two-factor authentication,95.0,6849.833333333333,,False,False,False,False,False,1
TK62435,20231230,20231230,3,5,3,2023-12-30 08:29:00,2023-12-30 22:48:23,Request to log in after password reset,11.0,859.3833333333333,,False,False,True,False,False,1
TK62143,20231230,20240102,3,4,1,2023-12-30 11:45:00,2024-01-02 14:18:48,Unable to two-factor authentication,215.0,4473.8,4.0,False,True,False,False,False,1
TK61178,20231230,20240102,2,5,1,2023-12-30 14:39:00,2024-01-02 21:41:02,How do I export my data,39.0,4742.033333333334,,False,False,True,False,False,1
TK60144,20231230,20240108,2,5,1,2023-12-30 23:59:00,2024-01-08 13:47:24,Request to a refund for an annual plan,,12348.4,,False,False,False,False,True,1
TK63154,20231231,20231231,2,1,2,2023-12-31 01:49:00,2023-12-31 18:52:49,How do I downgrade my plan,82.0,1023.8166666666668,5.0,False,True,False,False,False,1
TK63960,20231231,20240102,3,2,1,2023-12-31 05:02:00,2024-01-02 14:07:52,How do I a duplicate charge,220.0,3425.866666666667,1.0,False,True,False,False,False,1
TK63736,20231231,20231231,1,5,4,2023-12-31 05:50:00,2023-12-31 09:11:10,Request to a duplicate charge,28.0,201.16666666666663,,False,False,False,False,False,1
TK62907,20231231,,2,5,3,2023-12-31 05:56:00,,Error when connecting the Snowflake sync,11.0,,,True,False,False,False,False,1
TK60640,20231231,20231231,2,1,2,2023-12-31 05:58:00,2023-12-31 09:53:48,Request to the dashboard loading slowly,411.0,235.8,,False,False,False,True,False,1
TK62746,20231231,20240104,1,4,1,2023-12-31 08:49:00,2024-01-04 06:20:09,Request to connecting the Snowflake sync,154.0,5611.15,4.0,False,True,False,False,False,1
TK61138,20231231,20240104,2,4,1,2023-12-31 13:05:00,2024-01-04 04:31:38,Unable to the dashboard loading slowly,182.0,5246.633333333333,,False,False,False,False,False,1
TK62036,20231231,20240102,2,2,2,2023-12-31 15:20:00,2024-01-02 23:48:10,Unable to the dashboard loading slowly,120.0,3388.1666666666665,4.0,False,True,False,False,False,1
TK61557,20231231,20240101,2,1,2,2023-12-31 19:43:00,2024-01-01 06:40:11,Question about the API rate limit,64.0,657.1833333333333,,False,False,False,False,False,1
TK63923,20231231,20240101,2,2,2,2023-12-31 21:30:00,2024-01-01 06:18:17,Request to export my data,39.0,528.2833333333333,,False,False,False,False,False,1
TK62881,20231231,20240101,1,2,1,2023-12-31 22:55:00,2024-01-01 13:14:12,Cannot log in after password reset,30.0,859.2,,False,False,False,False,False,1
TK61181,20231231,20240103,1,5,2,2023-12-31 23:53:00,2024-01-03 23:50:44,Request to log in after password reset,209.0,4317.733333333334,5.0,False,True,False,False,False,1
TK61824,20240101,20240104,2,3,1,2024-01-01 00:47:00,2024-01-04 15:35:23,Unable to the invoice for last month,439.0,5208.383333333333,5.0,False,True,False,True,False,1
TK63680,20240101,20240103,4,1,2,2024-01-01 03:40:00,2024-01-03 00:28:27,Error when the dashboard loading slowly,126.0,2688.45,,False,False,False,False,False,1
TK63069,20240101,20240101,1,5,3,2024-01-01 05:22:00,2024-01-01 16:57:02,Issue with connecting the Snowflake sync,7.0,695.0333333333333,,False,False,False,False,False,1
TK63987,20240101,20240101,1,2,2,2024-01-01 05:26:00,2024-01-01 08:53:12,Cannot add a teammate,70.0,207.2,,False,False,False,False,False,1
TK60327,20240101,20240105,3,4,2,2024-01-01 07:53:00,2024-01-05 04:14:02,Unable to webhook deliveries failing,80.0,5541.033333333334,5.0,False,True,False,False,False,1
TK61504,20240101,20240103,1,1,1,2024-01-01 16:18:00,2024-01-03 07:01:46,Request to add a teammate,188.0,2323.766666666667,,False,False,False,False,False,1
TK63722,20240101,20240103,1,5,1,2024-01-01 18:23:00,2024-01-03 02:22:25,Error when a refund for an annual plan,117.0,1919.4166666666667,,False,False,False,False,False,1
TK63607,20240101,20240109,3,4,1,2024-01-01 22:10:00,2024-01-09 14:49:23,Cannot downgrade my plan,610.0,11079.383333333331,,False,False,False,True,True,1
TK60031,20240102,20240104,3,2,1,2024-01-02 00:12:00,2024-01-04 17:56:21,Issue with two-factor authentication,180.0,3944.35,3.0,False,True,False,False,False,1
TK63865,20240102,,1,5,2,2024-01-02 03:32:00,,Unable to two-factor authentication,16.0,,,True,False,False,False,False,1
TK60622,20240102,20240102,1,1,2,2024-01-02 12:32:00,2024-01-02 13:11:32,How do I a refund for an annual plan,157.0,39.53333333333333,,False,False,False,False,False,1
TK60829,20240102,20240103,3,2,1,2024-01-02 14:11:00,2024-01-03 21:18:50,Unable to the API rate limit,85.0,1867.8333333333333,,False,False,False,False,False,1
TK60927,20240102,20240107,2,5,1,2024-01-02 16:04:00,2024-01-07 19:56:27,Error when two-factor authentication,59.0,7432.45,,False,False,False,False,False,1
TK62294,20240102,20240103,4,2,3,2024-01-02 17:15:00,2024-01-03 00:17:23,Issue with the invoice for last month,12.0,422.3833333333333,,False,False,False,False,False,1
TK63088,20240102,20240105,1,2,3,2024-01-02 18:19:00,2024-01-05 14:29:29,Cannot a duplicate charge,,4090.483333333333,5.0,False,True,False,False,False,1
TK61917,20240102,,2,5,4,2024-01-02 18:24:00,,Cannot the API rate limit,56.0,,,True,False,False,False,False,1
TK63014,20240103,20240106,3,2,2,2024-01-03 02:45:00,2024-01-06 16:32:15,Request to add a teammate,105.0,5147.25,,False,False,False,False,False,1
TK62331,20240103,20240104,2,1,1,2024-01-03 03:51:00,2024-01-04 22:38:27,Unable to a duplicate charge,61.0,2567.45,,False,False,False,False,False,1
TK61934,20240103,20240106,2,1,2,2024-01-03 04:01:00,2024-01-06 00:45:04,Cannot connecting the Snowflake sync,12.0,4124.066666666667,,False,False,True,False,False,1
TK61034,20240103,20240105,4,2,3,2024-01-03 04:37:00,2024-01-05 08:54:02,Error when webhook deliveries failing,63.0,3137.0333333333333,5.0,False,True,False,False,False,1
TK61259,20240103,20240106,3,5,1,2024-01-03 05:53:00,2024-01-06 08:57:18,Issue with the dashboard loading slowly,225.0,4504.3,2.0,False,True,False,False,False,1
TK61296,20240103,20240106,1,2,2,2024-01-03 08:20:00,2024-01-06 02:23:00,How do I add a teammate,93.0,3963.0,1.0,False,True,False,False,False,1
TK61489,20240103,20240103,1,1,2,2024-01-03 08:31:00,2024-01-03 16:07:24,Issue with a refund for an annual plan,100.0,456.4,3.0,False,True,False,False,False,1
TK60479,20240103,20240103,4,3,4,2024-01-03 10:03:00,2024-01-03 12:56:58,Question about the dashboard loading slowly,8.0,173.96666666666667,,False,False,False,False,False,1
TK60650,20240103,20240103,2,2,3,2024-01-03 10:24:00,2024-01-03 16:46:23,How do I log in after password reset,26.0,382.3833333333333,,False,False,False,False,False,1
TK62474,20240103,20240107,4,3,3,2024-01-03 13:59:00,2024-01-07 12:41:51,How do I export my data,50.0,5682.85,4.0,False,True,False,False,False,1
TK63940,20240103,20240103,1,2,2,2024-01-03 14:55:00,2024-01-03 18:16:29,Issue with two-factor authentication,267.0,201.4833333333333,,False,False,False,False,False,1
TK62783,20240103,20240105,1,4,1,2024-01-03 19:29:00,2024-01-05 09:34:55,How do I two-factor authentication,150.0,2285.9166666666665,,False,False,False,False,False,1
TK60410,20240104,20240105,1,5,2,2024-01-04 00:44:00,2024-01-05 04:08:38,Question about log in after password reset,131.0,1644.6333333333334,5.0,False,True,False,False,False,1
TK63921,20240104,20240104,3,5,2,2024-01-04 02:37:00,2024-01-04 13:58:55,Issue with downgrade my plan,79.0,681.9166666666666,,False,False,False,False,False,1
TK60541,20240104,20240104,1,4,3,2024-01-04 03:11:00,2024-01-04 07:23:03,Request to export my data,41.0,252.05,,False,False,False,False,False,1
TK62150,20240104,20240109,2,1,1,2024-01-04 06:28:00,2024-01-09 21:01:37,Cannot export my data,88.0,8073.616666666667,5.0,False,True,False,False,False,1
TK61555,20240104,20240105,3,5,2,2024-01-04 13:24:00,2024-01-05 23:52:38,Request to two-factor authentication,36.0,2068.633333333333,,False,False,True,False,False,1
TK60376,20240104,20240114,2,3,2,2024-01-04 18:22:00,2024-01-14 16:10:54,Issue with webhook deliveries failing,300.0,14268.9,,False,False,False,False,True,1
TK62981,20240104,20240104,2,5,3,2024-01-04 18:28:00,2024-01-04 23:40:02,Error when add a teammate,183.0,312.03333333333336,1.0,False,True,False,False,False,1
TK60865,20240104,20240109,3,5,2,2024-01-04 19:49:00,2024-01-09 19:04:34,Question about the API rate limit,24.0,7155.566666666667,,False,False,False,False,False,1
TK61932,20240104,20240105,1,1,2,2024-01-04 23:44:00,2024-01-05 08:57:52,Unable to downgrade my plan,82.0,553.8666666666667,,False,False,False,False,False,1
TK62159,20240105,20240105,2,4,2,2024-01-05 00:33:00,2024-01-05 04:53:47,How do I the dashboard loading slowly,149.0,260.78333333333336,,False,False,False,False,False,1
TK63196,20240105,20240112,2,1,1,2024-01-05 02:57:00,2024-01-12 08:58:36,Unable to add a teammate,,10441.6,,False,False,False,False,True,1
TK63136,20240105,20240105,3,5,2,2024-01-05 08:43:00,2024-01-05 21:31:45,Issue with connecting the Snowflake sync,24.0,768.75,,False,False,False,False,False,1
TK61112,20240105,20240108,2,5,2,2024-01-05 17:19:00,2024-01-08 14:16:49,Error when webhook deliveries failing,53.0,4137.816666666667,,False,False,True,False,False,1
TK60329,20240105,20240111,2,3,2,2024-01-05 18:39:00,2024-01-11 09:30:43,Question about downgrade my plan,105.0,8091.716666666666,5.0,False,True,False,False,False,1
TK61682,20240105,20240106,4,5,2,2024-01-05 20:13:00,2024-01-06 13:00:03,Question about the API rate limit,240.0,1007.05,,False,False,False,False,False,1
TK61271,20240106,20240107,2,5,3,2024-01-06 00:20:00,2024-01-07 18:41:11,Cannot add a teammate,57.0,2541.1833333333334,,False,False,False,False,False,1
TK61362,20240106,20240106,1,5,2,2024-01-06 01:43:00,2024-01-06 21:32:09,Question about connecting the Snowflake sync,93.0,1189.15,,False,False,False,False,False,1
TK62760,20240106,20240106,2,4,2,2024-01-06 04:20:00,2024-01-06 09:37:04,Unable to export my data,191.0,317.06666666666666,1.0,False,True,False,False,False,1
TK60504,20240106,20240108,1,5,3,2024-01-06 04:22:00,2024-01-08 14:36:43,Issue with a duplicate charge,4.0,3494.7166666666667,4.0,False,True,False,False,False,1
TK61222,20240106,20240115,4,2,1,2024-01-06 05:02:00,2024-01-15 06:22:49,Error when a duplicate charge,37.0,13040.816666666668,,False,False,False,False,True,1
TK62390,20240106,20240113,1,4,1,2024-01-06 06:57:00,2024-01-13 14:00:16,Unable to a refund for an annual plan,638.0,10503.266666666666,,False,False,False,True,True,1
TK62263,20240106,20240107,2,5,2,2024-01-06 07:30:00,2024-01-07 15:47:37,Cannot log in after password reset,76.0,1937.6166666666663,,False,False,False,False,False,1
TK60284,20240106,20240107,1,2,2,2024-01-06 07:57:00,2024-01-07 06:25:23,Request to a duplicate charge,11.0,1348.3833333333334,4.0,False,True,False,False,False,1
TK62788,20240106,20240107,3,4,2,2024-01-06 09:10:00,2024-01-07 12:36:09,Request to add a teammate,379.0,1646.15,,False,False,False,False,False,1
TK60293,20240106,20240106,2,5,1,2024-01-06 11:04:00,2024-01-06 21:28:45,How do I webhook deliveries failing,89.0,624.75,5.0,False,True,False,False,False,1
TK60421,20240106,,2,5,3,2024-01-06 13:00:00,,Error when log in after password reset,57.0,,,True,False,False,False,False,1
TK62018,20240106,20240106,3,2,4,2024-01-06 15:26:00,2024-01-06 17:57:56,How do I the API rate limit,15.0,151.93333333333334,,False,False,False,False,False,1
TK61337,20240106,20240107,3,5,4,2024-01-06 18:30:00,2024-01-07 09:14:50,How do I the invoice for last month,11.0,884.8333333333334,,False,False,False,False,False,1
TK62089,20240106,20240107,1,3,3,2024-01-06 22:08:00,2024-01-07 20:16:27,Question about add a teammate,40.0,1328.45,,False,False,False,False,False,1
TK63067,20240106,20240111,1,2,1,2024-01-06 22:13:00,2024-01-11 14:05:21,Error when log in after password reset,94.0,6712.35,,False,False,False,False,False,1
TK62370,20240107,20240108,3,3,3,2024-01-07 00:23:00,2024-01-08 10:03:59,Error when export my data,103.0,2020.9833333333331,,False,False,False,False,False,1
TK62266,20240107,20240107,3,1,1,2024-01-07 01:26:00,2024-01-07 20:40:03,How do I downgrade my plan,1412.0,1154.05,,False,False,False,True,False,1
TK62590,20240107,20240110,2,5,2,2024-01-07 06:09:00,2024-01-10 20:34:32,Request to downgrade my plan,77.0,5185.533333333334,,False,False,False,False,False,1
TK60152,20240107,20240109,2,1,2,2024-01-07 09:42:00,2024-01-09 06:45:35,Question about log in after password reset,97.0,2703.583333333333,,False,False,False,False,False,1
TK63031,20240107,,3,2,3,2024-01-07 14:08:00,,Request to the dashboard loading slowly,65.0,,,True,False,False,False,False,1
TK61950,20240107,20240108,3,5,1,2024-01-07 17:12:00,2024-01-08 09:26:38,Error when two-factor authentication,293.0,974.6333333333332,2.0,False,True,False,False,False,1
TK63469,20240107,20240108,2,5,2,2024-01-07 17:18:00,2024-01-08 16:04:32,Error when log in after password reset,118.0,1366.5333333333333,,False,False,False,False,False,1
TK63502,20240107,20240110,3,5,3,2024-01-07 19:37:00,2024-01-10 10:49:53,Unable to downgrade my plan,45.0,3792.883333333333,3.0,False,True,False,False,False,1
TK60070,20240107,20240112,3,3,2,2024-01-07 20:17:00,2024-01-12 04:16:30,Request to webhook deliveries failing,95.0,6239.5,5.0,False,True,False,False,False,1
TK61897,20240107,20240108,1,1,2,2024-01-07 20:19:00,2024-01-08 00:03:19,Issue with webhook deliveries failing,39.0,224.31666666666663,,False,False,True,False,False,1
TK63382,20240107,20240108,3,2,2,2024-01-07 20:33:00,2024-01-08 08:05:07,Unable to add a teammate,749.0,692.1166666666667,,False,False,True,True,False,1
TK63593,20240107,20240108,1,4,3,2024-01-07 21:01:00,2024-01-08 14:52:45,Unable to the invoice for last month,62.0,1071.75,,False,False,False,False,False,1
TK62411,20240107,20240110,3,5,3,2024-01-07 23:24:00,2024-01-10 16:41:23,Cannot add a teammate,35.0,3917.383333333333,,False,False,False,False,False,1
TK63272,20240108,20240108,2,2,3,2024-01-08 00:34:00,2024-01-08 07:03:05,How do I export my data,41.0,389.0833333333333,,False,False,False,False,False,1
TK62476,20240108,,2,2,4,2024-01-08 01:18:00,,Error when two-factor authentication,3.0,,,True,False,False,False,False,1
TK61899,20240108,20240108,1,4,2,2024-01-08 04:24:00,2024-01-08 18:41:19,Question about the invoice for last month,39.0,857.3166666666667,,False,False,False,False,False,1
TK63709,20240108,20240108,4,2,2,2024-01-08 04:46:00,2024-01-08 13:39:47,Unable to add a teammate,88.0,533.7833333333333,,False,False,True,False,False,1
TK61734,20240108,20240111,1,3,2,2024-01-08 06:15:00,2024-01-11 23:02:30,Request to a duplicate charge,181.0,5327.5,5.0,False,True,True,False,False,1
TK60370,20240108,20240110,2,2,1,2024-01-08 06:41:00,2024-01-10 05:16:52,Error when webhook deliveries failing,323.0,2795.866666666667,,False,False,True,False,False,1
TK60367,20240108,20240108,3,1,2,2024-01-08 13:01:00,2024-01-08 19:03:13,Issue with the dashboard loading slowly,93.0,362.2166666666666,3.0,False,True,False,False,False,1
TK62968,20240108,20240109,2,4,2,2024-01-08 14:01:00,2024-01-09 21:25:21,Request to webhook deliveries failing,252.0,1884.35,,False,False,False,False,False,1
TK61675,20240108,,4,5,2,2024-01-08 16:05:00,,Request to a duplicate charge,50.0,,,True,False,False,False,False,1
TK62716,20240108,20240109,2,3,2,2024-01-08 17:09:00,2024-01-09 05:25:45,Issue with log in after password reset,,736.75,,False,False,False,False,False,1
TK62307,20240108,20240110,3,1,1,2024-01-08 17:49:00,2024-01-10 22:56:22,Question about the API rate limit,83.0,3187.366666666667,4.0,False,True,False,False,False,1
TK62763,20240108,,3,1,2,2024-01-08 18:10:00,,Request to the API rate limit,46.0,,,True,False,False,False,False,1
TK63550,20240108,20240108,2,5,3,2024-01-08 18:57:00,2024-01-08 22:06:45,How do I webhook deliveries failing,41.0,189.75,,False,False,False,False,False,1
TK62693,20240108,20240109,2,2,2,2024-01-08 23:44:00,2024-01-09 06:42:40,Request to downgrade my plan,107.0,418.6666666666667,,False,False,False,False,False,1
TK61289,20240109,20240109,4,1,2,2024-01-09 00:13:00,2024-01-09 17:50:37,Unable to the API rate limit,110.0,1057.6166666666666,4.0,False,True,False,False,False,1
TK60945,20240109,20240109,3,4,2,2024-01-09 00:55:00,2024-01-09 16:07:57,Question about two-factor authentication,133.0,912.95,,False,False,False,False,False,1
TK63299,20240109,20240109,3,3,2,2024-01-09 05:06:00,2024-01-09 20:21:58,Cannot downgrade my plan,79.0,915.9666666666668,5.0,False,True,False,False,False,1
TK62691,20240109,20240121,3,3,2,2024-01-09 10:54:00,2024-01-21 00:03:25,Issue with the API rate limit,169.0,16629.416666666668,5.0,False,True,False,False,True,1
TK63628,20240109,20240114,4,5,1,2024-01-09 10:58:00,2024-01-14 19:48:33,Unable to the invoice for last month,76.0,7730.55,,False,False,False,False,False,1
TK61218,20240109,,1,2,2,2024-01-09 16:52:00,,Cannot the API rate limit,112.0,,,True,False,False,False,False,1
TK63207,20240109,20240110,2,1,1,2024-01-09 21:05:00,2024-01-10 16:40:14,How do I a refund for an annual plan,52.0,1175.2333333333331,,False,False,False,False,False,1
TK63907,20240110,,3,2,1,2024-01-10 04:38:00,,Request to log in after password reset,125.0,,,True,False,False,False,False,1
TK60819,20240110,20240110,3,1,3,2024-01-10 05:53:00,2024-01-10 09:06:20,Unable to connecting the Snowflake sync,101.0,193.33333333333331,5.0,False,True,False,False,False,1
TK60628,20240110,20240110,1,2,3,2024-01-10 09:18:00,2024-01-10 12:17:09,Unable to two-factor authentication,364.0,179.15,,False,False,True,False,False,1
TK62200,20240110,20240110,2,4,2,2024-01-10 12:05:00,2024-01-10 16:28:23,Request to downgrade my plan,102.0,263.3833333333333,,False,False,False,False,False,1
TK63970,20240110,,1,3,2,2024-01-10 13:41:00,,Question about the invoice for last month,639.0,,,True,False,False,True,False,1
TK61871,20240110,20240113,1,5,1,2024-01-10 21:48:00,2024-01-13 05:41:06,Unable to webhook deliveries failing,,3353.1,,False,False,False,False,False,1
TK61691,20240110,20240111,2,4,3,2024-01-10 22:29:00,2024-01-11 04:19:39,Request to the dashboard loading slowly,2.0,350.65,,False,False,True,False,False,1
TK60181,20240110,20240111,2,1,2,2024-01-10 23:49:00,2024-01-11 05:29:58,How do I downgrade my plan,353.0,340.96666666666664,,False,False,False,False,False,1
TK63040,20240111,20240111,2,2,3,2024-01-11 02:30:00,2024-01-11 13:50:02,Error when a duplicate charge,46.0,680.0333333333333,,False,False,False,False,False,1
TK61628,20240111,20240118,3,5,1,2024-01-11 02:37:00,2024-01-18 07:42:11,Error when export my data,152.0,10385.183333333332,,False,False,False,False,True,1
TK61928,20240111,20240112,2,3,2,2024-01-11 03:09:00,2024-01-12 17:55:15,Question about log in after password reset,226.0,2326.25,,False,False,True,False,False,1
TK62011,20240111,20240112,2,5,1,2024-01-11 04:56:00,2024-01-12 07:48:04,Unable to the dashboard loading slowly,23.0,1612.0666666666666,,False,False,True,False,False,1
TK62782,20240111,20240113,4,5,1,2024-01-11 07:36:00,2024-01-13 21:17:12,Question about the API rate limit,90.0,3701.2,,False,False,False,False,False,1
TK60908,20240111,20240112,1,4,1,2024-01-11 09:03:00,2024-01-12 09:00:55,How do I the dashboard loading slowly,547.0,1437.9166666666667,,False,False,False,True,False,1
TK62289,20240111,20240115,2,5,2,2024-01-11 09:12:00,2024-01-15 14:32:15,Unable to export my data,55.0,6080.25,,False,False,False,False,False,1
TK61749,20240111,20240114,3,1,1,2024-01-11 13:25:00,2024-01-14 13:56:53,Issue with the invoice for last month,66.0,4351.883333333333,,False,False,False,False,False,1
TK60525,20240111,20240112,3,3,1,2024-01-11 18:37:00,2024-01-12 19:37:13,How do I log in after password reset,123.0,1500.2166666666667,4.0,False,True,True,False,False,1
TK61385,20240111,20240112,2,5,4,2024-01-11 19:10:00,2024-01-12 20:16:57,Unable to connecting the Snowflake sync,10.0,1506.95,3.0,False,True,True,False,False,1
TK60751,20240111,20240112,3,4,2,2024-01-11 20:08:00,2024-01-12 10:11:25,Error when log in after password reset,104.0,843.4166666666666,4.0,False,True,False,False,False,1
TK60401,20240111,20240114,2,3,1,2024-01-11 21:25:00,2024-01-14 10:56:48,How do I the invoice for last month,28.0,3691.8,,False,False,False,False,False,1
TK63847,20240112,20240112,2,1,1,2024-01-12 04:34:00,2024-01-12 07:06:16,Request to add a teammate,762.0,152.26666666666668,,False,False,False,True,False,1
TK62809,20240112,20240113,1,3,2,2024-01-12 04:53:00,2024-01-13 23:33:23,Cannot log in after password reset,30.0,2560.383333333333,,False,False,False,False,False,1
TK61775,20240112,20240115,4,3,1,2024-01-12 06:48:00,2024-01-15 00:42:13,Question about two-factor authentication,138.0,3954.2166666666662,5.0,False,True,False,False,False,1
TK61576,20240112,20240113,4,4,2,2024-01-12 21:18:00,2024-01-13 13:22:57,Request to the invoice for last month,55.0,964.95,,False,False,False,False,False,1
TK61564,20240112,20240115,3,5,2,2024-01-12 23:39:00,2024-01-15 03:15:04,How do I log in after password reset,140.0,3096.0666666666666,5.0,False,True,False,False,False,1
TK61139,20240113,20240114,3,3,2,2024-01-13 03:37:00,2024-01-14 04:59:51,Request to downgrade my plan,204.0,1522.85,5.0,False,True,False,False,False,1
TK61760,20240113,20240116,3,2,3,2024-01-13 04:53:00,2024-01-16 06:53:48,Request to webhook deliveries failing,19.0,4440.8,5.0,False,True,False,False,False,1
TK60174,20240113,20240113,4,5,3,2024-01-13 06:45:00,2024-01-13 08:55:56,Issue with a duplicate charge,150.0,130.93333333333334,,False,False,False,False,False,1
TK62747,20240113,20240114,2,2,3,2024-01-13 06:57:00,2024-01-14 04:32:02,How do I export my data,26.0,1295.0333333333333,,False,False,False,False,False,1
TK62815,20240113,20240115,3,5,1,2024-01-13 08:31:00,2024-01-15 15:07:04,Question about add a teammate,121.0,3276.0666666666666,4.0,False,True,False,False,False,1
TK63897,20240113,20240114,4,5,1,2024-01-13 16:05:00,2024-01-14 19:15:30,Cannot the invoice for last month,203.0,1630.5,,False,False,False,False,False,1
TK63479,20240113,20240116,2,2,1,2024-01-13 20:09:00,2024-01-16 06:09:52,Question about the invoice for last month,274.0,3480.866666666667,,False,False,False,False,False,1
TK63388,20240113,20240125,2,5,2,2024-01-13 22:43:00,2024-01-25 08:54:41,Cannot add a teammate,71.0,16451.683333333334,,False,False,False,False,True,1
TK62685,20240113,20240117,2,4,3,2024-01-13 23:49:00,2024-01-17 23:01:41,Error when the API rate limit,85.0,5712.683333333333,3.0,False,True,False,False,False,1
TK63932,20240113,20240121,2,3,1,2024-01-13 23:55:00,2024-01-21 11:55:50,Issue with connecting the Snowflake sync,217.0,10800.833333333334,5.0,False,True,False,False,True,1
TK60312,20240114,20240120,3,5,2,2024-01-14 00:07:00,2024-01-20 07:08:55,Unable to downgrade my plan,288.0,9061.916666666666,5.0,False,True,False,False,True,1
TK61284,20240114,20240115,1,2,2,2024-01-14 00:50:00,2024-01-15 13:00:42,Cannot the invoice for last month,33.0,2170.7,5.0,False,True,False,False,False,1
TK63009,20240114,20240114,3,4,4,2024-01-14 01:12:00,2024-01-14 03:36:55,Question about log in after password reset,15.0,144.91666666666666,,False,False,True,False,False,1
TK61954,20240114,20240116,1,5,3,2024-01-14 01:38:00,2024-01-16 23:56:12,Cannot a refund for an annual plan,13.0,4218.2,5.0,False,True,False,False,False,1
TK62891,20240114,20240114,2,1,2,2024-01-14 04:02:00,2024-01-14 20:55:46,Request to the API rate limit,368.0,1013.7666666666668,,False,False,False,False,False,1
TK61068,20240114,20240114,1,5,2,2024-01-14 05:38:00,2024-01-14 18:26:29,Error when add a teammate,101.0,768.4833333333333,3.0,False,True,False,False,False,1
TK60304,20240114,20240115,2,5,2,2024-01-14 11:18:00,2024-01-15 04:14:44,Unable to the invoice for last month,39.0,1016.7333333333332,,False,False,False,False,False,1
TK60633,20240114,20240114,3,1,3,2024-01-14 12:46:00,2024-01-14 14:13:10,How do I webhook deliveries failing,136.0,87.16666666666667,4.0,False,True,False,False,False,1
TK61739,20240114,20240118,2,2,2,2024-01-14 15:02:00,2024-01-18 06:03:37,Request to the dashboard loading slowly,13.0,5221.616666666667,,False,False,False,False,False,1
TK60579,20240114,20240115,2,4,2,2024-01-14 15:13:00,2024-01-15 14:33:48,Error when a duplicate charge,431.0,1400.8,,False,False,False,True,False,1
TK63977,20240114,20240116,4,1,3,2024-01-14 17:42:00,2024-01-16 14:16:27,Unable to log in after password reset,139.0,2674.45,,False,False,False,False,False,1
TK61349,20240114,20240115,3,5,3,2024-01-14 19:17:00,2024-01-15 01:27:16,Issue with downgrade my plan,18.0,370.26666666666665,,False,False,False,False,False,1
TK61878,20240114,20240115,2,2,1,2024-01-14 21:52:00,2024-01-15 11:56:50,Question about connecting the Snowflake sync,330.0,844.8333333333334,,False,False,False,False,False,1
TK63629,20240114,20240115,2,5,4,2024-01-14 22:48:00,2024-01-15 01:56:44,Cannot a duplicate charge,27.0,188.7333333333333,,False,False,False,False,False,1
TK63979,20240114,,2,5,3,2024-01-14 23:17:00,,Issue with downgrade my plan,21.0,,,True,False,False,False,False,1
TK63576,20240115,20240118,2,5,2,2024-01-15 04:45:00,2024-01-18 22:29:39,Request to a duplicate charge,77.0,5384.65,3.0,False,True,False,False,False,1
TK62649,20240115,20240115,3,4,4,2024-01-15 05:38:00,2024-01-15 19:50:30,Error when two-factor authentication,5.0,852.5,,False,False,False,False,False,1
TK60015,20240115,20240115,2,5,2,2024-01-15 08:35:00,2024-01-15 22:30:23,How do I a refund for an annual plan,124.0,835.3833333333333,,False,False,False,False,False,1
TK60224,20240115,20240115,2,5,2,2024-01-15 09:37:00,2024-01-15 23:23:22,Cannot export my data,239.0,826.3666666666667,3.0,False,True,False,False,False,1
TK62556,20240115,20240116,3,1,2,2024-01-15 13:01:00,2024-01-16 01:48:16,Request to export my data,133.0,767.2666666666667,,False,False,False,False,False,1
TK61942,20240115,20240116,2,3,1,2024-01-15 14:10:00,2024-01-16 17:50:35,Unable to the dashboard loading slowly,85.0,1660.5833333333333,,False,False,False,False,False,1
TK61713,20240115,20240116,2,4,1,2024-01-15 14:24:00,2024-01-16 19:27:24,How do I log in after password reset,122.0,1743.4,,False,False,False,False,False,1
TK62830,20240115,20240115,4,2,2,2024-01-15 17:42:00,2024-01-15 21:19:36,Question about add a teammate,86.0,217.6,,False,False,False,False,False,1
TK63491,20240115,20240116,4,1,3,2024-01-15 20:19:00,2024-01-16 08:30:08,Cannot the dashboard loading slowly,189.0,731.1333333333333,3.0,False,True,False,False,False,1
TK62345,20240115,20240116,2,4,3,2024-01-15 23:20:00,2024-01-16 11:34:55,Unable to connecting the Snowflake sync,68.0,734.9166666666666,,False,False,False,False,False,1
TK63922,20240116,20240116,4,4,2,2024-01-16 00:23:00,2024-01-16 03:13:14,How do I export my data,138.0,170.23333333333332,,False,False,False,False,False,1
TK61402,20240116,20240116,3,1,1,2024-01-16 01:17:00,2024-01-16 03:53:52,Error when add a teammate,396.0,156.86666666666667,,False,False,False,True,False,1
TK61024,20240116,20240116,3,2,2,2024-01-16 05:26:00,2024-01-16 15:29:41,How do I a duplicate charge,70.0,603.6833333333333,,False,False,False,False,False,1
TK61326,20240116,20240116,1,4,3,2024-01-16 10:24:00,2024-01-16 14:51:32,Unable to the invoice for last month,52.0,267.53333333333336,,False,False,False,False,False,1
TK60737,20240116,,4,3,2,2024-01-16 12:55:00,,Issue with add a teammate,65.0,,,True,False,False,False,False,1
TK60197,20240116,20240116,3,4,3,2024-01-16 13:35:00,2024-01-16 18:07:28,Question about the dashboard loading slowly,25.0,272.46666666666664,,False,False,False,False,False,1
TK62271,20240116,20240126,4,3,2,2024-01-16 18:34:00,2024-01-26 01:22:35,Question about a duplicate charge,179.0,13368.583333333334,,False,False,False,False,True,1
TK60440,20240116,20240117,1,2,4,2024-01-16 23:44:00,2024-01-17 05:28:29,Unable to a refund for an annual plan,25.0,344.4833333333333,,False,False,False,False,False,1
TK63385,20240117,20240117,4,5,1,2024-01-17 03:47:00,2024-01-17 23:25:53,Question about webhook deliveries failing,,1178.8833333333334,,False,False,True,False,False,1
TK60124,20240117,20240119,2,2,2,2024-01-17 04:39:00,2024-01-19 16:39:21,How do I webhook deliveries failing,117.0,3600.35,,False,False,False,False,False,1
TK60045,20240117,20240119,3,5,2,2024-01-17 05:47:00,2024-01-19 14:11:38,How do I downgrade my plan,152.0,3384.633333333333,,False,False,False,False,False,1
TK61089,20240117,20240119,4,5,2,2024-01-17 06:41:00,2024-01-19 01:27:05,Unable to the invoice for last month,96.0,2566.083333333333,,False,False,False,False,False,1
TK60572,20240117,20240121,1,5,1,2024-01-17 07:57:00,2024-01-21 05:04:12,How do I downgrade my plan,227.0,5587.2,,False,False,False,False,False,1
TK61403,20240117,20240118,3,5,2,2024-01-17 08:21:00,2024-01-18 21:44:16,Issue with a refund for an annual plan,41.0,2243.266666666667,4.0,False,True,False,False,False,1
TK60705,20240117,20240120,2,3,2,2024-01-17 13:50:00,2024-01-20 23:16:21,Error when log in after password reset,320.0,4886.35,,False,False,False,False,False,1
TK63998,20240117,20240118,2,4,2,2024-01-17 18:28:00,2024-01-18 18:45:09,Cannot webhook deliveries failing,270.0,1457.15,4.0,False,True,False,False,False,1
TK62270,20240117,20240121,2,5,3,2024-01-17 18:30:00,2024-01-21 01:07:42,Request to a duplicate charge,59.0,4717.7,3.0,False,True,False,False,False,1
TK62827,20240117,20240118,4,3,1,2024-01-17 20:06:00,2024-01-18 14:44:26,Request to two-factor authentication,20.0,1118.4333333333334,4.0,False,True,False,False,False,1
TK62954,20240117,20240117,2,2,3,2024-01-17 21:39:00,2024-01-17 22:43:12,Unable to a duplicate charge,99.0,64.2,,False,False,False,False,False,1
TK60138,20240118,20240121,3,3,2,2024-01-18 02:19:00,2024-01-21 21:55:58,Cannot export my data,85.0,5496.966666666666,5.0,False,True,False,False,False,1
TK62789,20240118,20240118,1,5,3,2024-01-18 02:56:00,2024-01-18 20:32:13,Unable to export my data,48.0,1056.2166666666667,,False,False,False,False,False,1
TK60995,20240118,20240119,4,2,3,2024-01-18 03:39:00,2024-01-19 03:08:34,Unable to the invoice for last month,46.0,1409.5666666666666,3.0,False,True,False,False,False,1
TK62966,20240118,20240123,4,5,2,2024-01-18 06:18:00,2024-01-23 11:15:10,Error when a duplicate charge,206.0,7497.166666666667,4.0,False,True,False,False,False,1
TK63755,20240118,20240118,2,4,2,2024-01-18 07:38:00,2024-01-18 18:14:15,Cannot the invoice for last month,115.0,636.25,5.0,False,True,False,False,False,1
TK63982,20240118,20240121,4,5,1,2024-01-18 08:49:00,2024-01-21 21:11:47,Request to the API rate limit,932.0,5062.783333333334,,False,False,False,True,False,1
TK62449,20240118,20240121,3,4,2,2024-01-18 12:56:00,2024-01-21 14:56:54,Request to add a teammate,281.0,4440.9,,False,False,False,False,False,1
TK60150,20240118,20240119,2,5,3,2024-01-18 14:49:00,2024-01-19 18:40:36,Error when export my data,18.0,1671.6,,False,False,False,False,False,1
TK63356,20240118,20240128,2,4,2,2024-01-18 22:55:00,2024-01-28 20:37:18,Unable to webhook deliveries failing,66.0,14262.3,,False,False,False,False,True,1
TK61103,20240118,20240119,2,4,2,2024-01-18 23:30:00,2024-01-19 21:23:25,Request to a refund for an annual plan,74.0,1313.4166666666667,,False,False,False,False,False,1
TK63910,20240119,20240119,3,4,4,2024-01-19 00:19:00,2024-01-19 02:54:08,How do I the dashboard loading slowly,21.0,155.13333333333333,,False,False,False,False,False,1
TK61550,20240119,20240120,3,2,3,2024-01-19 01:14:00,2024-01-20 00:17:49,Question about a refund for an annual plan,34.0,1383.8166666666666,,False,False,False,False,False,1
TK63667,20240119,20240119,1,2,3,2024-01-19 03:20:00,2024-01-19 08:28:43,How do I the API rate limit,18.0,308.71666666666664,2.0,False,True,False,False,False,1
TK60037,20240119,20240119,4,3,3,2024-01-19 03:33:00,2024-01-19 08:26:31,Cannot export my data,86.0,293.51666666666665,,False,False,False,False,False,1
TK60791,20240119,20240120,2,3,2,2024-01-19 08:37:00,2024-01-20 04:47:21,Error when the API rate limit,163.0,1210.35,,False,False,False,False,False,1
TK63085,20240119,20240121,2,1,1,2024-01-19 08:57:00,2024-01-21 13:54:33,How do I downgrade my plan,379.0,3177.55,,False,False,False,False,False,1
TK63911,20240119,20240122,1,3,1,2024-01-19 09:40:00,2024-01-22 18:50:39,Cannot webhook deliveries failing,152.0,4870.65,,False,False,False,False,False,1
TK61787,20240119,20240121,1,3,3,2024-01-19 13:48:00,2024-01-21 14:46:05,Error when two-factor authentication,63.0,2938.083333333333,,False,False,False,False,False,1
TK61969,20240119,20240121,2,4,1,2024-01-19 14:41:00,2024-01-21 03:26:36,Unable to a duplicate charge,414.0,2205.6,3.0,False,True,False,True,False,1
TK63750,20240119,20240120,2,4,2,2024-01-19 16:58:00,2024-01-20 06:47:26,Cannot export my data,34.0,829.4333333333333,,False,False,False,False,False,1
TK61935,20240119,20240120,3,5,3,2024-01-19 18:19:00,2024-01-20 08:30:58,How do I a refund for an annual plan,114.0,851.9666666666667,,False,False,False,False,False,1
TK62865,20240119,20240126,2,5,1,2024-01-19 18:39:00,2024-01-26 19:22:31,Cannot the dashboard loading slowly,160.0,10123.516666666666,5.0,False,True,False,False,True,1
TK62151,20240119,20240121,4,5,1,2024-01-19 20:44:00,2024-01-21 11:32:59,Question about connecting the Snowflake sync,322.0,2328.983333333333,,False,False,False,False,False,1
TK63791,20240119,20240120,3,1,2,2024-01-19 20:53:00,2024-01-20 20:08:23,Unable to add a teammate,13.0,1395.3833333333334,,False,False,False,False,False,1
TK62332,20240119,20240121,3,2,1,2024-01-19 22:25:00,2024-01-21 01:14:24,Cannot a duplicate charge,1732.0,1609.4,,False,False,False,True,False,1
TK63587,20240120,20240123,3,5,1,2024-01-20 03:24:00,2024-01-23 02:31:16,Cannot downgrade my plan,,4267.266666666666,,False,False,False,False,False,1
TK63177,20240120,20240125,2,5,2,2024-01-20 04:42:00,2024-01-25 02:16:35,How do I the invoice for last month,47.0,7054.583333333333,,False,False,False,False,False,1
TK61837,20240120,20240122,3,1,2,2024-01-20 05:29:00,2024-01-22 10:33:44,Cannot a refund for an annual plan,67.0,3184.733333333333,,False,False,False,False,False,1
TK63993,20240120,20240120,3,4,3,2024-01-20 05:38:00,2024-01-20 08:56:54,Unable to the invoice for last month,23.0,198.9,,False,False,False,False,False,1
TK62850,20240120,20240120,2,1,4,2024-01-20 06:07:00,2024-01-20 08:58:38,Issue with the API rate limit,19.0,171.63333333333333,,False,False,False,False,False,1
TK62380,20240120,20240122,3,5,2,2024-01-20 07:15:00,2024-01-22 09:45:47,How do I export my data,14.0,3030.7833333333333,4.0,False,True,False,False,False,1
TK60779,20240120,20240122,3,5,4,2024-01-20 10:23:00,2024-01-22 20:54:44,Request to the API rate limit,9.0,3511.733333333333,,False,False,False,False,False,1
TK60951,20240120,20240120,2,3,2,2024-01-20 13:40:00,2024-01-20 21:17:01,Error when webhook deliveries failing,265.0,457.01666666666665,5.0,False,True,False,False,False,1
TK60532,20240120,20240122,3,5,2,2024-01-20 14:29:00,2024-01-22 14:14:02,Issue with webhook deliveries failing,90.0,2865.0333333333333,,False,False,False,False,False,1
TK61845,20240120,20240120,2,1,1,2024-01-20 14:36:00,2024-01-20 16:08:38,Unable to a duplicate charge,46.0,92.63333333333334,,False,False,False,False,False,1
TK63934,20240120,20240128,1,1,1,2024-01-20 15:42:00,2024-01-28 03:50:11,Request to export my data,125.0,10808.183333333332,,False,False,False,False,True,1
TK63039,20240120,20240123,2,2,3,2024-01-20 16:00:00,2024-01-23 11:50:40,Cannot add a teammate,18.0,4070.6666666666665,5.0,False,True,False,False,False,1
TK60295,20240120,,4,5,2,2024-01-20 19:23:00,,Error when a refund for an annual plan,119.0,,,True,False,False,False,False,1
TK60769,20240120,20240121,1,1,2,2024-01-20 21:57:00,2024-01-21 07:55:11,Issue with export my data,167.0,598.1833333333333,,False,False,False,False,False,1
TK63349,20240120,20240122,3,5,2,2024-01-20 22:12:00,2024-01-22 05:48:55,Error when two-factor authentication,35.0,1896.9166666666667,4.0,False,True,False,False,False,1
TK60550,20240121,20240121,3,5,3,2024-01-21 00:13:00,2024-01-21 14:50:37,Request to export my data,47.0,877.6166666666667,1.0,False,True,False,False,False,1
TK60853,20240121,,1,5,3,2024-01-21 01:26:00,,Issue with the invoice for last month,102.0,,,True,False,False,False,False,1
TK63026,20240121,20240121,1,1,1,2024-01-21 03:28:00,2024-01-21 09:28:12,Error when the API rate limit,580.0,360.2,,False,False,True,True,False,1
TK61460,20240121,20240121,2,4,2,2024-01-21 04:58:00,2024-01-21 12:09:32,Unable to add a teammate,62.0,431.53333333333336,4.0,False,True,False,False,False,1
TK61347,20240121,20240121,2,2,2,2024-01-21 05:03:00,2024-01-21 23:42:23,How do I log in after password reset,110.0,1119.3833333333334,,False,False,False,False,False,1
TK63899,20240121,20240121,2,3,4,2024-01-21 05:06:00,2024-01-21 10:42:37,Request to downgrade my plan,59.0,336.6166666666667,5.0,False,True,False,False,False,1
TK62681,20240121,20240121,1,1,2,2024-01-21 07:57:00,2024-01-21 16:03:09,Error when the API rate limit,125.0,486.15,2.0,False,True,False,False,False,1
TK61003,20240121,20240127,2,1,2,2024-01-21 08:42:00,2024-01-27 10:12:50,Request to the dashboard loading slowly,123.0,8730.833333333334,5.0,False,True,False,False,True,1
TK62636,20240121,20240121,1,1,3,2024-01-21 12:13:00,2024-01-21 23:49:17,Error when two-factor authentication,93.0,696.2833333333333,5.0,False,True,False,False,False,1
TK60852,20240121,20240122,2,5,1,2024-01-21 14:10:00,2024-01-22 08:56:26,Error when the dashboard loading slowly,1211.0,1126.4333333333334,2.0,False,True,False,True,False,1
TK60020,20240121,20240123,1,1,2,2024-01-21 16:30:00,2024-01-23 13:10:59,Unable to webhook deliveries failing,52.0,2680.983333333333,,False,False,False,False,False,1
TK61972,20240121,20240122,2,3,3,2024-01-21 17:32:00,2024-01-22 11:33:48,Cannot export my data,20.0,1081.8,,False,False,False,False,False,1
TK61702,20240121,20240122,3,1,3,2024-01-21 21:31:00,2024-01-22 06:03:07,Unable to two-factor authentication,34.0,512.1166666666667,,False,False,False,False,False,1
TK63304,20240121,20240122,1,1,3,2024-01-21 22:33:00,2024-01-22 02:55:46,Unable to downgrade my plan,173.0,262.76666666666665,,False,False,False,False,False,1
TK63361,20240122,20240124,2,5,2,2024-01-22 01:07:00,2024-01-24 12:06:27,Request to the invoice for last month,55.0,3539.45,,False,False,False,False,False,1
TK63519,20240122,20240122,1,1,2,2024-01-22 02:58:00,2024-01-22 04:08:17,Question about webhook deliveries failing,66.0,70.28333333333333,,False,False,False,False,False,1
TK60186,20240122,20240122,3,4,1,2024-01-22 04:12:00,2024-01-22 19:31:09,Unable to a duplicate charge,1296.0,919.15,,False,False,False,True,False,1
TK62564,20240122,20240129,3,5,1,2024-01-22 06:27:00,2024-01-29 12:04:48,Request to connecting the Snowflake sync,17.0,10417.8,,False,False,False,False,True,1
TK63030,20240122,20240122,1,1,3,2024-01-22 06:39:00,2024-01-22 10:57:46,Cannot a refund for an annual plan,89.0,258.76666666666665,5.0,False,True,False,False,False,1
TK61474,20240122,,2,3,3,2024-01-22 08:43:00,,Question about two-factor authentication,180.0,,,True,False,False,False,False,1
TK62351,20240122,20240122,1,1,1,2024-01-22 09:30:00,2024-01-22 18:11:59,Unable to add a teammate,61.0,521.9833333333333,,False,False,False,False,False,1
TK63362,20240122,20240122,1,4,3,2024-01-22 09:37:00,2024-01-22 11:27:01,Request to a duplicate charge,114.0,110.01666666666668,,False,False,False,False,False,1
TK60478,20240122,,1,3,3,2024-01-22 12:06:00,,How do I connecting the Snowflake sync,209.0,,,True,False,False,False,False,1
TK60941,20240122,20240127,3,2,1,2024-01-22 13:02:00,2024-01-27 03:38:32,Question about add a teammate,43.0,6636.533333333334,,False,False,False,False,False,1
TK63612,20240122,20240122,3,3,2,2024-01-22 16:16:00,2024-01-22 23:08:45,Question about webhook deliveries failing,251.0,412.75,4.0,False,True,False,False,False,1
TK62520,20240122,20240123,1,5,1,2024-01-22 17:00:00,2024-01-23 16:09:02,Error when downgrade my plan,44.0,1389.0333333333333,1.0,False,True,False,False,False,1
TK62065,20240122,20240123,2,5,2,2024-01-22 19:40:00,2024-01-23 11:19:59,Issue with log in after password reset,513.0,939.9833333333332,4.0,False,True,True,True,False,1
TK61223,20240122,20240123,1,5,2,2024-01-22 21:02:00,2024-01-23 05:39:06,Cannot the dashboard loading slowly,161.0,517.1,3.0,False,True,False,False,False,1
TK63537,20240122,20240122,1,2,4,2024-01-22 21:25:00,2024-01-22 23:12:51,Error when the dashboard loading slowly,19.0,107.85,,False,False,False,False,False,1
TK63459,20240122,20240123,1,4,4,2024-01-22 21:54:00,2024-01-23 01:47:07,Error when the invoice for last month,14.0,233.11666666666667,,False,False,False,False,False,1
TK60547,20240123,20240123,1,2,2,2024-01-23 00:32:00,2024-01-23 10:42:04,Request to log in after password reset,301.0,610.0666666666667,,False,False,True,False,False,1
TK63846,20240123,20240124,3,1,3,2024-01-23 01:04:00,2024-01-24 05:22:46,How do I connecting the Snowflake sync,21.0,1698.7666666666669,,False,False,False,False,False,1
TK62497,20240123,20240123,1,2,3,2024-01-23 03:44:00,2024-01-23 14:22:01,Cannot a refund for an annual plan,30.0,638.0166666666667,,False,False,False,False,False,1
TK61604,20240123,20240124,3,5,1,2024-01-23 04:23:00,2024-01-24 00:14:12,Issue with the dashboard loading slowly,791.0,1191.2,4.0,False,True,False,True,False,1
TK60721,20240123,20240131,2,5,2,2024-01-23 05:23:00,2024-01-31 17:28:39,Error when downgrade my plan,425.0,12245.65,4.0,False,True,False,True,True,1
TK60170,20240123,,1,3,1,2024-01-23 06:24:00,,How do I a duplicate charge,387.0,,,True,False,False,False,False,1
TK61467,20240123,20240124,4,5,2,2024-01-23 06:52:00,2024-01-24 11:07:58,Unable to webhook deliveries failing,34.0,1695.9666666666667,5.0,False,True,False,False,False,1
TK63526,20240123,,2,4,1,2024-01-23 15:37:00,,Issue with the API rate limit,148.0,,,True,False,False,False,False,1
TK62845,20240123,20240123,3,2,2,2024-01-23 18:27:00,2024-01-23 23:45:52,Cannot export my data,89.0,318.8666666666667,,False,False,False,False,False,1
TK62218,20240123,20240125,3,3,2,2024-01-23 20:11:00,2024-01-25 23:40:21,Issue with the invoice for last month,27.0,3089.35,,False,False,False,False,False,1
TK62409,20240123,20240124,2,2,2,2024-01-23 22:49:00,2024-01-24 23:23:02,How do I the invoice for last month,24.0,1474.0333333333333,,False,False,True,False,False,1
TK61092,20240123,20240201,4,5,1,2024-01-23 23:46:00,2024-02-01 06:18:06,Issue with downgrade my plan,386.0,11912.1,,False,False,False,False,True,1
TK62350,20240124,20240126,1,1,1,2024-01-24 02:10:00,2024-01-26 01:42:19,Error when connecting the Snowflake sync,711.0,2852.3166666666666,,False,False,False,True,False,1
TK62319,20240124,20240124,3,4,4,2024-01-24 07:01:00,2024-01-24 08:13:01,Error when a refund for an annual plan,20.0,72.01666666666667,,False,False,False,False,False,1
TK62739,20240124,20240127,2,1,2,2024-01-24 08:57:00,2024-01-27 12:43:49,Request to connecting the Snowflake sync,213.0,4546.816666666667,,False,False,False,False,False,1
TK62617,20240124,20240125,3,5,1,2024-01-24 09:42:00,2024-01-25 20:12:09,Unable to downgrade my plan,480.0,2070.15,2.0,False,True,False,True,False,1
TK60683,20240124,20240125,3,3,3,2024-01-24 10:06:00,2024-01-25 00:22:32,Issue with the invoice for last month,118.0,856.5333333333333,5.0,False,True,False,False,False,1
TK60063,20240124,20240124,2,4,3,2024-01-24 10:17:00,2024-01-24 22:46:52,How do I a refund for an annual plan,66.0,749.8666666666667,,False,False,False,False,False,1
TK61473,20240124,20240125,2,5,3,2024-01-24 13:43:00,2024-01-25 15:29:29,Question about two-factor authentication,100.0,1546.4833333333331,,False,False,False,False,False,1
TK63042,20240124,20240125,2,2,2,2024-01-24 14:49:00,2024-01-25 01:39:09,Question about downgrade my plan,86.0,650.15,5.0,False,True,False,False,False,1
TK62998,20240124,20240126,2,5,2,2024-01-24 15:35:00,2024-01-26 04:52:55,How do I the API rate limit,51.0,2237.9166666666665,5.0,False,True,False,False,False,1
TK63830,20240124,,2,4,2,2024-01-24 16:03:00,,Unable to log in after password reset,25.0,,,True,False,False,False,False,1
TK62794,20240125,20240126,4,2,2,2024-01-25 05:10:00,2024-01-26 03:56:19,How do I the invoice for last month,209.0,1366.3166666666666,,False,False,False,False,False,1
TK62804,20240125,20240125,3,5,3,2024-01-25 05:28:00,2024-01-25 15:26:17,Question about the invoice for last month,7.0,598.2833333333333,5.0,False,True,False,False,False,1
TK60113,20240125,20240126,1,3,2,2024-01-25 06:19:00,2024-01-26 19:13:20,How do I the invoice for last month,99.0,2214.333333333333,,False,False,False,False,False,1
TK61423,20240125,20240125,3,2,3,2024-01-25 06:24:00,2024-01-25 16:37:36,Question about log in after password reset,,613.6,,False,False,False,False,False,1
TK62611,20240125,20240126,4,2,1,2024-01-25 12:25:00,2024-01-26 07:43:35,Cannot downgrade my plan,123.0,1158.5833333333333,3.0,False,True,False,False,False,1
TK60321,20240125,20240130,2,5,1,2024-01-25 12:32:00,2024-01-30 23:35:30,Question about add a teammate,42.0,7863.5,,False,False,False,False,False,1
TK63106,20240125,20240125,4,5,3,2024-01-25 13:25:00,2024-01-25 16:01:59,Unable to the invoice for last month,25.0,156.98333333333332,,False,False,False,False,False,1
TK62772,20240125,20240125,2,1,2,2024-01-25 15:21:00,2024-01-25 21:32:40,Question about downgrade my plan,110.0,371.6666666666667,,False,False,False,False,False,1
TK60638,20240125,20240127,2,2,1,2024-01-25 16:20:00,2024-01-27 06:44:46,Question about a duplicate charge,59.0,2304.766666666667,1.0,False,True,False,False,False,1
TK61268,20240125,20240126,2,5,1,2024-01-25 20:05:00,2024-01-26 13:26:56,Request to the invoice for last month,129.0,1041.9333333333334,,False,False,False,False,False,1
TK60770,20240125,20240126,2,4,1,2024-01-25 20:38:00,2024-01-26 15:58:29,Question about the dashboard loading slowly,308.0,1160.4833333333331,3.0,False,True,False,False,False,1
TK61040,20240125,20240126,2,2,2,2024-01-25 21:02:00,2024-01-26 10:32:19,Request to add a teammate,34.0,810.3166666666667,,False,False,False,False,False,1
TK63087,20240125,,3,3,2,2024-01-25 22:47:00,,How do I a duplicate charge,120.0,,,True,False,False,False,False,1
TK62679,20240126,20240127,2,2,1,2024-01-26 01:15:00,2024-01-27 04:59:05,How do I add a teammate,683.0,1664.0833333333333,,False,False,False,True,False,1
TK62861,20240126,20240126,1,1,2,2024-01-26 02:38:00,2024-01-26 15:11:33,Cannot downgrade my plan,155.0,753.55,,False,False,False,False,False,1
TK61840,20240126,20240127,3,4,3,2024-01-26 04:21:00,2024-01-27 02:26:19,How do I the invoice for last month,53.0,1325.3166666666666,5.0,False,True,False,False,False,1
TK63916,20240126,20240126,2,1,2,2024-01-26 10:13:00,2024-01-26 17:17:15,Issue with a duplicate charge,113.0,424.25,5.0,False,True,False,False,False,1
TK61599,20240126,20240126,2,4,3,2024-01-26 10:56:00,2024-01-26 12:56:35,Issue with the dashboard loading slowly,29.0,120.58333333333331,1.0,False,True,False,False,False,1
TK60891,20240126,20240128,2,2,2,2024-01-26 19:51:00,2024-01-28 11:17:35,How do I the invoice for last month,87.0,2366.583333333333,,False,False,False,False,False,1
TK63408,20240126,20240128,1,1,2,2024-01-26 20:53:00,2024-01-28 01:11:55,Request to add a teammate,287.0,1698.9166666666667,,False,False,True,False,False,1
TK60448,20240126,20240129,2,5,1,2024-01-26 21:54:00,2024-01-29 23:58:17,Question about the dashboard loading slowly,393.0,4444.283333333334,,False,False,False,True,False,1
TK61869,20240127,20240129,2,2,2,2024-01-27 00:36:00,2024-01-29 07:28:55,Error when the dashboard loading slowly,53.0,3292.9166666666665,,False,False,False,False,False,1
TK63189,20240127,20240128,2,3,3,2024-01-27 06:58:00,2024-01-28 05:30:19,Error when export my data,217.0,1352.3166666666666,,False,False,False,False,False,1
TK62154,20240127,20240128,1,2,3,2024-01-27 11:03:00,2024-01-28 02:35:28,How do I a duplicate charge,44.0,932.4666666666668,,False,False,False,False,False,1
TK60095,20240127,,2,1,2,2024-01-27 11:10:00,,Error when webhook deliveries failing,27.0,,,True,False,False,False,False,1
TK62178,20240127,,3,2,1,2024-01-27 17:36:00,,Error when webhook deliveries failing,44.0,,,True,False,False,False,False,1
TK61167,20240127,20240128,2,1,1,2024-01-27 18:39:00,2024-01-28 04:44:34,Issue with downgrade my plan,28.0,605.5666666666667,5.0,False,True,False,False,False,1
TK61130,20240127,20240128,4,1,1,2024-01-27 19:28:00,2024-01-28 01:47:13,Request to two-factor authentication,390.0,379.2166666666666,1.0,False,True,False,True,False,1
TK60653,20240127,20240129,1,5,2,2024-01-27 21:51:00,2024-01-29 06:59:17,Error when the invoice for last month,33.0,1988.2833333333333,,False,False,False,False,False,1
TK61175,20240128,20240128,2,2,3,2024-01-28 00:09:00,2024-01-28 11:18:09,Issue with export my data,49.0,669.15,5.0,False,True,False,False,False,1
TK62585,20240128,20240128,4,1,3,2024-01-28 02:04:00,2024-01-28 07:42:24,Cannot add a teammate,36.0,338.4,,False,False,False,False,False,1
TK60313,20240128,20240201,1,3,1,2024-01-28 04:58:00,2024-02-01 05:49:36,Unable to the dashboard loading slowly,111.0,5811.6,5.0,False,True,False,False,False,1
TK61726,20240128,20240201,3,3,3,2024-01-28 05:15:00,2024-02-01 23:03:23,Cannot export my data,14.0,6828.383333333333,,False,False,False,False,False,1
TK61990,20240128,20240128,1,5,2,2024-01-28 10:59:00,2024-01-28 14:30:09,Cannot the invoice for last month,,211.15,,False,False,False,False,False,1
TK63671,20240128,20240201,1,2,2,2024-01-28 11:15:00,2024-02-01 07:09:32,Request to a refund for an annual plan,41.0,5514.533333333334,5.0,False,True,False,False,False,1
TK60080,20240128,20240201,2,5,2,2024-01-28 11:29:00,2024-02-01 06:21:10,Cannot the dashboard loading slowly,35.0,5452.166666666667,,False,False,False,False,False,1
TK63452,20240128,20240203,2,3,2,2024-01-28 13:08:00,2024-02-03 17:38:33,How do I the invoice for last month,82.0,8910.55,,False,False,False,False,True,1
TK63188,20240128,20240129,1,5,3,2024-01-28 13:20:00,2024-01-29 05:00:21,Error when the invoice for last month,14.0,940.35,5.0,False,True,False,False,False,1
TK60077,20240128,,1,4,1,2024-01-28 13:22:00,,Request to a duplicate charge,254.0,,,True,False,False,False,False,1
TK60340,20240128,20240202,2,1,2,2024-01-28 17:57:00,2024-02-02 00:39:22,Unable to a duplicate charge,174.0,6162.366666666667,,False,False,False,False,False,1
TK63499,20240129,20240129,3,5,3,2024-01-29 00:54:00,2024-01-29 08:56:58,Issue with connecting the Snowflake sync,17.0,482.9666666666666,,False,False,False,False,False,1
TK62110,20240129,,1,3,1,2024-01-29 03:20:00,,Error when two-factor authentication,88.0,,,True,False,False,False,False,1
TK60307,20240129,20240129,3,2,2,2024-01-29 03:49:00,2024-01-29 17:44:16,Issue with the API rate limit,20.0,835.2666666666667,3.0,False,True,False,False,False,1
TK60117,20240129,20240129,1,1,2,2024-01-29 04:42:00,2024-01-29 19:16:14,Error when log in after password reset,99.0,874.2333333333333,,False,False,True,False,False,1
TK60624,20240129,20240130,4,2,2,2024-01-29 08:07:00,2024-01-30 01:24:48,Unable to export my data,219.0,1037.8,,False,False,False,False,False,1
TK60196,20240129,20240129,2,2,4,2024-01-29 11:55:00,2024-01-29 13:15:47,Unable to downgrade my plan,6.0,80.78333333333333,5.0,False,True,False,False,False,1
TK63616,20240129,20240130,2,2,1,2024-01-29 15:48:00,2024-01-30 15:28:57,Issue with a duplicate charge,844.0,1420.95,,False,False,False,True,False,1
TK60352,20240129,20240130,3,2,2,2024-01-29 17:53:00,2024-01-30 16:58:53,Request to a duplicate charge,234.0,1385.8833333333334,,False,False,False,False,False,1
TK61578,20240129,20240202,3,5,2,2024-01-29 18:40:00,2024-02-02 06:40:42,Question about export my data,84.0,5040.7,5.0,False,True,False,False,False,1
TK63952,20240129,20240130,2,2,1,2024-01-29 21:11:00,2024-01-30 15:48:01,How do I a duplicate charge,63.0,1117.0166666666669,2.0,False,True,False,False,False,1
TK63898,20240129,20240130,3,2,2,2024-01-29 21:39:00,2024-01-30 08:33:31,Cannot log in after password reset,148.0,654.5166666666667,4.0,False,True,False,False,False,1
TK61770,20240130,20240131,2,2,3,2024-01-30 03:42:00,2024-01-31 11:26:42,Request to downgrade my plan,253.0,1904.7,5.0,False,True,True,False,False,1
TK63762,20240130,20240130,1,4,3,2024-01-30 11:48:00,2024-01-30 17:03:19,Unable to a refund for an annual plan,24.0,315.31666666666666,,False,False,False,False,False,1
TK61081,20240130,20240131,1,3,4,2024-01-30 11:53:00,2024-01-31 14:15:09,Question about add a teammate,60.0,1582.15,1.0,False,True,False,False,False,1
TK61184,20240130,20240130,1,2,1,2024-01-30 12:34:00,2024-01-30 19:15:14,Unable to the invoice for last month,404.0,401.23333333333335,,False,False,False,True,False,1
TK63555,20240130,20240201,3,5,3,2024-01-30 14:25:00,2024-02-01 10:54:31,Request to the dashboard loading slowly,26.0,2669.516666666667,3.0,False,True,False,False,False,1
TK63833,20240130,20240130,1,5,2,2024-01-30 14:59:00,2024-01-30 17:59:21,Request to webhook deliveries failing,552.0,180.35,5.0,False,True,False,True,False,1
TK60406,20240130,20240201,2,4,2,2024-01-30 19:24:00,2024-02-01 21:00:36,Issue with the API rate limit,13.0,2976.6,,False,False,False,False,False,1
TK63265,20240130,,2,5,2,2024-01-30 20:28:00,,Issue with downgrade my plan,195.0,,,True,False,False,False,False,1
TK62070,20240131,20240131,1,4,4,2024-01-31 00:04:00,2024-01-31 04:42:39,How do I a duplicate charge,5.0,278.65,,False,False,False,False,False,1
TK63820,20240131,20240131,2,5,4,2024-01-31 02:01:00,2024-01-31 06:12:41,Question about a refund for an annual plan,48.0,251.6833333333333,,False,False,True,False,False,1
TK60169,20240131,20240201,1,2,1,2024-01-31 10:01:00,2024-02-01 03:21:58,Request to two-factor authentication,162.0,1040.9666666666667,,False,False,False,False,False,1
TK63649,20240131,20240203,2,5,2,2024-01-31 15:05:00,2024-02-03 16:27:37,Unable to the API rate limit,428.0,4402.616666666667,2.0,False,True,False,True,False,1
TK62355,20240131,20240203,1,5,2,2024-01-31 15:39:00,2024-02-03 22:06:14,Cannot log in after password reset,137.0,4707.233333333334,,False,False,False,False,False,1
TK62309,20240131,20240201,3,2,2,2024-01-31 17:02:00,2024-02-01 04:46:29,Request to connecting the Snowflake sync,265.0,704.4833333333333,,False,False,True,False,False,1
TK61841,20240131,20240201,4,2,2,2024-01-31 18:46:00,2024-02-01 05:04:56,Error when the invoice for last month,24.0,618.9333333333333,,False,False,False,False,False,1
TK61687,20240131,20240201,2,4,2,2024-01-31 20:27:00,2024-02-01 00:04:40,Request to a refund for an annual plan,102.0,217.66666666666663,,False,False,False,False,False,1
TK63524,20240131,20240204,3,2,2,2024-01-31 22:42:00,2024-02-04 19:37:49,Question about export my data,57.0,5575.816666666667,,False,False,True,False,False,1
TK60998,20240201,,1,2,2,2024-02-01 00:11:00,,How do I the invoice for last month,28.0,,,True,False,False,False,False,1
TK61678,20240201,20240201,2,3,2,2024-02-01 01:37:00,2024-02-01 14:40:48,Issue with add a teammate,85.0,783.8,,False,False,False,False,False,1
TK63807,20240201,20240201,4,2,2,2024-02-01 07:05:00,2024-02-01 23:19:22,Error when export my data,27.0,974.3666666666668,,False,False,False,False,False,1
TK63345,20240201,20240202,3,1,1,2024-02-01 08:34:00,2024-02-02 07:14:52,Request to a refund for an annual plan,43.0,1360.8666666666666,,False,False,False,False,False,1
TK63082,20240201,20240201,1,1,3,2024-02-01 09:36:00,2024-02-01 11:45:08,How do I the API rate limit,148.0,129.13333333333333,,False,False,False,False,False,1
TK63053,20240201,20240204,1,3,2,2024-02-01 16:03:00,2024-02-04 11:46:32,How do I downgrade my plan,303.0,4063.533333333333,,False,False,False,False,False,1
TK60578,20240201,20240202,1,2,2,2024-02-01 20:07:00,2024-02-02 11:07:31,Error when a refund for an annual plan,71.0,900.5166666666667,4.0,False,True,False,False,False,1
TK61975,20240201,20240202,3,2,1,2024-02-01 22:40:00,2024-02-02 19:00:18,How do I log in after password reset,121.0,1220.3,,False,False,False,False,False,1
TK63117,20240202,20240202,3,2,3,2024-02-02 02:24:00,2024-02-02 05:20:03,Unable to connecting the Snowflake sync,190.0,176.05,5.0,False,True,False,False,False,1
TK62490,20240202,20240204,3,3,3,2024-02-02 04:51:00,2024-02-04 00:57:35,How do I downgrade my plan,23.0,2646.583333333333,,False,False,False,False,False,1
TK62541,20240202,20240202,1,1,2,2024-02-02 05:19:00,2024-02-02 07:06:19,Error when the dashboard loading slowly,59.0,107.31666666666666,,False,False,False,False,False,1
TK61585,20240202,20240202,2,3,2,2024-02-02 09:24:00,2024-02-02 19:38:29,Request to downgrade my plan,103.0,614.4833333333333,,False,False,False,False,False,1
TK63973,20240202,,1,3,2,2024-02-02 12:36:00,,Request to log in after password reset,288.0,,,True,False,False,False,False,1
TK61533,20240202,20240202,3,4,3,2024-02-02 13:33:00,2024-02-02 21:53:22,Request to add a teammate,12.0,500.3666666666667,,False,False,False,False,False,1
TK60990,20240202,20240203,3,2,2,2024-02-02 20:05:00,2024-02-03 01:57:10,How do I two-factor authentication,339.0,352.1666666666667,4.0,False,True,False,False,False,1
TK63655,20240202,20240203,1,2,3,2024-02-02 23:25:00,2024-02-03 02:16:07,Question about webhook deliveries failing,29.0,171.11666666666667,,False,False,False,False,False,1
TK60292,20240202,20240203,1,1,2,2024-02-02 23:45:00,2024-02-03 02:09:40,Request to a refund for an annual plan,,144.66666666666666,5.0,False,True,False,False,False,1
TK60750,20240203,20240204,2,3,2,2024-02-03 00:52:00,2024-02-04 04:21:14,Issue with add a teammate,221.0,1649.2333333333331,,False,False,False,False,False,1
TK62844,20240203,20240203,3,2,2,2024-02-03 01:18:00,2024-02-03 13:55:06,Unable to log in after password reset,59.0,757.1,5.0,False,True,False,False,False,1
TK60930,20240203,,3,1,2,2024-02-03 02:30:00,,Issue with connecting the Snowflake sync,103.0,,,True,False,False,False,False,1
TK63855,20240203,20240203,3,4,1,2024-02-03 03:47:00,2024-02-03 07:30:32,Cannot a refund for an annual plan,14.0,223.53333333333333,,False,False,False,False,False,1
TK63781,20240203,20240204,4,2,4,2024-02-03 03:55:00,2024-02-04 03:18:01,Error when export my data,22.0,1403.0166666666669,,False,False,False,False,False,1
TK61481,20240203,20240203,1,2,3,2024-02-03 08:50:00,2024-02-03 18:29:38,How do I export my data,18.0,579.6333333333333,,False,False,False,False,False,1
TK62709,20240203,20240203,1,2,2,2024-02-03 13:38:00,2024-02-03 18:38:32,Cannot two-factor authentication,880.0,300.53333333333336,5.0,False,True,False,True,False,1
TK62111,20240203,,2,4,2,2024-02-03 14:53:00,,Unable to add a teammate,44.0,,,True,False,False,False,False,1
TK62970,20240203,20240204,1,4,2,2024-02-03 15:04:00,2024-02-04 05:24:58,Cannot two-factor authentication,339.0,860.9666666666667,4.0,False,True,False,False,False,1
TK63937,20240203,20240203,3,1,3,2024-02-03 16:25:00,2024-02-03 20:35:31,How do I a duplicate charge,32.0,250.51666666666668,,False,False,False,False,False,1
TK61978,20240203,,3,5,1,2024-02-03 18:01:00,,Question about export my data,4444.0,,,True,False,False,True,False,1
TK63278,20240204,,2,5,3,2024-02-04 00:09:00,,Unable to downgrade my plan,21.0,,,True,False,False,False,False,1
TK60817,20240204,,1,5,2,2024-02-04 01:29:00,,Cannot the invoice for last month,232.0,,,True,False,False,False,False,1
TK60571,20240204,,3,5,3,2024-02-04 02:03:00,,Request to connecting the Snowflake sync,17.0,,,True,False,False,False,False,1
TK60450,20240204,20240204,3,2,2,2024-02-04 02:12:00,2024-02-04 04:17:14,How do I a duplicate charge,1774.0,125.23333333333332,,False,False,False,True,False,1
TK60449,20240204,20240204,2,2,4,2024-02-04 05:14:00,2024-02-04 05:59:27,How do I downgrade my plan,15.0,45.45,4.0,False,True,False,False,False,1
TK63049,20240204,20240204,2,4,4,2024-02-04 10:02:00,2024-02-04 10:23:04,Unable to the dashboard loading slowly,17.0,21.066666666666663,,False,False,False,False,False,1
TK62561,20240204,20240204,3,4,2,2024-02-04 10:22:00,2024-02-04 22:44:31,Request to a refund for an annual plan,410.0,742.5166666666667,,False,False,False,True,False,1
TK62846,20240204,,2,2,2,2024-02-04 10:47:00,,Error when connecting the Snowflake sync,271.0,,,True,False,False,False,False,1
TK61094,20240204,,4,3,2,2024-02-04 10:48:00,,Error when downgrade my plan,30.0,,,True,False,False,False,False,1
TK62126,20240204,,3,5,3,2024-02-04 12:57:00,,Question about a duplicate charge,57.0,,,True,False,False,False,False,1
TK62764,20240204,,2,2,2,2024-02-04 13:14:00,,Cannot the dashboard loading slowly,44.0,,,True,False,False,False,False,1
TK60803,20240204,,2,5,1,2024-02-04 15:09:00,,Unable to two-factor authentication,158.0,,,True,False,False,False,False,1
TK62359,20240204,,3,2,2,2024-02-04 17:27:00,,Cannot add a teammate,71.0,,,True,False,False,False,False,1
